[
  {
    "text": "大 越 史 記 續 編 序 . [1a*1*1]\nĐại Việt sử kí tục biên tự.\n國 之 有 史 尙 矣 . [1a*2*1]\nQuốc chi hữu sử thượng hĩ.\n我 越 歷 代 史 記 先 正 黎 文 休 潘 孚 先 作 之 於 前 吳 士 連 武 瓊 述 之 於 後 . [1a*2*7]\nNgã Việt, lịch đại sử kí tiên chính Lê Văn Hưu, Phan Phu Tiên tác chi ư tiền, Ngô Sĩ Liên, Vũ Quỳnh thuật chi ư hậu.\n其 間 事 蹟 之 詳 畧 政 治 之 得 失 莫 不 悉 備 於 記 载 之 中 . [1a*4*8]\nKì gian sự tích chi tường lược, chính trị chi đắc thất, mạc bất tất bị ư kí tải chi trung.\n但 未 行 鋟 梓 更 手 傳 筆 因 循 抄 録 不 䏻 無 陶 陰 帝 乕 之 疑 . [1a*6*3]\nĐãn vị hành tẩm tử, cánh thủ truyền bút, nhân tuần sao lục, bất năng vô đào âm đế hổ chi nghi.\n迨 至 . [1a*7*12]\nĐãi chí ...\n",
    "url": "/data/image_dvsk/quyen_thu/quyen1/DVSKTT_thu_I_1a.jpg"
  },
  {
    "text": "我 朝 玄 宗 穆 皇 帝 臨 御 之 𥘉 頼 弘 祖 陽 王 興 建 治 平 造 就 𭓇 問 命 宰 臣 范 公 著 等 參 考 𦾔 史 有 如 史 記 外 紀 本 紀 全 書 本 紀 實 録 並 依 前 史 名 例 又 參 究 編 述 自 國 朝 荘 宗 裕 皇 帝 至 . [1b*1*1]\nngã triều Huyền Tông Mục Hoàng Đế lâm ngự chi sơ, lại Hoằng Tổ Dương Vương hưng kiến trị bình, tạo tựu học vấn, mệnh tể thần Phạm Công Trứ đẳng tham khảo cựu sử, hữu như Sử kí ngoại kỉ, Bản kỉ toàn thư, Bản kỉ thực lục, tịnh y tiền sử danh lệ, hựu tham cứu biên thuật tự Quốc triều Trang Tông Dụ Hoàng Đế chí ...\n",
    "url": "/data/image_dvsk/quyen_thu/quyen1/DVSKTT_thu_I_1b.jpg"
  },
  {
    "text": "神 宗 渊 皇 帝 增 入 國 史 命 曰 本 紀 續 編 付 諸 刊 刻 十 纔 五 六 . [2a*1*1]\nThần Tông Uyên Hoàng Đế tăng nhập quốc sử, mệnh viết: bBn kỉ tục biên, phó chư san khắc, thập tài ngũ lục.\n第 事 未 告 竣 猶 藏 於 秘 閣 . [2a*2*10]\nĐệ sự vị cáo thuân, do tàng ư Bí các.\n求 䏻 繼 其 志 而 述 其 事 纂 其 要 而 集 其 成 盖 必 有 待 於 今 日 矣 . [2a*3*7]\nCầu năng kế kì chí nhi thuật kì sự, toản kì yếu nhi tập kì thành, cái tất hữu đãi ư kim nhật hĩ.\n欽 帷 皇 上 陛 下 理 會 道 源 緝 熙 敬 學 寔 頼 大 元 帥 綂 國 政 上 聖 父 師 盛 功 仁 明 . [2a*5*5]\nKhâm duy: Hoàng thượng bệ hạ, lí hội đạo nguyên, tập hi kính học, thực lại Đại nguyên soái thống quốc chính thượng thánh phụ sư thịnh công nhân minh ...\n",
    "url": "/data/image_dvsk/quyen_thu/quyen1/DVSKTT_thu_I_2a.jpg"
  },
  {
    "text": "威 德 定 王 整 頓 乾 坤 綱 維 治 教 專 委 欽 差 節 制 各 處 水 歩 諸 營 兼 掌 政 權 太 尉 晉 國 公 鄭 柄 賛 㐮 治 化 振 作 文 風 深 帷 史 記 之 中 明 是 非 而 公 好 惡 森 乎 華 衮 斧 鉞 之 榮 嚴 寔 為 萬 世 衡 鑑 . [2b*1*1]\nuy đức Định Vương chỉnh đốn càn khôn, cương duy trị giáo, chuyên uỷ Khâm sai tiết chế các xứ thuỷ bộ chư dinh, kiêm Chưởng chính quyền thái uý Tấn quốc Công Trịnh Bính, tán tương trị hoá, chấn tác văn phong, thâm duy sử kí chi trung, minh thị phi nhi công hiếu ố, sâm hồ hoa cổn phủ việt chi vinh nghiêm, thực vi vạn thế hành giám.\n乃 於 事 幾 之 暇 特 命 臣 等 訂 考 𦾔 史 訛 者 正 之 純 者 録 之 . [2b*6*5]\nNãi ư sự cơ chi hạ, đặc mệnh thần đẳng đính khảo cựu sử, ngoa giả chính chi, thuần giả lục chi.\n",
    "url": "/data/image_dvsk/quyen_thu/quyen1/DVSKTT_thu_I_2b.jpg"
  },
  {
    "text": "其 世 次 凣 例 年 表 一 如 前 所 著 述 . [3a*1*1]\nKì thế thứ, phàm lệ, niên biểu, nhất như tiền sở trước thuật.\n又 蓃 獵 𦾔 跡 參 諸 野 史 類 編 自 玄 宗 穆 皇 帝 景 治 之 𥘉 年 至 嘉 宗 羙 皇 帝 德 元 之 二 年 凣 十 有 三 載 事 實 亦 命 曰 本 紀 續 編 . [3a*2*1]\nHựu sưu liệp cựu tích, tham chư dã sử, loại biên tự Huyền Tông Mục Hoàng Đế Cảnh Trị chi sơ niên, chí Gia Tông Mĩ Hoàng Đế Đức Nguyên chi nhị niên, phàm thập hữu tam tải sự thực, diệc mệnh viết Bản kỉ tục biên.\n書 成 上 進 御 覽 遂 命 工 刊 刻 頒 布 天 下 使 徔 前 . [3a*5*11]\nThư thành, thượng tiến ngự lãm, toại mệnh công san khắc, ban bố thiên hạ, sử tòng tiền ...\n",
    "url": "/data/image_dvsk/quyen_thu/quyen1/DVSKTT_thu_I_3a.jpg"
  },
  {
    "text": "天 百 年 未 集 之 事 績 遹 底 于 成 . [3b*1*1]\nthiên bách niên vị tập chi sự tích, duật để vu thành.\n天 下 之 人 目 是 編 者 豁 然 如 覩 青 天 坦 然 如 循 大 路 . [3b*1*13]\nThiên hạ chi nhân mục thị biên giả, khoát nhiên như đổ thanh thiên, thản nhiên như tuần đại lộ.\n善 者 知 所 激 昂 惡 者 知 所 懲 𠬠 . [3b*3*7]\nThiện giả tri sở khích ngang, ác giả tri sở trừng một.\n推 而 為 脩 齊 治 平 之 極 功 綏 来 動 和 之 大 效 端 在 是 矣 . [3b*4*6]\nSuy nhi vi tu tề trị bình chi cực công, tuy lai động hoà chi đại hiệu, đoan tại thị hĩ.\n謹 序 . [3b*6*1]\nCẩn tự.\n𠱾 . [3b*7*1]\nThời ...\n",
    "url": "/data/image_dvsk/quyen_thu/quyen1/DVSKTT_thu_I_3b.jpg"
  },
  {
    "text": "正 和 十 八 年 嵗 在 丁 丑 仲 冬 榖 日 . [4a*4*1]\nChính Hoà thập bát niên, tuế tại Đinh Sửu, trọng đông, cốc nhật.\n",
    "url": "/data/image_dvsk/quyen_thu/quyen1/DVSKTT_thu_I_4a.jpg"
  },
  {
    "text": "奉 㫖 考 編 特 進 金 紫 榮 禄 大 夫 參 從 刑 部 尙 書 知 中 書 監 萊 山 子 臣 黎 僖 . [4b*1*1]\nPhụng chỉ khảo biên: Đặc tiến Kim tử Vinh lộc đại phu, Tham tụng, Hình bộ Thượng thư tri Trung thư giám, Lai Sơn tử, thần Lê Hi.\n光 進 慎 禄 大 夫 陪 從 户 部 右 侍 郎 廉 堂 男 臣 阮 貴 德 . [4b*5*1]\nQuang Tiến Thận Lộc đại phu, Bồi tụng, Hộ bộ Hữu thị lang, Liêm Đường nam, thần Nguyễn Quý Đức.\n弘 信 大 夫 陪 從 太 僕 寺 卿 知 侍 内 書 寫 兵 番 臣 阮 公 董 . [4b*7*1]\nHoằng Tín đại phu, Bồi tụng, Thái bộc tự khanh, tri Thị nội thư tả, Binh phiên, thần Nguyễn Công Đổng.\n弘 信 大 夫 陪 從 鴻 矑 寺 卿 知 侍 内 書 寫 户 . [4b*9*1]\nHoằng Tín đại phu, Bồi tụng, Hồng lô tự khanh, tri Thị nội thư tả, Hộ ...\n",
    "url": "/data/image_dvsk/quyen_thu/quyen1/DVSKTT_thu_I_4b.jpg"
  },
  {
    "text": "番 臣 武 城 . [5a*1*1]\nphiên, thần Vũ Thạnh.\n弘 信 大 夫 陪 從 奉 天 府 尹 知 水 師 臣 何 宗 穆 . [5a*2*1]\nHoằng tín đại phu, Bồi tụng, Phụng Thiên phủ doãn, tri Thuỷ sư, thần Hà Tông Mục.\n進 功 郎 陪 從 吏 科 級 事 中 知 侍 内 書 寫 户 番 臣 阮 行 . [5a*3*1]\nTiến công lang, Bồi tụng, Lại khoa cấp sự trung, tri Thị nội thư tả, Hộ phiên, thần Nguyễn Hành.\n進 功 郎 户 科 給 事 中 臣 阮 致 中 . [5a*5*1]\nTiến công lang, Hộ khoa cấp sự trung, thần Nguyễn Trí Trung.\n進 功 郎 工 科 給 事 中 臣 阮 當 褒 . [5a*6*1]\nTiến Công lang, Công khoa cấp sự trung, thần Nguyễn Đương Bao.\n謹 事 郎 翰 林 院 校 理 臣 阮 邁 . [5a*7*1]\nCẩn Sự lang, Hàn lâm viện hiệu lí, thần Nguyễn Mại.\n謹 事 佐 郎 翰 林 院 校 討 臣 阮 湖 . [5a*8*1]\nCẩn sự tá lang, Hàn lâm viện hiệu thảo, thần Nguyễn Hồi.\n謹 事 佐 郎 翰 林 院 校 討 臣 吳 公 擢 . [5a*9*1]\nCẩn sự tá lang, Hàn lâm viện hiệu thảo, thần Ngô Công Trạc.\n",
    "url": "/data/image_dvsk/quyen_thu/quyen1/DVSKTT_thu_I_5a.jpg"
  },
  {
    "text": "進 功 郎 昭 文 舘 司 訓 臣 陳 附 翼 . [5b*1*1]\nTiến công lang, Chiêu văn quán ti huấn, thần Trần Phụ Dực.\n進 功 郎 昭 文 舘 司 訓 臣 杜 公 弼 . [5b*2*1]\nTiến Công lang, Chiêu văn quán ti huấn, thần Đỗ Công Bật.\n内 差 特 進 金 紫 榮 禄 大 夫 司 禮 監 總 太 監 副 知 侍 内 書 寫 兵 番 寬 海 侯 臣 范 廷 僚 奉 監 謄 刊 . [5b*3*1]\nNội sai đặc tiến Kim tử Vinh Lộc đại phu, Tư lễ giám Tổng thái giám, phó tri Thị nội thư tả, Binh phiên, Khoan Hải hầu, thần Phạm Đình Liêu phụng giám đằng san.\n内 差 特 進 金 紫 榮 禄 大 夫 司 禮 監 同 知 監 事 僉 知 歩 兵 書 寫 令 史 校 義 侯 臣 阮 成 名 奉 監 謄 刊 . [5b*6*1]\nNội sai đặc tiến Kim tử Vinh lộc đại phu, Tư lễ giám đồng tri giám sự, Thiêm tri bộ binh thư tả lệnh sử, Hiệu Nghĩa hầu, thần Nguyễn Thành Danh phụng giám đằng san.\n内 差 特 進 金 紫 榮 禄 大 夫 司 禮 監 左 監 丞 . [5b*9*1]\nNội sai đặc tiến Kim tử Vinh lộc đại phu, Tư lễ giám tả giám thừa, ...\n",
    "url": "/data/image_dvsk/quyen_thu/quyen1/DVSKTT_thu_I_5b.jpg"
  },
  {
    "text": "珪 祥 侯 臣 阮 俊 堂 奉 監 謄 刊 . [6a*1*1]\nKhuê Tường hầu, thần Nguyễn Tuấn Đường phụng giám đằng san.\n内 差 特 進 金 紫 縈 禄 大 夫 司 禮 監 左 監 丞 望 祥 侯 臣 吳 冠 倫 奉 監 謄 刊 . [6a*2*1]\nNội sai đặc tiến Kim tử Vinh lộc đại phu, Tư lễ giám tả giám thừa, Vọng Tường hầu, thần Ngô Quán Luân phụng giám đằng san.\n特 進 金 紫 縈 禄 大 夫 少 卿 副 勾 󰧇 将 臣 吏 燿 堂 子 臣 吳 德 勝 奉 㸔 謄 寫 . [6a*4*1]\nĐặc tiến Kim tử Vinh lộc đại phu, Thiếu khanh, Phó câu kê tướng thần lại, Diệu Đường tử, thần Ngô Đức Thắng phụng khán đằng tả.\n副 該 合 将 臣 吏 少 卿 洪 江 男 臣 棃 仕 勳 奉 属 㸔 謄 . [6a*6*1]\nPhó cai hợp tướng thần lại, Thiếu khanh, Hồng Giang nam, thần Lê Sĩ Huân phụng thuộc khán đằng.\n優 中 侍 内 書 寫 兵 番 臣 髙 登 朝 奉 謄 . [6a*8*1]\nƯu trúng thị nội thư tả, Binh phiên, thần Cao Đăng Triều phụng đằng.\n優 中 侍 内 書 寫 兵 番 臣 杜 公 廉 奉 謄 . [6a*9*1]\nƯu trúng thị nội thư tả, Binh phiên, thần Đỗ Công Liêm phụng đằng.\n",
    "url": "/data/image_dvsk/quyen_thu/quyen1/DVSKTT_thu_I_6a.jpg"
  },
  {
    "text": "優 中 侍 内 書 寫 水 兵 番 臣 鄧 有 斐 奉 謄 . [6b*1*1]\nƯu trúng thị nội thư tả, Thuỷ binh phiên, thần Đặng Hữu Phỉ phụng đằng.\n優 中 都 吏 臣 阮 有 德 奉 謄 . [6b*2*1]\nƯu trúng Đô lại, thần Nguyễn Hữu Đức phụng đằng.\n梓 人 紅 录 柳 幢 等 社 人 奉 刊 . [6b*7*1]\nTử nhân Hồng Lục, Liễu Chàng đẳng xã nhân phụng san.\n",
    "url": "/data/image_dvsk/quyen_thu/quyen1/DVSKTT_thu_I_6b.jpg"
  }
]