[
  {
    "text": "大 越 史 記 續 編 書 . [1a*1*1]\nĐại Việt sử kí tục biên thư.\n國 史 何 為 而 作 也 盖 史 以 記 事 為 主 . [1a*2*1]\nQuốc sử hà vi nhi tác dã? Cái sử dĩ kí sự vi chủ.\n有 一 代 之 治 必 有 一 代 之 史 . [1a*2*15]\nHữu nhất đại chi trị, tất hữu nhất đại chi sử.\n而 史 之 載 筆 持 論 甚 嚴 如 黼 黻 至 治 與 日 月 而 並 明 铁 鉞 亂 賊 與 秋 霜 而 俱 厲 . [1a*3*8]\nNhi sử chi tải bút trì luận thậm nghiêm, như phủ phất chí trị dữ nhật nguyệt nhi tịnh minh, thiết việt loạn tặc dữ thu sương nhi cụ lệ.\n善 者 知 可 以 為 法 惡 者 知 可 以 為 戒 䦕 係 治 體 不 為 不 多 . [1a*5*2]\nThiện giả tri khả dĩ vi pháp, ác giả tri khả dĩ vi giới, quan hệ trị thể bất vi bất đa.\n故 有 爲 而 作 也 . [1a*6*6]\nCố hữu vi nhi tác dã.\n粤 自 我 國 繼 天 地 之 開 闢 鴻 庞 氏 首 出 御 世 歷 至 國 朝 黎 恭 皇 有 君 有 臣 有 體 統 其 政 治 之 得 失 世 道 之 隆 汚 禮 樂 之 興 󰲝 人 物 之 賢 否 莫 不 僃 載 . [1a*6*12]\nViệt tự ngã quốc kế thiên địa chi khai tịch, Hồng Bàng thị thủ xuất ngự thế, lịch chí quốc triều Lê Cung Hoàng, hữu quân hữu thần, hữu thể thống, kì chính trị chi đắc thất, thế đạo chi long ô, lễ nhạc chi hưng phế, nhân vật chi hiền phủ, mạc bất bị tải ...\n",
    "url": "/data/image_dvsk/quyen_thu/quyen2/DVSKTT_thu_II_1a.jpg"
  },
  {
    "text": "於 史 󰀋 之 中 . [1b*1*1]\nư sử sách chi trung.\n試 嘗 考 之 昔 翰 林 院 學 士 兼 國 史 院 監 修 黎 文 休 承 陳 太 宗 之 命 編 大 越 史 記 自 趙 武 帝 至 李 昭 皇 及 修 史 官 潘 孚 先 奉 皇 朝 仁 宗 命 續 編 大 越 史 記 自 陳 太 宗 至 明 人 還 國 . [1b*1*6]\nThí thường khảo chi: Tích Hàn lâm viện học sĩ kiêm Quốc sử viện giám tu Lê Văn Hưu, thừa Trần Thái Tông chi mệnh, biên Đại Việt sử kí, tự Triệu Vũ Đế chí Lí Chiêu Hoàng, cập tu sử quan Phan Phu Tiên, phụng Hoàng triều Nhân Tông mệnh, tục biên Đại Việt sử kí, tự Trần Thái Tông chí Minh nhân hoàn quốc.\n其 抑 揚 大 義 已 昭 昭 於 史 筆 之 公 論 矣 . [1b*5*2]\nKì ức dương đại nghĩa, dĩ chiêu chiêu ư sử bút chi công luận hĩ.\n迨 聖 宗 淳 皇 帝 稟 睿 智 之 資 厲 英 雄 之 志 拓 土 開 疆 創 法 定 制 尤 䏻 留 意 史 籍 . [1b*5*17]\nĐãi Thánh Tông Thuần Hoàng Đế, lẫm duệ trí chi tư, lệ anh hùng chi chí, thác thổ khai cương, sáng pháp định chế, vưu năng lưu ý sử tịch.\n乃 於 洪 德 十 年 間 命 禮 部 左 侍 郎 兼 國 子 監 司 業 吳 士 連 纂 修 大 越 史 記 全 書 . [1b*7*11]\nNãi ư Hồng Đức thập niên gian, mệnh Lễ bộ tả thị lang kiêm Quốc tử giám tư nghiệp Ngô Sĩ Liên, toản tu Đại Việt sử kí toàn thư.\n繼 以 . [1b*9*5]\nKế dĩ ...\n",
    "url": "/data/image_dvsk/quyen_thu/quyen2/DVSKTT_thu_II_1b.jpg"
  },
  {
    "text": "襄 翼 帝 於 洪 順 三 年 命 兵 部 尙 書 兼 國 子 監 司 業 兼 史 官 都 總 裁 武 󰔂 撰 大 越 通 鑑 述 自 鴻 庞 氏 至 十 二 使 君 别 為 外 紀 自 丁 先 皇 至 國 朝 太 祖 髙 皇 帝 大 定 天 下 𥘉 年 為 本 紀 . [2a*1*1]\nTương Dực Đế ư Hồng Thuận tam niên, mệnh Binh bộ Thượng thư kiêm Quốc tử giám tư nghiệp kiêm Sử quan đô tổng tài Vũ Quỳnh, soạn Đại Việt Thông Giám, thuật tự Hồng Bàng thị chí Thập nhị sứ quân, biệt vi ngoại kỉ, tự Đinh Tiên Hoàng chí Quốc triều Thái Tổ Cao Hoàng Đế đại định thiên hạ sơ niên vi bản kỉ.\n其 筆 削 大 法 又 炳 炳 於 史 筆 之 徵 㫖 矣 . [2a*4*17]\nKì bút tước đại pháp, hựu bính bính ư sử bút chi trưng chỉ hĩ.\n至 於 洪 順 六 年 又 命 少 保 禮 部 尙 書 東 閣 大 學 士 兼 國 子 監 祭 酒 知 經 筵 事 󰦛 書 伯 黎 嵩 𢮪 大 越 通 鑑 總 論 可 謂 篤 志 於 史 學 而 其 是 非 亦 不 䏻 逃 於 公 議 矣 . [2a*5*13]\nChí ư Hồng Thuận lục niên, hựu mệnh Thiếu bảo Lễ bộ thượng thư Đông các đại học sĩ kiêm Quốc tử giám tế tửu tri Kinh diên sự Đôn thư bá Lê Tung, soạn Đại Việt Thông Giám Tổng Luận, khả vị đốc chí ư sử học, nhi kì thị phi diệc bất năng đào ư công nghị hĩ.\n暨 光 紹 五 年 又 命 禮 部 尙 書 史 官 副 都 總 裁 知 . [2a*9*1]\nKị Quang Thiệu ngũ niên, hựu mệnh Lễ bộ Thượng thư Sử quan phó đô tổng tài tri ...\n",
    "url": "/data/image_dvsk/quyen_thu/quyen2/DVSKTT_thu_II_2a.jpg"
  },
  {
    "text": "昭 文 舘 秀 林 局 鄧 鳴 謙 作 詠 史 詩 集 亦 可 謂 䏻 求 諷 詠 於 詩 而 考 見 其 得 失 矣 . [2b*1*1]\nChiêu văn quán Tú lâm cục Đặng Minh Khiêm tác Vịnh Sử Thi Tập, diệc khả vị năng cầu phúng vịnh ư thi, nhi khảo kiến kì đắc thất hĩ.\n由 是 而 觀 編 集 國 史 者 屢 至 再 四 但 未 刊 板 頒 布 致 傳 録 錯 繆 不 䏻 無 亥 豕 魚 魯 之 失 . [2b*2*13]\nDo thị nhi quan biên tập quốc sử giả lũ chí tái tứ, đán vị khan bản ban bố, trí truyền lục thác mậu bất năng vô \"hợi- thỉ, ngư- lỗ\" chi thất.\n若 不 委 之 板 正 何 以 洗 相 沿 之 故 習 㢤 . [2b*4*10]\nNhược bất uỷ chi bản chính, hà dĩ tẩy tương duyên chi cố tập tai.\n欽 惟 皇 上 陛 下 嗣 守 丕 基 率 循 大 卞 日 與 大 元 帥 掌 國 政 尙 師 西 王 整 飭 紀 綱 作 興 文 教 專 委 欽 差 節 制 各 處 水 步 諸 營 兼 總 政 柄 太 尉 宜 國 . [2b*5*7]\nKhâm duy: Hoàng thượng bệ hạ tự thủ phỉ cơ, suất tuần đại biện, nhật dữ Đại nguyên soái chưởng quốc chính thượng sư Tây Vương chỉnh sức kỉ cương, tác hưng văn giáo, chuyên uỷ Khâm sai tiết chế các xứ thuỷ bộ chư dinh kiêm Tổng chính bính Thái uý Nghi quốc ...\n",
    "url": "/data/image_dvsk/quyen_thu/quyen2/DVSKTT_thu_II_2b.jpg"
  },
  {
    "text": "公 鄭 根 典 司 政 本 講 求 治 理 深 知 夫 史 乃 正 當 時 之 名 分 示 來 世 之 勸 懲 . [3a*1*1]\ncông Trịnh Căn điển tư chính bản, giảng cầu trị lí, thâm tri phù, sử nãi chính đương thời chi danh phận, thị lai thế chi khuyến trừng.\n於 是 渙 起 宸 斷 紬 繹 書 史 特 命 臣 與 左 侍 郎 臣 楊 㵆 右 侍 郎 臣 胡 士 揚 臣 阮 國 櫆 臣 鄧 公 瓆 寺 卿 臣 阮 公 壁 東 各 神 裴 廷 貟 侍 書 臣 陶 公 正 待 制 臣 吳 珪 府 尹 臣 阮 廷 正 給 事 中 臣 阮 公 弼 翰 林 臣 阮 曰 庶 臣 武 惟 斷 等 訂 改 國 史 自 洪 庞 氏 至 恭 皇 紀 义 命 續 編 自 荘 宗 裕 帝 至 . [3a*2*11]\nƯ thị hoán khởi Thần đoạn trừu dịch thư sử, đặc mệnh thần dữ Tả thị lang thần Dương Hạo, Hữu thị lang thần Hồ Sĩ Dương, thần Nguyễn Quốc Khôi, thần Đặng Công Chất, Tự khanh thần Nguyễn Công Bích, Đông các thần Bùi Đình Viên, Thị thư thần Đào Công Chính, Đãi chế thần Ngô Khuê, Phủ doãn thần Nguyễn Đình Chính, Cấp sự trung thần Nguyễn Công Bật, Hàn lâm thần Nguyễn Viết Thứ, thần Vũ Duy Đoán đẳng, đính cải quốc sử tự Hồng Bàng thị chí Cung Hoàng kỉ, nghĩa mệnh tục biên tự Trang Tông Dụ Đế chí ...\n",
    "url": "/data/image_dvsk/quyen_thu/quyen2/DVSKTT_thu_II_3a.jpg"
  },
  {
    "text": "神 宗 淵 皇 帝 萬 慶 年 間 述 為 成 書 鋟 梓 頒 行 . [3b*1*1]\nThần Tông Uyên Hoàng đế, Vạn Khánh niên gian, thuật vi thành thư, tẩm tử ban hành.\n臣 等 自 知 󰔹 線 其 才 甕 天 其 見 目 不 業 侯 萬 軸 骨 不 世 南 秘 書 其 才 又 出 於 黎 鄧 諸 君 子 之 下 安 敢 馳 鶩 於 數 千 載 之 上 以 僃 補 綴 者 㢤 . [3b*1*18]\nThần đẳng tự tri miệt tuyến kì tài, ủng thiên kì kiến, mục bất Nghiệp hầu vạn trục, cốt bất Thế Nam bí thư, kì tài hựu xuất ư Lê Đặng chư quân tử chi hạ, an cảm trì vụ ư sổ thiên tải chi thượng, dĩ bị bổ xuyết giả tai.\n然 既 叨 承 成 命 不 敢 以 淺 拙 辭 . [3b*4*15]\nNhiên kí thao thừa thành mệnh, bất cảm dĩ thiển chuyết từ.\n因 共 加 蒐 獵 間 見 抄 録 遺 舛 字 義 蹇 澁 乃 推 尋 意 義 之 中 補 輯 一 二 使 讀 者 易 曉 非 敢 妄 為 附 會 臆 説 . [3b*5*9]\nNhân cộng gia sưu liệp, gian kiến sao lục di suyễn, tự nghĩa kiển sáp, nãi suy tầm ý nghĩa chi trung, bổ tập nhất nhị, sử độc giả dị hiểu, phi cảm vọng vi phụ hội ức thuyết.\n又 摭 取 自 洪 庞 氏 至 吳 使 君 題 曰 大 越 史 記 外 紀 全 書 自 丁 先 皇 至 我 . [3b*7*12]\nHựu chích thủ tự Hồng Bàng thị chí Ngô sứ quân, đề viết Đại Việt sử kí ngoại kỉ toàn thư; tự Đinh Tiên Hoàng chí ngã ...\n",
    "url": "/data/image_dvsk/quyen_thu/quyen2/DVSKTT_thu_II_3b.jpg"
  },
  {
    "text": "國 朝 太 祖 髙 皇 帝 為 本 紀 全 書 並 依 如 前 史 臣 吳 士 連 武 瓊 等 之 所 着 述 也 . [4a*1*1]\nquốc triều Thái Tổ Cao Hoàng Đế vi Bản kỉ toàn thư, tịnh y như tiền sử thần Ngô Sĩ Liên, Vũ Quỳnh đẳng chi sở trước thuật dã.\n其 自 國 朝 太 宗 至 恭 皇 則 因 前 書 所 載 題 曰 本 紀 實 録 . [4a*2*11]\nKì tự Quốc triều Thái Tông chí Cung Hoàng, tắc nhân tiền thư sở tải, đề viết Bản kỉ thực lục.\n又 參 究 登 柄 野 史 及 畧 取 當 時 所 献 各 遺 編 述 自 國 朝 庄 宗 裕 皇 帝 至 神 宗 淵 皇 帝 增 入 國 史 命 曰 大 𧻗 史 記 本 紀 續 編 . [4a*4*1]\nHựu tham cứu Đăng Bính dã sử, cập lược thủ đương thời sở hiến các di biên, thuật tự Quốc triều Trang Tông Dụ Hoàng Đế chí Thần Tông Uyên Hoàng Đế, tăng nhập quốc sử, mệnh viết Đại Việt sử kí bản kỉ tục biên.\n總 分 爲 二 十 三 卷 . [4a*8*1]\nTổng phân vi nhị thập tam quyển.\n凣 所 續 編 其 繋 年 之 下 非 正 統 者 及 北 朝 年 號 皆 两 行 分 註 . [4a*8*8]\nPhàm sở tục biên, kì hệ niên chi hạ phi chính thống giả, cập Bắc triều niên hiệu, giai lưỡng hành phân chú.\n與 夫 凣 例 所 書 . [4a*9*13]\nDữ phu phàm lệ sở thư, ...\n",
    "url": "/data/image_dvsk/quyen_thu/quyen2/DVSKTT_thu_II_4a.jpg"
  },
  {
    "text": "一 遵 前 史 書 式 . [4b*1*1]\nnhất tuân tiền sử thư thức.\n皆 所 以 尊 正 統 而 黜 僭 偽 󰁮 大 綱 而 昭 監 戒 耳 . [4b*1*7]\nGiai sở dĩ tôn chính thống nhi truất tiếm nguỵ, cử đại cương nhi chiêu giám giới nhĩ.\n間 或 字 義 之 未 精 句 法 之 未 當 幸 賴 博 洽 諸 君 子 補 正 之 使 人 知 是 史 之 作 其 言 正 治 亦 古 史 之 尙 書 其 寓 褒 貶 亦 魯 史 之 春 秋 󰱃 有 補 於 治 道 有 裨 於 風 教 是 亦 考 正 之 一 助 云 . [4b*2*7]\nGian hoặc tự nghĩa chi vị tinh, câu pháp chi vị đáng, hạnh lại bác hiệp chư quân tử bổ chính chi, sử nhân tri thị sử chi tác, kì ngôn chính trị diệc cổ sử chi Thượng Thư, kì ngụ bao biếm diệc Lỗ sử chi Xuân Thu; thứ hữu bổ ư trị đạo, hữu bì ư phong giáo, thị diệc khảo chính chi nhất trợ vân.\n旹 . [4b*6*3]\nThời, ...\n",
    "url": "/data/image_dvsk/quyen_thu/quyen2/DVSKTT_thu_II_4b.jpg"
  },
  {
    "text": "景 治 三 年 歳 在 乙 巳 仲 秋 節 榖 日 . [5a*4*1]\nCảnh Trị tam niên, tuế tại Ất Tị, trọng thu tiết, cốc nhật.\n賜 戊 辰 科 同 進 士 出 身 參 從 吏 部 尙 書 兼 東 閣 大 𭓇 士 少 保 燕 郡 公 臣 范 公 著 奉 編 . [5a*8*1]\nTứ Mậu Thìn khoa đồng Tiến sĩ xuất thân, Tham tụng Lại bộ Thượng thư kiêm Đông các đại học sĩ, Thiếu bảo, Yên quận công, thần Phạm Công Trứ phụng biên.\n",
    "url": "/data/image_dvsk/quyen_thu/quyen2/DVSKTT_thu_II_5a.jpg"
  },
  {
    "text": ".\n\n",
    "url": "/data/image_dvsk/quyen_thu/quyen2/DVSKTT_thu_II_5b.jpg"
  }
]