[
  {
    "text": "大 越 史 記 外 紀 全 書 . [1a*1*1]\nĐại Việt sử kí ngoại kỉ toàn thư.\n史 以 記 事 也 而 事 之 得 失 為 将 來 之 鑒 戒 . [1a*2*1]\nSử dĩ kí sự dã, nhi sự chi đắc thất vi tương lai chi giám giới.\n古 者 列 國 各 有 史 如 魯 之 春 秋 晉 之 擣 杌 楚 之 乘 是 已 大 越 居 五 嶺 之 南 乃 天 限 南 北 也 . [1a*2*17]\nCổ giả, liệt quốc các hữu sử, như Lỗ chi Xuân Thu, Tấn chi Đào Ngột, Sở chi Thặng, thị dĩ, Đại Việt cư Ngũ Lĩnh chi Nam, nãi thiên hạn Nam - Bắc dã.\n其 始 祖 出 於 神 農 氏 之 後 乃 天 啟 真 主 也 所 以 䏻 與 北 朝 各 帝 一 方 焉 . [1a*4*15]\nKì thuỷ tổ xuất ư Thần Nông thị chi hậu, nãi thiên khải chân chủ dã, sở dĩ năng dữ Bắc triều các đế nhất phương yên.\n奈 史 籍 闕 於 紀 載 而 事 實 出 於 傳 聞 文 涉 恠 誕 事 或 遺 忘 以 至 謄 寫 之 失 真 紀 録 之 繁 冗 徒 為 嵬 目 将 何 鑒 焉 . [1a*6*6]\nNại sử tịch khuyết ư kỉ tải, nhi sự thực xuất ư truyền văn, văn thiệp quái đản, sự hoặc di vong, dĩ chí đằng tả chi thất chân, kỉ lục chi phồn nhũng, đồ vi ngôi mục, tương hà giám yên.\n至 陳 太 宗 始 命 學 士 黎 文 休 重 修 自 趙 武 帝 以 下 至 . [1a*8*12]\nChí Trần Thái Tông thuỷ mệnh học sĩ Lê Văn Hưu trùng tu, tự Triệu Vũ Đế dĩ hạ chí ...\n",
    "url": "/data/image_dvsk/quyen_thu/quyen3/DVSKTT_thu_III_1a.jpg"
  },
  {
    "text": "李 招 皇 初 年 . [1b*1*1]\nLý Chiêu Hoàng sơ niên.\n本 朝 仁 宗 又 命 修 史 潘 孚 先 續 編 自 陳 太 宗 以 下 至 明 人 睘 國 皆 以 大 越 史 記 名 . [1b*1*6]\nBản triều Nhân Tông hựu mệnh tu sử Phan Phu Tiên, tục biên tự Trần Thái Tông dĩ hạ chí Minh nhân hoàn quốc, giai dĩ Đại Việt sử kí danh.\n然 後 歷 代 事 蹟 彰 可 鑒 . [1b*3*11]\nNhiên hậu lịch đại sự tích chương chương khả giám.\n文 休 陳 時 大 手 筆 也 孚 先 聖 朝 故 老 人 也 皆 奉 詔 編 其 本 國 之 史 旁 蒐 遺 史 會 輯 成 書 史 後 之 覽 者 無 遺 憾 焉 可 也 . [1b*4*3]\nVăn Hưu Trần thời đại thủ bút dã, Phu Tiên Thánh triều cố lão nhân dã, giai phụng chiếu biên kì bản quốc chi sử, bàng sưu di sử, hội tập thành thư, sử hậu chi lãm giả, vô di hám yên khả dã.\n而 記 志 猶 有 未 僃 義 例 猶 有 未 當 文 字 猶 有 未 安 讀 者 不 能 無 憾 焉 . [1b*6*16]\nNhi kí chí do hữu vị bị, nghĩa lệ do hữu vị thường, văn tự do hữu vị an, độc giả bất năng vô hám yên.\n獨 胡 宗 鷟 越 史 綱 目 有 作 書 事 慎 重 而 有 法 評 事 切 當 而 不 冗 殆 亦 庶 幾 . [1b*8*6]\nĐộc Hồ Tông Thốc Việt sử cương mục hữu tác, thư sự thận trọng nhi hữu pháp, phê sự thiết đáng nhi bất nhũng, đãi diệc thứ cơ.\n然 而 兵 . [1b*9*16]\nNhiên nhi binh ...\n",
    "url": "/data/image_dvsk/quyen_thu/quyen3/DVSKTT_thu_III_1b.jpg"
  },
  {
    "text": "火 之 後 其 書 不 傳 . [2a*1*1]\nhoả chi hậu, kì thư bất truyền.\n盖 成 之 至 難 . [2a*1*8]\nCái thành chi chí nan.\n意 若 有 待 . [2a*1*13]\nÝ nhược hữu đãi.\n皇 上 中 興 崇 儒 重 道 儒 典 考 文 廼 於 光 順 年 間 詔 求 也 史 及 家 人 所 藏 古 今 傳 記 悉 令 奏 進 以 僃 參 考 . [2a*2*1]\nHoàng thượng Trung hưng, sùng nho trọng đạo, thuần điển khảo văn, nãi ư Quang Thuận niên gian, chiếu cầu dã sử, cập gia nhân sở tàng cổ kim truyền kí, tất lệnh Tấu tiến, dĩ bị tham khảo.\n又 命 儒 臣 討 論 編 次 臣 前 在 史 院 嘗 預 焉 及 再 入 也 而 其 書 已 上 進 藏 之 東 閤 莫 得 之 見 . [2a*5*7]\nHựu mệnh nho thần thảo luận biên thứ, thần tiền tại Sử viện thường dự yên, cập tái nhập dã, nhi kì thư dĩ Thượng tiến tàng chi Đông các, mạc đắc chi kiến.\n竊 自 惟 念 幸 祭 明 時 漸 無 補 報 輙 不 自 揆 取 先 正 二 書 校 正 編 摩 增 入 外 紀 一 卷 凣 若 干 卷 名 曰 大 越 史 記 全 書 . [2a*7*11]\nThiết tự duy niệm: hạnh tế minh thời, tiềm vô bổ báo, triếp bất tự quỹ, thủ tiên chính nhị thư, hiệu chính biên ma, tăng nhập Ngoại Kỉ nhất quyển, phàm nhược can quyển, danh viết Đại Việt Sử Kí Toàn Thư.\n事 有 . [2a*9*17]\nSự hữu ...\n",
    "url": "/data/image_dvsk/quyen_thu/quyen3/DVSKTT_thu_III_2a.jpg"
  },
  {
    "text": "遺 忘 者 補 之 例 有 未 當 者 正 之 文 有 未 安 者 改 之 間 有 𦎍 惡 可 以 勸 懲 者 贅 鄙 見 於 其 後 . [2b*1*1]\ndi vong giả bổ chi, lệ hữu vị đáng giả chính chi, văn hữu vị an giả cải chi, gian hữu thiện ác khả dĩ khuyên trừng giả, chuế bỉ kiến ư kì hậu.\n極 知 僭 妄 罪 無 所 逃 然 職 在 當 為 不 敢 以 才 識 謭 陋 為 辭 . [2b*2*17]\nCực tri tiếm vọng, tội vô sở đào, nhiên chức tại đương vi, bất cảm dĩ tài thức tiễn lậu vi từ.\n謹 編 定 成 書 留 之 史 舘 . [2b*4*3]\nCẩn biên định thành thư, lưu chi Sử quán.\n雖 未 能 公 是 於 萬 年 猶 足 資 󰏲 考 之 一 助 云 . [2b*4*12]\nTuy vị năng công thị ư vạn niên, do túc tư kê khảo chi nhất trợ vân.\n",
    "url": "/data/image_dvsk/quyen_thu/quyen3/DVSKTT_thu_III_2b.jpg"
  },
  {
    "text": "洪 德 十 年 歳 在 己 亥 冬 至 節 . [3a*3*1]\nHồng Đức thập niên, tuế tại Kỉ Hợi, Đông chí tiết.\n賜 大 寶 壬 戌 科 同 進 士 禮 部 右 侍 郎 朝 列 大 夫 兼 兼 史 官 修 𢮪 吳 士 連 序 . [3a*8*1]\nTứ Đại Bảo Nhâm Tuất khoa, đồng Tiến sĩ, Lễ bộ Hữu thị lang, Triều liệt đại phu kiêm Quốc tử giám Tư nghiệp, kiêm Sử quan tu soạn, Ngô Sĩ Liên tự.\n",
    "url": "/data/image_dvsk/quyen_thu/quyen3/DVSKTT_thu_III_3a.jpg"
  },
  {
    "text": ".\n\n",
    "url": "/data/image_dvsk/quyen_thu/quyen3/DVSKTT_thu_III_3b.jpg"
  }
]