[
  {
    "text": "擬 進 大 越 史 記 全 書 . [1a*1*1]\nNghĩ Tiến Đại Việt sử kí toàn thư.\n禮 部 右 侍 郎 朝 列 大 夫 兼 國 子 監 司 業 兼 史 官 修 撰 臣 吳 士 連 兹 者 伏 𫎇 聖 恩 除 臣 舘 職 臣 取 前 大 越 史 記 二 書 參 以 野 史 輯 成 大 越 史 記 全 書 謹 謄 為 十 五 卷 奏 進 . [1a*3*1]\nLễ bộ Hữu thị lang, Triều liệt đại phu kiêm Quốc tử giám tư nghiệp, kiêm Sử quan tu soạn, thần Ngô Sĩ Liên, tư giả phục mông Thánh ân, trừ thần quán chức, thần thủ tiền Đại Việt Sử Kí nhị thư, tham dĩ dã sử, tập thành Đại Việt Sử Kí Toàn Thư, cẩn đằng vi thập ngũ quyển tấu tiến.\n臣 吳 士 連 成 惶 誠 恐 󰏲 首 頓 首 上 言 伏 以 . [1a*8*2]\nThần Ngô Sĩ Liên thành hoàng thành khủng khể thủ đồn thủ thượng ngôn: \"Phục dĩ: ...\n",
    "url": "/data/image_dvsk/quyen_thu/quyen4/DVSKTT_thu_IV_1a.jpg"
  },
  {
    "text": "文 風 大 振 適 當 景 運 之 興 史 筆 重 修 載 纂 歷 朝 之 紀 . [1b*1*1]\nVăn phong đại chấn, thích đương cảnh vận chi hưng, sử bút trùng tu, tải toản lịch triều chi kỉ.\n俯 殫 管 見 󰱆 達 隆 知 . [1b*2*3]\nPhủ đan quản kiến, cốt đạt Long tri.\n臣 竊 惟 古 有 信 書 國 之 大 典 所 以 紀 國 綂 之 離 所 以 明 治 化 之 隆 污 . [1b*3*3]\nThần thiết duy: Cổ hữu tín thư, quốc chi đại điển, sở dĩ kỉ quốc thống chi li hợp, sở dĩ minh trị hoá chi long ô.\n盖 欲 垂 監 戒 於 将 來 𡸈 特 著 幾 徵 於 既 徃 . [1b*4*11]\nCái dục thuỳ giám giới ư tương lai, khởi đặc trước kỉ trưng ư kí vãng.\n必 善 惡 具 形 褒 貶 始 足 示 於 勸 懲 . [1b*5*9]\nTất thiện ác cụ hình bao biếm, thuỷ túc thị ư khuyến trừng.\n必 翰 墨 久 役 心 神 方 可 觀 於 著 述 非 苟 作 者 𡸈 易 言 哉 . [1b*6*4]\nTất hàn mặc cửu dịch tâm thần, phương khả quan ư trước thuật, phi cẩu tác giả, khởi dị ngôn tai.\n鷖 大 越 史 記 之 書 載 前 代 帝 王 之 正 . [1b*7*7]\nY Đại Việt sử kí chi thư, tải tiền đại đế vương chi chính.\n粤 肇 南 󰘊 之 繼 嗣 實 與 北 朝 而 抗 衡 . [1b*8*14]\nViệt triệu Nam bang chi kế tự, thực dữ Bắc triều nhi khanh hành.\n綂 緒 之 傳 億 萬 年 與 . [1b*9*9]\nThống tự chi truyền ức vạn niên, dữ ...\n",
    "url": "/data/image_dvsk/quyen_thu/quyen4/DVSKTT_thu_IV_1b.jpg"
  },
  {
    "text": "天 罔 極 英 明 之 君 六 七 作 于 古 有 光 . [2a*1*1]\nThiên võng cực, anh minh chi quân lục thất tác, vu cổ hữu quang.\n雖 強 弱 時 或 不 同 而 豪 傑 世 未 嘗 乏 . [2a*1*15]\nTuy cường nhược thời hoặc bất đồng, nhi hào kiệt thế vị thường phạp.\n觀 之 在 昔 厥 有 可 󰏲 . [2a*2*10]\nQuan chi tại tích, quyết hữu khả kê.\n吳 氏 以 前 慨 亂 多 而 治 少 李 氏 而 後 漸 世 变 以 風 移 . [2a*2*18]\nNgô thị dĩ tiền, khái loạn đa nhi trị thiểu; Lý thị nhi hậu, tiềm thế biến dĩ phong di.\n夫 極 治 者 亂 生 而 履 霜 者 氷 至 . [2a*4*2]\nPhù cực trị giả loạn sinh, nhi lý sương giả băng chí.\n賊 臣 因 之 盜 㨿 敵 國 以 是 來 侵 . [2a*4*14]\nTặc thần nhân chi đạo cứ, địch quốc dĩ thị lai xâm.\n满 地 干 戈 莫 匪 狂 明 之 㓂 一 國 圖 籍 翻 為 洁 劫 之 灰 . [2a*5*8]\nMãn địa can qua, mạc phỉ cuồng Minh chi khấu; nhất quốc đồ tịch, phiên vi khiết kiếp chi hôi.\n欲 求 事 跡 於 煨 烬 之 餘 難 免 是 非 於 亥 豕 之 辨 . [2a*6*10]\nDục cầu sự tích ư ổi tẫn chi dư, nan miễn thị phi ư \"hợi- thỉ\" chi biện.\n於 皇 昭 代 思 釆 陳 編 下 明 詔 以 購 求 蒐 散 書 而 萃 集 . [2a*7*10]\nƯ hoàng chiêu đại, tư thái trần biên, hạ Minh chiếu dĩ cấu cầu, sưu tán thư nhi tuỵ tập.\n既 命 朝 士 檢 閲 討 論 又 . [2a*8*12]\nKí mệnh triều sĩ, kiểm duyệt thảo luận, hựu ...\n",
    "url": "/data/image_dvsk/quyen_thu/quyen4/DVSKTT_thu_IV_2a.jpg"
  },
  {
    "text": "勑 儒 臣 縂 裁 潤 色 . [2b*1*1]\nsắc nho thần tổng tài nhuận sắc.\n務 兹 簡 實 捐 彼 浮 華 . [2b*1*8]\nVụ tư giản thực, quyên bỉ phù hoa.\n臣 當 直 舘 之 初 得 預 濡 毫 之 列 . [2b*1*16]\nThần đương trực quán chi sơ, đắc dự nhu hào chi liệt.\n倐 遭 家 禍 莫 覩 成 書 . [2b*2*9]\nThúc tao gia hoạ, mạc đổ thành thư.\n念 夙 志 之 未 酧 釆 羣 言 而 增 校 . [2b*2*17]\nNiệm túc chí chi vị thù, thái quần ngôn nhi tăng hiệu.\n僃 歷 代 君 臣 之 蹟 明 古 今 治 亂 之 原 . [2b*3*11]\nBị lịch đại quân thần chi tích, minh cổ kim trị loạn chi nguyên.\n歳 周 於 上 而 天 道 明 統 正 於 下 而 人 紀 立 . [2b*4*7]\nTuế chu ư thượng nhi Thiên đạo minh, thống chính ư hạ nhi nhân kỉ lập.\n以 至 禮 樂 征 伐 與 夫 制 度 紀 綱 莫 不 正 其 謬 訛 補 其 闕 畧 . [2b*5*12]\nDĩ chí lễ nhạc chinh phạt, dữ phu chế độ kỉ cương, mạc bất chính kì mậu ngoa, bổ kì khuyết lược.\n間 有 䦕 於 風 化 附 臆 説 以 𭛁 明 . [2b*6*15]\nGian hữu quan ư phong hoá, phụ ức duyệt dĩ phát minh.\n名 曰 大 越 史 記 全 書 增 入 鴻 庞 蜀 王 外 紀 總 若 干 卷 今 已 成 編 . [2b*7*9]\nDanh viết: Đại Việt Sử Kí Toàn Thư, tăng nhập Hồng Bàng Thục Vương Ngoại kỉ, tổng nhược can quyển, kim dĩ thành biên.\n效 馬 史 之 編 年 第 慚 補 綴 法 麟 經 之 比 . [2b*9*4]\nHiệu Mã Sử chi biên niên, đệ tàm bổ xuyết; pháp Lân Kinh chi tỉ ...\n",
    "url": "/data/image_dvsk/quyen_thu/quyen4/DVSKTT_thu_IV_2b.jpg"
  },
  {
    "text": "事 敢 望 謹 嚴 . [3a*1*1]\nsự, cảm vọng cẩn nghiêm.\n但 於 彜 倫 日 用 之 常 與 其 致 知 格 物 之 學 嘗 於 燕 暇 少 僃 覽 觀 . [3a*1*6]\nĐãn ư di luân nhật dụng chi thường, dữ kì trí tri cách vật chi học, thường ư yến hạ, thiểu bị lãm quan.\n傳 信 傳 疑 期 汗 青 之 無 愧 繁 辝 繁 事 庶 文 献 之 足 徵 . [3a*2*12]\nTruyền tín truyền nghi, kì hãn thanh chi vô hồn; phồn từ phồn sự, thứ văn hiến chi túc trưng.\n臣 吳 士 連 下 情 無 任 瞻 天 仰 聖 激 切 屏 營 之 至 謹 装 潢 成 帙 封 全 隨 表 上 進 以 聞 . [3a*3*14]\nThần Ngô Sĩ Liên hạ tình vô nhiệm, chiêm Thiên ngưỡng Thánh, kích thiết bình doanh chi chí, cẩn trang hoàng thành trật phong toàn, tuỳ biểu thượng tiến dĩ văn.\n",
    "url": "/data/image_dvsk/quyen_thu/quyen4/DVSKTT_thu_IV_3a.jpg"
  },
  {
    "text": "洪 德 十 年 歳 在 己 亥 冬 至 節 . [3b*5*1]\nHồng Đức thập niên, tuế tại Kỉ Hợi, Đông chí tiết.\n",
    "url": "/data/image_dvsk/quyen_thu/quyen4/DVSKTT_thu_IV_3b.jpg"
  }
]