[
  {
    "text": "篡 修 大 越 史 記 全 書 凣 例 . [1a*01*01]\nSoán tu Đại Việt sử kí toàn thư phàm lệ.\n一 是 書 之 作 本 黎 文 休 潘 孚 先 大 越 史 記 二 書 參 以 北 史 野 史 傳 至 諸 本 及 所 傳 授 見 聞 考 技 編 輯 爲 之 . [1a*02*01]\nNhất thị thư chi tác, bản Lê Văn Hưu, Phan Phu Tiên Đại Việt sử ký nhị thư, tham dĩ Bắc sử, dã sử truyện chí chư bản, cập sở truyền thụ kiến văn, khảo kĩ biên tập vi chi.\n其 記 始 於 吳 王 者 王 我 越 人 當 南 北 分 争 之 時 䏻 󰈫 亂 興 󰘊 以 繼 䧺 王 趙 武 之 統 故 也 今 依 武 瓊 所 󰖠 著 本 紀 全 書 水 自 丁 先 皇 以 明 其 大 一 統 也 . [1a*04*05]\nKì kí thuỷ ư Ngô Vương giả, vương ngã Việt nhân đương Nam Bắc phân tranh chi thời, năng phát loạn hưng bang, dĩ kế Hùng Vương, Triệu Vũ chi thống cố dã [kim y Vũ Quỳnh sở thuật trước bản kỉ toàn thư, tự Đinh Tiên Hoàng dĩ minh kì đại nhất thống dã].\n一 歷 代 帝 王 在 位 久 近 前 帝 前 王 於 某 年 創 業 以 是 年 爲 在 位 之 首 年 至 某 年 崩 薨 禪 讓 或 弑 後 帝 後 王 即 位 改 元 則 是 年 猶 爲 前 帝 前 王 在 位 . [1a*07*01]\nNhất lịch đại đế vương tại vị cửu cận, tiền đế tiền vương ư mỗ niên sáng nghiệp dĩ thị niên vi tại vị chi thủ niên, chí mỗ niên băng hoăng, thiền nhượng, hoặc thí, hậu đế hậu vương tức vị cải nguyên, tắc thị niên do vi tiền đế tiền vương tại vị\n之 末 年 . [1b*01*01]\nchi mạt niên.\n",
    "url": "/data/image_dvsk/quyen_thu/quyen5/DVSKTT_thu_V_1a.jpg"
  },
  {
    "text": "其 或 崩 薨 禪 讓 在 某 年 之 春 夏 則 是 年 爲 後 帝 後 王 在 位 之 首 年 而 春 夏 之 月 爲 前 帝 前 王 之 奇 零 月 如 崩 薨 禪 讓 在 嵗 終 逆 數 在 位 之 年 猶 有 不 盡 之 月 亦 爲 奇 零 月 . [1b*01*4]\nKì hoặc băng hoăng thiền nhượng tại mỗ niên chi xuân hạ, tắc thị niên vi hậu đế hậu vương tại vị chi thủ niên, nhi xuân hạ chi nguyệt vi tiền đế tiền vương chi kì linh nguyệt, như băng hoăng thiền nhượng tại tuế chung, nghịch số tại vị chi niên do bất tận chi nguyệt, diệc vi kì linh nguyệt.\n至 若 楊 日 禮 僣 位 雖 已 逾 年 然 陳 家 曆 數 猶 相 接 故 以 前 年 属 裕 宗 後 年 属 藝 宗 而 通 計 焉 附 録 日 禮 . [1b*4*15]\nChí nhược Dương Nhật Lễ tiếm vị, dĩ du niên, nhiên Trần gia lịch số do tương tiếp, cố dĩ tiền niên thuộc Dụ Tông, hậu niên thuộc Nghệ Tông nhi thông kế yên [phụ lục Nhật Lễ].\n一 涇 陽 王 爲 大 越 始 封 之 王 與 帝 宜 同 時 故 紀 元 與 帝 宜 初 年 同 . [1b*7*1]\nNhất Kinh Dương Vương vi Đại Việt thuỷ phong chi vương, dữ Đế Nghi đồng thời, cố kỷ nguyên dữ Đế Nghi sơ niên đồng.\n一 外 紀 所 載 本 之 野 史 其 甚 恠 𧩙 者 ? 之 不 録 . [1b*9*1]\nNhất ngoại kỉ sở tải bản chi dã sử, kì thậm quái đản giả [?] chi bất lục.\n䧺 . [1b*9*19]\nHùng\n",
    "url": "/data/image_dvsk/quyen_thu/quyen5/DVSKTT_thu_V_1b.jpg"
  },
  {
    "text": "䧺 王 以 上 無 年 表 者 世 主 傳 序 不 可 得 而 知 也 或 云 十 八 世 恐 未 必 然 . [2a*1*1]\nHùng Vương dĩ thượng, vô niên biểu giả, thế chủ truyền tự bất khả đắc nhi tri dã, hoặc vân thập bát thế khủng vị tất nhiên.\n一 趙 紀 當 北 朝 漢 高 惠 文 景 之 世 以 建 亥 爲 嵗 首 者 庶 考 之 朱 子 綱 目 不 爲 謬 矣 . [2a*3*1]\nNhất Triệu kỷ đương Bắc triều Hán Cao, Huệ, Văn, Cảnh chi thế, dĩ kiến hợi vi tuế thủ giả, thứ khảo chi Chu Tử cương mục bất vi mậu hĩ.\n一 每 年 甲 子 之 下 分 註 止 書 曆 代 繼 正 統 者 其 餘 列 國 不 書 無 接 我 也 . [2a*5*1]\nNhất mỗi niên giáp tý chi hạ, phân chú chỉ thư lịch đại kế chính thống giả, kì dư liệt quốc bất thư vố tiếp ngã dã.\n如 吳 魏 南 漢 事 有 接 我 則 書 某 主 . [2a*6*10]\nNhư Ngô, Nguỵ, Nam Hán sự hữu tiếp ngã tắc thư mỗ chủ.\n一 凣 紀 本 事 而 涉 前 後 事 本 事 大 書 前 後 事 分 註 庶 得 耳 見 無 遺 . [2a*8*1]\nNhất phàm kỷ bản sự nhị thiệp tiền hậu sự, bản sự đại thư; tiền hậu sự phân chú thứ, đắc nhĩ kiến, vô di.\n",
    "url": "/data/image_dvsk/quyen_thu/quyen5/DVSKTT_thu_V_2a.jpg"
  },
  {
    "text": "一 北 朝 歷 代 主 皆 書 帝 與 我 各 帝 一 方 也 . [2b*1*1]\nNhất Bắc triều lịch đại chủ giai thư đế, dữ ngã các đế nhất phương dã.\n一 凣 我 越 人 憤 北 人 侵 暴 因 人 心 甚 惡 攻 弑 郡 守 以 自 立 皆 書 起 兵 稱 國 . [2b*2*1]\nNhất phàm ngã Việt nhân phẫn Bắc nhân xâm bạo, nhân nhân tâm thậm ố, công thí quận thú dĩ tự lập, giai thư khởi binh, xưng quốc.\n不 幸 而 敗 亡 者 亦 書 起 兵 以 予 之 . [2b*3*11]\nBất hạnh nhi bại vong giả, diệc thư khởi binh dĩ dư chi.\n一 士 王 之 時 雖 有 守 任 然 王 以 諸 侯 當 國 國 人 皆 呼 爲 王 守 任 徒 爲 虚 設 而 王 之 貴 重 威 服 百 蠻 不 下 趙 武 後 代 追 封 王 爵 故 表 而 出 之 𭁈 諸 王 同 . [2b*5*1]\nNhất Sĩ Vương chi thời, tuy hữu thú nhiệm, nhiên vương dĩ chư hầu đương quốc, quốc nhân giai hô vi vương, thú nhiệm đồ vi hư thiết, nhi vương chi quý trọng uy phục bách Man bất hạ triệu vũ, hậu đại truy phong vương tước, cố biểu nhi xuất chi dữ chư vương đồng.\n一 前 後 李 南 帝 乃 當 時 稱 號 非 真 即 皇 帝 位 故 生 . [2b*9*1]\nNhất tiền hậu Lý Nam Đế nhưng đương thời xưng hiệu, phi chân tức hoàng đế vị, cố sinh\n",
    "url": "/data/image_dvsk/quyen_thu/quyen5/DVSKTT_thu_V_2b.jpg"
  },
  {
    "text": "則 書 帝 沒 則 書 薨 從 諸 侯 例 . [3a*1*1]\ntắc thư đế, một tắc thư hoăng tòng chư hầu lệ.\n一 趙 越 王 時 李 天 寳 雖 稱 王 立 國 然 其 迹 微 國 統 已 属 趙 王 故 附 錄 于 趙 紀 . [3a*2*1]\nNhất Triệu Việt Vương thời, Lý Thiên Bảo tuy xưng vương lập quốc, nhiên kì tích vi quốc, quốc thống dĩ thuộc Triệu Vương, cố phụ lục vu Triệu kỷ.\n一 布 蓋 王 豪 富 勇 力 亦 一 時 之 䧺 . [3a*4*1]\nNhất Bố Cái Vương hào phú dũng lực, diệc nhất thời chi hùng\n然 乘 亂 用 杜 英 翰 計 圍 都 護 府 守 任 官 病 子 乃 入 居 府 治 未 正 位 號 尋 沒 其 子 始 尊 以 王 爵 故 微 之 也 . [3a*4*14]\nNhiên thừa loạn, dụng Đỗ Anh Hàn kế vi Đô hộ phủ, thú nhiệm quan bệnh tử, nãi nhập cư phủ trị, vị chính vị hiệu, tầm một, kì tử thuỷ tôn dĩ vương tước, cố vi chi dã.\n一 北 人 守 任 有 政 蹟 者 必 書 好 善 惡 惡 人 心 所 同 天 下 之 公 也 . [3a*7*1]\nNhất Bắc nhân thú nhiệm hữu chính tích giả tất thư hiếu thiện, ố ác, nhân tâm sở đồng, thiên hạ chi công dã.\n一 十 二 使 君 乘 時 無 主 各 㨿 地 自 守 莫 䏻 相 統 然 . [3a*9*1]\nNhất thập nhị sứ quân, thừa thời vô chủ, các cứ địa tự thủ, mạc năng tương thống, nhiên\n",
    "url": "/data/image_dvsk/quyen_thu/quyen5/DVSKTT_thu_V_3a.jpg"
  },
  {
    "text": "吳 昌 熾 以 正 統 書 吳 是 之 後 也 . [3b*1*1]\nNgô Xương Xí dĩ chính thống, thư Ngô thị chi hậu dã.\n一 楊 三 哥 前 後 胡 皆 以 王 莽 篡 例 書 名 者 沮 僣 ? 也 . [3b*2*1]\nNhất Dương Tam Kha tiền hậu Hồ giai dĩ Vương Mãng soán lệ, thư danh giả, trở tiếm [?] dã.\n一 黎 大 行 雖 承 正 統 然 衛 王 璿 猶 在 紀 元 分 註 ? 宋 太 祖 之 於 周 鄭 王 也 . [3b*4*1]\nNhất Lê Đại Hành tuy thừa chính thống, nhiên Vệ Vương Toản do tại, kỷ nguyên phân chú [?] , Tống Thái Tổ chi ư Chu Trịnh Vương dã.\n一 黎 中 宗 即 位 三 日 而 遇 害 雖 未 逾 年 然 諸 王 争 立 凣 八 月 實 中 宗 嗣 位 之 年 . [3b*6*1]\nNhất Lê Trung Tông tức vị tam nhật nhi ngộ hại, tuy vị du niên, nhiên chư vương tranh lập phàm bát nguyệt, thực Trung Tông tự vị chi.\n故 書 之 爲 君 以 正 臥 朝 篡 弑 之 罪 而 以 嗣 位 一 年 數 焉 . [3b*7*13]\nCố thư chi vi quân, dĩ chính Ngoạ Triều soán thí chi tội, nhi dĩ tự vị nhất niên số yên.\n一 衛 王 靈 德 前 已 即 帝 位 後 降 王 爵 從 史 法 書 曰 . [3b*9*1]\nNhất Vệ Vương Linh Đức, tiền dĩ tức đế vị, hậu giáng vương tước, tòng sử pháp thư viết\n",
    "url": "/data/image_dvsk/quyen_thu/quyen5/DVSKTT_thu_V_3b.jpg"
  },
  {
    "text": "廢 帝 . [4a*1*1]\nPhế Đế.\n一 簡 定 即 位 建 元 在 丁 亥 年 十 月 而 稱 一 年 者 尊 正 統 黜 僣 僞 與 紹 慶 元 年 同 . [4a*2*1]\nNhất Giản Định tức vị, kiến nguyên tại Đinh Hợi niên, thập nguyệt, nhi xưng nhất niên giả, tôn chính thống, truất tiếm nguỵ, dữ Thiệu Khang nguyên niên đồng.\n一 陳 末 二 胡 之 後 明 人 併 㨿 凣 二 十 年 止 以 四 年 属 明 者 盖 癸 巳 以 前 簡 定 重 光 猶 係 陳 緒 戊 戌 以 後 我 朝 太 祖 高 皇 帝 已 起 義 兵 故 不 以 属 明 書 正 國 統 也 . [4a*4*1]\nNhất Trần mạt, nhị triều chi hậu, Minh nhân tính cứ phàm nhị thập niên, chỉ dĩ tứ niên thuộc Minh giả, cái Quý Tỵ dĩ tiền, Giản Định, Trùng Quang do hệ Trần tự, Mậu Tuất dĩ hậu Ngã triều Thái Tổ Cao Hoàng Đế dĩ khởi nghĩa binh, cố bất dĩ thuộc Minh, thư chính quốc thống dã.\n一 人 名 地 名 有 考 㨿 分 註 其 下 無 則 闕 之 . [4a*9*1]\nNhất nhân danh địa danh, hữu khảo cứ phân chú kì hạ, vô tắc khuyết chi.\n",
    "url": "/data/image_dvsk/quyen_thu/quyen5/DVSKTT_thu_V_4a.jpg"
  },
  {
    "text": "一 凣 書 日 舊 史 甲 子 有 闕 依 日 庶 書 之 . [4b*1*1]\nNhất phàm thư nhật, cựu sử giáp tý, hữu khuyết y nhật thứ thư chi.\n一 凣 正 誤 必 分 註 所 由 庶 無 惑 於 舊 史 間 猶 謬 誤 知 者 幸 正 之 . [4b*2*1]\nNhất phàm chính ngộ tất phân chú sở do, thứ vô hoặc ư cựu sử, gián do mậu ngộ tri giả, hạnh chính chi.\n續 編 凣 例 . [4b*4*1]\nTục biên phàm lệ\n一 外 紀 全 書 自 鴻 庞 氏 至 吳 使 君 舊 史 編 爲 一 集 并 本 己 全 書 自 李 太 祖 至 昭 皇 編 爲 一 集 自 陳 太 宗 至 明 宗 編 爲 一 集 陳 憲 宗 至 重 光 帝 編 爲 一 集 及 本 己 實 錄 國 朝 聖 宗 淳 皇 帝 ? 載 爲 一 集 . [4b*5*1]\nNhất Ngoại kỷ toàn thư tự Hồng Bàng thị chí Ngô Sứ quân, cựu sử biên vi nhất tập, tịnh bản kỷ toàn thư tự Lý Thái Tổ chí Chiêu Hoàng biên vi nhất tập, tự Trần Thái Tông chí Minh Tông biên vi nhất tập, Trần Hiến Tông chí Trùng Quang Đế biên vi nhất tập, cập bản kỷ thực lục quốc triều Thánh Tông Thuần Hoàng Đế [?] tải vi nhất tập.\n兹 以 其 刪 繁 每 . [4b*9*14]\nTư dĩ kì san phồn mỗi\n一 集 分 爲 上 下 二 集 以 便 觀 覽 . [5a*1*1]\nnhất tập phân vi thượng hạ nhị tập dĩ tiện quan lãm.\n",
    "url": "/data/image_dvsk/quyen_thu/quyen5/DVSKTT_thu_V_4b.jpg"
  },
  {
    "text": "一 恭 皇 爲 權 神 莫 登 庸 篡 弑 自 丁 亥 至 壬 辰 九 六 年 無 有 位 號 則 以 次 年 紀 之 . [5a*2*1]\nNhất Cung Hoàng vi quyền thần Mạc Đăng Dung soán thí, tự Đinh Hợi chí Nhâm Thìn cửu lục niên vô hữu vị hiệu, tắc dĩ thứ niên kỷ chi.\n其 莫 僣 則 两 行 分 註 於 次 年 之 下 以 尊 正 統 沮 僣 竊 也 . [5a*3*13]\nKì Mạc tiếm tắc lưỡng hàng phân chú ư thứ niên chi hạ, dĩ tôn chính thống trở tiếm thiết dã.\n一 莊 宗 自 癸 巳 年 起 義 即 位 于 行 在 萬 賴 󰀋 雖 未 混 一 中 元 亦 以 正 統 書 之 明 其 爲 帝 胄 承 大 統 也 . [5a*5*1]\nNhất Trang Tông tự Quý Tỵ niên khởi nghĩa, tức vị vu hành tại Vạn Lại sách, tuy vị hỗn nhất trung nguyên diệc dĩ chính thống thư chi minh kì vi đế trụ thừa đại thống dã.\n一 中 宗 英 宗 起 義 即 位 並 以 繼 統 書 之 明 國 緒 相 傳 也 . [5a*8*1]\nNhất Trung Tông, Anh Tông khởi nghĩa, tức vị tịnh dĩ kế thống thư chi, minh quốc tự tương truyền dã.\n",
    "url": "/data/image_dvsk/quyen_thu/quyen5/DVSKTT_thu_V_5a.jpg"
  },
  {
    "text": "一 神 宗 在 位 二 十 五 年 書 爲 神 宗 上 其 遜 位 六 年 書 在 真 宗 紀 又 復 帝 位 十 三 年 書 爲 神 宗 下 . [5b*1*1]\nNhất Thần Tông tại vị nhị thập ngũ niên, thư vi Thần Tông thượng, kì tốn vị lục niên thư tại Chân Tông kỷ, hựu phục đế vị thập tam niên, thư vi Thần Tông hạ.\n凣 例 畢 . [5b*9*1]\nPhàm lệ tất.\n",
    "url": "/data/image_dvsk/quyen_thu/quyen5/DVSKTT_thu_V_5b.jpg"
  }
]