[
  {
    "text": "外 紀 . [1a*02*01]\nNgoại kỷ\n〇 卷 之 一 . [1a*03*02]\nQuyển chi nhất\n鴻 庞 氏 紀 起 壬 戌 至 癸 卯 年 凣 二 千 六 百 二 十 二 年 . [1a*04*01]\nHồng bàng thị kỷ [Khởi Nhâm Tuất chí Quý Mão niên, phàm nhị thiên lục bách nhị thập nhị niên].\n涇 陽 王 . [1a*05*01]\nKinh Dương Vương\n貉 龍 君 . [1a*06*01]\nLạc Long Quân\n䧺 王 凣 十 八 世 皆 号 䧺 王 . [1a*07*01]\nHùng Vương [Phàm thập bát thế, giai hiệu Hùng Vương].\n後 王 . [1a*08*01]\nH\n",
    "url": "/data/image_dvsk/quyen_thu/quyen6/DVSKTT_thu_VI_1a.jpg"
  },
  {
    "text": "安 陽 王 . [1b*01*01]\nAn Dương Vương\n〇 卷 之 二 . [1b*02*02]\nQuyển chi nhị\n趙 氏 紀 起 甲 午 至 庚 午 凣 九 十 七 年 . [1b*02*01]\nTriệu thị kỷ [Khởi Giáp Ngọ chí Canh Ngọ phàm cửu thập thất niên].\n武 帝 在 位 七 十 一 年 . [1b*04*01]\nVũ Đế [Tại vị thất thập nhất niên].\n文 王 在 位 十 二 年 . [1b*05*01]\nVăn Vương [Tại vị thập nhị niên].\n明 王 在 位 十 二 年 . [1b*06*01]\nMinh Vương [ Tại vị thập nhị niên]\n",
    "url": "/data/image_dvsk/quyen_thu/quyen6/DVSKTT_thu_VI_1b.jpg"
  },
  {
    "text": "属 西 漢 紀 起 辛 未 至 己 亥 凣 一 百 四 十 九 年 . [2a*01*01]\nThuộc Tây Hán kỷ [ khởi Tân Mùi chí Kỷ Hợi, phàm nhất bách tứ thập cửu niên ].\n徵 女 王 紀 起 庚 子 至 壬 寅 凣 三 年 . [2a*02*01]\nTrưng Nữ Vương [khởi Canh Tý chí Nhâm Dần, phàm tam niên].\n徵 王 在 位 三 年 . [2a*03*01]\nTrưng Vương [tại vị tam niên].\n属 東 漢 紀 起 癸 卯 至 丙 寅 凣 一 百 四 十 . [2a*04*01]\nThuộc Đông Hán kỷ [ khởi Quý Mão\n",
    "url": "/data/image_dvsk/quyen_thu/quyen6/DVSKTT_thu_VI_2a.jpg"
  },
  {
    "text": "前 李 南 帝 在 位 七 年 紀 元 者 一 . [2b*01*01]\nTiền Lý Nam Đế [ tại vị thất niên kỷ nguyên giả nhất].\n天 德 凣 七 . [2b*02*01]\nThiên Đức [phàm thất].\n趙 越 王 紀 起 戊 辰 至 庚 寅 凣 二 十 三 年 . [2b*03*01]\nTriệu Việt Vương kỷ [khởi Mậu Thìn chí Canh Dần, phàm thập nhị tam niên].\n附 桃 郎 王 . [2b*03*16]\nPhụ Đào Lang Vương.\n趙 越 王 在 位 二 十 三 年 . [2b*04*01]\nTriệu Việt Vương [tại vị nh\n",
    "url": "/data/image_dvsk/quyen_thu/quyen6/DVSKTT_thu_VI_2b.jpg"
  },
  {
    "text": "曲 節 度 父 子 共 十 四 年 . [3a*01*01]\nKhúc Tiết Độ [phụ tử cộng thập tứ niên].\n楊 正 公 在 位 八 年 . [3a*02*01]\nDương Chính Công [tại vị bát niên].\n吳 氏 紀 起 己 亥 至 丁 卯 凣 二 十 九 年 . [3a*03*01]\nNgô Thị kỷ [khởi Kỷ Hợi chí Đinh Mão, phàm nhị thập cửu niên].\n前 吳 王 在 位 六 年 . [3a*04*01]\nTiền Ngô Vương [tại vị lục niên].\n楊 三 哥 簒 位 六 年 . [3a*04*08]\nDương Tam Kha [soán vị l\n",
    "url": "/data/image_dvsk/quyen_thu/quyen6/DVSKTT_thu_VI_3a.jpg"
  },
  {
    "text": "先 皇 在 位 十 二 年 紀 元 者 一 . [3b*01*01]\nTiên Hoàng [tại vị nhị niên, kỷ nguyên giả nhất].\n太 平 凣 十 二 . [3b*02*01]\nThái Bình [phàm thập nhị].\n廢 帝 在 位 一 年 仍 太 平 年 號 . [3b*03*01]\nPhế Đế [tại vị nhất niên nhưng Thái Bình niên hiệu].\n黎 紀 起 辛 巳 至 己 酉 凣 二 十 九 年 . [3b*04*01]\nLê kỷ [khởi Tân Tỵ chí Kỷ Dậu, phàm nhị thập cửu niên].\n大 行 皇 帝 在 位 二 十 四 年 紀 . [3b*05*01]\nĐại Hành Hoàng\n",
    "url": "/data/image_dvsk/quyen_thu/quyen6/DVSKTT_thu_VI_3b.jpg"
  },
  {
    "text": "景 瑞 凣 四 . [4a*01*01]\nCảnh Thuỵ [phàm tứ].\n〇 卷 之 二 . [4a*02*02]\nQuyển chi nhị\n李 紀 起 庚 戌 至 乙 酉 年 凣 二 百 十 六 年 . [4a*03*01]\nLý kỷ [ khởi Canh Tuất chí Ất Dậu niên, phàm nhị bách thập lục niên].\n太 祖 皇 帝 在 位 十 八 年 紀 元 者 一 . [4a*04*01]\nThái Tổ Hoàng Đế [ tại vị thập bát niên, kỷ nguyên giả nhất].\n順 天 凣 十 八 . [4a*005*01]\nThuận Thiên [ phàm thập bát].\n太 宗 皇 帝 在 位 二 十 七 年 . [4a*06*01]\nThái\n",
    "url": "/data/image_dvsk/quyen_thu/quyen6/DVSKTT_thu_VI_4a.jpg"
  },
  {
    "text": "〇 卷 之 三 . [4b*01*01]\nQuyển chi tam.\n聖 宗 皇 帝 在 位 十 七 年 紀 元 者 五 . [4b*02*01]\nThánh Tông Hoàng Đế [tại vị thập thất niên kỷ nguyên giả ngũ].\n龍 瑞 太 平 凣 四 . [4b*03*01]\nLong Thuỵ Thái Bình [phàm tứ].\n彰 聖 嘉 慶 凣 七 . [4b*03*07]\nChương Thánh Gia Khánh [ phàm thất].\n龍 章 天 嗣 凣 三 . [4b*04*01]\nLong Chương Thiên Tự [phàm tam].\n天 貺 寳 象 凣 一 . [4b*04*07]\nThiên Huống Bảo Tượng [phàm\n",
    "url": "/data/image_dvsk/quyen_thu/quyen6/DVSKTT_thu_VI_4b.jpg"
  },
  {
    "text": "天 符 睿 武 凣 七 . [5a*01*01]\nThiên Phù Duệ Vũ [phàm thất].\n天 符 慶 壽 凣 一 . [5a*01*07]\nThiên Phù Khánh Thọ [phàm nhất].\n神 宗 皇 帝 在 位 十 一 年 紀 元 者 二 . [5a*02*01]\nThần Tông Hoàng Đế [tại vị thập nhất niên, kỷ nguyên giả nhị].\n天 順 凣 六 . [5a*03*01]\nThiên Thuận [phàm lục].\n天 彰 寳 嗣 凣 五 . [5a*03*05]\nThiên Chương Bảo Tự [phàm ngũ].\n〇 卷 之 四 . [5a*04*02]\nQuyển chi tứ\n英 宗 皇 帝 在 位 三 十 七 年 紀 元 . [5a*05*01]\nAnh Tông\n",
    "url": "/data/image_dvsk/quyen_thu/quyen6/DVSKTT_thu_VI_5a.jpg"
  },
  {
    "text": "天 嘉 寳 祐 凣 三 . [5a*01*01]\nThiên Gia Tư Hựu [phàm tam].\n治 平 龍 應 凣 五 . [5b*01*07]\nTrị Bình Long Ứng [phàm ngũ].\n惠 宗 皇 帝 在 位 十 四 年 紀 元 者 一 . [5b*02*01]\nHuệ Tông Hoàng Đế [tại vị thập tứ niên kỷ nguyên giả nhất].\n建 嘉 凣 十 四 . [5b*03*01]\nKiến Gia [phàm thập tứ].\n天 章 有 道 凣 一 . [5b*03*06]\nThiên Chương Hữu Đạo [phàm nhất].\n昭 皇 在 位 一 年 仍 天 章 有 道 號 . [5b*04*01]\nChiêu Hoàng [tại vị nhất\n",
    "url": "/data/image_dvsk/quyen_thu/quyen6/DVSKTT_thu_VI_5b.jpg"
  },
  {
    "text": "聖 宗 皇 帝 在 位 二 十 一 年 紀 元 者 二 . [6a*01*01]\nThánh Tông Hoàng Đế [tại vị nhị thập nhất niên kỷ nguyên giả nhị].\n紹 隆 凣 十 五 . [6a*02*01]\nThiệu Phong [phàm thập ngũ].\n寳 符 凣 六 . [6a*02*06]\nBảo Phù [phàm lục].\n仁 宗 皇 帝 在 位 十 四 年 紀 元 者 二 . [6a*03*01]\nNhân Tông Hoàng Đế [tại vị thập tứ niên kỷ nguyên giả nhị].\n紹 寳 凣 六 . [6a*04*01]\nThiệu Bảo [phàm lục].\n重 興 凣 八 . [6a*04*05]\nTrùng\n",
    "url": "/data/image_dvsk/quyen_thu/quyen6/DVSKTT_thu_VI_6a.jpg"
  },
  {
    "text": "〇 卷 之 七 . [6b*01*02]\nQuyển chi thất\n憲 宗 皇 帝 在 位 十 二 年 紀 元 者 一 . [6b*02*01]\nHiến Tông Hoàng Đế [tại vị thập nhị niên kỷ nguyên giả nhất].\n開 祐 凣 十 二 . [6b*03*01]\nKhai Hựu [phàm thập nhị].\n裕 宗 皇 帝 在 位 二 十 八 年 紀 元 者 二 . [6b*04*01]\nDụ Tông Hoàng Đế [tại vị nhị thập bát niên kỷ nguyên giả nhị].\n附 楊 日 禮 六 月 以 後 . [6b*04*15]\nPhụ Dương Nhật Lễ [lục nguyệt dĩ\n",
    "url": "/data/image_dvsk/quyen_thu/quyen6/DVSKTT_thu_VI_6b.jpg"
  },
  {
    "text": "〇 卷 之 八 . [7a*01*01]\nQuyển chi bát\n廢 帝 在 位 十 二 年 紀 元 者 一 . [7a*02*01]\nPhế Đế [tại vị thập nhị niên kỷ nguyên giả nhất].\n昌 符 凣 十 二 . [7a*03*01]\nXương Phù [phàm thập nhị].\n順 宗 皇 帝 在 位 九 年 紀 元 者 一 . [7a*04*01]\nThuận Tông Hoàng Đế [tại vị cửu niên kỷ nguyên giả nhất].\n光 泰 凣 九 . [7a*05*01]\nQuang Thái [phàm cửu].\n少 帝 在 位 二 年 紀 元 者 一 . [7a*06*01]\nThiếu Đế [tại vị nhị niên k\n",
    "url": "/data/image_dvsk/quyen_thu/quyen6/DVSKTT_thu_VI_7a.jpg"
  },
  {
    "text": "後 陳 紀 起 丁 亥 至 癸 巳 凣 七 年 . [7b*01*01]\nHậu Trần kỷ [khởi Đinh Hợi chí Quý Tỵ phàm thất niên].\n簡 定 帝 在 位 二 年 紀 元 者 一 . [7b*02*01]\nGiản Định Đế [tại vị nhị niên kỷ nguyên giả nhất].\n興 慶 凣 二 . [7b*03*01]\nHưng Khánh [phàm nhị].\n重 光 帝 在 位 五 年 紀 元 者 一 . [7b*04*01]\nTrùng Quang Đế [tại vị ngũ niên kỷ nguyên giả nhất].\n重 光 凣 五 . [7b*05*01]\nTrùng Quang [phàm ngũ\n",
    "url": "/data/image_dvsk/quyen_thu/quyen6/DVSKTT_thu_VI_7b.jpg"
  },
  {
    "text": "順 天 凣 六 . [8a*01*01]\nThuận Thiên [phàm lục].\n〇 卷 之 十 一 . [8a*02*02]\nQuyển chi thập nhất\n太 宗 文 皇 帝 在 位 九 年 紀 元 者 二 . [8a*03*01]\nThái Tông Văn Hoàng Đế [tại vị cửu niên kỷ nguyên giả nhị].\n紹 平 凣 七 . [8a*04*01]\nThiệu Bình [phàm thất].\n大 寳 凣 二 . [8a*04*05]\nĐại Bảo [phàm nhị].\n仁 宗 宣 皇 帝 在 位 十 七 年 紀 元 者 二 . [8a*05*01]\nNhân Tông Tuyên Hoàng Đế [tại vị thập thất niên kỷ ngu\n",
    "url": "/data/image_dvsk/quyen_thu/quyen6/DVSKTT_thu_VI_8a.jpg"
  },
  {
    "text": "〇 卷 之 十 三 . [8b*01*02]\nQuyển chi thập tam\n聖 宗 淳 皇 帝 上 . [8b*02*01]\nThánh Tông Thuần Hoàng Đế, thượng\n洪 德 凣 二 十 五 . [8b*03*01]\nHồng Đức [phàm nhị thập ngũ].\n〇 卷 之 十 四 . [8b*04*02]\nQuyển chi thập tứ\n憲 宗 睿 皇 帝 在 位 七 年 紀 元 者 一 . [8b*05*01]\nHiến Tông Duệ Hoàng Đế [tại vị thất niên kỷ nguyên giả nhất].\n景 統 凣 七 . [8b*06*01]\nCảnh Thống [phàm thất].\n肅 宗 欽 皇 帝 在 位 一 年 紀 元 者 . [8b*07*01]\nTúc Tông K\n",
    "url": "/data/image_dvsk/quyen_thu/quyen6/DVSKTT_thu_VI_8b.jpg"
  },
  {
    "text": "端 慶 凣 五 . [9a*01*01]\nĐoan Khánh [phàm ngũ].\n〇 卷 之 十 五 . [9a*02*02]\nQuyển chi thập ngũ\n㐮 翼 帝 在 位 七 年 紀 元 者 一 . [9a*03*01]\nTương Dực Đế [tại vị thất niên kỉ nguyên giả nhất].\n洪 順 凣 七 . [9a*04*01]\nHồng Thuận [phàm thất].\n陀 陽 王 在 位 六 年 紀 元 者 一 . [9a*05*01]\nĐà Dương Vương [tại vị lục niên kỉ nguyên giả nhất].\n光 紹 凣 六 . [9a*06*01]\nQuang Thiệu [phàm lục].\n恭 皇 在 位 五 年 紀 元 者 一 . [9a*07*01]\nCung Hoa\n",
    "url": "/data/image_dvsk/quyen_thu/quyen6/DVSKTT_thu_VI_9a.jpg"
  },
  {
    "text": "〇 卷 之 十 六 . [9b*01*02]\nQuyển chi thập lục\n莊 宗 裕 帝 在 位 十 六 年 紀 元 者 一 . [9b*02*01]\nTrang Tông Dụ Hoàng Đế [tại vị thập lục niên kỉ nguyên giả nhất].\n元 和 凣 十 六 . [9b*03*01]\nNguyên Hoà [phàm thập lục].\n附 莫 登 瀛 大 正 八 年 . [9b*04*01]\nMạc Đăng Doanh [Đại Chính bát niên].\n福 海 廣 和 六 年 . [9b*04*09]\nPhúc Hải [Quảng Hoà lục niên].\n福 源 永 定 一 年 景 曆 一 年 . [9b*04*15]\nPhúc Nguyên [Vĩnh Định nhâ\n",
    "url": "/data/image_dvsk/quyen_thu/quyen6/DVSKTT_thu_VI_9b.jpg"
  },
  {
    "text": "洪 福 凣 一 . [10a*01*01]\nHồng Phúc [phàm nhất].\n附 莫 福 源 光 寳 五 年 . [10a*02*01]\nPhụ Mạc Phúc Nguyên [Quang Bảo ngũ niên].\n茂 洽 淳 福 五 年 崇 康 六 年 . [10a*02*09]\nMậu Hợp [Thuần Phúc ngũ niên, Sùng Khang lục niên].\n〇 卷 之 十 七 . [10a*03*02]\nQuyển chi thập thất\n世 宗 毅 皇 帝 在 位 二 十 七 年 紀 元 者 二 . [10a*04*01]\nThế Tông Nghị Hoàng Đế [tại vị nhị thập thất niên kỷ nguyên giả nhị\n",
    "url": "/data/image_dvsk/quyen_thu/quyen6/DVSKTT_thu_VI_10a.jpg"
  },
  {
    "text": "神 宗 淵 皇 帝 上 在 位 二 十 五 年 紀 元 者 三 . [10b*01*01]\nThần Tông Uyên Hoàng Đế, thượng [tại vị nhị thập ngũ niên kỷ nguyên giả tam].\n永 祚 凣 十 . [10b*02*01]\nVĩnh Tộ [phàm thập].\n德 隆 凣 七 . [10b*02*05]\nLong Đức [phàm thất].\n陽 和 凣 八 . [10b*03*01]\nDương Hoà [phàm bát].\n真 宗 順 皇 帝 在 位 七 年 紀 元 者 一 . [10b*04*01]\nChân Tông Thuận Hoàng Đế [tại vị thất niên kỷ nguyên giả n\n",
    "url": "/data/image_dvsk/quyen_thu/quyen6/DVSKTT_thu_VI_10b.jpg"
  },
  {
    "text": "玄 宗 穆 皇 帝 在 位 九 年 紀 元 者 一 . [11a*01*01]\nHuyền Tông Mục Hoàng Đế [tại vị cửu niên kỷ nguyên giả nhất].\n景 治 凣 九 . [11a*02*01]\nCảnh Trị [phàm cửu].\n嘉 宗 美 皇 帝 在 位 四 年 紀 元 者 二 . [11a*03*01]\nGia Tông Mĩ Hoàng đế [tại vị tứ niên kỷ nguyên giả nhị].\n陽 德 凣 三 . [11a*04*01]\nDương Đức [phàm tam].\n德 元 凣 一 . [11a*04*05]\nĐức Nguyên [phàm nhất].\n皇 黎 朝 萬 萬 世 . [11a*07*01]\nHoàng Lê triều\n",
    "url": "/data/image_dvsk/quyen_thu/quyen6/DVSKTT_thu_VI_11a.jpg"
  }
]