[
  {
    "text": "越 鑑 通 考 總 論 . [1a*1*1]\nViệt giám thông khảo tổng luận.\n臣 聞 󰔄 典 即 󰔄 書 自 孔 子 刪 尙 書 以 為 典 謨 而 帝 王 脩 齊 治 平 之 道 益 彰 . [1a*2*1]\nThần văn: Ngu điển tức Ngu thư, tự Khổng Tử san Thượng Thư dĩ vi điển mô, nhi đế vương tu tề trị bình chi đạo ích chương.\n春 秋 本 魯 史 自 孔 子 脩 春 秋 以 定 褒 貶 而 天 子 與 禮 命 討 之 權 益 重 . [1a*3*11]\nXuân Thu bản Lỗ sử, tự Khổng Tử tu Xuân Thu dĩ định bao biếm, nhi thiên tử dữ lễ mệnh thảo chi quyền ích trọng.\n是 以 聖 帝 明 王 之 治 天 下 有 志 於 任 君 師 之 責 不 可 不 究 帝 王 之 學 有 志 於 究 帝 王 之 學 不 可 不 明 古 今 之 理 . [1a*5*1]\nThị dĩ thánh đế minh vương chi trị thiên hạ, hữu chí ư nhiệm quân sư chi trách, bất khả bất cứu đế vương chi học; hữu chí ư cứu đế vương chi học, bất khả bất minh cổ kim chi lí.\n然 則 諸 史 有 作 所 以 為 歷 大 人 君 之 黾 鑑 意 在 矣 . [1a*7*7]\nNhiên tắc chư sử hữu tác, sở dĩ vi lịch đại nhân quân chi mãnh giám, ý tại hĩ.\n欽 惟 皇 上 陛 下 聖 學 髙 明 道 心 純 粹 紹 祖 功 宗 德 之 休 . [1a*8*8]\nKhâm duy: Hoàng Thượng bệ hạ, thánh học cao minh, đạo tâm thuần tuý, thiệu tổ công tông đức chi hưu, ...\n",
    "url": "/data/image_dvsk/quyen_thu/quyen7/DVSKTT_thu_VII_1a.jpg"
  },
  {
    "text": "應 天 與 人 㱕 之 會 大 業 既 成 治 功 已 定 乃 銳 意 太 平 留 心 墳 典 有 志 於 帝 王 之 學 洞 究 乎 聖 賢 之 書 . [1b*1*1]\nứng thiên dữ nhân quy chi hội, đại nghiệp kí thành, trị công dĩ định, nãi nhuệ ý thái bình, lưu tâm phần điển, hữu chí ư đế vương chi học, đồng cứu hồ thánh hiền chi thư.\n覧 聖 宗 淳 皇 帝 天 南 餘 暇 諸 集 而 監 夫 聖 謨 典 則 之 詳 . [1b*3*3]\nLãm Thánh Tông Thuần Hoàng đế Thiên Nam Dư Hạ chư tập, nhi giám phu thánh mô điển tắc chi tường.\n懌 德 宗 建 皇 帝 樂 宛 餘 閑 各 編 而 會 夫 帝 範 渊 原 之 意 . [1b*5*2]\nDịch Đức Tông Kiến Hoàng Đế Lạc Uyển Dư Nhàn các biên, nhi hội phu đế phạm uyên nguyên chi ý.\n燕 暇 則 隨 事 詩 賦 . [1b*7*2]\nYến hạ tắc tuỳ sự thi phú.\n言 形 警 戒 即 󰔄 舜 勑 天 之 𰙔 也 噐 皿 則 寓 理 制 銘 心 存 脩 省 即 殷 湯 盤 銘 之 戒 也 . [1b*7*9]\nNgôn hình cảnh giới, tức Ngu Thuấn sắc thiên chi ca dã, khí mãnh tắc ngụ lí chế minh, tâm tồn tu tỉnh, tức Ân Thang bàn minh chi giới dã.\n凡 其 經 天 緯 地 之 文 治 國 齊 家 之 道 靡 . [1b*9*4]\nPhàm kì kinh thiên vĩ địa chi văn, trị quốc tề gia chi đạo, mĩ ...\n",
    "url": "/data/image_dvsk/quyen_thu/quyen7/DVSKTT_thu_VII_1b.jpg"
  },
  {
    "text": "不 貫 通 . [2a*1*1]\nbất quán thông.\n日 啟 經 筵 講 求 治 理 . [2a*1*4]\nNhật khải Kinh diên giảng cầu trị lí.\n乃 命 兵 部 尙 書 國 子 監 司 業 兼 史 舘 都 總 裁 臣 武 瓊 𪮙 越 鑑 通 考 述 自 洪 庞 氏 至 十 二 使 君 列 為 外 紀 自 丁 先 皇 至 國 朝 太 祖 髙 皇 帝 大 定 之 初 年 着 為 本 紀 凡 二 十 六 卷 . [2a*1*12]\nNãi mệnh Binh bộ Thượng thư Quốc tử giám Tư nghiệp kiêm Sử quán đô tổng tài thần Vũ Quỳnh, soạn Việt Giám Thông Khảo, thuật tự Hồng Bàng thị chí Thập nhị sứ quân, liệt vi ngoại kỉ; tự Đinh Tiên Hoàng chí Quốc triều Thái Tổ Cao Hoàng Đế đại định chi sơ niên, trước vi Bản kỉ, phàm nhị thập lục quyển.\n大 而 三 綱 五 常 之 道 以 至 事 物 細 微 之 理 莫 不 該 載 . [2a*7*1]\nĐại nhi tam cương ngũ thường chi đạo, dĩ chí sự vật tế vi chi lí, mạc bất cai tải.\n又 命 秘 書 監 黄 樞 等 寫 為 列 本 以 垂 永 久 . [2a*8*3]\nHựu mệnh Bí thư giám Hoàng Khu đẳng, tả vi liệt bản, dĩ thuỳ vĩnh cửu.\n於 是 . [2a*9*1]\nƯ thị ...\n",
    "url": "/data/image_dvsk/quyen_thu/quyen7/DVSKTT_thu_VII_2a.jpg"
  },
  {
    "text": "皇 上 陛 下 以 宸 心 淵 廣 而 包 括 乎 乾 坤 以 天 智 光 明 而 洞 燭 乎 日 月 欲 撮 其 大 要 使 一 覧 之 間 而 天 地 綱 常 之 道 益 著 常 王 治 平 之 道 益 明 如 大 綱 既 舉 而 󰕛 目 畢 張 如 明 鏡 既 懸 而 萬 象 皆 照 其 有 關 於 世 教 者 大 矣 . [2b*1*1]\nHoàng thượng bệ hạ, dĩ thần tâm uyên quảng, nhi bao quát hồ càn khôn; dĩ thiên trí quang minh, nhi động chúc hồ nhật nguyệt; dục toát kì đại yếu, sử nhất lãm chi gian nhi thiên địa cương thường chi đạo ích trứ, thường vương trị bình chi đạo ích minh, như đại cương kí cử, nhi chúng mục tất trương; như minh kính kí huyền, nhi vạn tượng giai chiếu, kì hữu quan ư thế giáo giả đại hĩ.\n乃 命 臣 黎 嵩 為 之 總 論 . [2b*5*10]\nNãi mệnh thần Lê Tung vị chi tổng luận.\n顧 臣 學 識 迂 踈 見 聞 淺 薄 奚 足 以 商 確 古 今 𭛁 揮 至 理 . [2b*6*1]\nCố thần học thức vu sơ, kiến văn thiển bạc, hề túc dĩ thương xác cổ kim, phát huy chí lí.\n然 既 叨 奉 明 詔 敢 不 對 揚 聖 天 子 之 休 命 乎 臣 謹 拜 手 󰏲 首 而 献 論 曰 臣 聞 . [2b*7*4]\nNhiên kí thao phụng minh chiếu, cảm bất đối dương Thánh thiên tử chi hưu mệnh hồ! Thần cẩn bái thủ khể thủ nhi hiến luận viết: Thần văn: ...\n",
    "url": "/data/image_dvsk/quyen_thu/quyen7/DVSKTT_thu_VII_2b.jpg"
  },
  {
    "text": "周 易 曰 有 天 地 然 後 有 萬 物 有 萬 物 然 後 有 夫 婦 有 夫 婦 然 後 有 父 子 有 父 子 然 後 有 君 臣 . [3a*1*1]\nChu dịch viết: \"Hữu thiên địa nhiên hậu hữu vạn vật, hữu vạn vật nhiên hậu hữu phu phụ, hữu phu phụ nhiên hậu hữu phụ tử, hữu phụ tử nhiên hậu hữu quân thần\".\n此 綱 常 之 道 所 由 著 也 . [3a*2*18]\nThử cương thường chi đạo sở do trứ dã.\n大 學 曰 心 正 而 后 身 脩 身 脩 而 后 家 齊 家 齊 而 后 國 治 國 治 而 后 天 下 平 . [3a*3*9]\nĐại Học viết: \"Tâm chính nhi hậu thân tu, thân tu nhi hậu gia tề, gia tề nhi hậu quốc trị, quốc trị nhi hậu thiên hạ bình\".\n此 治 平 之 道 所 由 行 也 . [3a*5*1]\nThử trị bình chi đạo sở do hành dã.\n然 則 天 地 之 道 不 能 外 綱 常 以 立 極 帝 王 之 道 𡸈 䏻 外 綱 常 以 為 治 㢤 粤 自 洪 庞 氏 經 陽 王 繼 神 農 之 後 娶 洞 庭 君 女 明 夫 婦 之 道 正 風 化 之 原 . [3a*5*10]\nNhiên tắc thiên địa chi đạo, bất năng ngoại cương thường dĩ lập cực; đế vương chi đạo, khởi năng ngoại cương thường dĩ vi trị tai! Việt tự Hồng Bàng thị Kinh Dương Vương, kế Thần Nông chi hậu, thú Động Đình Quân nữ, minh phu phụ chi đạo, chính phong hoá chi nguyên.\n君 焉 則 以 德 化 民 垂 衣 掑 手 民 焉 則 耕 田 𮢶 井 出 作 入 息 其 炎 帝 太 . [3a*8*11]\nQuân yên tắc dĩ đức hoá dân, thuỳ y kì thủ; dân yên tắc canh điền tạc tỉnh, xuất tác nhập tức, kì Viêm Đế thái ...\n",
    "url": "/data/image_dvsk/quyen_thu/quyen7/DVSKTT_thu_VII_3a.jpg"
  },
  {
    "text": "古 之 風 󰊹 貉 龍 君 繼 鴻 庞 之 世 娶 甌 貉 氏 女 而 生 有 百 男 之 祥 百 粤 之 祖 實 始 於 此 享 國 歷 年 最 為 久 長 富 壽 多 男 自 古 以 來 未 之 有 也 . [3b*1*1]\ncổ chi phong dư? Lạc Long Quân kế Hồng Bàng chi thế, thú Âu Lạc thị nữ, nhi sinh hữu bách nam chi tường, Bách Việt chi tổ, thực thuỷ ư thử, hưởng quốc lịch niên, tối vi cửu trường, phú thọ đa nam, tự cổ dĩ lai vị chi hữu dã.\n䧺 王 嗣 貉 龍 之 統 務 施 德 惠 而 撫 綏 其 民 專 事 農 桑 之 業 靡 有 兵 戈 之 警 繼 世 子 孫 並 以 䧺 王 為 號 祚 凡 十 八 世 𡻕 經 二 千 餘 年 結 䋲 為 政 民 無 詐 偽 可 見 淳 厖 樸 野 之 俗 矣 . [3b*3*17]\nHùng Vương tự Lạc Long chi thống, vụ thi đức huệ, nhi phủ tuy kì dân, chuyên sự nông tang chi nghiệp, mĩ hữu binh qua chi cảnh, kế thế tử tôn, tịnh dĩ Hùng Vương vi hiệu, tộ phàm thập bát thế, tuế kinh nhị thiên dư niên; kết thằng vi chính, dân vô trá nguỵ, khả kiến thuần mang phác dã chi tục hĩ.\n後 王 德 衰 怠 於 政 事 廢 武 僃 而 不 脩 󰱏 酒 色 以 為 樂 蜀 兵 一 至 而 國 綂 遂 亡 . [3b*7*11]\nHậu vương đức suy, đãi ư chính sự, phế vũ bị nhi bất tu, đam tửu sắc dĩ vi lạc, Thục binh nhất chí nhi quốc thống toại vong.\n安 陽 王 西 徒 巴 蜀 南 烕 䧺 王 都 于 螺 城 . [3b*9*4]\nAn Dương Vương tây đồ Ba Thục, Nam diệt Hùng Vương, đô vu Loa Thành, ...\n",
    "url": "/data/image_dvsk/quyen_thu/quyen7/DVSKTT_thu_VII_3b.jpg"
  },
  {
    "text": "保 有 甌 貉 得 龟 爪 之 弩 却 秦 人 之 兵 狃 於 戰 勝 安 樂 而 驕 趙 兵 來 攻 而 邊 疆 失 守 . [4a*1*1]\nbảo hữu Âu Lạc, đắc quy trảo chi nỗ, khước Tần nhân chi binh, nữu ư chiến thắng, an lạc nhi kiêu, Triệu binh lai công, nhi biên cương thất thủ.\n趙 武 帝 承 秦 之 亂 奄 有 領 表 都 于 番 禺 與 漢 髙 祖 各 帝 一 方 有 爱 民 之 仁 有 保 󰘊 之 智 . [4a*2*14]\nTriệu Vũ Đế thừa Tần chi loạn, yêm hữu Lĩnh Biểu, đô vu Phiên Ngung, dữ Hán Cao Tổ các đế nhất phương; hữu ái dân chi nhân, hữu bảo bang chi trí.\n武 功 懾 乎 蠶 叢 文 教 振 乎 象 郡 以 詩 書 而 化 訓 國 俗 以 仁 義 而 固 結 人 心 教 民 耕 種 國 富 兵 強 至 於 遣 使 一 節 詞 極 謙 遜 南 北 交 歡 天 下 無 事 享 國 百 有 餘 年 真 英 雄 才 畧 之 主 也 . [4a*4*11]\nVũ công nhiếp hồ Tàm Tùng, văn giáo chấn hồ Tượng Quận; dĩ thi thư nhi hoá huấn quốc tục, dĩ nhân nghĩa nhi cố kết nhân tâm, giáo dân canh chủng, quốc phú binh cường, chí ư khiển sứ nhất tiết, từ cực khiêm tốn, Nam Bắc giao hoan, thiên hạ vô sự, hưởng quốc bách hữu dư niên, chân anh hùng tài lược chi chủ dã.\n文 王 以 武 帝 之 嫡 孫 纘 承 𦾔 業 凡 其 制 度 典 章 一 遵 先 王 成 憲 感 鄰 以 義 却 敵 . [4a*8*7]\nVăn Vương dĩ Vũ Đế chi đích tôn, toản thừa cựu nghiệp, phàm kì chế độ điển chương, nhất tuân tiên vương thành hiến, cảm lân dĩ nghĩa, khước địch ...\n",
    "url": "/data/image_dvsk/quyen_thu/quyen7/DVSKTT_thu_VII_4a.jpg"
  },
  {
    "text": "安 邊 . [4b*1*1]\nan biên.\n亦 繼 體 守 成 之 君 也 . [4b*1*3]\ndiệc kế thể thủ thành chi quân dã.\n明 王 嗣 德 之 初 安 於 縱 弛 . [4b*1*11]\nMinh Vương tự đức chi sơ, an ư túng thỉ.\n樛 后 得 寵 越 姬 見 󰲝 國 中 不 睦 紀 綱 大 亂 . [4b*2*3]\nCù Hậu đắc sủng, Việt cơ kiến phế, quốc trung bất mục, kỉ cương đại loạn.\n哀 王 以 童 稚 之 年 昧 經 國 之 理 母 后 驕 滛 權 臣 執 政 而 趙 家 基 業 卒 至 陵 夷 . [4b*3*1]\nAi Vương dĩ đồng trĩ chi niên, muội kinh quốc chi lí, mẫu hậu kiêu dâm, quyền thần chấp chính, nhi Triệu gia cơ nghiệp, tốt chí lăng di.\n術 陽 王 以 哀 王 之 兄 建 立 於 權 臣 之 守 智 力 短 淺 強 虜 來 侵 而 趙 氏 基 圖 從 茲 蕧 没 . [4b*4*12]\nThuật Dương Vương dĩ Ai Vương chi huynh, kiến lập ư quyền thần chi thủ, trí lực đoản thiển, cường lỗ lai xâm, nhi Triệu thị cơ đồ, tòng tư phúc một.\n迹 其 哀 王 之 禍 雖 出 於 吕 嘉 而 實 由 明 王 寵 嬖 樛 后 以 啟 之 也 . [4b*6*8]\nTích kì Ai Vương chi hoạ, tuy xuất ư Lữ Gia, nhi thực do Minh Vương sủng bế Cù Hậu dĩ khải chi dã.\n女 色 之 傾 人 國 家 如 此 深 可 為 戒 . [4b*7*14]\nNữ sắc chi khuynh nhân quốc gia như thử, thâm khả vi giới.\n逮 夫 徵 王 胃 出 雄 王 之 後 姊 妹 俱 以 勇 畧 聞 念 蘇 定 苛 政 紏 率 諸 部 奮 󰁮 . [4b*8*9]\nĐãi phù Trưng Vương, vị xuất Hùng Vương chi hậu, tỉ muội câu dĩ dũng lược văn, niệm Tô Định hà chính, củ suất chư bộ, phấn cử ...\n",
    "url": "/data/image_dvsk/quyen_thu/quyen7/DVSKTT_thu_VII_4b.jpg"
  },
  {
    "text": "雄 師 大 振 威 名 郡 縣 響 應 故 䏻 畧 定 嶺 外 六 十 五 成 盡 復 南 越 故 境 亦 女 中 之 豪 傑 也 . [5a*1*1]\nhùng sư, đại chấn uy danh, quận huyện hưởng ứng, cố năng lược định lĩnh ngoại lục thập ngũ thành, tận phục Nam Việt cố cảnh, diệc nữ trung chi hào kiệt dã.\n然 天 不 祚 貉 漢 兵 來 侵 向 使 當 時 有 英 雄 才 畧 之 主 則 漢 𡸈 敢 窺 於 梅 嶺 㢤 士 王 習 魯 國 之 風 流 學 問 博 洽 謙 虚 下 士 化 國 俗 以 詩 書 淑 人 心 以 禮 樂 治 國 踰 四 十 年 境 内 無 事 . [5a*2*16]\nNhiên thiên bất tộ Lạc, Hán binh lai xâm, hướng sử đương thời hữu anh hùng tài lược chi chủ, tắc Hán khởi cảm khuy ư Mai Lĩnh tai? Sĩ Vương tập Lỗ quốc chi phong lưu, học vấn bác hiệp, khiêm hư hạ sĩ, hoá quốc tục dĩ thi thư, thục nhân tâm dĩ lễ nhạc, trị quốc du tứ thập niên, cảnh nội vô sự.\n然 而 子 徽 輕 信 士 匡 之 言 不 設 兵 僃 遂 為 吕 岱 所 害 . [5a*6*11]\nNhiên nhi tử Huy, khinh tín Sĩ Khuông chi ngôn, bất thiết binh bị, toại vi Lữ Đại sở hại.\n趙 嫗 以 九 真 之 女 聚 徒 山 中 攻 破 城 邑 諸 部 景 從 易 於 反 掌 . [5a*7*13]\nTriệu Ẩu dĩ Cửu Chân chi nữ, tụ đồ sơn trung, công phá thành ấp, chư bộ cảnh tòng, dị ư phản chưởng.\n雖 未 㨿 嶺 表 如 徵 王 故 事 亦 女 中 之 雄 才 也 . [5a*8*18]\nTuy vị cứ Lĩnh Biểu như Trưng Vương cố sự, diệc nữ trung chi hùng tài dã.\n前 南 . [5a*9*17]\nTiền Nam ...\n",
    "url": "/data/image_dvsk/quyen_thu/quyen7/DVSKTT_thu_VII_5a.jpg"
  },
  {
    "text": "帝 有 聰 明 之 至 性 僃 文 武 之 奇 才 北 逐 蕭 諮 南 平 林 邑 建 國 號 正 尊 稱 置 百 官 紀 年 號 有 帝 王 䂓 畫 之 大 畧 . [5b*1*1]\nĐế hữu thông minh chi chí tính, bị văn vũ chi kì tài, bắc trục Tiêu Tư, Nam bình Lâm Ấp, kiến quốc hiệu, chính tôn xưng, trí bách quan, kỉ niên hiệu, hữu đế vương quy hoạch chi đại lược.\n奈 何 澈 湖 之 師 已 潰 覇 先 之 寇 方 張 白 牛 之 書 盖 有 天 數 也 . [5b*3*6]\nNại hà Triệt Hồ chi sư dĩ hội, Bá Tiên chi khấu phương trương, bạch ngưu chi thư, cái hữu thiên số dã.\n桃 郎 王 以 南 帝 之 兄 收 餘 烬 之 卒 一 戦 而 敗 退 保 野 䏻 盖 其 威 力 不 足 也 . [5b*4*11]\nĐào Lang Vương dĩ Nam Đế chi huynh, thu dư tẫn chi tốt, nhất chiến nhi bại, thoái bảo Dã Năng, cái kì uy lực bất túc dã.\n趙 越 王 接 前 南 帝 之 統 保 有 朱 鳶 之 地 初 與 桃 郎 乘 時 而 稱 王 卒 與 後 李 分 國 而 共 治 . [5b*6*3]\nTriệu Việt Vương tiếp Tiền Nam Đế chi thống, bảo hữu Chu Diên chi địa, sơ dữ Đào Lang thừa thời nhi xưng vương, tốt dữ Hậu Lí phân quốc nhi cộng trị.\n幸 得 龍 爪 之 瑞 大 破 全 梁 之 兵 . [5b*7*18]\nHạnh đắc long trảo chi thuỵ, đại phá Toàn Lương chi binh.\n奈 何 螺 城 之 築 未 乾 鴉 海 之 師 隨 溺 鵝 毛 之 禍 是 誰 𠧨 也 後 南 帝 . [5b*8*12]\nNại hà Loa Thành chi trúc vị càn, Nha hải chi sư tuỳ nịch, nga mao chi hoạ, thị thuỳ cữu dã? Hậu Nam Đế ...\n",
    "url": "/data/image_dvsk/quyen_thu/quyen7/DVSKTT_thu_VII_5b.jpg"
  },
  {
    "text": "業 承 二 兄 治 踰 四 紀 . [6a*1*1]\nnghiệp thừa nhị huynh, trị du tứ kỉ.\n然 背 義 而 滅 趙 望 風 而 降 隋 遂 成 北 狩 之 辱 由 其 自 取 也 . [6a*1*9]\nNhiên bội nghĩa nhi diệt Triệu, vọng phong nhi hàng Tuỳ, toại thành Bắc thú chi nhục, do kì tự thủ dã.\n嗚 呼 天 命 靡 常 人 心 難 信 . [6a*2*13]\nÔ hô! Thiên mệnh mị thường, nhân tâm nan tín.\n前 乎 安 陽 王 恃 有 龜 爪 之 瑞 怠 心 一 形 而 國 隨 以 滅 後 乎 趙 𧻗 王 恃 有 龍 爪 之 祥 驕 心 一 生 而 國 隨 以 亡 . [6a*3*5]\nTiền hồ An Dương Vương thị hữu quy trảo chi thuỵ, đãi tâm nhất hình nhi quốc tuỳ dĩ diệt; hậu hồ Triệu Việt Vương thị hữu long trảo chi tường, kiêu tâm nhất sinh nhi quốc tuỳ dĩ vong.\n祥 瑞 之 事 果 何 益 㢤 趙 武 帝 使 仲 始 托 婚 於 安 陽 王 之 女 乃 窃 其 龜 爪 以 伐 安 陽 王 而 取 其 國 則 趙 武 帝 之 計 險 矣 而 趙 氏 尋 滅 於 漢 後 南 帝 使 雅 郎 托 娶 於 趙 𧻗 王 之 女 乃 窃 其 龍 爪 以 伐 趙 𧻗 王 而 移 其 祚 則 後 南 . [6a*5*9]\nTường thuỵ chi sự quả hà ích tai? Triệu Vũ Đế sử Trọng Thuỷ thác hôn ư An Dương Vương chi nữ, nãi thiết kì quy trảo dĩ phạt An Dương Vương nhi thủ kì quốc, tắc Triệu Vũ Đế chi kế hiểm hĩ, nhi Triệu thị tầm diệt ư Hán; Hậu Nam Đế sử Nhã Lang thác thú ư Triệu Việt Vương chi nữ, nãi thiết kì long trảo dĩ phạt Triệu Việt Vương nhi di kì tộ, tắc Hậu Nam ...\n",
    "url": "/data/image_dvsk/quyen_thu/quyen7/DVSKTT_thu_VII_6a.jpg"
  },
  {
    "text": "帝 之 術 深 矣 而 李 氏 卒 陷 於 隋 . [6b*1*1]\nĐế chi thuật thâm hĩ, nhi Lí thị tốt hãm ư Tuỳ.\n噫 滅 人 之 國 人 亦 滅 其 國 天 道 昭 昭 足 為 明 戒 . [6b*1*13]\nY! diệt nhân chi quốc, nhân diệc diệt kì quốc, thiên đạo chiêu chiêu túc vi minh giới.\n梅 黒 帝 起 自 驩 州 忿 楚 客 之 虐 政 󰁮 兵 攻 之 南 㨿 海 嶺 北 距 李 唐 可 謂 豪 傑 之 主 也 . [6b*2*13]\nMai Hắc Đế khởi tự Hoan Châu, phẫn Sở Khách chi ngược chính, cử binh công chi, Nam cứ Hải Lĩnh, Bắc cự Lí Đường, khả vị hào kiệt chi chủ dã.\n惜 其 禦 㓂 非 才 人 心 寡 助 而 不 䏻 遏 楊 思 朂 之 乱 也 . [6b*4*9]\nTích kì ngự khấu phi tài, nhân tâm quả trợ, nhi bất năng át Dương Tư Húc chi loạn dã.\n馮 布 盖 以 唐 林 之 英 豪 惡 正 平 之 苛 虐 兄 弟 乘 時 屈 起 拯 民 󰰻 乱 布 德 立 功 可 謂 仁 厚 之 主 也 . [6b*5*11]\nPhùng Bố Cái dĩ Đường Lâm chi anh hào, ố Chính Bình chi hà ngược, huynh đệ thừa thời khuất khởi, chửng dân bát loạn, bố đức lập công, khả vị nhân hậu chi chủ dã.\n惜 其 子 安 不 䏻 嗣 守 見 立 於 破 𣂷 迎 降 於 趙 昌 雖 有 杜 英 翰 謀 國 之 臣 亦 無 救 乎 馮 氏 之 亡 也 . [6b*7*11]\nTích kì tử An bất năng tự thủ, kiến lập ư Phá Cần, nghênh hàng ư Triệu Xương, tuy hữu Đỗ Anh Hàn mưu quốc chi thần, diệc vô cứu hồ Phùng thị chi vong dã.\n曲 先 主 世 爲 巨 族 䧺 . [6b*9*11]\nKhúc Tiên Chủ thế vi cự tộc, hùng ...\n",
    "url": "/data/image_dvsk/quyen_thu/quyen7/DVSKTT_thu_VII_6b.jpg"
  },
  {
    "text": "睿 智 畧 因 唐 之 亡 群 心 爱 戴 共 推 為 主 都 于 羅 城 民 安 國 治 功 德 永 垂 享 年 弗 久 . [7a*1*1]\nduệ trí lược, nhân Đường chi vong, quần tâm ái đái, cộng suy vi chủ, đô vu La Thành, dân an quốc trị, công đức vĩnh thuỳ, hưởng niên phất cửu.\n曲 中 主 克 承 先 業 綽 有 祖 風 運 籌 决 勝 出 人 意 表 𭁈 北 朝 諸 國 而 抗 衡 為 我 𧻗 之 令 主 定 府 籍 𬋩 甲 之 職 制 度 稍 立 中 道 崩 殂 . [7a*2*14]\nKhúc Trung chủ khắc thừa tiên nghiệp, xước hữu tổ phong, vận trù quyết thắng, xuất nhân ý biểu, dữ Bắc triều chư quốc nhi kháng hành, vi ngã Việt chi lệnh chủ, định phủ tịch quản giáp chi chức, chế độ sảo lập, trung đạo băng tồ.\n至 於 後 主 瀆 於 干 戈 賦 繁 役 重 百 姓 怨 嗟 尋 為 南 漢 所 滅 . [7a*5*8]\nChí ư Hậu Chủ, độc ư can qua, phú phồn dịch trọng, bách tính oán ta, tầm vi Nam Hán sở diệt.\n楊 正 公 念 我 𧻗 土 宇 久 為 南 漢 所 併 收 用 豪 傑 大 興 󰒂 旅 两 敗 賊 将 尽 復 轝 圖 . [7a*6*12]\nDương Chính Công niệm ngã Việt thổ vũ cửu vi Nam Hán sở tính, thu dụng hào kiệt, đại hưng nghĩa lữ, lưỡng bại tặc tướng, tận phục dư đồ.\n然 僃 患 無 謀 更 為 󰒂 兒 所 弑 . [7a*8*6]\nNhiên bị hoạn vô mưu, cánh vi nghĩa nhi sở thích.\n吳 先 主 誅 公 羡 之 賊 臣 破 弘 操 之 勍 敵 置 文 武 百 官 . [7a*8*17]\nNgô Tiên Chủ tru Công Tiễn chi tặc thần, phá Hoằng Thao chi kình địch, trí văn vũ bách quan ...\n",
    "url": "/data/image_dvsk/quyen_thu/quyen7/DVSKTT_thu_VII_7a.jpg"
  },
  {
    "text": "之 階 定 律 令 衣 服 之 制 真 𦙟 世 之 奇 才 也 . [7b*1*1]\nchi giai, định luật lệnh y phục chi chế, chân tế thế chi kì tài dã.\n然 顧 托 非 人 禍 及 後 嗣 . [7b*1*17]\nNhiên cố thác phi nhân, hoạ cập hậu tự.\n楊 三 哥 以 外 戚 之 親 受 托 孤 之 寄 然 廢 主 自 立 難 迯 簒 弑 之 誅 . [7b*2*8]\nDương Tam Kha dĩ ngoại thích chi thân, thụ thác cô chi kí, nhiên phế chủ tự lập, nan đào soán thích chi tru.\n吳 後 主 克 復 祖 宗 之 業 保 安 境 内 之 民 足 爲 承 平 之 主 . [7b*3*14]\nNgô Hậu Chủ khắc phục tổ tông chi nghiệp, bảo an cảnh nội chi dân, túc vi thừa bình chi chủ.\n然 政 尚 姑 息 黷 於 武 功 禍 及 其 身 . [7b*4*17]\nNhiên chính thượng cô tức, độc ư vũ công, hoạ cập kì thân.\n天 策 王 以 主 之 嫡 嗣 始 爲 奸 臣 所 簒 而 不 䏻 正 其 罪 終 以 南 晋 所 逼 而 不 䏻 讓 其 功 𢫔 作 威 福 之 權 竟 失 友 于 之 義 . [7b*5*12]\nThiên Sách Vương dĩ Tiên Chủ chi đích tự, thuỷ vi gian thần sở soán nhi bất năng chính kì tội, chung dĩ Nam Tấn sở bức nhi bất năng nhượng kì công, thiện tác uy phúc chi quyền, cạnh thất hữu vu chi nghĩa.\n皆 庸 才 之 主 也 . [7b*8*3]\nGiai dung tài chi chủ dã.\n嗟 夫 自 有 天 地 即 有 綱 常 父 為 子 綱 君 為 臣 綱 萬 古 截 然 而 不 可 紊 . [7b*8*9]\nTa phù! Tự hữu thiên địa, tức hữu cương thường, phụ vi tử cương, quân vi thần cương, vạn cổ tiệt nhiên nhi bất khả vặn.\n彼 矯 . [7b*9*17]\nBỉ Kiều ...\n",
    "url": "/data/image_dvsk/quyen_thu/quyen7/DVSKTT_thu_VII_7b.jpg"
  },
  {
    "text": "公 羡 乃 楊 正 公 之 󰒂 兒 忘 其 豢 養 之 恩 率 其 黨 而 殺 正 公 是 以 子 而 殺 其 父 竟 為 先 主 所 誅 . [8a*1*1]\nCông Tiễn nãi Dương Chính Công chi nghĩa nhi, vong kì hoạn dưỡng chi ân, suất kì đảng nhi sát Chính Công, thị dĩ tử nhi sát kì phụ, cạnh vi Tiên Chủ sở tru.\n三 哥 乃 吳 昌 岌 之 舊 臣 背 其 顧 托 之 言 逐 其 君 而 自 立 是 以 臣 而 叛 其 君 又 為 後 主 所 戮 . [8a*2*18]\nTam Kha nãi Ngô Xương Ngập chi cựu thần, bội kì cố thác chi ngôn, trục kì quân nhi tự lập, thị dĩ thần nhi phản kì quân, hựu vi Hậu Chủ sở lục.\n乱 賊 之 軰 生 前 則 不 容 天 地 之 間 没 後 則 難 迯 春 秋 之 法 . [8a*4*16]\nLoạn tặc chi bối, sinh tiền tắc bất dung thiên địa chi gian, một hậu tắc nan đào Xuân Thu chi pháp.\n故 史 臣 筆 之 通 鑑 深 致 意 於 其 間 焉 . [8a*6*2]\nCố sử thần bút chi Thông Giám, thâm trí ý ư kì gian yên.\n吳 氏 既 亡 十 二 使 君 乘 時 蜂 起 吳 日 慶 㨿 唐 林 李 朗 公 㨿 超 類 矯 順 㨿 洄 湖 吳 南 帝 㨿 夜 澤 阮 超 㨿 扶 烈 范 防 遏 㨿 藤 州 陳 明 公 㨿 長 州 吳 昌 熾 㨿 平 . [8a*6*16]\nNgô thị kí vong, Thập nhị sứ quân thừa thời phong khởi: Ngô Nhật Khánh cứ Đường Lâm, Lí Lãng Công cứ Siêu Loại, Kiểu Thuận cứ Hồi Hồ, Ngô Nam Đế cứ Dạ Trạch, Nguyễn Siêu cứ Phù Liệt, Phạm Phòng Át cứ Đằng Châu, Trần Minh Công cứ Trường Châu, Ngô Xương Xí cứ Bình ...\n",
    "url": "/data/image_dvsk/quyen_thu/quyen7/DVSKTT_thu_VII_8a.jpg"
  },
  {
    "text": "橋 矯 公 罕 㨿 峯 州 阮 太 平 㨿 三 帶 杜 景 碩 㨿 杜 洞 阮 守 捷 㨿 仙 逰 . [8b*1*1]\nKiều, Kiều Công Hãn cứ Phong Châu, Nguyễn Thái Bình cứ Tam Đới, Đỗ Cảnh Thạc cứ Đỗ Động, Nguyễn Thủ Tiệp cứ Tiên Du.\n各 守 封 域 莫 䏻 相 攝 . [8b*2*8]\nCác thủ phong vực, mạc năng tương nhiếp.\n世 道 至 此 風 俗 澆 漓 甚 矣 . [8b*2*16]\nThế đạo chí thử, phong tục kiêu li thậm hĩ.\n何 則 十 二 使 君 皆 吳 王 之 舊 臣 當 後 主 親 征 唐 阮 為 毒 矢 所 中 而 殂 爲 臣 下 者 固 宜 復 讎 致 討 而 雪 後 主 之 耻 可 也 亦 當 圖 立 嗣 君 以 繼 先 主 之 統 可 也 . [8b*3*8]\nHà tắc? Thập nhị sứ quân giai Ngô Vương chi cựu thần, đương Hậu chủ thân chinh Đường Nguyễn vi độc thỉ sở trúng nhi tồ, vi thần hạ giả, cố nghi phục thù trí thảo nhi tuyết Hậu chủ chi sỉ, khả dã; diệc đương đồ lập tự quân dĩ kế Tiên chủ chi thống, khả dã.\n胡 乃 君 既 遇 害 臣 皆 恝 心 各 相 雄 長 僣 僞 紛 紜 非 惟 得 罪 於 當 時 抑 亦 貽 譏 於 後 世 . [8b*6*12]\nHồ nãi quân kí ngộ hại, thần giai kiết tâm, các tương hùng trường tiếm nguỵ phân vân, phi duy đắc tội ư đương thời, ức diệc di cơ ư hậu thế.\n卒 為 丁 先 皇 所 定 固 其 宜 也 . [8b*8*8]\nTốt vi Đinh Tiên Hoàng sở định, cố kì nghi dã.\n故 史 臣 於 十 二 使 君 以 前 著 爲 外 紀 以 别 内 外 . [8b*9*1]\nCố sử thần ư Thập nhị sứ quân dĩ tiền, trước vi ngoại kỉ dĩ biệt nội ngoại ...\n",
    "url": "/data/image_dvsk/quyen_thu/quyen7/DVSKTT_thu_VII_8b.jpg"
  },
  {
    "text": "之 分 自 丁 先 皇 以 後 著 爲 正 統 以 明 君 臣 之 分 . [9a*1*1]\nchi phân, tự Đinh Tiên Hoàng dĩ hậu, trước vi chính thống dĩ minh quân thần chi phận.\n世 道 升 降 之 幾 於 此 可 以 見 矣 . [9a*2*1]\nThế đạo thăng giáng chi cơ, ư thử khả dĩ kiến hĩ.\n丁 先 皇 因 吳 國 之 䘮 乱 平 十 二 使 君 天 𭁈 人 㱕 轝 圖 混 一 任 丁 佃 阮 匐 刘 基 鄭 琇 之 儔 為 之 輔 佐 剏 制 朝 󰀩 定 立 軍 旅 我 𧻗 正 統 之 君 實 自 此 始 . [9a*2*13]\nĐinh Tiên Hoàng nhân Ngô quốc chi táng loạn, bình Thập nhị sứ quân, thiên dữ nhân quy, dư đồ hỗn nhất, nhiệm Đinh Điền, Nguyễn Bặc, Lưu Cơ, Trịnh Tú chi trù vi chi phụ tá, sáng chế triều nghi, định lập quân lữ, ngã Việt chính thống chi quân thực tự thử thuỷ.\n論 其 平 戎 破 敵 功 則 偉 矣 然 宗 庙 未 立 𭓇 校 未 建 設 鼎 養 虎 以 爲 刑 獄 之 具 遺 犀 納 象 徒 爲 貢 献 之 勞 禮 樂 刑 政 之 不 脩 重 門 擊 柝 之 不 謹 卒 使 身 弑 國 危 禍 及 其 子 是 防 微 杜 漸 之 無 謀 也 . [9a*5*14]\nLuận kì bình nhung phá địch công tắc vĩ hĩ; nhiên tông miếu vị lập, học hiệu vị kiến, thiết đỉnh dưỡng hổ dĩ vi hình ngục chi cụ; di tê nộp tượng, đồ vi cống hiến chi lao; lễ nhạc hình chính chi bất tu, trùng môn kích thác chi bất cẩn; tốt sử thân thí quốc nguy, hoạ cập kì tử, thị phòng vi đỗ tiệm chi vô mưu dã.\n少 帝 以 幼 虫 . [9a*9*14]\nThiếu đế dĩ ấu trùng ...\n",
    "url": "/data/image_dvsk/quyen_thu/quyen7/DVSKTT_thu_VII_9a.jpg"
  },
  {
    "text": "之 年 嗣 艱 大 之 業 國 家 多 難 社 稷 傾 危 加 以 占 㓂 擾 其 南 宋 師 侵 其 北 權 臣 攝 政 國 内 離 心 丁 氏 訖 籙 是 保 󰘊 制 治 之 無 策 也 . [9b*1*1]\nchi niên, tự gian đại chi nghiệp, quốc gia đa nạn, xã tắc khuynh nguy, gia dĩ Chiêm khấu nhiễu kì nam, Tống sư xâm kì bắc, quyền thần nhiếp chính, quốc nội li tâm, Đinh thị ngật lục, thị bảo bang chế trị chi vô sách dã.\n盖 丁 氏 之 興 雖 出 於 天 数 及 其 衰 也 由 三 綱 之 不 正 焉 . [9b*3*13]\nCái Đinh thị chi hưng, tuy xuất ư thiên số, cập kì suy dã, do tam cương chi bất chính yên.\n先 皇 廢 嫡 立 少 而 父 子 之 恩 暌 五 后 並 立 而 夫 婦 之 倫 紊 𫳭 任 杜 釋 以 成 簒 弑 之 禍 而 君 臣 之 道 䘮 . [9b*4*16]\nTiên Hoàng phế đích lập thiếu, nhi phụ tử chi ân khuê; ngũ hậu tịnh lập, nhi phu phụ chi luân vặn; sủng nhiệm Đỗ Thích dĩ thành soán thí chi hoạ, nhi quân thần chi đạo táng.\n是 則 丁 氏 之 興 由 於 先 皇 丁 氏 之 亡 亦 由 於 先 皇 非 天 命 之 不 佑 盖 人 謀 之 弗 臧 也 . [9b*6*18]\nThị tắc Đinh thị chi hưng do ư Tiên Hoàng, Đinh thị chi vong diệc do ư Tiên Hoàng, phi thiên mệnh chi bất hựu, cái nhân mưu chi phất tang dã.\n黎 大 行 擁 十 道 之 權 行 居 攝 之 事 主 少 國 危 乘 時 受 命 誅 占 . [9b*8*14]\nLê Đại Hành ủng thập đạo chi quyền, hành cư nhiếp chi sự, chủ thiếu quốc nguy, thừa thời thụ mệnh, tru Chiêm ...\n",
    "url": "/data/image_dvsk/quyen_thu/quyen7/DVSKTT_thu_VII_9b.jpg"
  },
  {
    "text": "城 主 以 雪 執 使 之 耻 摧 趙 宋 師 以 挫 必 勝 之 謀 . [10a*1*1]\nThành chủ dĩ tuyết chấp sứ chi sỉ, thôi Triệu Tống sư dĩ toả tất thắng chi mưu.\n用 洪 献 巨 俩 徐 穆 子 安 之 流 為 之 左 右 . [10a*2*1]\nDụng Hồng Hiến, Cự Lạng, Từ Mục, Tử An chi lưu vi chi tả hữu.\n耕 籍 田 於 龍 隊 徵 處 士 於 象 山 󰱇 用 賢 良 創 立 𭓇 校 有 帝 王 之 大 畧 . [10a*2*16]\nCanh tịch điền ư Long Đội, trưng xử sĩ ư Tượng Sơn, tuyển dụng hiền lương, sáng lập học hiệu, hữu đế vương chi đại lược.\n然 土 木 繁 興 以 金 玉 而 飭 其 宫 室 干 戈 屡 起 以 草 芥 而 視 其 人 民 雖 欲 不 衰 其 可 得 乎 中 宗 奉 大 行 之 遺 詔 入 承 國 統 赦 母 弟 簒 弑 之 罪 而 政 失 於 柔 懦 . [10a*4*6]\nNhiên thổ mộc phồn hưng, dĩ kim ngọc nhi sức kì cung thất, can qua lũ khởi, dĩ thảo giới nhi thị kì nhân dân, tuy dục bất suy, kì khả đắc hồ? Trung Tông phụng Đại Hành chi di chiếu, nhập thừa quốc thống, xá mẫu đệ soán thí chi tội, nhi chính thất ư nhu noạ.\n卧 朝 不 君 弑 兄 虐 眾 以 火 焦 刀 鋸 而 爲 刑 以 木 杪 水 牢 而 為 獄 溺 乱 女 色 伐 性 傷 生 雖 欲 不 亡 其 可 得 乎 盖 大 行 之 興 . [10a*7*10]\nNgoạ Triều bất quân, thí huynh ngược chúng, dĩ hoả tiêu đao cứ nhi vi hình, dĩ mộc diểu thuỷ lao nhi vi ngục, nịch loạn nữ sắc, phạt tính thương sinh, tuy dục bất vong, kì khả đắc hồ? Cái Đại Hành chi hưng ...\n",
    "url": "/data/image_dvsk/quyen_thu/quyen7/DVSKTT_thu_VII_10a.jpg"
  },
  {
    "text": "雖 出 於 眾 心 及 其 亡 也 亦 由 三 綱 之 不 正 焉 . [10b*1*1]\ntuy xuất ư chúng tâm, cập kì vong dã, diệc do tam cương chi bất chính yên.\n大 行 廢 丁 皇 之 子 而 降 為 衛 王 則 無 君 臣 之 󰒂 生 子 有 九 而 不 早 定 皇 儲 則 無 父 子 之 恩 立 后 有 五 而 上 蒸 丁 后 則 無 夫 婦 之 道 知 有 欲 而 不 知 有 󰒂 知 有 身 而 不 知 有 子 好 殺 而 不 好 生 好 刑 而 不 好 德 身 既 亡 而 國 隨 滅 由 不 仁 之 積 也 . [10b*1*18]\nĐại Hành phế Đinh Hoàng chi tử nhi giáng vi Vệ Vương, tắc vô quân thần chi nghĩa; sinh tử hữu cửu nhi bất tảo định hoàng trừ, tắc vô phụ tử chi ân; lập hậu hữu ngũ nhi thượng chưng Đinh Hậu, tắc vô phu phụ chi đạo; tri hữu dục nhi bất tri hữu nghĩa, tri hữu thân nhi bất tri hữu tử, hiếu sát nhi bất hiếu sinh, hiếu hình nhi bất hiếu đức, thân kí vong nhi quốc tuỳ diệt, do bất nhân chi tích dã.\n李 太 祖 因 卧 朝 之 失 德 恊 震 文 之 休 祥 應 天 順 人 乘 時 啓 運 有 寬 人 之 大 度 有 宏 遠 之 䂓 模 迁 都 定 鼎 敬 天 愛 民 田 租 有 賜 賦 役 有 制 南 北 通 好 . [10b*6*18]\nLí Thái Tổ nhân Ngoạ Triều chi thất đức, hiệp chấn văn chi hưu tường, ứng thiên thuận nhân, thừa thời khải vận, hữu khoan nhân chi đại độ, hữu hoành viễn chi quy mô, thiên đô định đỉnh, kính thiên ái dân, điền tô hữu tứ, phú dịch hữu chế, Nam Bắc thông hiếu, ...\n",
    "url": "/data/image_dvsk/quyen_thu/quyen7/DVSKTT_thu_VII_10b.jpg"
  },
  {
    "text": "天 下 晏 然 . [11a*1*1]\nthiên hạ yến nhiên.\n然 聖 𭓇 不 開 儒 風 未 振 僧 尼 半 於 民 間 佛 寺 滿 於 天 下 非 創 業 垂 統 之 道 也 . [11a*1*5]\nNhiên thánh học bất khai, nho phong vị chấn, tăng ni bán ư dân gian, phật tự mãn ư thiên hạ, phi sáng nghiệp thuỳ thống chi đạo dã.\n太 宗 勇 智 兼 全 征 伐 四 克 友 好 友 之 德 習 禮 樂 之 文 討 賊 平 戎 勸 農 耕 籍 伸 寃 有 鍾 制 刑 有 律 爲 守 成 之 令 主 也 . [11a*2*16]\nThái Tông dũng trí kiêm toàn, chinh phạt tứ khắc, hữu hiếu hữu chi đức, tập lễ nhạc chi văn, thảo tặc bình nhung, khuyến nông canh tịch, thân oan hữu chung, chế hình hữu luật, vi thủ thành chi lệnh chủ dã.\n然 耽 僊 遊 詩 偈 之 禅 感 西 天 𰙔 調 之 曲 非 經 國 子 民 之 道 也 . [11a*5*5]\nNhiên đam Tiên Du thi kệ chi thiền, cảm Tây Thiên ca điệu chi khúc, phi kinh quốc tử dân chi đạo dã.\n聖 宗 恤 民 重 農 柔 遠 䏻 迩 置 博 𭓇 之 科 重 養 廉 之 令 秘 閣 之 有 其 官 明 倫 之 有 其 制 文 脩 武 僃 海 内 謐 寕 爲 嗣 德 之 賢 君 也 . [11a*6*10]\nThánh Tông tuất dân trọng nông, nhu viễn năng nhĩ, trí Bác học chi khoa, trọng dưỡng liêm chi lệnh, bí các chi hữu kì quan, Minh Luân chi hữu kì chế, văn tu vũ bị, hải nội mật ninh, vi tự đức chi hiền quân dã.\n然 疲 民 力 以 築 報 天 之 㙮 費 民 財 以 造 霪 . [11a*9*3]\nNhiên bì dân lực dĩ trúc Báo Thiên chi tháp, phí dân tài dĩ tạo Dâm ...\n",
    "url": "/data/image_dvsk/quyen_thu/quyen7/DVSKTT_thu_VII_11a.jpg"
  },
  {
    "text": "潭 之 宫 此 其 短 也 . [11b*1*1]\nĐàm chi cung, thử kì đoản dã.\n仁 宗 天 資 仁 孝 稱 爲 盛 德 重 名 臣 之 󰱇 置 進 士 之 科 侍 經 筵 之 有 其 官 開 言 路 之 有 其 詔 求 賢 納 諫 薄 賦 輕 徭 故 䏻 身 致 太 平 俗 臻 殷 富 足 為 承 平 之 令 主 也 . [11b*1*8]\nNhân Tông thiên tư nhân hiếu, xứng vi thịnh đức, trọng danh thần chi tuyển, trí Tiến sĩ chi khoa, thị Kinh diên chi hữu kì quan, khai ngôn lộ chi hữu kì chiếu, cầu hiền nạp gián, bạc phú khinh dao, cố năng thân trí thái bình, tục trăn ân phú, túc vi thừa bình chi lệnh chủ dã.\n然 開 覧 山 宴 而 咱 母 后 之 盤 遊 鑄 龜 田 鍾 而 𨺻 僧 尼 之 簧 惑 此 其 失 也 . [11b*4*14]\nNhiên khai Lãm Sơn yến nhi thính mẫu hậu chi bàn du, chú Quy Điền chung nhi hãm tăng ni chi hoàng hoặc, thử kì thất dã.\n神 宗 脩 政 立 事 任 賢 使 䏻 設 宏 詞 之 科 定 兵 農 之 令 政 則 勤 矣 . [11b*6*5]\nThần Tông tu chính lập sự, nhiệm hiền sử năng, thiết Hoành từ chi khoa, định binh nông chi lệnh, chính tắc cần hĩ.\n然 酷 好 祥 瑞 崇 尚 浮 屠 破 敵 而 㱕 功 於 佛 献 鹿 而 得 濫 其 官 何 其 愚 也 英 宗 設 講 武 之 塲 以 嚴 武 僃 脩 孔 子 之 庙 以 . [11b*7*11]\nNhiên khốc hiếu tường thuỵ, sùng thượng phù đồ, phá địch nhi quy công ư Phật, hiến lộc nhi đắc lạm kì quan, hà kì ngu dã? Anh Tông thiết giảng võ chi trường dĩ nghiêm vũ bị, tu Khổng Tử chi miếu dĩ ...\n",
    "url": "/data/image_dvsk/quyen_thu/quyen7/DVSKTT_thu_VII_11b.jpg"
  },
  {
    "text": "振 文 風 . [12a*1*1]\nchấn văn phong.\n籍 田 有 耕 圜 法 有 立 治 則 詳 矣 . [12a*1*4]\nTịch điền hữu canh, viên pháp hữu lập, trị tắc tường hĩ.\n然 儉 邪 莫 辨 賞 罰 不 明 𫳭 任 奸 臣 而 開 象 脚 之 路 崇 信 佛 老 而 制 僧 道 之 科 何 其 暗 也 髙 宗 初 年 專 任 蘇 憲 誠 李 敬 脩 之 賢 臣 共 圖 政 治 賑 貧 有 令 求 賢 有 詔 故 天 資 嘉 瑞 以 前 其 政 猶 有 可 觀 . [12a*1*16]\nNhiên kiệm tà mạc biện, thưởng phạt bất minh, sủng nhiệm gian thần, nhi khai tượng cước chi lộ, sùng tín Phật Lão, nhi chế tăng đạo chi khoa, hà kì ám dã? Cao Tông sơ niên, chuyên nhiệm Tô Hiến Thành, Lí Kính Tu chi hiền thần, cộng đồ chính trị, chẩn bần hữu lệnh, cầu hiền hữu chiếu, cố Thiên Tư Gia Thuỵ dĩ tiền, kì chính do hữu khả quan.\n至 天 嘉 寳 祐 以 後 土 木 蝟 興 盗 賊 蜂 起 而 亡 國 之 兆 已 萌 於 此 矣 . [12a*5*17]\nChí Thiên Gia Bảo Hựu dĩ hậu, thổ mộc vị hưng, đạo tặc phong khởi, nhi vong quốc chi triệu dĩ manh ư thử hĩ.\n惠 宗 󰱏 縱 荒 淫 委 政 蘇 忠 嗣 陳 慶 餘 之 權 臣 君 弱 臣 強 天 怨 民 怒 政 暴 刑 繁 民 窮 盗 起 而 䘮 國 之 兆 以 决 於 斯 矣 . [12a*7*6]\nHuệ Tông đam túng hoang dâm, uỷ chính Tô Trung Tự, Trần Khánh Dư chi quyền thần, quân nhược thần cường, thiên oán dân nộ, chính bạo hình phồn, dân cùng đạo khởi, nhi táng quốc chi triệu dĩ quyết ư tư hĩ.\n加 以 昭 皇 女 主 . [12a*9*13]\nGia dĩ, Chiêu Hoàng nữ chủ, ...\n",
    "url": "/data/image_dvsk/quyen_thu/quyen7/DVSKTT_thu_VII_12a.jpg"
  },
  {
    "text": "負 苛 不 堪 陳 氏 因 之 以 移 李 祚 可 勝 惜 㢤 抑 又 論 之 李 朝 之 時 世 更 八 帝 傳 祚 二 百 餘 年 所 可 稱 者 太 祖 有 帝 王 之 量 太 宗 有 智 勇 之 資 聖 宗 有 愛 民 之 仁 仁 宗 有 惠 民 之 德 . [12b*1*1]\nphụ hà bất kham, Trần thị nhân chi dĩ di Lí tộ, khả thắng tích tai! Ức hựu luận chi: Lí triều chi thời thế canh bát đế, truyền tộ nhị bách dư niên, sở khả xưng giả Thái Tổ hữu đế vương chi lượng, Thái Tông hữu trí dũng chi tư, Thánh Tông hữu ái dân chi nhân, Nhân Tông hữu huệ dân chi đức.\n然 太 祖 立 后 者 三 情 牽 於 爱 而 家 道 不 正 . [12b*4*13]\nNhiên Thái Tổ lập hậu giả tam, tình khiên ư ái, nhi gia đạo bất chính.\n太 宗 制 峯 有 五 當 哀 而 樂 而 孝 道 以 𧇊 . [12b*5*11]\nThái Tông chế phong hữu ngũ, đương ai nhi lạc, nhi hiếu đạo dĩ khuy.\n聖 宗 蹈 太 祖 之 轍 而 立 后 過 制 . [12b*6*8]\nThánh Tông đạo Thái Tổ chi triệt, nhi lập hậu quá chế.\n仁 宗 惑 生 母 之 言 而 幽 殺 嫡 母 至 於 禁 嫁 百 官 之 女 則 神 宗 溺 乱 女 色 之 迷 也 . [12b*7*2]\nNhân Tông hoặc sinh mẫu chi ngôn, nhi u sát đích mẫu; chí ư cấm giá bách quan chi nữ, tắc Thần Tông nịch loạn nữ sắc chi mê dã.\n爱 養 滛 乱 之 臣 則 英 宗 嬖 𫳭 儉 人 之 過 也 . [12b*8*14]\nÁi dưỡng dâm loạn chi thần, tắc Anh Tông bế sủng kiệm nhân chi quá dã.\n髙 宗 以 荒 滛 爲 樂 . [12b*9*12]\nCao Tông dĩ hoang dâm vi lạc, ...\n",
    "url": "/data/image_dvsk/quyen_thu/quyen7/DVSKTT_thu_VII_12b.jpg"
  },
  {
    "text": "惠 宗 以 酒 色 自 娛 . [13a*1*1]\nHuệ Tông dĩ tửu sắc tự ngu.\n帝 王 脩 齊 治 平 之 道 果 如 是 乎 在 朝 之 臣 則 有 李 道 成 之 托 孤 蘇 憲 誠 之 輔 政 彷 彿 乎 伊 尹 周 公 之 忠 爱 固 可 嘉 矣 . [13a*1*8]\nĐế vương tu tề trị bình chi đạo, quả như thị hồ? Tại triều chi thần tắc hữu Lí Đạo Thành chi thác cô, Tô Hiến Thành chi phụ chính, phảng phất hồ Y Doãn, Chu Công chi trung ái, cố khả gia hĩ.\n至 於 陶 甘 沐 陶 碩 輔 梁 任 文 陶 處 中 李 道 紀 廖 嘉 貞 金 英 傑 曹 良 翰 楊 景 通 魏 仲 弘 刘 禹 儞 李 公 平 黄 義 賢 李 敬 脩 之 諸 彦 不 䏻 正 其 君 以 成 俗 宜 其 治 之 不 古 若 也 . [13a*3*16]\nChí ư Đào Cam Mộc, Đào Thạc Phụ, Lương Nhậm Văn, Đào Xử Trung, Lí Đạo Kỉ, Liêu Gia Trinh, Kim Anh Kiệt, Tào Lương Hàn, Dương Cảnh Thông, Nguỵ Trọng Hoằng, Lưu Vũ Nễ, Lí Công Bình, Hoàng Nghĩa Hiền, Lí Kính Tu chi chư ngạn, bất năng chính kì quân dĩ thành tục, nghi kì trị chi bất cổ nhược dã.\n他 如 杜 英 武 之 驕 滛 譚 以 𫎇 之 暴 横 何 足 道 㢤 . [13a*7*7]\nTha như Đỗ Anh Vũ chi kiêu dâm, Đàm Dĩ Mông chi bạo hoành, hà túc đạo tai.\n陳 太 宗 應 天 命 之 㱕 受 昭 皇 之 樿 有 仁 厚 之 德 有 簡 重 之 容 討 叛 保 民 設 科 取 . [13a*8*7]\nTrần Thái Tông ứng thiên mệnh chi quy, thụ Chiêu Hoàng chi thiện, hữu nhân hậu chi đức, hữu giản trọng chi dung, thảo phản bảo dân, thiết khoa thủ ...\n",
    "url": "/data/image_dvsk/quyen_thu/quyen7/DVSKTT_thu_VII_13a.jpg"
  },
  {
    "text": "士 . [13b*1*1]\nsĩ.\n宰 相 則 擇 宗 室 賢 䏻 朝 典 則 定 禮 󰀩 刑 律 陳 家 制 度 由 此 而 興 . [13b*1*2]\nTể tướng tắc trạch tông thất hiền năng, triều điển tắc định lễ nghi hình luật, Trần gia chế độ do thử nhi hưng.\n然 閨 門 慙 德 踵 於 唐 太 之 昏 風 . [13b*2*8]\nNhiên khuê môn tàm đức, chủng ư Đường Thái chi hôn phong.\n聖 宗 有 仁 恕 之 心 有 孝 悌 之 德 仁 親 睦 族 尊 賢 重 道 侍 經 筵 則 擇 其 賢 良 輔 東 宫 則 󰱇 其 德 行 陳 家 基 業 由 此 而 固 . [13b*3*2]\nThánh Tông hữu nhân thứ chi tâm, hữu hiếu đễ chi đức, nhân thân mục tộc, tôn hiền trọng đạo, thị Kinh diên tắc trạch kì hiền lương, phụ Đông cung tắc tuyển kì đức hạnh, Trần gia cơ nghiệp do thử nhi cố.\n然 釋 教 󰱏 心 流 於 梁 武 之 弊 習 . [13b*5*10]\nNhiên Thích giáo đam tâm, lưu ư Lương Vũ chi tệ tập.\n仁 宗 得 聖 賢 之 精 有 金 僊 之 相 體 質 渾 全 慈 仁 和 易 . [13b*6*4]\nNhân Tông đắc Thánh hiền chi tinh, hữu kim tiên chi tướng, thể chất hồn toàn, từ nhân hoà dị.\n下 詔 賑 貧 而 民 心 益 固 󰱇 将 禦 戎 而 元 㓂 以 平 重 興 事 業 昭 映 千 古 足 爲 陳 家 之 賢 君 . [13b*7*6]\nHạ chiếu chẩn bần nhi dân tâm ích cố; tuyển tướng ngự nhung nhi Nguyên khấu dĩ bình; trùng hưng sự nghiệp, chiêu ánh thiên cổ, túc vi Trần gia chi hiền quân.\n然 遊 心 釋 典 而 築 天 健 之 庵 給 養 僧 尼 而 . [13b*9*3]\nNhiên du tâm Thích điển nhi trúc Thiên Kiện chi am, cấp dưỡng tăng ni nhi ...\n",
    "url": "/data/image_dvsk/quyen_thu/quyen7/DVSKTT_thu_VII_13b.jpg"
  },
  {
    "text": "鑄 普 明 之 鼎 非 帝 王 之 治 也 . [14a*1*1]\nchú Phổ Minh chi đỉnh, phi đế vương chi trị dã.\n英 宗 定 朝 班 文 武 之 階 制 士 人 科 󰁮 之 式 大 旱 則 録 囚 大 飢 則 賑 貸 治 急 養 民 政 先 風 憲 文 物 制 度 渙 然 一 新 亦 足 為 陳 家 之 令 主 . [14a*1*12]\nAnh Tông định triều ban văn vũ chi giai, chế sĩ nhân khoa cử chi thức; đại hạn tắc lục tù, đại cơ tắc chẩn thải; trị cấp dưỡng dân, chính tiên phong hiến; văn vật chế độ, hoán nhiên nhất tân, diệc túc vi Trần gia chi lệnh chủ.\n然 從 沙 門 於 安 子 之 山 勞 民 力 於 英 雲 之 閣 非 帝 王 之 量 也 . [14a*4*8]\nNhiên tòng sa môn ư Yên Tử chi sơn, lao dân lực ư Anh Vân chi các, phi đế vương chi lượng dã.\n明 宗 天 性 謙 冲 受 英 宗 議 逰 神 於 翰 墨 之 娛 馳 筆 於 水 雲 之 集 勸 賢 有 詩 嗜 酒 有 戒 似 可 稱 矣 . [14a*5*13]\nMinh Tông thiên tính khiêm xung, thụ Anh Tông nghị, du thần ư Hàn mặc chi ngu, trì bút ư Thuỷ Vân chi tập, khuyến hiền hữu thi, thị tửu hữu giới, tự khả xưng hĩ.\n然 官 制 冗 多 刑 獄 寃 濫 輕 信 克 終 之 奸 以 致 國 頊 之 死 . [14a*7*13]\nNhiên quan chế nhũng đa, hình ngục oan lạm, khinh tín Khắc Chung chi gian, dĩ trí Quốc Chẩn chi tử.\n𡸈 不 爲 聰 明 之 玷 乎 憲 宗 天 資 英 睿 運 撫 承 平 撰 御 書 . [14a*8*16]\nKhởi bất vi thông minh chi điếm hồ? Hiến Tông thiên tư anh duệ, vận phủ thừa bình, soạn ngự thư ...\n",
    "url": "/data/image_dvsk/quyen_thu/quyen7/DVSKTT_thu_VII_14a.jpg"
  },
  {
    "text": "則 有 集 教 皇 子 則 有 詩 隨 朝 𭓇 士 之 定 其 令 著 作 典 雅 之 有 其 官 築 石 堤 以 防 水 患 立 倉 漕 以 賑 流 民 亦 可 嘉 矣 . [14b*1*1]\ntắc hữu tập, giáo hoàng tử tắc hữu thi, tuỳ triều học sĩ chi định kì lệnh, trước tác điển nhã chi hữu kì quan, trúc thạch đê dĩ phòng thuỷ hoạn, lập thương tào dĩ chẩn lưu dân, diệc khả gia hĩ.\n然 逍 遙 於 甘 露 之 峰 勤 懇 於 瓊 林 之 佛 逐 日 博 戲 以 爲 娛 頻 年 災 異 而 不 𮗓 𡸈 不 為 人 明 之 累 乎 裕 宗 至 性 聰 敏 𭓇 問 髙 明 武 僃 文 脩 四 夷 賓 服 . [14b*3*8]\nNhiên tiêu dao ư Cam Lộ chi phong, cần khẩn ư Quỳnh Lâm chi Phật, trục nhật bác hí dĩ vi ngu, tần niên tai dị nhi bất giác, khởi bất vi nhân minh chi luỵ hồ? Dụ Tông chí tính thông mẫn, học vấn cao minh, vũ bị văn tu, tứ di tân phục.\n紹 豊 大 治 之 時 政 事 悉 󰁮 似 可 取 矣 . [14b*6*9]\nThiệu Phong, Đại Trị chi thời, chính sự tất cử, tự khả thủ hĩ.\n然 而 晚 節 信 任 鄒 庚 縱 聚 麀 之 欲 開 暏 博 之 塲 荒 游 無 度 飢 饉 荐 臻 陳 家 之 業 由 此 而 衰 . [14b*7*5]\nNhiên nhi vãn tiết tín nhiệm Trâu Canh, túng tụ ưu chi dục, khai đổ bác chi trường, hoang du vô độ, cơ cận tiến trăn, Trần gia chi nghiệp do thử nhi suy.\n藝 宗 削 平 内 難 光 復 舊 物 有 敬 天 爱 民 之 . [14b*9*3]\nNghệ Tông tước bình nội nạn, quang phục cựu vật, hữu kính thiên ái dân chi ...\n",
    "url": "/data/image_dvsk/quyen_thu/quyen7/DVSKTT_thu_VII_14b.jpg"
  },
  {
    "text": "實 有 保 󰘊 制 治 之 䂓 僊 逰 有 取 士 之 科 葆 和 有 餘 暇 之 集 定 國 朝 禮 󰀩 之 制 除 沙 州 截 脚 之 令 䂓 模 功 烈 炳 彪 宇 宙 . [15a*1*1]\nthực, hữu bảo bang chế trị chi quy, Tiên Du hữu thủ sĩ chi khoa, Bảo Hoà hữu Dư Hạ chi tập, định quốc triều lễ nghi chi chế, trừ sa châu tiệt cước chi lệnh, quy mô công liệt, bỉnh bưu vũ trụ.\n然 恭 儉 有 餘 而 剛 斷 不 足 外 而 占 㓂 侵 逼 京 畿 内 而 逆 胡 窺 窬 神 噐 陳 家 之 業 由 此 而 亡 . [15a*3*9]\nNhiên cung kiệm hữu dư, nhi cương đoán bất túc, ngoại nhi Chiêm khấu xâm bức Kinh kì, nội nhi nghịch Hồ khuy du thần khí, Trần gia chi nghiệp do thử nhi vong.\n睿 宗 受 神 之 初 留 心 圖 治 󰱇 将 練 兵 設 科 取 士 帝 箴 有 制 皇 訓 有 書 自 可 有 為 . [15a*5*7]\nDuệ Tông thụ thần chi sơ, lưu tâm đồ trị, tuyển tướng luyện binh, thiết khoa thủ sĩ, đế châm hữu chế, hoàng huấn hữu thư, tự khả hữu vi.\n然 𫳭 任 外 戚 以 啓 奸 臣 僣 竊 之 謀 拒 黎 錫 忠 諫 之 䟽 聽 子 平 詭 奏 之 言 親 征 占 城 輕 入 倚 忙 之 洞 忿 兵 取 禍 卒 殞 其 身 . [15a*7*1]\nNhiên sủng nhiệm ngoại thích dĩ khải gian thần tiếm thiết chi mưu, cự Lê Tích trung gián chi sớ, thính Tử Bình quỷ tấu chi ngôn, thân chinh Chiêm Thành, khinh nhập Ỷ Mang chi động, phẫn binh thủ hoạ, tốt vẫn kì thân.\n簡 皇 童 心 益 甚 秉 德 不 . [15a*9*10]\nGiản Hoàng đồng tâm ích thậm, bỉnh đức bất ...\n",
    "url": "/data/image_dvsk/quyen_thu/quyen7/DVSKTT_thu_VII_15a.jpg"
  },
  {
    "text": "常 運 寶 貨 以 臧 天 健 之 山 頒 旗 劎 以 厚 季 犛 之 賜 禦 㓂 無 謀 威 令 不 振 卒 使 蒲 黄 得 志 而 資 福 見 囚 . [15b*1*1]\nthường, vận bảo hoá dĩ tàng Thiên Kiện chi sơn, ban kì kiếm dĩ hậu Quý Li chi tứ, ngự khấu vô mưu, uy lệnh bất chấn, tốt sử bồ hoàng đắc chí, nhi Tư Phúc kiến tù.\n順 宗 聽 命 權 臣 徒 擁 虚 噐 金 甌 之 役 未 󰰾 石 城 之 宴 方 醲 列 侯 就 誅 至 靈 㱕 隱 卒 使 赤 觜 横 行 而 玉 清 見 逼 . [15b*3*3]\nThuận Tông thính mệnh quyền thần, đồ ủng hư khí, Kim Âu chi dịch vị bãi, Thạch Thành chi yến phương nùng, liệt hầu tựu tru, Chí Linh quy ẩn, tốt sử Xích tuỷ hoành hành, nhi Ngọc Thanh kiến bức.\n少 帝 以 幼 冲 之 年 廢 立 之 權 出 於 胡 季 犛 之 口 而 陳 家 之 祚 亡 矣 . [15b*5*8]\nThiếu Đế dĩ ấu trùng chi niên, phế lập chi quyền xuất ư Hồ Quý Li chi khẩu, nhi Trần gia chi tộ vong hĩ.\n抑 又 論 之 陳 家 歷 代 凡 十 二 帝 享 國 一 百 七 十 餘 年 . [15b*6*15]\nỨc hựu luận chi: Trần gia lịch đại, phàm thập nhị đế, hưởng quốc nhất bách thất thập dư niên.\n所 可 稱 者 太 宗 有 帝 王 之 量 聖 宗 有 仁 厚 之 德 仁 宗 有 重 興 之 功 英 宗 有 達 孝 之 實 明 宗 有 文 治 之 . [15b*7*17]\nSở khả xưng giả, Thái Tông hữu đế vương chi lượng, Thánh tông hữu nhân hậu chi đức, Nhân Tông hữu trùng hưng chi công, Anh Tông hữu đạt hiếu chi thực, Minh Tông hữu văn trị chi ...\n",
    "url": "/data/image_dvsk/quyen_thu/quyen7/DVSKTT_thu_VII_15b.jpg"
  },
  {
    "text": "體 藝 宗 有 恢 復 之 績 . [16a*1*1]\nthể, Nghệ Tông hữu khôi phục chi tích.\n然 惠 宗 見 弑 而 君 臣 之 道 䘮 仁 者 不 爲 也 靈 慈 見 娶 而 夫 婦 之 恩 乖 義 者 不 爲 也 以 堂 堂 之 天 子 而 爲 竹 林 之 禅 智 者 不 爲 也 以 肅 肅 之 王 姬 而 爲 占 城 之 配 禮 者 不 爲 也 . [16a*1*9]\nNhiên Huệ Tông kiến thí, nhi quân thần chi đạo táng, nhân giả bất vi dã; Linh Từ kiến thú, nhi phu phụ chi ân quai, nghĩa giả bất vi dã; dĩ đường đường chi thiên tử, nhi vi Trúc Lâm chi thiền, trí giả bất vi dã; dĩ túc túc chi vương cơ, nhi vi Chiêm Thành chi phối, lễ giả bất vi dã.\n親 迎 其 子 之 妻 則 倫 之 亂 矣 嬖 幸 倡 人 之 女 則 禍 之 胎 矣 . [16a*5*2]\nThân nghênh kì tử chi thê, tắc luân chi loạn hĩ; bế hạnh xướng nhân chi nữ, tắc hoạ chi thai hĩ.\n後 宫 苑 池 之 逰 則 志 荒 矣 外 戚 權 臣 之 𫳭 則 政 蠹 矣 帝 王 脩 齊 治 平 之 道 果 如 是 乎 在 朝 之 臣 則 有 日 燏 建 󰚴 子 之 功 國 峻 献 白 藤 之 捷 亦 頡 頏 於 郭 汾 陽 㓂 萊 公 之 名 󰕑 固 可 . [16a*6*6]\nHậu cung uyển trì chi du, tắc chí hoang hĩ; ngoại thích quyền thần chi sủng, tắc chính đố hĩ, đế vương tu tề trị bình chi đạo, quả như thị hồ! Tại triều chi thần tắc hữu Nhật Duật kiến Hàm Tử chi công, Quốc Tuấn hiến Bạch Đằng chi tiệp, diệc hiệt hàng ư Quách Phần Dương, Khấu Lai Công chi danh dự, cố khả ...\n",
    "url": "/data/image_dvsk/quyen_thu/quyen7/DVSKTT_thu_VII_16a.jpg"
  },
  {
    "text": "稱 矣 . [16b*1*1]\nxưng hĩ.\n至 於 陳 光 啓 馮 佐 周 陳 元 旦 范 五 老 段 汝 諧 張 漢 超 丁 拱 垣 范 師 孟 阮 忠 彦 黎 伯 适 之 諸 賢 而 時 君 或 以 見 踈 宜 其 治 之 不 古 若 也 . [16b*1*3]\nChí ư Trần Quang Khải, Phùng Tá Chu, Trần Nguyên Đán, Phạm Ngũ Lão, Đoàn Nhữ Hài, Trương Hán Siêu, Đinh Củng Viên, Phạm Sư Mạnh, Nguyễn Trung Ngạn, Lê Bá Quát chi chư hiền nhi thời quân hoặc dĩ kiến sơ, nghi kì trị chi bất cổ nhược dã.\n他 如 陳 克 終 之 奸 邪 陳 慶 餘 之 貪 鄙 何 足 𬢱 㢤 . [16b*3*17]\nTha như Trần Khắc Chung chi gian tà, Trần Khánh Dư chi tham bỉ, hà túc nghị tai.\n大 抵 李 陳 之 亡 雖 由 綱 常 之 紊 亂 亦 由 異 端 之 蠱 惑 𭛁 庫 钱 而 造 佛 像 𭛁 庫 銅 而 鑄 洪 鍾 𭛁 庫 紙 而 寫 佛 經 李 朝 之 事 佛 謹 矣 然 殺 李 氏 之 子 孫 者 纔 出 於 陳 守 度 之 兇 險 而 佛 不 䏻 救 . [16b*4*17]\nĐại để, Lí Trần chi vong, tuy do cương thường chi vặn loạn, diệc do dị đoan chi cổ hoặc; phát khố tiền nhi tạo Phật tượng, phát khố đồng nhi chú hồng chung, phát khố chỉ nhi tả Phật kinh, Lí triều chi sự Phật cẩn hĩ, nhiên sát Lí thị chi tử tôn giả tài xuất ư Trần Thủ Độ chi hung hiểm nhi Phật bất năng cứu.\n以 天 子 而 爲 大 士 以 妃 嬪 而 爲 丘 尼 以 王 主 而 爲 僧 眾 陳 . [16b*8*15]\nDĩ thiên tử nhi vi đại sĩ, dĩ phi tần nhi vi khưu ni, dĩ vương chủ nhi vi tăng chúng, Trần ...\n",
    "url": "/data/image_dvsk/quyen_thu/quyen7/DVSKTT_thu_VII_16b.jpg"
  },
  {
    "text": "家 之 事 佛 篤 矣 然 弑 陳 氏 之 宗 室 者 皆 出 於 胡 季 犛 之 奸 甚 而 佛 不 䏻 度 . [17a*1*1]\ngia chi sự Phật đốc hĩ, nhiên thí Trần thị chi tông thất giả, giai xuất ư Hồ Quý Li chi gian thậm, nhi Phật bất năng độ.\n則 奉 佛 之 事 果 何 補 㢤 若 夫 胡 季 犛 倚 掖 庭 之 親 稔 奸 臣 之 惡 肆 虐 以 暴 其 民 欺 君 而 簒 其 位 罪 盈 怨 積 海 内 離 心 明 人 入 㓂 身 虜 國 亡 死 作 他 鄕 之 鬼 卒 為 天 下 所 笑 . [17a*2*11]\nTắc phụng Phật chi sự quả hà bổ tai? Nhược phù Hồ Quý Li ỷ dịch đình chi thân, nhẫm gian thần chi ác, tứ ngược dĩ bạo kì dân, khi quân nhi soán kì vị, tội doanh oán tích, hải nội li tâm, Minh nhân nhập khấu, thân lỗ quốc vong, tử tác tha hương chi quỷ, tốt vi thiên hạ sở tiếu.\n胡 漢 蒼 承 簒 國 之 後 行 暴 民 之 政 . [17a*6*3]\nHồ Hán Thương thừa soán quốc chi hậu, hành bạo dân chi chính.\n明 人 南 侵 而 䦕 河 失 守 社 稷 為 墟 天 綱 恢 恢 踈 而 不 漏 . [17a*6*16]\nMinh nhân Nam xâm nhi quan hà thất thủ, xã tắc vi khư, thiên cương khôi khôi sơ nhi bất lậu.\n嗚 呼 禮 莫 大 於 分 分 莫 大 於 名 名 分 者 國 之 隄 防 不 可 不 謹 . [17a*8*1]\nÔ hô! Lễ mạc đại ư phận, phận mạc đại ư danh; danh phận giả, quốc chi đê phòng, bất khả bất cẩn.\n名 分 正 則 綱 常 立 . [17a*9*6]\nDanh phận chính tắc cương thường lập.\n彼 龍 鋌 以 弟 弑 . [17a*9*13]\nBỉ Long Đĩnh dĩ đệ thí ...\n",
    "url": "/data/image_dvsk/quyen_thu/quyen7/DVSKTT_thu_VII_17a.jpg"
  },
  {
    "text": "兄 而 簒 其 國 是 乱 賊 之 尤 也 而 史 臣 乃 以 皇 帝 書 之 則 名 不 正 矣 . [17b*1*1]\nhuynh nhi soán kì quốc, thị loạn tặc chi vưu dã, nhi sử thần nãi dĩ hoàng đế thư chi, tắc danh bất chính hĩ.\n季 犛 以 臣 弑 君 而 奪 其 位 是 奸 臣 之 魁 也 而 史 臣 乃 以 先 主 書 之 則 分 不 明 矣 . [17b*2*8]\nQuý Li dĩ thần thí quân nhi đoạt kì vị, thị gian thần chi khôi dã, nhi sử thần nãi dĩ Tiên chủ thư chi, tắc phận bất minh hĩ.\n若 按 春 秋 之 法 定 褒 貶 之 公 固 當 削 卧 朝 之 僞 稱 以 誅 逆 賊 去 季 犛 之 僣 號 以 討 奸 臣 然 後 正 名 分 於 當 時 扶 綱 常 於 萬 世 而 史 臣 之 謬 可 盡 洗 矣 . [17b*4*2]\nNhược án Xuân Thu chi pháp, định bao biếm chi công, cố đương tước Ngoạ Triều chi nguỵ xưng dĩ tru nghịch tặc; khử Quý Li chi tiếm hiệu dĩ thảo gian thần, nhiên hậu chính danh phận ư đương thời, phù cương thường ư vạn thế, nhi sử thần chi mậu khả tận tẩy hĩ.\n至 若 陳 家 忠 義 之 臣 如 周 居 敬 陳 平 仲 阮 翰 陳 錫 阮 鋭 陶 堅 陳 實 黎 桶 陳 紹 范 玄 齡 黎 亞 夫 阮 决 阮 雲 霓 阮 訶 黎 勤 刘 常 阮 沆 何 德 鄰 . [17b*7*4]\nChí nhược Trần gia trung nghĩa chi thần như: Chu Cư Kính, Trần Bình Trọng, Nguyễn Hàn, Trần Tích, Nguyễn Nhuệ, Đào Kiên, Trần Thực, Lê Thống, Trần Thiệu, Phạm Huyền Linh, Lê Á Phu, Nguyễn Quyết, Nguyễn Vân Nghê, Nguyễn Kha, Lê Cần, Lưu Thường, Nguyễn Hàng, Hà Đức Lân, ...\n",
    "url": "/data/image_dvsk/quyen_thu/quyen7/DVSKTT_thu_VII_17b.jpg"
  },
  {
    "text": "陳 渴 真 梁 元 彪 之 諸 賢 正 氣 猶 存 芳 名 不 朽 其 節 󰒂 之 稱 不 可 枚 󰁮 . [18a*1*1]\nTrần Khát Chân, Lương Nguyên Bưu chi chư hiền chính khí do tồn, phương danh bất hủ, kì tiết nghĩa chi xưng bất khả mai cử.\n為 陳 家 而 思 報 仇 裴 伯 耆 之 心 即 包 胥 豫 讓 之 心 也 為 陳 家 而 請 立 後 黎 景 詢 之 心 即 舅 犯 仁 傑 之 心 也 . [18a*2*9]\nVị Trần gia nhi tư báo cừu, Bùi Bá Kì chi tâm tức Bao Tư, Dự Nhượng chi tâm dã; vị Trần gia nhi thỉnh lập hậu, Lê Cảnh Tuân chi tâm tức Cữu Phạm, Nhân Kiệt chi tâm dã.\n萬 言 之 書 忠 貫 日 月 非 斯 文 之 力 乎 七 斬 之 疏 󰒂 感 鬼 神 非 吾 儒 之 功 乎 惜 其 時 君 昏 暗 不 䏻 信 聽 以 𦤶 淪 亡 無 足 怪 矣 . [18a*4*13]\nVạn ngôn chi thư, trung quán nhật nguyệt, phi tư văn chi lực hồ? Thất trảm chi sớ, nghĩa cảm quỷ thần, phi ngô nho chi công hồ? Tích kì thời quân hôn ám, bất năng tín thính, dĩ trí luân vong, vô túc quái hĩ.\n迨 夫 後 陳 簡 定 帝 即 位 於 播 迁 之 餘 有 鄧 悉 景 真 之 徒 與 之 恊 謀 奮 興 󰒂 旅 致 討 明 賊 逋 姑 之 戦 幾 復 陳 祚 所 謂 仁 󰒂 之 師 也 . [18a*7*5]\nĐãi phù Hậu Trần Giản Định Đế, tức vị ư bá thiên chi dư, hữu Đặng Tất, Cảnh Chân chi đồ, dữ chi hiệp mưu, phấn hưng nghĩa lữ, trí thảo Minh tặc, Bồ Cô chi chiến, cơ phục Trần tộ, sở vị nhân nghĩa chi sư dã.\n夫 何 . [18a*9*17]\nPhù hà ...\n",
    "url": "/data/image_dvsk/quyen_thu/quyen7/DVSKTT_thu_VII_18a.jpg"
  },
  {
    "text": "輕 信 讒 言 遽 殺 良 将 速 取 於 敗 . [18b*1*1]\nkhinh tín sàm ngôn, cự sát lương tướng, tốc thủ ư bại.\n陳 重 光 帝 即 位 於 離 乱 之 際 有 鄧 容 阮 帥 之 儔 𭁈 之 戮 力 共 圖 帝 業 . [18b*1*13]\nTrần Trùng Quang Đế tức vị ư li loạn chi tế, hữu Đặng Dung, Nguyễn Suý chi trù dữ chi lục lực cộng đồ đế nghiệp.\n蔡 茄 之 捷 軍 聲 大 振 所 謂 復 讐 之 󰁮 也 . [18b*3*3]\nThái Già chi tiệp, quân thanh đại chấn, sở vị phục thù chi cử dã.\n夫 何 将 帥 不 和 失 其 機 會 遂 至 於 亡 嗟 夫 鄧 悉 景 真 以 讒 見 殺 而 明 人 入 㓂 視 夫 檀 道 濟 見 殺 而 魏 人 來 侵 岳 武 穆 見 殺 而 金 人 入 㓂 . [18b*3*18]\nPhù hà tướng soái bất hoà, thất kì cơ hội, toại chí ư vong? Ta phù! Đặng Tất, Cảnh Chân dĩ sàm kiến sát nhi Minh nhân nhập khấu, thị phù Đàn Đạo Tế kiến sát nhi Nguỵ nhân lai xâm; Nhạc Vũ Mục kiến sát nhi Kim nhân nhập khấu.\n讒 侫 覆 人 國 家 前 後 一 轍 人 君 用 舍 之 際 不 可 不 謹 . [18b*6*15]\nSàm nịnh phúc nhân quốc gia tiền hậu nhất triệt, nhân quân dụng xả chi tế bất khả bất cẩn.\n閏 胡 既 虜 後 陳 亦 亡 境 内 爪 分 蝠 裂 甚 於 周 季 之 時 . [18b*7*17]\nNhuận Hồ kí lỗ, Hậu Trần diệc vong, cảnh nội trảo phân bức liệt thậm ư Chu quý chi thời.\n官 吏 法 峻 刑 苛 慘 於 秦 亡 之 日 . [18b*9*1]\nQuan lại pháp tuấn hình hà, thảm ư Tần vong chi nhật.\n由 是 明 人 肆 虐 . [18b*9*13]\nDo thị Minh nhân tứ ngược, ...\n",
    "url": "/data/image_dvsk/quyen_thu/quyen7/DVSKTT_thu_VII_18b.jpg"
  },
  {
    "text": "生 民 塗 炭 未 有 甚 於 此 時 也 . [19a*1*1]\nsinh dân đồ thán, vị hữu thậm ư thử thời dã.\n幸 頼 天 道 好 還 人 心 恊 順 . [19a*1*12]\nHạnh lại thiên đạo hiếu hoàn, nhân tâm hiệp thuận.\n洪 惟 國 朝 太 祖 髙 皇 帝 以 殷 湯 智 勇 之 資 奮 周 武 仁 󰒂 之 旅 收 用 豪 傑 掃 蕩 妖 氛 雖 以 明 将 梟 䧺 如 柳 昇 梁 銘 之 軰 皆 陣 𨺻 而 屍 輿 狡 譎 如 崔 聚 黄 福 之 徒 亦 計 窮 而 靣 縛 . [19a*2*4]\nHồng duy: Quốc triều Thái Tổ Cao Hoàng Đế dĩ Ân Thang trí dũng chi tư, phấn Chu Vũ nhân nghĩa chi lữ, thu dụng hào kiệt, tảo đãng yêu phân, tuy dĩ Minh tướng kiêu hùng như Liễu Thăng, Lương Minh chi bối, giai trận hãm nhi thi dư; giảo quyệt như Thôi Tụ, Hoàng Phúc chi đồ, diệc kế cùng nhi diện phược.\n二 十 餘 年 之 乱 一 旦 削 平 山 河 以 之 改 觀 海 宇 以 之 寕 謚 由 太 祖 髙 皇 帝 勇 智 寬 仁 君 臣 恊 心 同 德 之 所 𦤶 也 . [19a*7*7]\nNhị thập dư niên chi loạn nhất đán tước bình, sơn hà dĩ chi cải quan, hải vũ dĩ chi ninh thuỵ, do Thái Tổ Cao Hoàng Đế dũng trí khoan nhân, quân thần hiệp tâm đồng đức chi sở trí dã.\n",
    "url": "/data/image_dvsk/quyen_thu/quyen7/DVSKTT_thu_VII_19a.jpg"
  },
  {
    "text": "觀 其 帝 之 神 武 不 殺 即 天 地 之 心 也 秋 豪 無 犯 即 天 地 之 量 也 秋 養 諸 路 流 民 即 天 地 之 仁 也 . [19b*1*1]\nQuan kì đế chi thần vũ bất sát, tức thiên địa chi tâm dã; thu hào vô phạm, tức thiên địa chi lượng dã; thu dưỡng chư lộ lưu dân, tức thiên địa chi nhân dã.\n放 㱕 十 萬 降 卒 即 天 地 之 德 也 . [19b*3*1]\nPhóng quy thập vạn hàng tốt, tức thiên địa chi đức dã.\n󰁮 賢 有 令 即 成 湯 之 立 賢 無 方 也 論 降 有 書 即 成 湯 之 代 虐 以 寬 也 . [19b*3*13]\nCử hiền hữu lệnh, tức Thành Thang chi lập hiền vô phương dã; luận hàng hữu thư, tức Thành Thang chi đại ngược dĩ khoan dã.\n兵 農 有 法 即 武 王 之 農 用 八 政 也 牧 民 有 條 即 武 王 之 𫳭 綏 四 方 也 . [19b*5*3]\nBinh nông hữu pháp, tức Vũ Vương chi nông dụng bát chính dã; mục dân hữu điều, tức Vũ Vương chi sủng tuy tứ phương dã.\n論 以 十 條 軍 政 講 君 臣 之 󰒂 也 布 以 六 條 教 化 明 父 子 之 倫 也 . [19b*6*11]\nLuận dĩ thập điều quân chính, giảng quân thần chi nghĩa dã; bố dĩ lục điều giáo hoá, minh phụ tử chi luân dã.\n慎 重 刑 罰 謹 號 令 之 信 也 結 好 明 國 存 交 鄰 之 禮 也 . [19b*7*17]\nThận trọng hình phạt, cẩn hiệu lệnh chi tín dã; kết hiếu Minh quốc, tồn giao lân chi lễ dã.\n若 夫 建 太 庙 以 奉 祖 考 設 𭓇 校 以 明 人 倫 . [19b*9*1]\nNhược phù kiến Thái Miếu dĩ phụng tổ khảo, thiết học hiệu dĩ minh nhân luân.\n平 吳 . [19b*9*17]\nBình Ngô ...\n",
    "url": "/data/image_dvsk/quyen_thu/quyen7/DVSKTT_thu_VII_19b.jpg"
  },
  {
    "text": "大 誥 無 非 仁 義 忠 信 之 言 藍 山 實 録 無 非 脩 齊 治 平 之 道 . [20a*1*1]\nĐại Cáo vô phi nhân nghĩa trung tín chi ngôn; Lam Sơn Thực Lục vô phi tu tề trị bình chi đạo.\n宜 乎 定 大 越 之 乾 坤 奠 皇 圖 之 社 稷 𡸈 趙 丁 李 陳 所 䏻 及 㢤 . [20a*2*5]\nNghi hồ định Đại Việt chi càn khôn; điện Hoàng đồ chi xã tắc; khởi Triệu, Đinh, Lí, Trần sở năng cập tai.\n然 後 知 帝 王 大 業 也 鋼 常 正 道 也 . [20a*3*10]\nNhiên hậu tri đế vương đại nghiệp dã, cương thường chính đạo dã.\n鋼 常 立 而 帝 王 之 大 業 以 成 仁 󰒂 明 而 天 下 之 大 噐 以 定 . [20a*4*5]\nCương thường lập nhi đế vương chi đại nghiệp dĩ thành; nhân nghĩa minh nhi thiên hạ chi đại khí dĩ định.\n湯 武 推 仁 󰒂 之 心 爽 仁 󰒂 之 師 . [20a*5*9]\nThang Vũ suy nhân nghĩa chi tâm, sảng nhân nghĩa chi sư.\n其 得 天 下 以 正 守 天 下 以 仁 故 䏻 臻 有 道 之 長 . [20a*6*3]\nKì đắc thiên hạ dĩ chính, thủ thiên hạ dĩ nhân, cố năng trăn hữu đạo chi trường.\n欽 惟 太 祖 髙 皇 帝 取 天 下 於 狂 明 㓂 亂 之 餘 其 得 天 下 也 甚 正 其 守 天 下 也 以 仁 尤 必 維 持 之 以 󰒂 固 . [20a*7*3]\nKhâm duy: Thái Tổ Cao Hoàng Đế, thủ thiên hạ ư cuồng Minh khấu loạn chi dư, kì đắc thiên hạ dã thậm chính, kì thủ thiên hạ dã dĩ nhân, vưu tất duy trì chi dĩ nghĩa, cố ...\n",
    "url": "/data/image_dvsk/quyen_thu/quyen7/DVSKTT_thu_VII_20a.jpg"
  },
  {
    "text": "結 之 以 仁 照 臨 之 以 智 範 圍 之 以 信 其 脩 齊 治 平 之 道 則 𭁈 唐 󰔄 三 代 而 比 隆 于 以 衍 億 載 綿 洪 之 業 . [20b*1*1]\nkết chi dĩ nhân, chiếu lâm chi dĩ trí, phạm vi chi dĩ tín; kì tu tề trị bình chi đạo, tắc dữ Đường Ngu Tam Đại nhi tỉ, long vu dĩ diễn ức tải miên hồng chi nghiệp.\n其 積 累 固 非 一 日 矣 . [20b*3*4]\nKì tích luỹ cố phi nhất nhật hĩ.\n方 今 皇 上 陛 下 恢 太 祖 髙 皇 帝 之 洪 圖 備 太 祖 髙 皇 帝 之 良 法 特 命 臣 𢮪 𧻗 鑑 通 考 總 論 盖 以 扶 天 地 綱 常 之 道 明 帝 王 治 亂 之 原 𭁈 夫 述 太 祖 髙 皇 帝 創 業 之 艱 難 使 天 下 後 世 誦 念 而 不 忘 焉 . [20b*3*12]\nPhương kim, Hoàng thượng bệ hạ, khôi Thái Tổ Cao Hoàng Đế chi hồng đồ, bị Thái Tổ Cao Hoàng Đế chi lương pháp, đặc mệnh thần soạn Việt Giám Thông Khảo tổng luận, cái dĩ phù thiên địa cương thường chi đạo, minh đế vương trị loạn chi nguyên, dữ phù thuật Thái Tổ Cao Hoàng Đế sáng nghiệp chi gian nan, sử thiên hạ hậu thế tụng niệm nhi bất vong yên.\n伏 願 . [20b*9*3]\nPhục nguyện, ...\n",
    "url": "/data/image_dvsk/quyen_thu/quyen7/DVSKTT_thu_VII_20b.jpg"
  },
  {
    "text": "皇 帝 陛 下 於 萬 幾 之 暇 講 明 治 道 讀 趙 丁 李 陳 之 事 則 知 天 命 人 心 之 去 留 識 國 統 󰘊 圖 之 隆 賛 辨 君 子 小 人 之 消 長 察 氣 数 風 俗 之 盛 衰 而 歷 代 政 事 之 得 失 可 得 而 明 矣 . [21a*1*1]\nHoàng đế bệ hạ ư vạn cơ chi hạ, giảng minh trị đạo; độc Triệu, Đinh, Lí, Trần chi sự, tắc tri thiên mệnh nhân tâm chi khứ lưu, thức quốc thống bang đồ chi long tán, biện quân tử tiểu nhân chi tiêu trưởng, sát khí số phong tục chi thịnh suy, nhi lịch đại chính sự chi đắc thất, khả đắc nhi minh hĩ.\n讀 本 朝 太 祖 髙 皇 帝 創 業 之 事 則 想 卧 薪 嘗 膽 之 焦 勞 念 沐 雨 櫛 風 之 艰 苦 審 制 治 保 󰘊 之 至 計 恢 子 民 經 國 之 遠 圖 而 聖 朝 宏 遠 䂓 模 可 得 而 見 矣 . [21a*5*2]\nĐộc bản triều Thái Tổ Cao Hoàng Đế sáng nghiệp chi sự, tắc tưởng ngoạ tân thường đảm chi tiêu lao, niệm mộc vũ trất phong chi gian khổ, thẩm chế trị bảo bang chi chí kế, khôi tử dân kinh quốc chi viễn đồ, nhi Thánh triều hoành viễn quy mô khả đắc nhi kiến hĩ.\n於 是 聖 𭓇 益 以 . [21a*9*12]\nƯ thị, thánh học ích dĩ ...\n",
    "url": "/data/image_dvsk/quyen_thu/quyen7/DVSKTT_thu_VII_21a.jpg"
  },
  {
    "text": "髙 明 聖 域 益 以 深 造 治 道 益 以 尊 隆 所 以 爲 天 地 而 立 心 所 以 爲 綱 常 而 立 極 為 生 民 而 立 命 為 億 萬 世 而 開 太 平 于 以 奠 國 勢 於 泰 盤 于 以 措 生 民 於 袵 席 而 帝 王 大 業 洪 圖 𭁈 天 地 同 悠 久 矣 . [21b*1*1]\ncao minh, thánh vực ích dĩ thâm tạo, trị đạo ích dĩ tôn long, sở dĩ vị thiên địa nhi lập tâm, sở dĩ vị cương thường nhi lập cực, vị sinh dân nhi lập mệnh, vị ức vạn thế nhi khai thái bình; vu dĩ điện quốc thế ư Thái bàn, vu dĩ thố sinh dân ư nhậm tịch, nhi đế vương đại nghiệp hồng đồ dữ thiên địa đồng du cửu hĩ.\n洪 順 六 年 甲 戌 仲 秋 . [21b*6*1]\nHồng Thuận lục niên, Giáp Tuất, trọng thu.\n賜 甲 辰 科 進 士 特 進 金 紫 榮 禄 大 夫 少 保 禮 部 尚 書 東 閣 大 𭓇 士 兼 國 子 監 祭 酒 知 經 筵 事 󰦛 書 伯 柱 國 臣 黎 嵩 謹 奉 勅 𢮪 . [21b*7*1]\nTứ Giáp Thìn khoa Tiến sĩ, đặc tiến Kim tử Vinh lộc đại phu, Thiếu bảo, Lễ bộ Thượng thư, Đông các đại học sĩ kiêm Quốc tử giám Tế tửu, Tri Kinh diên sự, Đôn Thư bá, Trụ quốc, thần Lê Tung cẩn phụng sắc soạn.\n",
    "url": "/data/image_dvsk/quyen_thu/quyen7/DVSKTT_thu_VII_21b.jpg"
  }
]