[
  {
    "text": "大 越 史 記 本 紀 全 書 卷 之 一 . [1a*1*1]\nĐại Việt Sử Ký Bản Kỷ Toàn Thư Quyển Chi Nhất.\n丁 紀 . [1a*2*1]\nĐinh KỶ.\n先 皇 帝 . [1a*3*1]\nTiên Hoàng Đế.\n姓 丁 諱 部 領 大 皇 華 閭 洞 人 驩 州 刺 史 丁 公 著 之 子 也 削 平 使 君 自 立 爲 帝 在 位 十 二 年 爲 内 五 十 六 塟 長 安 山 陵 . [1a*3*4]\n[Tính Đinh, huý Bộ Lĩnh, Đại Hoàng Hoa Lư động nhân, Hoan Châu Thứ sử Đinh Công Trứ chi tử dã, tước bình sứ quân, tự lập vi đế, tại vị thập nhị niên, vi nội ngũ thập lục, táng Trường Yên sơn lăng.\n人 杜 釋 所 弑 而 崩 壽 帝 才 明 過 人 勇 畧 盖 世 掃 盡 群 䧺 統 繼 趙 武 然 失 於 預 防 不 保 其 終 惜 夫 . [1a*4*17]\nnhân Đỗ Thích sở thí nhi băng, thọ Đế tài minh quá nhân, dũng lược cái thế, tảo tận quần hùng, thống kế Triệu Vũ, nhiên thất ư dự phòng, bất bảo kì chung, tích phù!].\n初 帝 父 丁 公 著 爲 楊 廷 藝 牙 將 廷 藝 授 攝 歡 州 刺 史 後 歸 吳 王 遣 還 舊 任 卒 . [1a*6*1]\nSơ, Đế phụ Đinh Công Trứ vi Dương Đình Nghệ nha tướng, Đình Nghệ thụ nhiếp Hoan Châu Thứ sử, hậu quy Ngô Vương, khiển hoàn cựu nhiệm tốt.\n帝 少 孤 母 譚 氏 與 其 徒 入 居 洞 山 神 祠 側 . [1a*7*14]\nĐế thiếu cô, mẫu Đàm thị dữ kì đồ nhập cư động sơn thần từ trắc.\n爲 兒 童 時 與 群 童 牧 牛 于 也 . [1a*8*14]\nVi nhi đồng thời, dữ quần đồng mục ngưu vu dã.\n群 童 自 知 識 量 不 及 . [1a*9*9]\nQuần đồng tự tri thức lượng bất cập,..\n",
    "url": "/data/image_dvsk/ban_ky_toan_thu/quyen1/DVSKTT_ban_toan_I_1a.jpg"
  },
  {
    "text": "相 與 推 爲 眾 長 . [1b*1*1]\ntương dữ suy vi chúng trưởng.\n凣 遊 戲 必 率 眾 交 手 爲 乘 輿 捧 之 及 以 蘆 花 左 右 引 之 象 天 子 儀 仗 . [1b*1*7]\nPhàm du hí, tất suất chúng giao thủ vi thừa dư bổng chi, cập dĩ lư hoa tả hữu dẫn chi, tượng thiên tử nghi trượng.\n暇 日 往 擊 別 村 兒 童 所 至 皆 懾 服 相 率 日 供 樵 爨 以 充 課 役 . [1b*3*1]\nHạ nhật, vãng kích biệt thôn nhi đồng, sở chí giai nhiếp phục, tương suất nhật cung tiều thoán dĩ sung khoá dịch.\n母 見 之 喜 爲 烹 家 䐁 饗 之 . [1b*4*8]\nMẫu kiến chi hỉ, vi phanh gia đồn hưởng chi.\n諸 󰀋 父 老 轉 相 吿 曰 此 兒 噐 量 若 是 必 能 濟 事 我 背 荀 不 來 附 異 日 悔 之 晚 矣 . [1b*5*2]\nChư sách phụ lão chuyển tương cáo viết: \"Thử nhi khí lượng nhược thị tất năng tế sự, ngã bội tuân bất lai phụ dị, nhật hối chi vãn hĩ\".\n遂 率 子 弟 往 從 之 與 立 爲 長 居 陶 澳 󰀋 . [1b*6*16]\nToại suất tử đệ vãng tòng chi, dữ lập vi trưởng, cư Đào Áo sách.\n其 叔 父 㨿 󱖮 󰀋 與 帝 拒 戰 . [1b*7*15]\nKì thúc phụ cứ Bông sách dữ đế cự chiến.\n時 帝 年 幼 兵 勢 未 振 因 奔 比 . [1b*8*9]\nThời đế niên ấu, binh thế vị chấn, nhân bôn bí.\n過 譚 家 娘 灣 橋 橋 折 陷 于 淖 音 m a t - c h u 泥 也 . [1b*9*4]\nQuá Đàm Gia Nương Loan kiều, kiều chiết, hãm vu náo [âm mat-chu nê dã]..\n",
    "url": "/data/image_dvsk/ban_ky_toan_thu/quyen1/DVSKTT_ban_toan_I_1b.jpg"
  },
  {
    "text": "叔 欲 刺 之 見 二 皇 龍 擁 之 懼 而 退 . [2a*1*1]\nthúc dục thích chi, kiến nhị hoàng long ủng chi, cụ nhi thoái.\n帝 收 餘 卒 復 戰 叔 乃 降 . [2a*1*14]\nĐế thu dư tốt phục chiến, thúc nãi hàng.\n由 是 人 人 畏 服 凡 征 戰 所 過 易 如 破 竹 號 萬 勝 王 . [2a*2*6]\nDo thị nhân nhân uý phục, phàm chinh chiến sở quá dị như phá trúc, hiệu Vạn Thắng Vương.\n時 十 二 使 君 自 相 䧺 長 割 據 土 宇 . [2a*3*8]\nThời Thập nhị sứ quân tự tương hùng trưởng, cát cứ thổ vũ.\n吳 昌 熾 㨿 平 橋 吳 日 慶 㨿 唐 林 矯 三 制 㨿 峯 州 阮 太 平 㨿 阮 家 灣 杜 景 碩 據 杜 洞 江 阮 令 公 㨿 西 扶 烈 細 江 則 有 吕 佐 唐 僊 遊 則 有 阮 守 㨗 超 類 則 有 李 郎 公 洄 湖 則 有 矯 令 公 藤 州 則 有 范 防 遏 布 海 則 有 陳 公 . [2a*4*4]\nNgô Xương Xí cứ BÌnh Kiều, Ngô Nhật Khánh cứ Đường Lâm, Kiểu Tam Chế cứ Phong Châu, Nguyễn Thái Bình cứ Nguyễn Gia Loan, Đỗ Cảnh Thạc cứ Đỗ Động Giang, Nguyễn Lệnh Công cứ Tây Phù Liệt, Tế Giang tắc hữu Lữ Tá Đường, Tiên Du tắc hữu Nguyễn Thủ Tiệp, Siêu Loại tắc hữu Lí Lang Công, Hồi Hồ tắc hữu Kiểu Lệnh Công, Đằng Châu tắc hữu Phạm Phòng Át, Bố Hải tắc hữu Trần Minh Công.\n王 一 舉 平 之 遂 自 立 爲 帝 . [2a*9*2]\nVương nhất cử bình chi, toại tự lập vi đế.\n擇 得 潭 村 華 地 建 . [2a*9*12]\nTrạch đắc Đàm thôn hoa địa kiến..\n",
    "url": "/data/image_dvsk/ban_ky_toan_thu/quyen1/DVSKTT_ban_toan_I_2a.jpg"
  },
  {
    "text": "都 居 之 以 其 世 狹 隘 又 無 設 險 之 利 復 都 華 閭 . [2b*1*1]\nđô cư chi, dĩ kì thế hiệp ải, hựu vô thiết hiểm chi lợi, phục đô Hoa Lư.\n戊 辰 元 年 宋 開 寳 元 年 . [2b*2*1]\nMậu Thìn, nguyên niên [Tống Khai Bảo nguyên niên].\n帝 即 位 建 國 號 大 瞿 越 徙 京 邑 華 閭 洞 肇 新 都 築 城 鑿 池 起 宫 殿 制 朝 儀 . [2b*2*10]\nĐế tức vị, kiến quốc hiệu Đại Cồ Việt, tỉ Kinh ấp Hoa Lư động, triệu tân đô, trúc thành tạc trì, khởi cung điện, chế triều nghi.\n羣 臣 上 尊 號 曰 大 勝 明 皇 帝 . [2b*3*17]\nQuần thần thượng tôn hiệu viết Đại Thắng Minh Hoàng Đế.\n帝 欲 以 威 制 天 下 乃 置 大 鼎 于 庭 養 猛 虎 于 檻 下 令 曰 有 違 者 受 烹 齧 之 罪 . [2b*4*10]\nĐế dục dĩ uy chế thiên hạ, nãi trí đại đỉnh vu đình, dưỡng mãnh hổ vu hạm, hạ lệnh viết: \"Hữu vi giả thụ phanh khiết chi tội\".\n人 皆 畏 服 無 有 犯 者 . [2b*6*1]\nNhân giai uý phục, vô hữu phạm giả.\n黎 文 休 曰 先 皇 以 過 人 之 才 明 盖 世 之 勇 畧 當 我 越 無 主 羣 䧺 割 㨿 之 時 一 舉 而 十 二 使 君 盡 服 . [2b*7*1]\nLê Văn Hưu viết: Tiên Hoàng dĩ quá nhân chi tài minh, cái thế chi dũng lược, đương ngã Việt vô chủ, quần hùng cát cứ chi thời, nhất cử nhi Thập nhị sứ quân tận phục.\n其 開 國 建 都 改 稱 皇 帝 置 百 官 設 六 . [2b*9*4]\nKì khai quốc kiến đô, cải xưng hoàng đế, trí bách quan, thiết lục..\n",
    "url": "/data/image_dvsk/ban_ky_toan_thu/quyen1/DVSKTT_ban_toan_I_2b.jpg"
  },
  {
    "text": "軍 制 度 畧 備 殆 天 意 而 我 越 復 生 聖 哲 以 接 趙 王 之 綂 也 歟 . [3a*1*1]\nquân, chế độ lược bị, đãi thiên ý nhi ngã Việt phục sinh thánh triết dĩ tiếp Triệu Vương chi thống dã dư?.\n己 巳 二 年 宋 開 寳 二 年 . [3a*3*1]\nKỉ Tị, nhị niên [Tống Khai Bảo nhị niên].\n閏 五 月 封 長 子 璉 爲 南 越 王 . [3a*3*10]\nNhuận ngũ nguyệt, phong trưởng tử Liễn vi Nam Việt Vương.\n庚 午 太 平 元 年 宋 開 寳 三 年 . [3a*4*1]\nCanh Ngọ, Thái Bình nguyên niên [Tống Khai Bảo tam niên].\n春 正 月 建 元 舊 云 我 越 年 號 始 此 . [3a*4*12]\nXuân, chính nguyệt, kiến nguyên [Cựu vân ngã Việt niên hiệu thuỷ thử.\n因 李 南 帝 建 元 天 德 . [3a*4*25]\nNhân Lí Nam Đế kiến nguyên Thiên Đức].\n遣 使 如 宋 結 好 . [3a*5*7]\nKhiển sứ như Tống kết hảo.\n時 宋 命 大 將 潘 美 平 嶺 南 劉 鋹 也 故 有 是 命 . [3a*5*13]\nThời Tống mệnh Đại tướng Phan Mĩ Bình Lĩnh Nam [Lưu Xưởng dã], cố hữu thị mệnh.\n立 五 皇 后 一 曰 舟 嘉 二 曰 貞 明 三 曰 矯 國 四 曰 瞿 國 五 曰 歌 翁 . [3a*7*1]\nLập ngũ hoàng hậu, [Nhất viết Chu Gia, nhị viết Trinh Minh, tam viết Kiểu Quốc, tứ viết Cồ Quốc, ngũ viết Ca Ông].\n黎 文 休 曰 天 地 並 其 覆 載 日 月 並 其 照 臨 故 能 生 城 萬 物 發 育 庶 類 亦 猶 皇 后 配 儷 宸 極 故 能 . [3a*8*1]\nLê Văn Hưu viết: Thiên địa tịnh kì phú tải, nhật nguyệt tịnh kì chiếu lâm, cố năng sinh thành vạn vật, phát dục thứ loại, diệc do hoàng hậu phối lệ thần cực, cố năng..\n",
    "url": "/data/image_dvsk/ban_ky_toan_thu/quyen1/DVSKTT_ban_toan_I_3a.jpg"
  },
  {
    "text": "表 率 宫 中 化 成 天 下 . [3b*1*1]\nbiểu suất cung trung, hoá thành thiên hạ.\n自 古 秪 立 一 人 以 主 内 治 而 已 未 聞 有 五 其 名 者 . [3b*1*9]\nTự cổ chỉ lập nhất nhân dĩ chủ nội trị nhi dĩ, vị văn hữu ngũ kì danh giả.\n先 皇 無 稽 古 學 而 當 時 帬 臣 又 無 匡 正 之 者 𦤶 使 溺 私 並 立 五 后 . [3b*2*10]\nTiên Hoàng vô kê cổ học, nhi đương thời quần thần hựu vô khuông chính chi giả, trí sử nịch tư, tịnh lập ngũ hậu.\n下 至 黎 李 二 家 亦 多 效 而 行 之 由 先 皇 始 唱 其 亂 階 也 . [3b*3*17]\nHạ chí Lê, Lí nhị gia, diệc đa hiệu nhi hành chi, do Tiên Hoàng thuỷ xướng kì loạn giai dã.\n辛 未 二 年 宋 開 寳 四 年 . [3b*6*1]\nTân Mùi, nhị niên [Tống Khai Bảo tứ niên].\n初 定 文 武 僧 道 . [3b*6*10]\nSơ định văn vũ, tăng đạo.\n以 阮 匐 爲 定 國 公 劉 基 爲 都 護 府 士 師 黎 桓 爲 十 道 將 軍 僧 綂 吳 真 流 賜 號 匡 越 大 師 張 麻 尼 爲 僧 錄 道 士 鄧 玄 光 授 崇 真 威 儀 . [3b*6*17]\nDĩ Nguyễn Bặc vi Định quốc công; Lưu Cơ vi Đô hộ phủ sĩ sư; Lê Hoàn vi Thập đạo tướng quân; Tăng Thống, Ngô Chân Lưu tứ hiệu Khuông Việt Đại Sư; Trương Ma Ni vi Tăng lục; Đạo sĩ Đặng Huyền Quang thụ Sùng chân uy nghi.\n以 明 珠 公 主 嫁 陳 升 封 升 駙 馬 都 尉 . [3b*9*6]\nDĩ Minh Châu công chúa giá Trần Thăng, phong Thăng Phò mã đô uý.\n",
    "url": "/data/image_dvsk/ban_ky_toan_thu/quyen1/DVSKTT_ban_toan_I_3b.jpg"
  },
  {
    "text": "壬 申 三 年 宋 開 寳 五 年 . [4a*1*1]\nNhâm Thân, tam niên [Tống Khai Bảo ngũ niên].\n遣 南 越 王 璉 聘 于 宋 . [4a*1*10]\nKhiển Nam Việt Vương Liễn sính vu Tống.\n癸 酉 四 年 宋 開 寳 六 年 . [4a*2*1]\nQuý Dậu, tứ niên [Tống Khai Bảo lục niên].\n南 越 王 璉 使 桓 . [4a*2*10]\nNam Việt Vương Liễn sứ hoàn.\n宋 遣 使 封 帝 爲 交 趾 郡 王 璉 檢 校 太 師 靜 海 軍 節 度 使 安 南 都 護 . [4a*2*17]\nTống khiển sứ phong đế vi Giao Chỉ Quận Vương, Liễn Kiểm hiệu thái sư Tĩnh Hải quân tiết độ sứ An Nam đô hộ.\n制 詞 畧 曰 世 爲 右 族 能 保 遐 方 志 慕 華 風 常 思 内 附 . [4a*4*1]\n[Chế từ lược viết: \"Thế vi hữu tộc, năng bảo hà phương, chí mộ Hoa phong, thường tư nội phụ.\n九 州 混 一 五 嶺 廓 清 遂 達 梯 航 乃 輸 聀 貢 . [4a*4*21]\nCửu châu hỗn nhất, Ngũ lĩnh quách thanh, toại đạt thê hàng, nãi thâu chức cống.\n嘉 令 子 稱 藩 之 意 賜 乃 父 裂 土 之 封 秩 以 維 師 疇 之 井 賦 . [4a*4*37]\nGia lệnh tử xưng phiên chi ý, tứ nãi phụ liệt thổ chi phong, trật dĩ duy sư, trù chi \"tỉnh phú\".\n用 褒 耆 德 𡸈 限 彛 章 . [4a*5*21]\nDụng bao kì đức, khởi hạn di chương].\n甲 戌 五 年 宋 開 寳 七 年 . [4a*6*1]\nGiáp Tuất, ngũ niên [Tống Khai Bảo thất niên].\n春 二 月 定 十 道 軍 一 道 十 軍 一 軍 十 旅 一 旅 十 卒 一 卒 十 伍 一 伍 十 人 各 戴 四 方 平 頂 帽 . [4a*6*10]\nXuân, nhị nguyệt, định thập đạo quân, nhất đạo thập quân, nhất quân thập lữ, nhất lữ thập tốt, nhất tốt thập ngũ, nhất ngũ thập nhân, các đái tứ phương bình đính mạo.\n其 帽 以 皮 爲 之 平 頂 四 邊 夾 縫 上 狹 下 寬 其 制 至 今 朝 𡸈 義 猶 存 後 代 因 之 . [4a*8*4]\n[Kì mạo dĩ bì vi chi, bình đính, tứ biên giáp phùng, thượng hiệp hạ khoan, kì chế chí kim triều khởi nghĩa do tồn, hậu đại nhân chi].\n皇 次 子 璿 生 . [4a*9*1]\nHoàng thứ tử Toàn sinh.\n",
    "url": "/data/image_dvsk/ban_ky_toan_thu/quyen1/DVSKTT_ban_toan_I_4a.jpg"
  },
  {
    "text": "乙 亥 六 年 宋 開 寳 八 年 . [4b*1*1]\nẤt Hợi, lục niên [Tống Khai Bảo bát niên].\n春 定 文 武 冠 服 . [4b*1*10]\nXuân, định văn vũ quan phục.\n遣 鄭 琇 遺 金 帛 犀 象 于 宋 . [4b*1*17]\nKhiển Trịnh Tú di kim bạch, tê tượng vu Tống.\n秋 宋 遣 鴻 臚 卿 高 保 緒 率 王 彦 符 齎 󰀋 加 授 南 越 王 璉 開 府 儀 同 三 司 檢 校 太 師 交 趾 郡 王 . [4b*2*6]\nThu, Tống khiển Hồng lô khanh Cao Bảo Tự suất Vương Ngạn Phù tê sách gia thụ Nam Việt Vương Liễn Khai phủ nghi đồng tam ti, Kiểm hiệu thái sư, Giao Chỉ Quận Vương.\n是 後 遣 使 如 宋 以 璉 爲 主 . [4b*4*3]\nThị hậu, khiển sứ như Tống dĩ Liễn vi chủ.\n丙 子 七 年 宋 開 寳 九 年 . [4b*5*1]\nBính Tí, thất niên [Tống Khai Bảo cửu niên.\n十 月 以 後 宋 太 宗 匡 義 太 平 興 國 元 年 . [4b*5*10]\nThập nguyệt dĩ hậu, Tống Thái Tông Khuông Nghĩa, Thái Bình Hưng Quốc nguyên niên].\n春 海 外 諸 國 商 舶 來 献 方 物 . [4b*5*25]\nXuân, hải ngoại chư quốc thương bạc lai hiến phương vật.\n遣 陳 元 泰 如 宋 報 聘 . [4b*6*7]\nKhiển Trần Nguyên Thái như Tống báo sính.\n冬 十 月 宋 太 組 崩 . [4b*6*15]\nĐông, thập nguyệt, Tống Thái Tổ băng.\n丁 丑 八 年 宋 太 平 興 國 二 年 . [4b*8*1]\nĐinh Sửu, bát niên [Tống Thái Bình Hưng Quốc nhị niên].\n遣 使 如 宋 賀 太 宗 即 位 . [4b*8*12]\nKhiển sứ như Tống hạ Thái Tông tức vị.\n戊 寅 九 年 宋 太 平 興 國 三 年 . [4b*9*1]\nMậu Dần, cửu niên [Tống Thái Bình Hưng Quốc tam niên].\n春 正 月 地 震 . [4b*9*12]\nXuân, chính nguyệt, địa chấn.\n立 少 子 項 郎 . [4b*9*18]\nLập thiếu tử Hạng Lang..\n",
    "url": "/data/image_dvsk/ban_ky_toan_thu/quyen1/DVSKTT_ban_toan_I_4b.jpg"
  },
  {
    "text": "爲 皇 太 子 封 次 子 璿 爲 衛 王 . [5a*1*1]\nvi Hoàng Thái tử, phong thứ tử Toàn vi Vệ Vương.\n二 月 雨 雹 . [5a*1*12]\nNhị nguyệt, vũ bạo.\n夏 六 月 旱 . [5a*1*16]\nHạ, lục nguyệt, hạn.\n己 卯 十 年 宋 太 平 興 國 四 年 . [5a*3*1]\nKỉ Mão, thập niên [Tống Thái Bình Hưng Quốc tứ niên].\n春 南 越 王 璉 殺 皇 太 子 項 郎 . [5a*3*12]\nXuân, Nam Việt Vương Liễn sát Hoàng Thái tử Hạng Lang.\n璉 帝 長 子 微 時 常 預 難 苦 及 定 天 下 帝 意 欲 傳 位 即 封 爲 南 越 王 又 賞 請 命 受 封 于 宋 . [5a*4*1]\nLiễn đế trưởng tử, vi thời thường dự nạn khổ, cập định thiên hạ, đế ý dục truyền vị, tức phong vi Nam Việt Vương, hựu thưởng thỉnh mệnh thụ phong vu Tống.\n後 帝 生 少 子 項 郎 尤 鍾 愛 之 立 爲 太 子 . [5a*5*15]\nHậu đế sinh thiếu tử Hạng Lang, vưu chung ái chi, lập vi thái tử.\n璉 以 是 不 平 使 人 陰 殺 之 . [5a*6*11]\nLiễn dĩ thị bất bình, sử nhân âm sát chi.\n史 臣 吳 士 連 曰 繼 世 以 嫡 萬 世 常 經 拂 是 經 者 未 有 不 𦤶 亂 也 . [5a*8*1]\nSử thần Ngô Sĩ Liên viết: Kế thế dĩ đích, vạn thế thường kinh, phất thị kinh giả, vị hữu bất trí loạn dã.\n間 因 世 亂 立 太 子 則 先 有 功 其 . [5a*9*7]\nGian nhân thế loạn lập thái tử, tắc tiên hữu công, kì..\n",
    "url": "/data/image_dvsk/ban_ky_toan_thu/quyen1/DVSKTT_ban_toan_I_5a.jpg"
  },
  {
    "text": "或 嫡 長 過 惡 廢 之 然 後 立 次 . [5b*1*1]\nhoặc đích trưởng quá ác phế chi, nhiên hậu lập thứ.\n此 處 變 而 得 其 宜 也 古 人 皆 已 行 之 矣 . [5b*1*12]\nThử xử biến nhi đắc kì nghi dã, cổ nhân giai dĩ hành chi hĩ.\n南 越 王 璉 長 且 有 功 未 聞 過 矣 . [5b*2*9]\nNam Việt Vương Liễn, trưởng thả hữu công, vị văn quá hĩ.\n先 皇 乃 愛 少 子 而 忘 其 嫡 謂 足 以 伸 鍾 愛 之 情 不 知 適 以 害 之 也 . [5b*3*3]\nTiên hoàng nãi ái thiếu tử nhi vong kì đích, vị túc dĩ thân chung ái chi tình, bất tri thích dĩ hại chi dã.\n而 璉 之 忍 心 至 殺 其 弟 天 倫 滅 矣 其 禍 至 於 殞 身 以 及 其 父 𡸈 不 烈 矣 哉 不 然 杜 釋 大 恶 何 由 而 萌 以 符 讖 語 也 . [5b*4*10]\nNhi Liễn chi nhẫn tâm, chí sát kì đệ, thiên luân diệt hĩ, kì hoạ chí ư vẫn thân, dĩ cập kì phụ, khởi bất liệt hĩ tai! Bất nhiên Đỗ Thích đại ác, hà do nhi manh dĩ phù sấm ngữ dã?.\n冬 十 月 秪 候 内 人 杜 釋 弑 帝 于 宫 庭 . [5b*7*1]\nĐông, thập nguyệt, Chi hầu nội nhân Đỗ Thích thí đế vu cung đình.\n定 國 公 阮 匐 等 誅 之 . [5b*7*15]\nĐịnh quốc công Nguyễn Bặc đẳng tru chi.\n先 是 釋 爲 桐 䦕 吏 夜 卧 橋 上 忽 流 星 入 口 釋 以 爲 休 徵 遂 萌 弑 心 . [5b*8*5]\nTiên thị Thích vi Đồng Quan lại, dạ ngoạ kiều thượng, hốt lưu tinh nhập khẩu, Thích dĩ vi hưu trưng, toại manh thí tâm.\n至 是 乘 帝 夜 宴 醉 卧 庭 . [5b*9*11]\nChí thị, thừa đế dạ yến, tuý ngoạ đình..\n",
    "url": "/data/image_dvsk/ban_ky_toan_thu/quyen1/DVSKTT_ban_toan_I_5b.jpg"
  },
  {
    "text": "中 遂 殺 之 害 及 南 越 王 璉 . [6a*1*1]\ntrung, toại sát chi, hại cập Nam Việt Vương Liễn.\n時 捕 賊 甚 急 釋 潜 伏 于 宮 霤 踰 三 日 渴 甚 遇 雨 以 手 盛 水 而 飲 宫 女 見 之 以 吿 . [6a*1*11]\nThời bổ tặc thậm cấp, Thích tiềm phục vu cung lựu, du tam nhật khát thậm, ngộ vũ dĩ thủ thịnh thuỷ nhi ẩm, cung nữ kiến chi dĩ cáo.\n定 國 公 阮 匐 使 人 收 斬 之 碎 其 骨 臠 其 肉 分 與 國 人 食 之 不 争 啖 焉 . [6a*2*19]\nĐịnh quốc công Nguyễn Bặc sử nhân thu trảm chi, toái kì cốt, loan kì nhục, phân dữ quốc nhân thực chi, bất tranh đạm yên.\n初 帝 微 時 嘗 漁 于 膠 水 江 綱 得 大 圭 觸 頭 闕 其 角 . [6a*4*5]\nSơ đế vi thời, thường ngư vu Giao Thuỷ giang, cương đắc đại khuê, xúc đầu khuyết kì giác.\n是 夜 投 膠 水 寺 宿 藏 圭 于 魚 筥 底 待 明 是 賣 魚 . [6a*5*5]\nThị dạ đầu Giao Thuỷ tự túc, tàng khuê vu ngư cử để, đãi minh thị mại ngư.\n時 帝 方 熟 睡 其 筥 有 異 光 寺 僧 起 問 故 帝 言 乃 以 圭 示 之 . [6a*6*4]\nThời đế phương thục thuỵ, kì cử hữu dị quang, tự tăng khởi vấn cố, đế ngôn nãi dĩ khuê thị chi.\n僧 嘆 曰 吾 子 他 日 富 貴 不 可 言 但 長 耳 . [6a*7*7]\nTăng thán viết: \"Ngô tử tha nhật phú quý bất khả ngôn, đãn trường nhĩ\".\n又 於 太 平 五 年 得 讖 文 曰 杜 弑 弑 丁 丁 黎 家 出 聖 明 兢 頭 多 宏 兒 道 路 絶 人 行 . [6a*8*3]\nHựu ư Thái Bình ngũ niên, đắc sấm văn viết: \"Đỗ Thích thí Đinh Đinh, Lê gia xuất thánh minh, cạnh đầu đa hoằng nhi, đạo lộ tuyệt nhân hành.\n十 二 稱 大 王 十 恶 無 一 善 . [6a*9*12]\nThập nhị xưng đại vương, thập ác vô nhất thiện,..\n",
    "url": "/data/image_dvsk/ban_ky_toan_thu/quyen1/DVSKTT_ban_toan_I_6a.jpg"
  },
  {
    "text": "十 八 子 登 僊 計 都 二 十 天 . [6b*1*1]\nthập bát tử đăng tiên, kế đô nhị thập thiên\".\n人 以 爲 天 數 自 定 云 . [6b*1*11]\nNhân dĩ vi thiên số tự định vân.\n時 定 國 公 阮 匐 外 甲 丁 佃 與 十 道 將 軍 黎 桓 奉 衛 王 璿 即 皇 帝 位 尊 帝 曰 先 皇 帝 尊 親 生 母 楊 氏 爲 皇 太 后 . [6b*2*1]\nThời Định quốc công Nguyễn Bặc, Ngoại Giáp Đinh Điền, dữ Thập đạo tướng quân Lê Hoàn phụng vệ Vương Toàn tức Hoàng Đế vị, tôn đế viết Tiên Hoàng Đế, tôn thân sinh mẫu Dương thị vi Hoàng thái hậu.\n奉 先 皇 帝 柩 塟 長 焉 山 陵 . [6b*5*1]\nPhụng Tiên Hoàng đế cữu táng Trường Yên sơn lăng.\n史 臣 吳 士 連 曰 帝 王 之 興 未 有 不 本 於 天 者 也 . [6b*6*1]\nSử thần Ngô Sĩ Liên viết: Đế vương chi hưng, vị hữu bất bản ư thiên giả dã.\n然 聖 人 不 恃 其 命 之 在 天 而 尤 盡 其 事 之 在 我 . [6b*7*1]\nNhiên thánh nhân bất thị kì mệnh chi tại thiên, nhi vưu tận kì sự chi tại ngã.\n事 既 濟 矣 尤 思 患 而 豫 防 之 . [6b*8*1]\nSự ký tế hĩ, vưu tư hoạn nhi dự phòng chi.\n禮 樂 刑 政 之 脩 所 以 防 人 心 也 . [6b*8*12]\nLễ nhạc hình chính chi tu, sở dĩ phòng nhân tâm dã.\n重 門 擊 析 之 設 所 以 待 暴 客 也 . [6b*9*6]\nTrùng môn kích tích chi thiết, sở dĩ đãi bạo khách dã.\n盖 . [6b*9*18]\nCáị.\n",
    "url": "/data/image_dvsk/ban_ky_toan_thu/quyen1/DVSKTT_ban_toan_I_6b.jpg"
  }
]