[
  {
    "text": "以 人 欲 無 盡 世 故 無 涯 不 待 不 豫 爲 之 防 . [7a*1*1]\ndĩ nhân dục vô tận, thế cố vô nhai, bất đãi bất dự vi chi phòng.\n其 爲 後 慮 遠 矣 貽 厥 孫 謀 亦 於 是 乎 在 . [7a*1*17]\nKì vi hậu lự viễn hĩ, di quyết tôn mưu diệc ư thị hồ tại.\n故 先 皇 之 不 善 終 由 人 事 之 未 盡 非 天 命 之 不 祐 也 . [7a*2*14]\nCố Tiên Hoàng chi bất thiện chung, do nhân sự chi vị tận, phi thiên mệnh chi bất hựu dã.\n惟 其 不 善 終 使 圖 讖 之 説 勝 後 世 不 能 無 惑 焉 . [7a*3*16]\nDuy kì bất thiện chung, sử đồ sấm chi thuyết thắng, hậu thế bất năng vô hoặc yên.\n廢 帝 . [7a*5*1]\nPhế Đế.\n諱 璿 先 皇 次 子 也 在 降 封 衛 王 壽 十 八 歲 位 八 月 黎 氏 篡 位 帝 以 幼 冲 之 年 嗣 艱 大 之 業 強 臣 攝 政 國 内 離 心 丁 氏 遂 亡 . [7a*5*3]\nHuý Toàn, [Tiên Hoàng thứ tử dã, tại giáng phong Vệ Vương, thọ thập bát tuế. vị bát nguyệt. Lê thị soán vị Đế dĩ ấu trùng chi niên, tự gian đại chi nghiệp, cường thần nhiếp chính, quốc nội li tâm, Đinh thị toại vong].\n帝 自 位 年 方 六 歲 . [7a*7*1]\nĐế tự vị niên phương lục tuế.\n黎 桓 攝 政 行 周 公 居 攝 之 事 自 稱 副 王 . [7a*7*8]\nLê Hoàn nhiếp chính, hành Chu Công cư nhiếp chi sự, tự xưng Phó vương.\n定 國 公 阮 匐 外 甲 丁 佃 范 盍 等 疑 桓 將 不 利 於 孺 子 乃 相 率 起 兵 分 水 陸 二 道 欲 向 京 師 誅 . [7a*8*4]\nĐịnh quốc công Nguyễn Bặc, Ngoại giáp Đinh Điền, Phạm Hạp đẳng nghi Hoàn tương bất lợi ư nhụ tử, nãi tương suất khởi binh, phân thuỷ lục nhị đạo, dục hướng kinh sư tru..\n",
    "url": "/data/image_dvsk/ban_ky_toan_thu/quyen1/DVSKTT_ban_toan_I_7a.jpg"
  },
  {
    "text": "桓 不 克 死 之 . [7b*1*1]\nHoàn, bất khắc, tử chi.\n先 是 佃 匐 起 兵 太 后 聞 之 惧 謂 桓 曰 匐 等 稱 兵 唱 亂 驚 我 國 家 . [7b*1*6]\nTiên thị, Điền Bặc khởi binh, Thái hậu văn chi, cụ vị Hoàn viết: \"Bặc đẳng xưng binh xướng loạn, kinh ngã quốc gia.\n帝 幼 弱 未 堪 多 難 公 等 圖 之 毋 貽 後 患 . [7b*2*11]\nĐế ấu nhược vị kham đa nạn, công đẳng đồ chi, vô di hậu hoạn\".\n桓 曰 臣 居 攝 副 死 生 禍 變 當 任 其 責 . [7b*3*7]\nHoàn viết: \"Thần cư nhiếp Phó, tử sinh hoạ biến, đương nhiệm kì trách\".\n於 是 整 旅 與 佃 匐 戰 于 西 都 桓 愛 州 人 都 華 閭 故 史 號 愛 州 爲 西 . [7b*4*2]\nƯ thị chỉnh lữ, dữ Điền Bặc chiến vu Tây Đô [Hoàn Ái Châu nhân, đô Hoa Lư, cố sử hiệu Ái Châu vi Tây Đô].\n佃 匐 敗 比 復 以 舟 師 出 戰 . [7b*5*1]\nĐiền, Bặc bại bí, phục dĩ chu sư xuất chiến.\n桓 因 風 縱 火 焚 其 戰 艦 斬 佃 于 陣 執 匐 檻 送 京 師 讓 之 曰 先 帝 懼 難 神 人 尙 爲 憤 羞 . [7b*5*11]\nHoàn nhân phong túng hoả phần kì chiến hạm, trảm Điền vu trận, chấp Bặc giám tống Kinh sư, nhượng chi viết: \"Tiên Đế cụ nạn, thần nhân thượng vi phẫn tu.\n汝 爲 臣 子 乃 乘 其 喪 亂 背 義 興 兵 . [7b*7*6]\nNhữ vi thần tử nãi thừa kì tang loạn, bội nghĩa hưng binh.\n臣 子 之 職 固 如 是 乎 遂 斬 以 徇 . [7b*7*19]\nThần tử chi chức cố như thị hồ?\" Toại trảm dĩ tuẫn.\n佃 匐 既 子 笵 盍 軍 氣 沮 奔 潰 于 北 江 吉 利 鄕 . [7b*8*12]\nĐiền, Bặc ký tử, Phạm Hạp quân khí tự, bôn hội vu Bắc Giang, Cát Lợi Hương.\n桓 率 師 追 之 生 擒 范 盍 󰆕 . [7b*9*10]\nHoàn suất sư truy chi, sinh cầm Phạm Hạp quy..\n",
    "url": "/data/image_dvsk/ban_ky_toan_thu/quyen1/DVSKTT_ban_toan_I_7b.jpg"
  },
  {
    "text": "京 師 . [8a*1*1]\nKinh Sư.\n史 臣 吳 士 連 曰 周 公 以 王 室 懿 親 輔 幼 君 不 免 有 留 言 之 譖 . [8a*2*1]\nSử thần Ngô Sĩ Liên viết: Chu Công dĩ vương thất ý thân, phụ ấu quân bất miễn hữu lưu ngôn chi tiếm.\n黎 桓 異 姓 之 卿 手 握 兵 權 行 周 公 之 事 常 情 猶 疑 况 阮 匐 位 居 首 相 丁 佃 同 姓 之 卿 乎 其 起 兵 非 稱 亂 也 一 心 左 桓 爲 丁 氏 也 誅 桓 不 克 而 子 死 得 其 所 矣 . [8a*3*6]\nLê Hoàn dị tính chi khanh, thủ ốc binh quyền, hành Chu Công chi sự, thường tình do nghi, huống Nguyễn Bặc vị cư thủ tướng, Đinh Điền đồng tính chi khanh hồ? Kì khởi binh phi xưng loạn dã, nhất tâm tá Hoàn vị Đinh thị dã, tru Hoàn bất khắc nhi tử, tử đắc kì sở hĩ.\n今 觀 大 行 數 匐 之 辭 有 若 自 状 . [8a*6*11]\nKim quan Đại Hành sổ Bặc chi từ, hữu nhược tự trạng.\n匐 子 之 時 必 有 一 言 以 伸 其 義 史 不 見 書 失 之 也 . [8a*7*5]\nBặc tử chi thời, tất hữu nhất ngôn dĩ thân kì nghĩa, sử bất kiến thư, thất chi dã.\n駙 馬 吳 日 慶 引 占 城 舟 師 千 餘 船 入 寇 欲 攻 華 . [8a*9*1]\nPhò mã Ngô Nhật Khánh dẫn Chiêm Thành chu sư thiên dư thuyền nhập khấu, dục công Hoa..\n",
    "url": "/data/image_dvsk/ban_ky_toan_thu/quyen1/DVSKTT_ban_toan_I_8a.jpg"
  },
  {
    "text": "閭 城 經 大 𪅴 小 康 二 海 口 踰 一 宿 會 暴 風 起 舟 皆 覆 没 日 慶 及 占 人 溺 死 惟 其 王 舟 僅 得 還 國 . [8b*1*1]\nLư thành, kinh Đại Ác, Tiểu Khang nhị hải khẩu, du nhất túc, hội bạo phong khởi, chu giai phúc một, Nhật Khánh cập Chiêm nhân nịch tử, duy kì vương chu cẩn đắc hoàn quốc.\n日 慶 吳 先 主 權 之 後 初 稱 安 王 與 十 二 使 君 各 㨿 其 地 . [8b*2*18]\nNhật Khánh, Ngô Tiên chúa Quyền chi hậu, sơ xưng An Vương, dữ Thập nhị sứ quân các cứ kì địa.\n先 皇 平 之 以 其 母 爲 後 妹 爲 南 越 王 璉 夫 人 猶 恐 生 變 又 以 公 主 妻 之 欲 室 其 怨 望 之 心 . [8b*4*1]\nTiên Hoàng bình chi, dĩ kì mẫu vi hậu, muội vi Nam Việt Vương Liễn phu nhân, do khủng sinh biến, hựu dĩ công chúa thê chi, dục thất kì oán vọng chi tâm.\n而 日 慶 外 則 言 笑 自 若 内 懷 不 平 遂 挈 其 妻 奔 占 城 扺 南 界 海 口 引 佩 刀 斫 妻 臉 數 之 曰 汝 父 欺 脅 我 母 子 我 𡸈 以 汝 而 忘 汝 父 之 惡 哉 汝 還 歸 我 他 適 以 求 能 救 我 者 . [8b*5*16]\nNhi Nhật Khánh ngoại tắc ngôn tiếu, tự nhược nội hoài bất bình, toại khiết kì thê bôn Chiêm Thành, chỉ Nam giới hải khẩu, dẫn bội đao chước thê kiểm sổ chi viết: \"Nhữ phụ khi hiếp ngã mẫu tử, ngã khởi dĩ nhữ nhi vong nhữ phụ chi ác tai? Nhữ hoàn quy, ngã tha thích dĩ cầu năng cứu ngã giả\".\n言 訖 遂 往 . [8b*9*4]\nNgôn hất toại vãng.\n至 是 聞 先 皇 崩 引 占 人 入 寇 . [8b*9*8]\nChí thị văn Tiên Hoàng băng, dẫn Chiêm nhân nhập khấu.\n",
    "url": "/data/image_dvsk/ban_ky_toan_thu/quyen1/DVSKTT_ban_toan_I_8b.jpg"
  },
  {
    "text": "庚 辰 十 一 年 廢 帝 仍 太 平 行 天 福 元 年 年 號 七 月 以 後 黎 大 宋 太 平 興 國 五 年 . [9a*1*1]\nCanh Thi`n, tha^.p nha^'t nie^n [Phe^' DDe^' nhu+ng Tha'i Bi`nh Ha`nh Thie^n Phu'c nguye^n nie^n. nie^n hie^.u, tha^'t nguye^.t di~ ha^.u Le^ DDa.i To^'ng Tha'i Bi`nh Hu+ng Quo^'c ngu~ nie^n].\n夏 六 月 宋 知 邕 州 太 常 博 士 侯 仁 寳 上 言 於 宋 帝 曰 安 南 郡 王 及 其 子 璉 皆 被 弑 其 國 垂 亡 可 因 此 時 以 偏 師 取 之 . [9a*1*31]\nHa., lu.c nguye^.t, To^'ng Tri Ung Cha^u Tha'i thu+o+`ng ba'c si~ Ha^`u Nha^n Ba?o thu+o+.ng ngo^n u+ To^'ng DDe^' vie^'t: \"An Nam qua^.n vu+o+ng ca^.p ki` tu+? Lie^~n giai bi. thi', ki` quo^'c thuy` vong, kha? nha^n thu+? tho+`i di~ thie^n su+ thu? chi\\.\n舍 今 不 圖 恐 失 機 會 . [9a*4*6]\nXa? kim ba^'t ddo^`, khu?ng tha^'t co+ ho^.i\\.\n請 詣 闕 面 陳 可 取 之 状 . [9a*4*14]\nThi?nh nghe^. khuye^'t die^.n tra^`n kha? thu? chi tra.ng\".\n令 馳 驛 召 之 . [9a*5*4]\nLe^.nh tri` di.ch trie^.u chi\\.\n盧 多 遜 曰 安 南 内 擾 此 天 亡 之 秋 朝 廷 出 其 不 意 用 兵 襲 擊 所 謂 疾 雷 不 及 掩 耳 . [9a*5*9]\nLu+ DDa To^'n vie^'t: \"An Nam no^.i nhie^~u, thu+? thie^n vong chi thu, trie^`u ddi`nh xua^'t ki` ba^'t y' du.ng binh ta^.p ki'ch, so+? vi. \"ta^.t lo^i ba^'t ca^.p ye^?m nhi~'.\n若 先 召 仁 寳 其 謀 必 泄 彼 因 知 之 負 山 阻 海 爲 備 勝 負 之 勢 未 可 知 也 . [9a*7*2]\nNhu+o+.c tie^n trie^.u Nha^n Ba?o, ki` mu+u ta^'t tie^'t, bi? nha^n tri chi, phu. so+n tro+? ha?i vi bi., tha('ng phu. chi the^', vi. kha? tri da~.\n不 如 授 仁 寳 以 m a t - c h u 輓 之 任 因 令 經 度 其 事 選 將 發 荆 湖 士 卒 三 萬 人 長 驅 而 . [9a*8*10]\nBa^'t nhu+ thu. Nha^n Ba?o di~ mat-chu va~n chi nhie^.m, nha^n le^.nh kinh ddo^. ki` su+., tuye^?n tu+o+'ng pha't Kinh Ho^` si~ to^'t tam va.n nha^n tru+o+`ng khu nhi\\..\n",
    "url": "/data/image_dvsk/ban_ky_toan_thu/quyen1/DVSKTT_ban_toan_I_9a.jpg"
  },
  {
    "text": "往 勢 出 萬 全 摧 枯 拉 朽 必 無 亡 矢 遺 鏃 之 患 . [9b*1*1]\nvãng thế, xuất vạn toàn thôi khô lạp hủ, tất vô vong thỉ di thốc chi hoạn\".\n宋 帝 以 爲 然 . [9b*1*18]\nTống đế dĩ vi nhiên.\n秋 七 月 丁 未 宋 以 侯 仁 寳 爲 交 州 陸 路 水 路 轉 運 使 蘭 陵 團 練 使 孫 全 興 漆 作 使 郝 守 俊 鞍 轡 庫 使 陳 欽 祚 左 監 門 將 軍 崔 亮 爲 邕 州 路 兵 馬 都 部 署 寕 州 刺 史 劉 澄 軍 噐 庫 副 使 賈 湜 供 奉 官 閤 門 祇 候 王 僎 爲 廣 州 路 兵 馬 都 部 署 會 兵 四 起 約 日 來 侵 . [9b*2*4]\nThu, thất nguyệt, Đinh Mùi, Tống dĩ Hầu Nhân Bảo vi Giao Châu lục lộ thuỷ lộ chuyển vận sứ, Lan Lăng Đoàn Luyện sứ Tôn Toàn Hưng, Tất tác sứ Hác Thủ Tuấn, Yên Bí khố sứ Trần Khâm Tộ, Tả Giám môn tướng quân Thôi Lượng vi Ung Châu Lộ binh mã đô bộ thự, Ninh châu Thứ sử Lưu Trừng, Quân khí khố phó sứ Giả Thực, Cung phụng quan cáp môn chi hậu Vương Soạn vi Quảng Châu Lộ binh mã đô bộ thự, hội binh tứ khởi, ước nhật lai xâm.\n時 諒 州 聞 宋 兵 將 至 具 以 状 聞 . [9b*7*6]\nThời, Lạng Châu văn Tống binh tương chí, cụ dĩ trạng văn.\n太 后 遣 黎 桓 選 勇 士 拒 之 以 南 󰀋 江 人 范 巨 俩 爲 大 將 軍 . [9b*7*18]\nThái hậu khiển Lê Hoàn tuyển dũng sĩ cự chi, dĩ Nam Sách Giang nhân Phạm Cự Lạng vi Đại tướng quân.\n方 畫 策 出 師 巨 俩 與 諸 將 軍 各 被 戎 服 直 入 府 . [9b*9*2]\nPhương hoạch sách xuất sư, Cự Lạng dữ chư tướng quân các bị nhung phục trực nhập phủ,..\n",
    "url": "/data/image_dvsk/ban_ky_toan_thu/quyen1/DVSKTT_ban_toan_I_9b.jpg"
  },
  {
    "text": "中 謂 眾 曰 夫 賞 有 功 而 誅 不 用 命 行 師 之 明 法 . [10a*1*1]\ntrung vị chúng viết: \"Phu thưởng hữu công nhi tru bất dụng, mệnh hành sư chi minh pháp.\n今 主 上 幼 弱 我 眾 雖 竭 死 力 禦 外 侮 脱 有 尺 寸 之 功 其 誰 知 之 不 如 先 󰀋 十 道 爲 天 子 然 後 出 師 可 也 . [10a*1*19]\nKim chúa thượng ấu nhược, ngã chúng tuy kiệt tử lực ngự ngoại vũ, thoát hữu xích thốn chi công, kì thuỳ tri chi? Bất như tiên sách Thập đạo vi thiên tử, nhiên hậu xuất sư khả dã\".\n軍 士 聞 之 󰦭 呼 萬 歲 . [10a*4*1]\nQuân sĩ văn chi, hàm hô \"vạn tuế\".\n太 后 見 眾 心 悅 服 命 以 龍 衮 加 桓 身 請 即 帝 位 . [10a*4*9]\nThái hậu kiến chúng tâm duyệt phục, mệnh dĩ long cổn gia Hoàn thân, thỉnh tức đế vị.\n桓 於 是 即 皇 帝 位 改 元 天 福 元 年 降 封 帝 仍 爲 衛 王 . [10a*5*8]\nHoàn ư thị tức Hoàng đế vị, cải nguyên Thiên Phúc nguyên niên, giáng phong đế nhưng vi Vệ Vương.\n追 封 帝 父 爲 長 興 王 母 鄧 氏 爲 皇 太 后 . [10a*6*9]\nTruy phong đế phụ vi Trường Hưng Vương, mẫu Đặng thị vi Hoàng Thái hậu.\n八 月 宋 帝 下 詔 出 師 來 侵 遣 盧 多 遜 賫 書 告 曰 夫 中 夏 之 於 蠻 貊 猶 人 身 之 有 四 肢 也 運 動 伸 縮 随 諸 人 心 故 曰 心 爲 主 之 謂 也 . [10a*7*6]\nBát nguyệt, Tống đế hạ chiếu xuất sư lai xâm, khiển Lư Đa Tốn tê thư cáo viết: \"Phù Trung Hạ chi ư Man Mạch, do nhân thân chi hữu tứ chi dã, vận động thân súc tuỳ chư nhân tâm, cố viết tâm vi chủ chi vị dã.\n苟 一 . [10a*9*18]\nCẩu nhất..\n",
    "url": "/data/image_dvsk/ban_ky_toan_thu/quyen1/DVSKTT_ban_toan_I_10a.jpg"
  },
  {
    "text": "手 一 足 之 間 血 脉 有 滯 筋 骸 不 寕 則 藥 餌 以 . [10b*1*1]\nthủ nhất túc chi gian huyết mạch hữu trệ, cân hài bất ninh, tắc dược nhĩ dĩ.\n攻 之 未 效 則 又 鍼 砭 以 達 之 非 不 知 藥 餌 之 苦 口 而 鍼 砭 之 破 膚 也 . [10b*1*18]\nCông chi vị hiệu, tắc hựu châm biếm dĩ đạt chi, phi bất tri dược nhĩ chi khổ khẩu, nhi châm biếm chi phá phu dã.\n盖 以 所 損 者 寡 而 所 益 者 多 . [10b*3*6]\nCái dĩ sở tổn giả quả, nhi sở ích giả đa.\n君 天 下 者 其 猶 是 歟 故 我 太 祖 皇 帝 受 襌 于 周 改 國 曰 宋 清 明 文 物 一 變 及 古 居 帝 王 之 位 示 蠻 貊 之 病 . [10b*3*17]\nQuân thiên hạ giả kì do thị dư? Cố ngã Thái Tổ hoàng đế thụ thiền vu Chu, cải quốc viết Tống, thanh minh văn vật, nhất biến cập cổ, cư đế vương chi vị thị Man Mạch chi bệnh.\n故 一 二 之 歲 藥 荆 蜀 餌 湘 潭 三 四 之 歲 鍼 廣 越 貶 吳 楚 筋 骸 血 脉 油 然 少 康 . [10b*5*19]\nCố nhất nhị chi tuế, dược Kinh, Thục, nhĩ Tương, Đàm; tam tứ chi tuế, châm Quảng, Việt, biếm Ngô Sở, cân hài huyết mạch du nhiên thiếu khang.\n爲 王 者 神 機 睿 智 疇 能 至 此 乎 洎 我 自 守 丕 基 躬 覧 庶 政 以 爲 汾 并 者 心 腹 之 疾 苟 心 腹 未 治 四 肢 安 能 治 乎 於 是 練 仁 義 之 . [10b*7*10]\nVi vương giả thần cơ duệ trí trù năng chí thử hồ? Cập ngã tự thủ phi cơ, cung lãm thứ chính, dĩ vi Phần, Tinh giả tâm phúc chi tật, cẩu tâm phúc vị trị, tứ chi an năng trị hồ? Ư thị, luyện nhân nghĩa chi..\n",
    "url": "/data/image_dvsk/ban_ky_toan_thu/quyen1/DVSKTT_ban_toan_I_10b.jpg"
  },
  {
    "text": "藥 餌 脩 道 德 之 鍼 砭 大 療 于 汾 并 一 進 而 愈 九 州 四 海 既 康 且 寕 . [11a*1*1]\ndược nhĩ, tu đạo đức chi châm biếm, đại liệu vu Phần, Tinh nhất tiến nhi dũ, cửu châu tứ hải ký khang thả ninh.\n顧 爾 交 州 遠 在 天 末 實 五 服 之 外 . [11a*2*7]\nCố nhĩ Giao Châu, viễn tại thiên mạt, thực ngũ phục chi ngoại.\n而 四 肢 之 餘 譬 之 于 身 一 指 耳 雖 一 指 有 患 聖 人 得 無 念 乎 是 用 開 尔 昏 愚 被 我 聲 教 爾 其 從 乎 况 昔 在 成 周 白 雉 來 献 降 及 炎 漢 銅 柱 立 標 至 于 李 唐 常 爲 内 地 . [11a*3*1]\nNhi tứ chi chi dư, thí chi vu thân nhất chỉ nhĩ, tuy nhất chỉ hữu hoạn, thánh nhân đắc vô niệm hồ? Thị dụng khai nhĩ hôn ngu, bị ngã thanh giáo, nhĩ kì tòng hồ? Huống tích tại Thành Chu, bạch trĩ lai hiến, hàng cập Viêm Hán, đồng trụ lập tiêu; chí vu Lí Đường, thường vi nội địa.\n唐 末 多 難 未 遑 區 置 . [11a*6*6]\nĐường mạt đa nạn, vị hoàng khu trí.\n今 兹 聖 朝 仁 覆 萬 國 太 平 之 業 盖 亦 盛 矣 . [11a*6*14]\nKim tư thánh triều, nhân phú vạn quốc thái bình chi nghiệp, cái diệc thịnh hĩ.\n分 封 之 禮 將 以 脩 矣 俟 爾 至 止 康 乎 帝 躬 . [11a*7*11]\nPhân phong chi Lễ, tương dĩ tu hĩ, sĩ nhĩ chí chỉ khang hồ đế cung.\n爾 無 四 隅 爲 我 小 恙 俾 我 爲 截 幡 斷 節 之 計 用 屠 尔 國 悔 其 焉 追 矧 . [11a*8*8]\nNhĩ vô tứ ngung vi ngã tiểu dạng, tỉ ngã vi tiệt phan đoạn tiết chi kế, dụng đồ nhĩ quốc, hối kì yên truy thấn.\n夫 尔 水 生 珠 . [11a*9*15]\nPhù nhĩ thuỷ sinh châu..\n",
    "url": "/data/image_dvsk/ban_ky_toan_thu/quyen1/DVSKTT_ban_toan_I_11a.jpg"
  },
  {
    "text": "我 沉 于 泉 尔 山 孕 金 我 損 于 叢 非 利 尔 之 寳 也 . [11b*1*1]\nngã trầm vu tuyền; nhĩ sơn dựng kim, ngã tổn vu tùng, phi lợi nhĩ chi bảo dã.\n尔 民 沉 躍 野 也 人 我 有 車 馬 尔 民 鼻 飲 交 廣 山 蛮 今 猶 有 之 我 有 酒 食 用 革 尔 俗 也 尔 民 斷 髮 我 有 衣 冠 尔 民 鳥 言 我 有 詩 書 將 教 尔 禮 也 . [11b*1*19]\nNhĩ dân tròm dược [Dã dã], nhân ngã hữu xa mã; nhĩ dân tị ẩm [Giao Quảng sơn man kim do hữu chi], ngã hữu tửu thực, dụng cách nhĩ tục dã; nhĩ dân đoạn phátm ngã hữu y quan; nhĩ dân điểu ngôn, ngã hữu Thi Thư tương giáo nhĩ lễ dã.\n煌 煌 炎 州 煙 蒸 霧 𤌄 我 𢒎 堯 雲 洒 爲 甘 雨 . [11b*4*10]\nHoàng hoàng viêm châu, yên chưng vụ chử, ngã bưu Nghiêu vân sái vi cam vũ.\n湯 湯 海 瘴 雲 燒 石 鎔 我 張 舜 絃 扇 爲 熏 風 . [11b*5*7]\nThang thang hải chướng, vân thiêu thạch dung, ngã trương Thuấn huyền phiến vi huân phong.\n尔 天 星 辰 人 謂 不 識 我 回 紫 微 使 尔 拱 極 . [11b*6*4]\nNhĩ thiên tinh, thần nhân vị bất thức, ngã hồi tử vi sử nhĩ củng cực.\n尔 地 魑 魅 人 惧 其 恠 我 鑄 大 𣇄 使 之 不 害 . [11b*7*1]\nNhĩ địa si mị, nhân cụ kì quái, ngã chú đại đỉnh, sử chi bất hại.\n出 尔 島 夷 觀 明 堂 辟 雍 乎 脱 尔 卉 服 慕 華 衮 山 龍 乎 尔 其 來 乎 無 速 厥 辜 . [11b*7*17]\nXuất nhĩ đảo di, quan Minh đường, Bích Ung hồ? Thoát nhĩ tạp phục, mộ hoa cổn sơn long hồ? Nhĩ kì lai hồ, vô tốc quyết cô.\n方 將 整 其 車 徒 戒 其 鉦 皷 . [11b*9*7]\nPhương tương chỉnh kì xa đồ, giới kì chinh cổ.\n向 化 我 . [11b*9*17]\nHướng hoá ngã..\n",
    "url": "/data/image_dvsk/ban_ky_toan_thu/quyen1/DVSKTT_ban_toan_I_11b.jpg"
  },
  {
    "text": "其 赦 逆 命 我 其 伐 . [12a*1*1]\nkì xá, nghịch mệnh ngã kì phạt.\n向 背 吉 㐫 在 爾 審 之 . [12a*1*8]\nHướng bội cát hung, tại nhĩ thẩm chi\".\n舊 史 載 此 書 於 丁 紀 太 平 二 年 之 下 今 按 宜 在 此 . [12a*1*16]\n[Cựu sử tải thử thư ư Đinh Kỷ, Thái Bình nhị niên chi hạ, kim án nghi tại thử.\n宋 王 禹 称 所 譔 之 文 也 又 按 文 休 於 此 之 上 提 起 改 元 稱 帝 四 字 則 是 年 秋 爲 天 福 元 年 明 矣 . [12a*2*12]\nTống Vương Vũ Xứng sở soạn chi văn dã. Hựu án Văn Hưu ư thử chi thượng, đề khởi \"cải nguyên xưng đế\" tứ tự, tắc thị niên thu vi Thiên Phúc nguyên niên minh hĩ.\n又 書 中 云 我 太 祖 受 周 襌 我 嗣 守 丕 基 則 爲 宋 太 宗 之 書 明 矣 文 休 不 應 太 誤 而 紀 於 先 皇 之 世 盖 後 人 抄 錄 於 殘 編 斷 簡 之 餘 妄 意 竄 入 𦤶 誣 文 休 之 誤 耳 明 年 辛 巳 稱 天 福 元 年 安 知 非 由 失 此 簡 而 妄 改 耶 至 於 李 太 祖 則 即 位 在 歲 末 故 已 明 年 改 元 與 此 不 同 . [12a*3*10]\nHựu thư trung vân: \"Ngã Thái tổ thụ Chu thiền, ngã tự thủ phỉ cơ\", tắc vi Tống Thái Tông chi thư minh hĩ, Văn Hưu bất ứng Thái ngộ nhi kỷ ư Tiên Hoàng chi thế, cái hậu nhân sao lục ư tàn biên đoạn giản chi dư, vọng ý thoán nhập trí, vu Văn Hưu chi ngộ nhĩ. Minh niên Tân Tị xưng Thiên Phúc nguyên niên, an tri phi do thất thử giản nhi vọng cải da? Chí ư Lí Thái Tổ tắc tức vị tại tuế mạt, cố dĩ minh niên cải nguyên, dữ thử bất đồng].\n冬 十 月 帝 將 發 兵 先 遣 牙 校 江 巨 望 王 紹 祚 賫 書 于 宋 詐 爲 璿 書 求 襲 父 位 乞 賜 真 命 欲 以 緩 宋 師 . [12a*5*35]\nĐông, thập nguyệt, Đế tương phát binh, tiên khiển Nha hiệu Giang Cự Vọng, Vương Thiệu Tộ tê thư vu Tống, trá vi Toàn thư, cầu tập phụ vị, khất tứ chân mệnh, dục dĩ hoãn Tống sư.\n其 辞 曰 臣 父 某 兄 某 俱 荷 國 恩 忝 分 閫 寄 謹 保 風 界 改 有 背 違 汗 馬 之 勞 未 施 朝 露 之 悲 俄 至 臣 堂 構 相 󰱧 衰 裳 未 除 管 内 軍 民 將 吏 藩 裔 耆 耋 等 共 詣 苫 塊 之 中 俾 權 軍 旅 之 事 臣 懇 辞 數 四 請 逼 愈 堅 將 . [12a*7*19]\n[Kì từ viết: \"Thần phụ mỗ, huynh mỗ, câu hà quốc ân, thiểm phận khổn kí, cẩn bảo phong giới, cải hữu\n",
    "url": "/data/image_dvsk/ban_ky_toan_thu/quyen1/DVSKTT_ban_toan_I_12a.jpg"
  },
  {
    "text": "待 奏 陳 又 慮 󰏲 緩 山 野 獷 惡 之 俗 洞 壑 狡 猾 之 民 倘 不 徇 其 情 恐 或 生 異 變 . [12b*1*1]\nđãi tấu trần, hựu lự kê hoãn: sơn dã quánh ác chi tục, động hoác giảo hoạt chi dân, thảng bất tuẫn kì tình, khủng hoặc sinh dị biến.\n臣 謹 已 攝 節 度 行 軍 司 馬 權 領 州 軍 事 . [12b*1*30]\nThần cẩn dĩ nhiếp Tiết độ hành quân tư mã, quyền lĩnh châu quân sự.\n伏 望 假 以 真 命 令 備 列 藩 慰 微 臣 盡 忠 之 心 舉 聖 代 延 賞 之 典 . [12b*2*7]\nPhục vọng giả dĩ chân mệnh lệnh, bị liệt phiên uý vi thần, tận trung chi tâm, cử thánh đại diên thưởng chi điển\"].\n時 宋 方 責 帝 以 稱 帝 改 元 又 有 取 我 越 之 意 遣 張 宗 權 復 書 曰 丁 氏 傳 襲 三 世 朕 欲 以 璿 爲 統 帥 卿 副 之 . [12b*2*31]\nThời, Tống phương trách đế dĩ xưng đế cải nguyên, hựu hữu thủ ngã Việt chi ý, khiển Trương Tông Quyền phục thư viết: \"Đinh thị truyền tập tam thế, trẫm dục dĩ Toàn vi thống soái, khanh phó chi.\n若 璿 將 才 無 取 猶 有 童 心 宜 遣 子 母 及 親 属 來 歸 . [12b*4*19]\nNhược Toàn tương tài vô thủ, do hữu đồng tâm, nghi khiển tử mẫu cập thân thuộc lai quy.\n俟 其 入 朝 必 示 優 禮 却 授 卿 以 節 施 . [12b*5*19]\nSĩ kì nhập triều, tất thị ưu lễ, khước thụ khanh dĩ tiết thí.\n凣 茲 二 途 卿 宜 審 處 其 一 . [12b*6*14]\nPhàm tư nhị đồ, khanh nghi thẩm xử kì nhất\".\n帝 皆 不 聽 . [12b*7*5]\nĐế giai bất thính.\n右 丁 朝 二 帝 起 戊 辰 終 庚 辰 凣 十 三 年 . [12b*8*1]\nHữu Đinh triều nhị đế, khởi Mậu Thìn, chung Canh Thìn, phàm thập tam niên.\n黎 紀 . [12b*9*1]\nLê KỶ.\n",
    "url": "/data/image_dvsk/ban_ky_toan_thu/quyen1/DVSKTT_ban_toan_I_12b.jpg"
  }
]