[
  {
    "text": "大 行 皇 帝 . [13a*1*1]\nĐại Hành hoàng đế.\n姓 黎 諱 桓 愛 州 人 也 仕 丁 爲 十 道 將 軍 宋 師 來 侵 領 兵 出 拒 遂 代 丁 而 有 天 長 春 殿 . [13a*1*5]\nTính Lê, huý Hoàn, Ái Châu nhân dã, sĩ Đinh vi Thập đạo tướng quân; Tống sư lai xâm, lĩnh binh xuất cự, toại đại Đinh nhi hữu thiên Trường Xuân điện.\n下 在 位 二 十 四 年 壽 六 十 五 崩 于 帝 乘 内 姦 而 取 國 却 外 寇 以 安 民 海 内 晏 然 北 南 無 事 . [13a*2*7]\nhạ; tại vị nhị thập tứ niên, thọ lục thập ngũ, băng vu Đế thừa nội gian nhi thủ quốc, khước ngoại khấu dĩ an dân, hải nội yến nhiên, bắc nam vô sự.\n惜 其 見 儲 不 早 使 後 嗣 内 訌 以 至 於 亡 其 於 夫 婦 之 倫 多 有 慚 德 . [13a*3*10]\nTích kì kiến trữ bất tảo, sử hậu tự nội hồng, dĩ chí ư vong; kì ư phu phụ chi luân, đa hữu tàm đức].\n先 是 帝 父 覔 母 鄧 氏 初 懷 娠 夢 腹 中 生 蓮 花 俄 而 結 實 取 之 分 與 人 而 己 獨 不 食 及 覺 莫 察 其 故 . [13a*5*1]\nTiên thị đế phụ Mịch, mẫu Đặng thị, sơ hoài thần mộng phúc trung sinh liên hoa, nga nhi kết thực, thủ chi phân dữ nhân, nhi kỷ độc bất thực, cập giác mạc sát kì cố.\n以 晋 天 福 六 年 辛 丑 秋 七 月 十 五 日 誕 生 . [13a*7*6]\nDĩ Tấn Thiên Phúc lục niên, Tân Sửu, thu, thất nguyệt, thập ngũ nhật, đản sinh.\n鄧 氏 見 丰 好 異 常 示 人 曰 此 兒 長 成 恐 吾 不 及 享 其 祿 . [13a*8*6]\nĐặng thị kiến phong hảo dị thường, thị nhân viết: \"Thử nhi trưởng thành, khủng ngô bất cập hưởng kì lộc\".\n數 年 母 亡 父 亦 . [13a*9*11]\nSổ niên mẫu vong, phụ diệc..\n",
    "url": "/data/image_dvsk/ban_ky_toan_thu/quyen1/DVSKTT_ban_toan_I_13a.jpg"
  },
  {
    "text": "尋 卒 惸 音 煢 獨 也 然 一 身 孤 寒 萬 状 . [13b*1*1]\ntầm tốt, quỳnh [Âm quỳnh độc dã] nhiên nhất thân, cô hàn vạn trạng.\n本 州 有 黎 觀 察 者 見 而 異 之 曰 此 兒 資 格 非 庸 人 比 . [13b*1*15]\nBản châu hữu Lê quan sát giả, kiến nhi dị chi viết: \"Thử nhi tư cách, phi dung nhân tỉ\".\n復 以 同 姓 之 故 養 以 爲 子 朝 夕 撫 育 不 啻 己 出 常 遇 . [13b*3*1]\nPhục dĩ đồng tính chi cố, dưỡng dĩ vi tử, triêu tịch phủ dục, bất thí kỷ xuất thường ngộ.\n冬 寒 帝 覆 舂 擣 米 噐 也 . [13b*4*5]\nĐông hàn đế phúc thung [Đảo mễ khí dã].\n而 卧 . [13b*4*14]\nnhi ngoạ.\n是 夜 祥 光 盈 室 觀 察 潜 往 觀 之 乃 黃 龍 擁 其 上 也 由 是 愈 噐 之 . [13b*4*16]\nThị dạ, tường quang doanh thất, quan sát tiềm vãng quan chi, nãi hoàng long ủng kì thượng dã, do thị dũ khí chi.\n及 長 往 事 南 越 王 璉 倜 儻 有 大 志 . [13b*6*6]\nCập trưởng vãng sự Nam Việt Vương Liễn, thích thảng hữu đại chí.\n先 皇 嘉 其 智 勇 度 必 能 濟 事 遂 以 士 卒 二 千 人 與 之 累 迁 至 十 道 將 軍 殿 前 都 指 揮 𣐳 . [13b*7*3]\nTiên Hoàng gia kì trí dũng, độ tất năng tế sự, toại dĩ sĩ tốt nhị thiên nhân dữ chi, luỹ thiên chí Thập đạo tướng quân điện tiền đô chỉ huy sứ.\n至 是 代 丁 氏 爲 帝 乃 都 華 閭 . [13b*9*4]\nChí thị đại Đinh thị vi đế, nãi đô Hoa Lư.\n",
    "url": "/data/image_dvsk/ban_ky_toan_thu/quyen1/DVSKTT_ban_toan_I_13b.jpg"
  },
  {
    "text": "辛 巳 二 年 宋 太 平 𦥷 國 六 年 按 歴 代 年 紀 諸 本 皆 以 是 年 爲 天 福 元 年 今 改 之 . [14a*1*1]\nTân Tị, nhị niên, [Tống Thái Bình Hưng Quốc lục niên, án lịch đại niên kỷ chư bản giai dĩ thị niên vi Thiên Phúc nguyên niên, kim cải chi].\n春 三 月 侯 仁 保 孫 全 興 至 諒 山 陳 欽 祚 至 西 結 劉 澄 至 白 虅 江 . [14a*1*31]\nXuân, tam nguyệt, Hầu Nhân Bảo, Tôn Toàn Hưng chí Lạng Sơn, Trần Khâm Tộ chí Tây Kết, Lưu Trừng chí Bạch Đằng giang.\n帝 自 將 禦 之 使 士 卒 植 樁 捍 江 宋 兵 退 復 至 支 陵 江 . [14a*3*4]\nĐế tự tướng ngự chi, sử sĩ tốt thực thung hãn giang Tống binh thoái phục chí Chi Lăng giang.\n帝 令 士 卒 詐 降 以 誘 仁 寳 因 擒 斬 之 . [14a*4*5]\nĐế lệnh sĩ tốt trá hàng dĩ dụ Nhân Bảo, nhân cầm trảm chi.\n欽 祚 等 聞 水 軍 敗 引 兵 還 . [14a*4*19]\nKhâm Tộ đẳng văn thuỷ quân bại, dẫn binh hoàn.\n帝 出 諸 將 擊 之 欽 祚 軍 大 敗 死 者 太 半 屍 填 原 野 擒 其 將 郭 君 辨 趙 奉 勳 歸 華 閭 . [14a*5*10]\nĐế xuất chư tướng kích chi, Khâm Tộ quân đại bại, tử giả thái bán, thi điền nguyên dã, cầm kì tướng Quách Quân Biện, Triệu Phụng Huân quy Hoa Lư.\n由 是 海 内 大 定 群 臣 上 尊 號 曰 明 乾 應 運 神 武 昇 平 至 仁 廣 孝 皇 帝 . [14a*7*3]\nDo thị hải nội đại định, quần thần thượng tôn hiệu viết Minh Càn Ứng Vận Thần Vũ Thăng Bình Chí Nhân Quảng Hiếu Hoàng Đế.\n黎 文 休 曰 黎 大 行 之 誅 丁 佃 執 阮 匐 擒 君 辨 虜 . [14a*9*1]\nLê Văn Hưu viết: Lê Đại Hành chi tru Đinh Điền, chấp Nguyễn Bặc, cầm Quân Biện, lỗ..\n",
    "url": "/data/image_dvsk/ban_ky_toan_thu/quyen1/DVSKTT_ban_toan_I_14a.jpg"
  },
  {
    "text": "奉 勳 如 驅 小 兒 如 役 奴 󰒜 曾 不 數 年 而 疆 土 大 定 其 戰 勝 攻 取 之 功 雖 漢 唐 無 以 過 也 . [14b*1*1]\nPhụng Huân như khu tiểu nhi, như dịch nô lệ, tằng bất sổ niên nhi cương thổ đại định, kì chiến thắng công thủ chi công, tuy Hán Đường vô dĩ quá dã.\n或 問 大 行 與 李 太 祖 孰 優 曰 自 其 削 平 内 奸 攘 挫 外 寇 以 状 我 越 以 威 宋 人 而 言 則 李 太 祖 不 如 大 行 之 功 爲 難 . [14b*2*16]\nHoặc vấn: Đại Hành dữ Lí Thái Tổ, thục ưu? viết: Tự kì tước bình nội gian, nhường toả ngoại khấu, dĩ trạng Ngã Việt, dĩ uy Tống nhân nhi ngôn, tắc Lí Thái Tổ bất như Đại Hành chi công vi nan.\n自 其 素 著 恩 威 人 樂 推 戴 延 長 國 祚 垂 裕 後 昆 而 言 則 大 行 不 如 李 太 祖 之 慮 爲 長 . [14b*5*5]\nTự kì tố trứ ân uy, nhân lạc suy đái, diên trường quốc tộ, thuỳ dụ hậu côn nhi ngôn, tắc Đại Hành bất như Lí Thái Tổ chi lự vi trường.\n然 則 太 祖 優 歟 曰 優 則 不 知 但 以 李 德 󰗯 黎 爲 厚 爾 當 從 李 . [14b*7*1]\nNhiên tắc Thái Tổ ưu dư? viết: Ưu tắc bất tri, đãn dĩ Lí đức tạc Lê vi hậu nhĩ, đương tòng Lí.\n史 臣 吳 士 連 曰 三 綱 之 道 萬 世 常 經 不 可 一 日 . [14b*9*1]\nSử thần Ngô Sĩ Liên viết: Tam cương chi đạo, vạn thế thường kinh, bất khả nhất nhật..\n",
    "url": "/data/image_dvsk/ban_ky_toan_thu/quyen1/DVSKTT_ban_toan_I_14b.jpg"
  },
  {
    "text": "紊 . [15a*1*1]\nvặn.\n大 行 居 攝 之 時 衛 王 雖 幼 其 君 也 乃 稱 副 王 將 有 不 利 . [15a*1*2]\nĐại Hành cư nhiếp chi thời, Vệ Vương tuy ấu kì quân dã, nãi xưng Phó vương, tương hữu bất lợi.\n人 臣 無 將 將 而 必 誅 . [15a*2*5]\nNhân thần vô tương, tương nhi tất tru.\n春 秋 之 法 人 人 皆 得 舉 行 之 . [15a*2*13]\nXuân Thu chi pháp, nhân nhân giai đắc cử hành chi.\n阮 匐 丁 佃 安 得 恝 然 忍 視 之 哉 於 是 退 而 起 兵 聲 罪 𦤶 討 圖 存 社 稷 忠 義 之 臣 也 . [15a*3*6]\nNguyễn Bặc, Đinh Điền án đắc kiết nhiên nhẫn thị chi tai? Ư thị thoái nhi khởi binh thanh tội, trí thảo đồ tồn xã tắc, trung nghĩa chi thần dã.\n事 不 濟 而 死 則 謂 死 節 之 神 . [15a*5*1]\nSự bất tế nhi tử, tắc vị tử tiết chi thần.\n文 休 之 論 乃 儕 諸 亂 賊 使 人 倫 之 道 不 明 於 後 世 將 啓 篡 奪 之 萌 凣 有 權 力 者 争 慕 效 之 綱 常 掃 地 矣 不 得 不 辨 . [15a*5*12]\nVăn Hưu chi luận, nãi sài chư loạn tặc, sử nhân luân chi đạo bất minh ư hậu thế, tương khải soán đoạt chi manh, phàm hữu quyền lực giả, tranh mộ hiệu chi, cương thường tảo địa hĩ, bất đắc bất biện.\n宋 江 南 轉 運 使 許 仲 宣 以 仁 寳 敗 死 事 聞 . [15a*8*1]\nTống Giang Nam chuyển vận sứ Hứa Trọng Tuyên dĩ Nhân Bảo bại tử sự văn.\n宋 帝 詔 𤤻 師 遣 使 讓 劉 澄 賈 湜 王 僎 等 . [15a*8*17]\nTống đế chiếu ban sư, khiển sứ nhượng Lưu Trừng, Giả Đề, Vương Soạn đẳng.\n澄 病 死 󰱓 戮 于 . [15a*9*14]\nTrừng bệnh tử, Soạn lục vu..\n",
    "url": "/data/image_dvsk/ban_ky_toan_thu/quyen1/DVSKTT_ban_toan_I_15a.jpg"
  },
  {
    "text": "邕 州 孫 全 興 亦 坐 棄 市 . [15b*1*1]\nUng Châu, Tôn Toàn Hưng diệc toạ khí thị.\n壬 午 三 年 宋 太 平 國 七 年 . [15b*2*1]\nNhâm Ngọ, tam niên, [Tống Thái Bình Quốc thất niên].\n興 立 丁 朝 皇 太 后 楊 氏 爲 大 勝 明 皇 后 . [15b*2*11]\nHưng Lập Đinh triều Hoàng thái hậu Dương thị vi Đại Thắng Minh Hoàng Hậu.\n后 先 皇 配 衛 王 璿 母 也 . [15b*3*4]\nHậu Tiên Hoàng phối, Vệ Vương Toàn mẫu dã.\n帝 得 國 時 納 之 宫 中 至 是 立 爲 后 與 奉 乾 至 理 皇 后 順 聖 明 道 皇 后 鄭 國 皇 后 范 皇 后 並 爲 五 皇 后 . [15b*3*13]\nĐế đắc quốc thời, nạp chi cung trung, chí thị lập vi hậu, dữ Phụng Càn Chí Lí Hoàng Hậu, Thuận Thánh Minh Đạo Hoàng Hậu, Trịnh Quốc Hoàng Hậu, Phạm Hoàng Hậu tịnh vi ngũ hoàng hậu.\n厥 後 民 俗 立 祠 塑 先 皇 大 行 二 帝 像 及 楊 后 像 同 坐 至 國 初 猶 存 安 撫 使 黎 叔 顯 始 革 去 . [15b*5*13]\n[Quyết hậu, dân tục lập từ, tố Tiên Hoàng, Đại Hành nhị đế tượng, cập Dương hậu tượng đồng toạ, chí quốc sơ do tồn. An phủ Sứ Lê Thúc Hiển thuỷ cách khử].\n史 臣 吳 士 連 曰 夫 婦 人 倫 之 首 王 化 之 端 . [15b*7*1]\nSử thần ngô Sĩ Liên viết: Phu phụ nhân luân chi thủ, vương hoá chi đoan.\n易 下 經 首 󰦭 恒 示 取 女 必 以 正 也 . [15b*7*17]\nDịch Hạ kinh thủ, Hàm, Hằng thị thủ nữ tất dĩ chính dã.\n大 行 通 滛 君 后 至 於 偃 然 立 以 爲 后 羞 惡 之 心 忘 矣 . [15b*8*12]\nĐại Hành thông dâm quân hậu, chí ư yển nhiên lập dĩ vi hậu, tu ố chi tâm vong hĩ.\n以 此 垂 充 其 . [15b*9*14]\nDĩ thử thuỳ sung, kì..\n",
    "url": "/data/image_dvsk/ban_ky_toan_thu/quyen1/DVSKTT_ban_toan_I_15b.jpg"
  },
  {
    "text": "子 效 之 滛 佚 取 亡 𡸈 無 󰧉 禍 之 端 哉 . [16a*1*1]\ntử hiệu chi, dâm dật thủ vong, khởi vô khải hoạ chi đoan tai?.\n帝 親 征 占 城 克 之 . [16a*2*1]\nĐế thân chinh Chiêm Thành, khắc chi.\n先 是 帝 遣 辭 穆 吳 子 庚 使 占 城 爲 其 所 執 . [16a*2*8]\nTiên thị, đế khiển Từ Mục, Ngô Tử Canh sứ Chiêm Thành, vi kì sở chấp.\n帝 怒 繕 戰 船 治 戈 甲 自 將 討 之 斬 其 篦 眉 税 于 陣 . [16a*3*6]\nĐế nộ, thiện chiến thuyền, trị qua giáp, tự tướng thảo chi, trảm kì Bê Mi Thuế vu trận.\n占 城 大 敗 . [16a*4*6]\nChiêm Thành đại bại.\n俘 獲 士 卒 不 可 勝 計 獲 宫 妓 百 人 及 天 竺 僧 一 人 遷 其 重 噐 收 金 銀 寳 貨 以 萬 數 夷 其 城 池 毀 其 宗 廟 朞 月 還 京 師 . [16a*4*10]\nPhù hoạch sĩ tốt bất khả thắng kể, hoạch cung kĩ bách nhân cập Thiên Trúc tăng nhất nhân, thiên kì trọng khí, thu kim ngân bảo hoá dĩ vạn sổ, di kì thành trì, huỷ kì tông miếu, ki nguyệt hoàn kinh sư.\n是 歲 大 饑 . [16a*6*16]\nThị tuế đại cơ.\n癸 未 四 年 宋 太 平 國 八 年 . [16a*8*1]\nQuý Mùi, tứ niên, Tống Thái Bình Quốc bát niên].\n興 春 遣 使 通 好 于 宋 . [16a*8*11]\nHưng Xuân, khiển sứ thông hảo vu Tống.\n初 帝 征 占 城 管 甲 劉 繼 宗 遁 居 其 國 . [16a*8*19]\nSơ đế chinh Chiêm Thành, Quản Giáp Lưu Kế Tông độn cư kì quốc.\n至 是 遣 養 而 養 子 鈌 名 . [16a*9*12]\nChí thị, khiển dưỡng nhi [Dưỡng tử khuyết danh].\n也 . [16a*9*21]\ndã..\n",
    "url": "/data/image_dvsk/ban_ky_toan_thu/quyen1/DVSKTT_ban_toan_I_16a.jpg"
  },
  {
    "text": "收 捕 獲 繼 宗 斬 之 . [16b*1*1]\nthu bổ hoạch Kế Tông, trảm chi.\n海 道 新 港 城 未 詳 某 使 . [16b*1*8]\nHải đạo tân cảng thành [Vị tường mỗ xứ].\n帝 征 占 時 歷 銅 皷 山 至 婆 和 江 山 路 險 難 人 馬 困 憊 海 道 波 濤 又 難 往 來 乃 使 人 開 港 . [16b*1*17]\nĐế chinh Chiêm thời, lịch Đồng Cổ sơn, chí Bà Hoà giang, sơn lộ hiểm nan, nhân mã khốn bị, hải đạo ba đào hựu nan vãng lai, nãi sử nhân khai cảng.\n至 是 成 舟 楫 所 至 皆 得 其 便 . [16b*3*11]\nChí thị thành, chu tiếp sở chí giai đắc kì tiện.\n甲 申 五 年 宋 雍 元 年 . [16b*5*1]\nGiáp Thân, ngũ niên [Tống Ung nguyên niên].\n熙 春 二 月 鑄 天 福 錢 . [16b*5*9]\nHi Xuân, nhị nguyệt, chú Thiên Phúc tiền.\n大 興 宫 室 造 百 寳 千 歲 殿 于 大 雲 山 其 柱 裝 之 以 金 銀 爲 視 朝 之 所 東 曰 風 流 殿 西 曰 紫 華 殿 左 曰 蓬 萊 殿 右 曰 極 樂 殿 . [16b*5*17]\nĐại hưng cung thất: Tạo Bách Bảo Thiên Tuế điện vu Đại Vân sơn, kì trụ trang chi dĩ kim ngân, vi thị triều chi sở; đông viết Phong Lưu điện; tây viết Tử Hoa điện; tả viết Bồng Lai điện; hữu viết Cực Lạc điện.\n次 槅 大 雲 樓 連 起 長 春 殿 以 爲 御 寢 之 處 . [16b*8*5]\nThứ cách Đại Vân lầu, liên khởi Trường Xuân điện dĩ vi ngự tẩm chi xứ.\n長 春 殿 側 又 起 龍 祿 殿 盖 以 銀 瓦 . [16b*9*2]\nTrường Xuân điện trắc hựu khởi Long Lộc điện, cái dĩ ngân ngoã.\n",
    "url": "/data/image_dvsk/ban_ky_toan_thu/quyen1/DVSKTT_ban_toan_I_16b.jpg"
  },
  {
    "text": "乙 酉 六 年 宋 雍 二 年 . [17a*1*1]\nẤt Dậu, lục niên, [Tống Ung nhị niên].\n熙 秋 七 月 望 帝 之 誕 辰 也 使 人 造 舟 江 中 以 竹 作 假 山 于 舟 上 號 南 山 . [17a*1*9]\nHi Thu, thất nguyệt, vọng đế chi đản thìn dã, sử nhân tạo chu giang trung, dĩ trúc tác giả sơn vu chu thượng, hiệu Nam sơn.\n設 競 舟 戲 禮 後 以 爲 常 . [17a*2*15]\nthiết cạnh chu hí, lễ hậu dĩ vi thường.\n宋 遣 使 來 聘 . [17a*3*6]\nTống khiển sứ lai sính.\n帝 遣 使 如 宋 求 領 節 鎮 . [17a*3*11]\nĐế khiển sứ như Tống cầu lĩnh Tiết Trấn.\n丙 戌 七 年 宋 雍 三 年 . [17a*5*1]\nBính Tuất, thất niên, [Tống Ung tam niên].\n熙 秋 八 月 點 民 爲 兵 . [17a*5*9]\nHi Thu, bát nguyệt, điểm dân vi binh.\n冬 十 月 宋 遣 佐 補 闕 李 若 拙 國 子 監 博 士 李 覺 賫 制 󰀋 封 帝 爲 安 南 都 護 靜 海 軍 節 度 使 京 兆 郡 侯 其 制 曰 王 者 丕 建 皇 極 寵 綏 列 藩 設 邸 京 師 所 以 盛 會 同 之 礼 昨 土 方 靣 所 以 表 節 制 之 權 矧 兹 鳶 趾 之 隅 式 修 翠 羽 之 貢 適 當 易 師 方 利 建 侯 不 忘 請 命 之 恭 用 舉 酬 勞 之 典 茲 權 知 三 司 留 後 黎 某 資 兼 義 勇 性 禀 忠 純 . [17a*5*17]\nĐông, thập nguyệt, Tống khiển Tá bổ khuyết Lí Nhược Chuyết, Quốc tử giám bác sĩ Lí Giác tê chế sách phong đế vi An Nam đô hộ Tĩnh Hải quân Tiết độ sứ kinh triệu quận hầu [Kì chế viết: Vương giả phi kiến hoàng cực, sủng tuy liệt phiên. Thiết để kinh sư, sở dĩ thịnh hội đồng chi lễ, tạc thổ phương diện, sở dĩ biểu tiết chế chi quyền. Thẩn tư diên chỉ chi ngung, thức tu thuý vũ chi cống. Thích đương dị sư, phương lợi kiến hầu, bất vong thỉnh mệnh chi cung, dụng cử thù lao chi điển. Tư quyền tri tam ti lưu hậu Lê mỗ, tư kiêm nghĩa dũng, tính bẩm trung thuần..\n",
    "url": "/data/image_dvsk/ban_ky_toan_thu/quyen1/DVSKTT_ban_toan_I_17a.jpg"
  },
  {
    "text": "能 得 󰘊 人 之 心 彌 謹 藩 臣 之 節 󰪀 者 丁 璿 方 在 童 幼 眛 厥 撫 綏 爾 以 肺 腑 之 親 掌 師 旅 之 事 號 金 自 出 威 愛 兼 行 . [17b*1*1]\nnăng đắc bang nhân chi tâm, di cẩn phiên thần chi tiết. Nãng giả, Đinh Toàn phương tại đồng ấu, muội quyết phủ tuy. Nhĩ dĩ phế phủ chi thân, chưởng sư lữ chi sự, hiệu kim tự xuất, uy ái kiêm hành.\n丁 氏 自 解 三 使 之 權 以 徇 眾 人 之 欲 遠 輸 誠 悃 求 領 節 旄 士 爕 強 明 化 越 俗 以 咸 乂 尉 佗 恭 順 禀 漢 詔 以 無 違 宜 以 元 裔 之 並 列 通 侯 之 貴 其 撫 夷 落 對 揚 王 休 . [17b*2*6]\nĐinh thị tự giải tam sứ chi quyền, dĩ tuẫn chúng nhân chi dục. Viễn thâu thành khổn, cầu lĩnh tiết mao. Sĩ Nhiếp cường minh, hoá Việt tục dĩ hàm nghệ, Uý Đà cung thuận, bẩm Hán chiếu dĩ vô vi. Nghi dĩ nguyên duệ chi tịnh liệt thông hầu chi quý. Kì phủ Di lạc, đối dương vương hưu].\n稱 帝 受 制 盡 恭 饗 禮 甚 厚 日 以 珍 奇 之 物 庭 實 旅 百 示 其 富 饒 . [17b*3*29]\nxưng, Đế thụ chế tận cung, hưởng lễ thậm hậu, nhật dĩ chân kì chi vật đình thực lữ bách, thị kì phú nhiêu.\n以 郭 君 辨 趙 奉 勳 還 之 . [17b*5*1]\nDĩ Quách Quân Biện, Triệu Phụng Huân hoàn chi.\n又 謂 若 拙 𮗓 曰 蕞 爾 小 󰘊 山 川 悠 遠 去 天 萬 里 僻 地 一 隅 行 使 往 來 跋 涉 山 川 不 亦 勞 乎 . [17b*5*10]\nHựu vị Nhược Chuyết, Giác viết: \"Tối nhĩ tiểu bang, sơn xuyên du viễn, khứ thiên vạn lí, tích địa nhất ngung, hành sứ vãng lai, bạt thiệp sơn xuyên, bất diệc lao hồ?\".\n𮗓 對 曰 本 朝 提 封 萬 里 列 郡 四 地 有 坦 夷 亦 有 險 阻 此 一 方 何 足 微 遠 . [17b*7*6]\nGiác đối viết: \"Bản triều đề phong vạn lí, liệt quận tứ bách, địa hữu thản di, diệc hữu hiểm trở, thử nhất phương hà túc vi viễn?\".\n以 徐 穆 爲 總 管 知 軍 民 事 賜 侯 爵 范 巨 俩 爲 太 尉 . [17b*8*15]\nDĩ Từ Mục vi Tổng quản tri quân dân sự, tứ hầu tước; Phạm Cự Lạng vi Thái uý.\n遣 吳 國 . [17b*9*16]\nKhiển Ngô Quố\n",
    "url": "/data/image_dvsk/ban_ky_toan_thu/quyen1/DVSKTT_ban_toan_I_17b.jpg"
  },
  {
    "text": "恩 如 宋 報 聘 仍 言 占 城 人 蒲 羅 遏 率 其 族 百 餘 人 内 附 . [18a*1*1]\nÂn như Tống báo sính, nhưng ngôn Chiêm Thành nhân Bồ La Át suất kì tộc bách dư nhân nội phụ.\n丁 亥 八 年 宋 雍 四 年 . [18a*3*1]\nĐinh Hợi, bát niên, [Tống Ung tứ niên].\n熙 春 帝 初 耕 籍 田 于 隊 山 得 金 一 小 甕 . [18a*3*9]\nHi Xuân, đế sơ canh tịch điền vu Đọi sơn, đắc kim nhất tiểu úng.\n又 耕 蟠 海 山 得 銀 一 小 甕 因 名 之 曰 金 銀 田 . [18a*4*3]\nHựu canh Bàn Hải sơn, đắc ngân nhất tiểu úng, nhân danh chi viết Kim Ngân điền.\n宋 復 遣 李 𮗓 來 . [18a*5*1]\nTống phục khiển Lí Giác lai.\n至 󰀋 寺 帝 遣 法 師 名 順 假 爲 江 令 迎 之 . [18a*5*7]\nChí Sách tự, đế khiển pháp sư danh Thuận giả vi giang lệnh nghênh chi.\n𮗓 甚 善 文 談 . [18a*6*5]\nGiác thậm thiện văn đàm.\n時 會 有 两 鵝 浮 水 面 中 𮗓 喜 吟 云 鵝 鵝 两 鵝 鵝 仰 面 向 天 涯 . [18a*6*10]\nThời hội hữu lưỡng nga phù thuỷ diện trung, Giác hỉ ngâm vân: Nga nga lưỡng nga nga, Ngưỡng diện hướng thiên nhai.\n法 師 於 把 掉 次 韻 示 之 曰 白 毛 鋪 綠 水 紅 棹 擺 青 波 . [18a*7*14]\nPháp sư ư bả trạo thứ vận thị chi viết: Bạch mao phô lục thuỷ, Hồng trạo bãi thanh ba.\n𮗓 益 奇 之 及 󰆕 舘 以 詩 遺 之 曰 幸 遇 明 時 賛 盛 䣭 一 身 二 度 使 . [18a*8*15]\nGiác ích kì chi, cập quy quán, dĩ thi di chi viết: Hạnh ngộ minh thời tán thịnh du, Nhất thân nhị độ sứ..\n",
    "url": "/data/image_dvsk/ban_ky_toan_thu/quyen1/DVSKTT_ban_toan_I_18a.jpg"
  },
  {
    "text": "交 州 東 都 两 别 心 尤 恋 南 越 千 重 望 未 休 . [18b*1*1]\nGiao Châu, Đông Đô lưỡng biệt tâm vưu luyến, Nam Việt thiên trùng vọng vị hưu.\n馬 踏 煙 雲 穿 浪 石 車 辭 青 嶂 泛 長 流 . [18b*1*17]\nMã đạp yên vân xuyên lãng thạch, Xa từ thanh chướng phiếm trường lưu.\n天 外 有 天 應 遠 照 溪 潭 波 静 見 蟾 秋 . [18b*2*12]\nThiên ngoại hữu thiên ưng viễn chiếu, Khê đàm ba tĩnh kiến thiềm thu.\n順 以 詩 献 . [18b*3*7]\nThuận dĩ thi hiến.\n帝 召 贈 吳 匡 越 觀 之 匡 越 曰 此 詩 尊 陛 下 與 其 主 無 異 . [18b*3*11]\nĐế triệu tăng Ngô Khuông Việt quan chi, Khuông Việt viết: \"Thử thi tôn bệ hạ dữ kì chủ vô dị\".\n帝 嘉 其 意 後 遺 之 . [18b*4*13]\nĐế gia kì ý, hậu di chi.\n𮗓 辭 󰆕 詔 匡 越 制 曲 以 餞 其 辭 曰 祥 光 風 好 錦 帆 張 遙 望 神 僊 復 帝 鄕 . [18b*5*1]\nGiác từ quy, chiếu Khuông Việt chế khúc dĩ tiễn, kì từ viết: Tường quang phong hảo cẩm phàm trương, Dao vọng thần tiên phục đế hương.\n萬 重 山 水 涉 滄 浪 九 天 󰆕 路 長 情 慘 切 對 離 觴 攀 恋 使 星 郎 願 將 深 意 爲 邊 疆 分 明 奏 我 皇 . [18b*6*9]\nVạn trùng sơn thuỷ thiệp thương lãng, Cửu thiên quy lộ trường; Tình thảm thiết, đối li trường, Phan luyến sử tinh lang, Nguyện tương thâm ý vi biên cương, Phân minh tấu ngã hoàng.\n𮗓 拜 而 歸 . [18b*8*6]\nGiác bái nhi quy.\n是 歲 大 熟 . [18b*8*10]\nThị tuế đại thục.\n戊 子 九 年 宋 端 元 年 . [18b*9*1]\nMậu Tí, cửu niên, [Tống Đoan nguyên niên].\n拱 占 城 國 氷 王 羅 曳 於 佛 城 自 號 . [18b*9*9]\nCủng Chiêm Thành quốc Băng Vương La Duệ ư Phật Thành tự hiệu..\n",
    "url": "/data/image_dvsk/ban_ky_toan_thu/quyen1/DVSKTT_ban_toan_I_18b.jpg"
  },
  {
    "text": "俱 尸 利 呵 呻 排 麻 羅 . [19a*1*1]\nCâu Thi Lị Ha Thân Bài Ma La.\n太 師 洪 献 卒 . [19a*1*9]\nThái Sư Hồng Hiến tốt.\n献 北 人 通 經 史 常 從 征 伐 爲 軍 師 及 勸 進 謀 議 國 事 有 大 功 帝 以 腹 心 委 之 至 是 卒 . [19a*1*14]\nHiến Bắc nhân, thông kinh sử, thường tòng chinh phạt vi quân sư, cập khuyên tiến, mưu nghị quốc sự, hữu đại công, đế dĩ phúc tâm uỷ chi, chí thị tốt.\n是 歲 宋 帝 改 元 遣 户 部 員 外 郎 魏 庠 直 史 舘 李 度 賫 制 󰀋 加 帝 檢 校 太 尉 . [19a*3*9]\nThị tuế, Tống đế cải nguyên, khiển Hộ bộ Viên ngoại lang Nguỵ Tường, Trực Sử Quán Lí Độ tê chế sách gia đế Kiểm hiệu thái uý.\n己 丑 興 統 元 年 宋 端 二 年 . [19a*5*1]\nKỉ Sửu, Hưng Thống nguyên niên, [Tống Đoan nhị niên].\n拱 春 正 月 改 元 大 赦 . [19a*5*11]\nCủng Xuân chính nguyệt, cải nguyên, đại xá.\n封 太 子 鍮 爲 擎 天 大 王 皇 弟 二 子 銀 錫 爲 東 城 王 皇 弟 三 子 鉞 爲 南 封 王 . [19a*5*19]\nPhong Thái Tử Thau vi Kình Thiên Đại Vương, hoàng đệ nhị tử Ngân Tích vi Đông Thành Vương, hoàng đệ tam tử Việt vi Nam Phong Vương.\n楊 進 祿 以 驩 愛 二 州 叛 . [19a*7*8]\nDương Tiến Lộc dĩ Hoan, Ái nhị châu phản.\n帝 親 征 進 禄 伏 誅 . [19a*7*17]\nĐế thân chinh, Tiến Lộc phục tru.\n時 帝 遣 管 甲 進 禄 徵 驩 愛 二 州 税 進 禄 率 二 州 人 附 于 占 城 . [19a*8*6]\nThời đế khiển Quản giáp Tiến Lộc trưng Hoan, Ái nhị châu thuế, Tiến Lộc suất nhị châu nhân phụ vu Chiêm Thành.\n占 城 不 納 . [19a*9*10]\nChiêm Thành bất nạp.\n帝 聞 之 率 諸 軍 . [19a*9*14]\nĐế văn chi, suất chư quân..\n",
    "url": "/data/image_dvsk/ban_ky_toan_thu/quyen1/DVSKTT_ban_toan_I_19a.jpg"
  },
  {
    "text": "伐 驩 愛 追 捕 進 禄 殺 州 人 不 可 勝 紀 . [19b*1*1]\nphạt Hoan Ái, truy bổ Tiến Lộc, sát châu nhân bất khả thắng KỶ.\n庚 寅 二 年 宋 淳 元 年 . [19b*2*1]\nCanh Dần, nhị niên [Tống Thuần nguyên niên].\n化 宋 遣 左 正 言 宋 鎬 右 正 言 王 世 則 賫 制 󰀋 加 封 帝 特 進 . [19b*2*9]\nHoá Tống khiển Tá chính ngôn Tống Cảo, Hữu chính ngôn Vương Thế Tắc tê chế sách gia phong đế \"Đặc tiến\".\n帝 遣 牙 内 指 揮 使 丁 承 正 以 船 九 艘 率 三 百 人 出 太 平 軍 迎 之 由 海 口 入 經 半 月 至 白 騰 江 乘 潮 而 行 . [19b*3*10]\nĐế khiển Nha nội chỉ huy sứ Đinh Thừa Chính dĩ thuyền cửu sưu, suất tam bách nhân xuất Thái Bình quân nghênh chi, do hải khẩu nhập, kinh bán nguyệt chí Bạch Đằng giang, thừa triều nhi hành.\n秋 九 月 至 長 州 奈 征 驛 . [19b*5*11]\nThu, cửu nguyệt, chí Trường Châu Nại Chinh dịch.\n帝 郊 迎 耀 之 以 舟 師 戰 俱 . [19b*6*1]\nĐế giao nghênh diệu chi, dĩ chu sư chiến cụ.\n按 㘘 偕 行 . [19b*6*11]\nÁn bí giai hành.\n至 明 德 門 帝 奉 制 書 置 殿 上 不 拜 詭 言 近 歲 與 蛮 冦 接 戰 塗 馬 傷 足 . [19b*6*15]\nChí Minh Đức môn, đế phụng chế thư trí điện thượng bất bái, quỷ ngôn cận tuế dữ Man khấu tiếp chiến, đồ mã thương túc.\n鎬 則 信 之 . [19b*8*3]\nCảo, Tắc tín chi.\n後 乃 設 宴 筵 行 饗 禮 . [19b*8*7]\nHậu nãi thiết yến đình hành hưởng lễ.\n帝 謂 鎬 曰 後 有 國 信 當 於 界 首 交 割 毋 頗 使 君 至 此 . [19b*8*15]\nĐế vị Cảo viết: \"Hậu hữu quốc tín, đương ư giới thủ giao cắt, vô pha sứ quân chí thử\".\n鎬 歸 以 聞 . [19b*9*16]\nCảo quy dĩ văn,..\n",
    "url": "/data/image_dvsk/ban_ky_toan_thu/quyen1/DVSKTT_ban_toan_I_19b.jpg"
  },
  {
    "text": "宋 帝 � 之 . [20a*1*1]\nTống đế ve-chu chi.\n辛 卯 三 年 宋 淳 化 二 年 . [20a*2*1]\nTân Mão, tam niên [Tống Thuần Hoá nhị niên].\n春 二 月 遣 陶 勤 如 宋 報 聘 . [20a*2*10]\nXuân, nhị nguyệt, khiển Đào Cần như Tống báo sính.\n封 皇 第 四 子 釘 爲 禦 蛮 王 居 峯 州 皇 第 六 子 釿 爲 禦 北 王 居 扶 蘭 寨 . [20a*2*21]\nPhong Hoàng đệ tứ tử Đinh vi Ngự Man Vương, cư Phong Châu, Hoàng đệ lục tử Cân vi Ngự Bắc Vương, cư Phù Lan trại.\n壬 辰 四 年 宋 淳 化 三 年 . [20a*5*1]\nNhâm Thìn, tứ niên, [Tống Thuần Hoá tam niên].\n春 正 月 帝 御 乾 元 殿 觀 燈 . [20a*5*10]\nXuân, chính nguyệt, đế ngự Càn Nguyên điện quan đăng.\n封 皇 第 五 子 鋌 爲 開 明 王 居 藤 州 . [20a*5*21]\nPhong hoàng đệ ngũ tử Đĩnh vi Khai Minh Vương, cư Đằng Châu.\n宣 華 山 陳 先 生 詣 闕 . [20a*6*13]\nTuyên Hoa sơn Trần tiên sinh nghệ khuyết.\n按 本 國 無 宣 華 山 盖 是 宋 徵 終 南 種 放 惑 併 徵 華 山 陳 摶 而 史 誤 以 爲 我 國 事 不 然 陳 先 生 盛 名 後 世 𡸈 無 傳 乎 宣 字 下 疑 . [20a*7*3]\n[Án bản quốc vô Tuyên Hoa sơn, cái thị Tống trưng Chung Nam Chủng Phóng, hoặc tính trưng Hoa sơn Trần Đoàn nhi sử ngộ dĩ vi ngã quốc sự? Bất nhiên Trần tiên sinh thịnh danh hậu thế khởi vô truyền hồ? Tuyên tự hạ nghi.\n漏 召 字 華 山 雲 臺 觀 陳 摶 所 居 也 . [20a*8*14]\nlậu Triệu tự. Hoa sơn Vân Đài quan Trần Đoàn sở cư dã].\n夏 六 月 許 占 城 人 領 取 地 哩 舊 城 人 三 百 六 十 餘 歸 烏 哩 州 地 哩 . [20a*8*27]\nHạ, lục nguyệt, hứa Chiêm Thành nhân lĩnh thú Địa Lí cựu thành nhân tam bách lục thập dư quy Ô Lí châu [Địa Lí..\n",
    "url": "/data/image_dvsk/ban_ky_toan_thu/quyen1/DVSKTT_ban_toan_I_20a.jpg"
  },
  {
    "text": "今 新 平 烏 . [20b*1*1]\nkim Tân Bình, Ô.\n里 今 順 化 . [20b*1*5]\nLí kim Thuận Hoá].\n秋 八 月 命 輔 國 吳 子 安 率 三 萬 人 開 陸 路 自 南 界 至 地 哩 . [20b*1*9]\nThu, bát nguyệt, mệnh Phụ quốc Ngô Tử An suất tam vạn nhân khai lục lộ tự Nam giới chí Địa Lí.\n癸 巳 五 年 宋 淳 化 四 年 . [20b*3*1]\nQuý Tị, ngũ niên [Tống Thuần Hoá tứ niên].\n春 二 月 己 未 朔 日 食 . [20b*3*10]\nXuân, nhị nguyệt, Kỷ Mùi, sóc, nhật thực.\n封 皇 第 七 子 鏦 爲 定 藩 王 居 五 縣 江 司 營 城 皇 第 八 子 𨪙 爲 傅 王 居 杜 洞 江 皇 第 九 子 鏡 爲 中 國 王 居 乾 沱 末 連 縣 . [20b*3*19]\nPhong hoàng đệ thất tử Tung vi Định Phiên Vương, cư Ngũ Huyện giang, Tư Doanh thành; hoàng đệ bát tử Tương vi Phó vương, cư Đỗ Động Giang; hoàng đệ cửu tử Kính vi Trung Quốc Vương, cư Càn Đà, Mạt Liên huyện.\n宋 遣 王 世 則 李 居 簡 賫 󰀋 書 封 帝 爲 交 趾 郡 王 . [20b*6*4]\nTống khiển Vương Thế Tắc, Lí Cư Giản tê sách thư phong đế vi Giao Chỉ Quận Vương.\n甲 午 應 天 元 年 宋 淳 化 五 年 . [20b*8*1]\nGiáp Ngọ, Ứng Thiên nguyên niên; [Tống Thuần Hoá ngũ niên].\n春 正 月 改 元 . [20b*8*12]\nXuân, chính nguyệt, cải nguyên.\n封 皇 第 十 子 鋩 爲 南 國 王 居 武 瀧 州 . [20b*8*18]\nPhong hoàng đệ thập tử Mang vi nam Quốc Vương, cư Vũ Lung châu.\n遣 牙 校 費 崇 德 如 宋 . [20b*9*11]\nKhiển Nha hiệu Phí Sùng Đức như Tống..\n",
    "url": "/data/image_dvsk/ban_ky_toan_thu/quyen1/DVSKTT_ban_toan_I_20b.jpg"
  },
  {
    "text": "史 臣 吳 士 連 曰 國 君 奉 宗 廟 守 社 稷 不 幸 無 嗣 則 擇 宗 室 子 育 爲 以 子 將 以 傳 之 無 窮 則 有 之 矣 未 聞 有 義 兒 也 . [21a*5*1]\nSử thần Ngô Sĩ Liên viết: Quốc quân phụng tông miếu, thủ xã tắc, bất hạnh vô tự tắc trạch tông thất tử dục vi dĩ tử, tương dĩ truyền chi vô cùng, tắc hữu chi hĩ, vị văn hữu nghĩa nhi dã.\n且 帝 有 本 支 蕃 矣 又 所 謂 義 兒 者 不 過 育 遂 其 寵 愛 之 私 於 其 人 爾 盍 慮 夫 將 啓 篡 奪 之 萌 乎 . [21a*7*8]\nThả đế hữu bản chi phiên hĩ, hựu sở vị nghĩa nhi giả, bất quá dục toại kì sủng ái chi tư ư kì nhân nhĩ, hạp lự phù tương khải soán đoạt chi manh hồ?.\n報 聘 . [21a*1*1]\nbáo sính.\n占 城 國 王 孫 制 荄 入 朝 . [21a*1*3]\nChiêm Thành quốc vương tôn Chế Cai nhập triều.\n先 是 占 城 國 使 制 冬 献 方 物 帝 責 其 違 禮 拒 之 . [21a*1*12]\nTiên thị, Chiêm Thành quốc sử Chế Đông hiến phương vật, đế trách kì vi lễ, cự chi.\n國 王 惧 遣 制 荄 入 朝 . [21a*2*12]\nQuốc vương cụ, khiển Chế Cai nhập triều.\n乙 未 二 年 宋 至 道 元 年 . [21a*3*1]\nẤt Mùi, nhị niên [Tống Chí Đạo nguyên niên].\n封 皇 第 十 一 子 鍉 即 明 提 爲 行 軍 王 居 北 岸 古 覽 州 義 兒 爲 扶 帶 王 居 扶 󰅾 鄕 . [21a*3*10]\nPhong hoàng đệ thập nhất tử Đề [Tức Minh Đề] vi Hành quân Vương, cư Bắc Ngạn Cổ Lãm châu; nghĩa nhi vi Phù Đái Vương, cư Phù Đái hương.\n",
    "url": "/data/image_dvsk/ban_ky_toan_thu/quyen1/DVSKTT_ban_toan_I_21a.jpg"
  },
  {
    "text": "遣 杜 亨 如 宋 報 聘 . [21b*1*1]\nKhiển Đỗ Hanh như Tống báo sính.\n時 宋 憚 於 征 役 帝 負 山 海 險 固 稍 縱 邊 民 侵 掠 宋 境 . [21b*1*8]\nThời Tống đạn ư chinh dịch, đế phụ sơn hải hiểm cố, sảo túng biên dân xâm lược Tống cảnh.\n是 年 春 宋 廣 西 路 轉 運 使 張 觀 欽 州 如 洪 鎮 兵 馬 監 押 衛 昭 美 皆 上 言 交 趾 戰 船 百 餘 艘 寇 如 洪 鎮 掠 居 民 刼 廪 食 而 去 . [21b*2*10]\nThị niên Xuân, Tống Quảng Tây lộ, Chuyển vận sứ Trương Quan; Khâm châu Như Hồng trấn, Binh mã giám áp Vệ Chiêu Mĩ giai thượng ngôn: Giao Chỉ chiến thuyền bách dư sưu, khấu Như Hồng trấn, lược cư dân kiếp lẫm thực nhi khứ.\n是 夏 我 蘇 茂 州 又 以 鄕 兵 五 千 侵 宋 邕 州 爲 都 巡 檢 楊 文 傑 所 擊 而 還 . [21b*4*18]\nThị hạ, ngã Tô Mậu châu hựu dĩ hương binh ngũ thiên xâm Tống Ung Châu, Vi Đô tuần kiểm Dương Văn Kiệt sở kích nhi hoàn.\n宋 帝 意 在 撫 寕 不 欲 用 兵 置 之 不 問 . [21b*6*7]\nTống đế ý tại phủ ninh, bất dục dụng binh, trí chi bất vấn.\n觀 又 詐 言 帝 爲 丁 氏 所 逐 擁 餘 眾 居 海 島 間 寇 鈔 自 級 今 已 没 觀 等 上 表 賀 . [21b*7*2]\nQuan hựu trá ngôn, đế vi Đinh thị sở trục, ủng dư chúng cư hải đảo, gian khấu sao tự cấp, kim dĩ một; Quan đẳng thượng biểu hạ.\n宋 帝 命 太 常 丞 陳 士 龍 爲 󰇼 訪 使 覘 虚 實 知 帝 之 無 恙 也 . [21b*8*12]\nTống đế mệnh Thái thường thừa Trần Sĩ Long vi Thái phỏng sứ siêm hư thực, tri đế chi vô dạng dã.\n",
    "url": "/data/image_dvsk/ban_ky_toan_thu/quyen1/DVSKTT_ban_toan_I_21b.jpg"
  },
  {
    "text": "丙 申 三 年 宋 至 道 二 年 . [22a*1*1]\nBính Thân, tam niên [Tống Chí Đạo nhị niên].\n春 二 月 帝 親 征 麻 皇 大 發 丹 波 四 洞 拨 之 . [22a*1*10]\nXuân, nhị nguyệt, đế thân chinh Ma Hoàng Đại, Phát, Đan, Ba tứ động bạt chi.\n宋 議 張 觀 等 罪 觀 病 死 斬 衛 昭 美 於 如 洪 鎮 以 陳 堯 叟 充 廣 西 轉 運 使 乃 遣 海 康 尉 李 建 中 賫 昭 來 賜 . [22a*2*5]\nTống nghị Trương Quan đẳng tội, Quan bệnh tử, trảm Vệ Chiêu Mĩ ư Như Hồng trấn, dĩ Trần Nghiêu Tẩu sung Quảng Tây chuyển vận sứ, nãi khiển Hải khang uý Lí Kiến Trung tê chiếu lai tứ.\n先 是 我 潮 陽 民 文 勇 等 爲 亂 殺 人 出 亡 宋 欽 州 如 昔 鎮 如 昔 與 如 洪 相 鄰 鎮 將 皇 令 德 匿 之 . [22a*4*7]\nTiên thị, ngã Triều Dương dân Văn Dũng đẳng vi loạn, sát nhân xuất vong Tống Khâm Châu, Như Tích trấn [Như Tích dữ Như Hồng tương lân] Trấn tướng Hoàng Lệnh Đức nặc chi.\n帝 命 潮 陽 鎮 將 皇 成 雅 追 捕 . [22a*6*1]\nĐế mệnh Triều Dương trấn tướng Hoàng Thành Nhã truy bổ.\n令 德 不 還 . [22a*6*12]\nLệnh Đức bất hoàn.\n堯 叟 至 如 昔 詰 得 藏 匿 之 由 盡 以 所 匿 南 女 老 少 百 十 三 口 召 成 雅 交 付 還 之 . [22a*6*16]\nNghiêu Tẩu chí Như Tích, cật đắc tàng nặc chi do, tận dĩ sở nặc nam nữ lão thiếu bách thập tam khẩu triệu Thành Nhã giao phó hoàn chi.\n帝 義 宋 遣 使 謝 恩 且 言 以 執 海 賊 二 十 七 人 宋 轉 運 使 約 勒 溪 峝 不 復 騷 動 矣 . [22a*8*8]\nĐế nghĩa Tống, khiển sứ tạ ân, thả ngôn dĩ chấp hải tặc nhị thập thất nhân, tống chuyển vận sứ, ước lặc khê động bất phục tao động hĩ.\n宋 . [22a*9*19]\nTống..\n",
    "url": "/data/image_dvsk/ban_ky_toan_thu/quyen1/DVSKTT_ban_toan_I_22a.jpg"
  },
  {
    "text": "復 遣 李 若 拙 賫 詔 書 及 玉 帶 來 賜 . [22b*1*1]\nphục khiển Lí Nhược Chuyết tê chiếu thư cập ngọc đái lai tứ.\n既 至 帝 郊 迎 慢 不 爲 禮 以 示 高 異 謂 若 拙 曰 刧 如 洪 鎮 乃 外 境 海 賊 也 皇 帝 知 此 非 交 州 兵 否 若 使 交 州 叛 命 當 首 擊 蕃 禺 次 擊 閩 越 𡸈 止 如 洪 鎮 而 已 言 訖 頓 首 謝 . [22b*1*14]\nKí chí, đế giao nghênh, mạn bất vi lễ dĩ thị cao dị, vị Nhược Chuyết viết: \"Kiếp Như Hồng trấn, nãi ngoại cảnh hải tặc dã, Hoàng đế tri thử phi Giao Châu binh phủ? Nhược sử Giao Châu phản, mệnh đương thủ kích Phiên Ngung, thứ kích Mân Việt, khởi chỉ như Hồng trấn nhi dĩ?\" Ngôn cật, đốn thủ tạ.\n丁 酉 四 年 宋 至 道 三 年 . [22b*5*1]\nĐinh Dậu, tứ niên [Tống Chí Đạo tam niên].\n春 三 月 宋 帝 崩 . [22b*5*10]\nXuân, tam nguyệt, Tống đế băng.\n夏 四 月 宋 封 帝 爲 南 平 王 . [22b*5*17]\nHạ, tứ nguyệt, Tống phong đế vi Nam Bình Vương.\n帝 遣 使 如 宋 報 聘 . [22b*6*6]\nĐế khiển sứ như Tống báo sính.\n宋 帝 賜 詔 書 褒 奬 . [22b*6*13]\nTống đế tứ chiếu thư bao tưởng.\n先 是 宋 使 至 常 以 貢 鹹 爲 辭 因 縁 賦 歛 . [22b*7*1]\nTiên thị, Tống sử chí thường dĩ cống hàm vi từ, nhân duyên phú liễm.\n至 是 宋 真 宗 即 位 聞 之 只 令 疆 吏 召 受 綸 命 而 不 復 專 使 者 . [22b*7*16]\nChí thị, Tống Chân Tông tức vị, văn chi, chỉ lệnh cương lại triệu thụ luân mệnh nhi bất phục chuyên sứ giả.\n秋 七 月 帝 親 征 杜 洞 江 賊 執 其 徒 歸 京 師 . [22b*9*1]\nThu, thất nguyệt, đế thân chinh Đỗ Động giang tặc, chấp kì đồ quy kinh sư.\n占 . [22b*9*17]\nChiêm..\n",
    "url": "/data/image_dvsk/ban_ky_toan_thu/quyen1/DVSKTT_ban_toan_I_22b.jpg"
  },
  {
    "text": "城 以 兵 窺 我 邊 境 . [23a*1*1]\nThành dĩ binh khuy ngã biên cảnh.\n大 水 . [23a*1*8]\nĐại thuỷ.\n戊 戌 五 年 宋 真 宗 恒 咸 平 元 年 . [23a*2*1]\nMậu Tuất, ngũ niên [Tống Chân Tông Hằng, Hàm Bình nguyên niên].\n春 三 月 地 震 三 日 . [23a*2*13]\nXuân, tam nguyệt, địa chấn tam nhật.\n夏 五 月 戊 午 朔 日 食 . [23a*2*20]\nHạ, ngũ nguyệt, Mậu Ngọ sóc, nhật thực.\n是 月 不 雨 . [23a*3*6]\nThị nguyệt bất vũ.\n六 月 不 雨 . [23a*3*10]\nLục nguyệt bất vũ.\n民 人 病 咳 牛 馬 多 子 . [23a*3*14]\nDân nhân bệnh khái, ngưu mã đa tử.\n冬 十 月 丙 戌 朔 日 食 . [23a*4*3]\nĐông, thập nguyệt, Bính Tuất, sóc, nhật thực.\n己 亥 六 年 宋 咸 平 二 年 . [23a*5*1]\nKỉ Hợi, lục niên [Tống Hàm Bình nhị niên].\n帝 親 征 何 洞 等 四 十 九 洞 及 破 日 則 定 邊 州 等 處 . [23a*5*10]\nĐế thân chinh Hà Động đẳng tứ thập cửu động, cập phá Nhật Tắc, Định Biên châu đẳng xứ.\n自 是 諸 州 洞 皆 率 服 . [23a*6*8]\nTự thị, chư châu động giai suất phục.\n更 子 七 年 宋 咸 平 三 年 . [23a*7*1]\nCanh Tí, thất niên [Tống Hàm Bình Tam niên].\n詔 討 峯 州 鄭 航 陳 麗 丹 長 温 賊 航 等 奔 傘 圓 . [23a*7*10]\nChiếu thảo Phong Châu Trịnh Hàng, Trần Lệ, Đan Trường Ôn tặc, Hàng đẳng bôn Tản Viên.\n大 勝 明 皇 后 亡 . [23a*8*6]\nĐại Thắng Minh Hoàng Hậu vong.\n擎 天 王 薨 . [23a*8*12]\nKình Thiên Vương hoăng.\n命 統 將 徐 穆 巡 海 西 境 吳 子 安 巡 北 境 覘 邊 情 . [23a*8*16]\nMệnh thống tướng Từ Mục tuần Hải Tây cảnh, Ngô Tử An tuần Bắc cảnh siêm biên tình.\n",
    "url": "/data/image_dvsk/ban_ky_toan_thu/quyen1/DVSKTT_ban_toan_I_23a.jpg"
  },
  {
    "text": "辛 丑 八 年 宋 咸 平 四 年 . [23b*1*1]\nTân Sửu, bát niên [Tống Hàm Bình tứ niên].\n帝 親 征 筥 隆 賊 眾 見 帝 張 弓 注 矢 將 發 矢 隋 再 舉 絃 又 斷 自 惧 而 退 . [23b*1*10]\nĐế thân chinh Cử Long tặc, chúng kiến đế trương cung chú thỉ tương phát, thỉ tuỳ, tái cử huyền hựu đoạn, tự cụ nhi thoái.\n帝 遂 御 舟 入 窮 江 逐 之 . [23b*2*15]\nĐế toại ngự chu nhập Cùng Giang trục chi.\n賊 陳 于 两 岸 拒 戰 官 軍 陷 于 江 故 主 衛 王 璿 爲 流 矢 所 中 殂 于 陣 . [23b*3*5]\nTặc trần vu lưỡng ngạn cự chiến, quan quân hãm vu giang, cố chủ Vệ Vương Toàn vi lưu thỉ sở trúng tồ vu trận.\n帝 呼 天 三 聲 督 戰 賊 自 敗 . [23b*4*11]\nĐế hô thiên tam thanh đốc chiến, tặc tự bại.\n壬 寅 九 年 宋 咸 平 五 年 . [23b*6*1]\nNhâm Dần, cửu niên [Tống Hàm Bình ngũ niên].\n春 三 月 定 律 令 選 軍 伍 分 將 校 爲 两 𤤻 改 十 道 爲 路 府 州 . [23b*6*10]\nXuân, tam nguyệt, định luật lệnh, tuyển quân ngũ, phân tướng hiệu vi lưỡng ban, cải thập đạo vi lộ phủ châu.\n詔 造 兠 鍪 數 千 頂 頒 賜 六 軍 . [23b*7*11]\nChiếu tạo Đâu mâu sổ thiên đỉnh, ban tứ lục quân.\n癸 卯 十 年 宋 咸 平 六 年 . [23b*9*1]\nQuý mão, thập niên [Tống Hàm Bình lục niên].\n帝 幸 驩 州 浚 多 盖 港 今 華 盖 是 直 抵 . [23b*9*10]\nĐế hạnh Hoan Châu tuấn Đa Cái cảng [Kim Hoa Cái thị] trực để..\n",
    "url": "/data/image_dvsk/ban_ky_toan_thu/quyen1/DVSKTT_ban_toan_I_23b.jpg"
  },
  {
    "text": "暗 州 思 拱 場 . [24a*1*1]\nÁm Châu, Tư Củng trường.\n多 盖 人 叛 斬 首 以 徇 . [24a*1*6]\nĐa Cái nhân phản, trảm thủ dĩ tuẫn.\n日 効 城 民 人 及 頭 目 皇 慶 集 等 挈 家 四 百 五 十 餘 口 率 亡 宋 欽 州 塢 . [24a*1*14]\nNhật Hiệu thành dân nhân cập đầu mục Hoàng Khánh Tập đẳng khiết gia tứ bách ngũ thập dư khẩu suất vong Tống Khâm Châu ổ.\n宋 遣 使 慰 撫 令 還 . [24a*3*2]\nTống khiển sứ uý phủ lệnh hoàn.\n慶 集 等 惧 不 還 遂 於 海 岸 居 之 . [24a*3*9]\nKhánh Tập đẳng cụ bất hoàn, toại ư hải ngạn cư chi.\n秋 八 月 帝 有 疾 九 月 瘳 . [24a*4*2]\nThu, bát nguyệt, đế hữu tật, cửu nguyệt sưu.\n甲 辰 十 一 年 宋 景 德 元 年 . [24a*5*1]\nGiáp Thìn, thập nhất niên, [Tống Cảnh Đức nguyên niên].\n春 正 月 立 南 封 王 龍 鉞 爲 皇 太 子 加 封 龍 鋌 爲 開 明 大 王 龍 錫 爲 東 城 大 王 . [24a*5*11]\nXuân chính nguyệt, Lập Nam Phong vương Long Việt vi hoàng thái tử, gia phong Long Đĩnh vi Khai Minh Đại Vương, Long Tích vi Đông Thành Đại Vương.\n先 是 龍 鋌 求 爲 太 子 帝 欲 許 之 . [24a*6*19]\nTiên thị, Long Đĩnh cầu vi thái tử, đế dục hứa chi.\n廷 臣 議 以 爲 不 立 長 而 立 次 非 禮 也 . [24a*7*12]\nĐình thần nghị dĩ vi bất lập trưởng nhi lập thứ phi lễ dã.\n乃 止 . [24a*8*7]\nNãi chỉ.\n至 是 立 龍 鉞 爲 皇 太 子 而 加 龍 鋌 龍 錫 大 王 . [24a*8*9]\nChí thị lập Long Việt vi Hoàng Thái Tử, nhi gia Long Đĩnh Long Tích Đại Vương.\n遣 行 軍 王 明 提 稱 攝 驩 州 刺 史 . [24a*9*7]\nKhiển Hành quân vương Minh Đề, xưng Nhiếp Hoan Châu thứ sử,..\n",
    "url": "/data/image_dvsk/ban_ky_toan_thu/quyen1/DVSKTT_ban_toan_I_24a.jpg"
  },
  {
    "text": "聘 于 宋 . [24b*1*1]\nsính vu Tống.\n明 提 至 汴 懇 求 恩 使 宣 撫 遐 裔 . [24b*1*4]\nMinh Đề chí Biện, khẩn cầu ân sứ tuyên phủ hà duệ.\n宋 帝 許 之 召 入 使 殿 勞 問 賜 賞 甚 厚 授 明 提 金 紫 榮 祿 大 夫 檢 校 太 尉 驩 州 刺 史 . [24b*1*16]\nTống đế hứa chi; triệu nhập sứ điện lao vấn tứ thưởng thậm hậu, thụ Minh Đề Kim tử vinh lộc đại phu kiểm hiệu thái uý Hoan Châu thứ sử.\n帝 於 大 皇 江 觀 曳 曾 有 大 蛇 蟠 其 中 漁 人 以 聞 . [24b*3*9]\nĐế ư Đại Hoàng giang quan duệ tăng, hữu đại xà bàn kì trung, ngư nhân dĩ văn.\n帝 停 舟 江 中 欲 觀 之 . [24b*4*9]\nĐế đình chu giang trung dục quan chi.\n蛇 󰑎 然 逆 流 而 去 . [24b*4*17]\nXà điều nhiên nghịch lưu nhi khứ.\n遣 人 乘 小 舟 挽 之 不 還 後 復 回 于 本 處 . [24b*5*5]\nKhiển nhân thừa tiểu chu vãn chi, bất hoàn, hậu phục hồi vu bản xứ.\n乙 巳 十 二 年 宋 景 德 二 年 . [24b*6*1]\nẤt Tị, thập nhị niên [Tống Cảnh Đức nhị niên].\n春 三 月 帝 崩 于 長 春 殿 號 大 行 皇 帝 因 爲 廟 號 而 不 改 塟 長 安 州 山 陵 按 舊 本 地 志 記 帝 崩 在 丙 午 年 乃 黎 卧 朝 請 命 之 時 而 言 非 實 也 . [24b*6*11]\nXuân, tam nguyệt, đế băng vu Trường Xuân điện, hiệu Đại Hành Hoàng đế, nhân vi miếu hiệu nhi bất cải, táng Trường An Châu sơn Lăng [Án cựu bản địa chí ký đế băng tại Bính Ngọ niên, nãi Lê Ngoạ Triều thỉnh mệnh chi thời nhi ngôn, phi thực dã.\n今 從 黎 文 休 爲 是 . [24b*8*20]\nKim tòng Lê Văn Hưu vi thị].\n黎 文 休 曰 天 子 與 皇 后 初 崩 殂 未 歸 山 陵 則 號 . [24b*9*1]\nLê Văn Hưu viết: Thiên tử dữ Hoàng hậu sơ băng tồ, vị quy sơn Lăng, tắc hiệu..\n",
    "url": "/data/image_dvsk/ban_ky_toan_thu/quyen1/DVSKTT_ban_toan_I_24b.jpg"
  },
  {
    "text": "大 行 皇 帝 大 行 皇 后 . [25a*1*1]\nĐại Hành Hoàng đế, Đại Hành Hoàng hậu.\n及 寢 陵 既 安 則 會 羣 臣 議 其 德 行 之 賢 否 以 爲 諡 曰 某 皇 帝 某 皇 后 不 復 以 大 行 稱 之 . [25a*1*9]\nCập tẩm lăng ký an, tắc hội quần thần nghị kì đức hạnh chi hiền phủ, dĩ vi thuỵ viết mỗ Hoàng đế, mỗ Hoàng Hậu, bất phục dĩ Đại Hành xưng chi.\n黎 大 行 乃 以 大 行 爲 諡 號 相 傳 至 今 何 哉 盖 以 不 肖 之 卧 朝 爲 子 又 無 儒 臣 弼 亮 之 以 議 其 諡 法 故 也 . [25a*3*6]\nLê Đại Hành nãi dĩ Đại Hành vi thuỵ hiệu, tương truyền chí kim hà tai? Cái dĩ bất tiếu chi Ngoạ Triều vi tử, hựu vô nho thần bật lượng chi dĩ nghị kì thuỵ pháp cố dã.\n史 臣 吳 士 連 曰 帝 之 戰 勝 攻 取 斬 占 城 主 以 雪 藩 夷 執 使 之 耻 摧 趙 宋 軍 以 挫 軍 臣 必 勝 之 謀 可 謂 盖 世 英 雄 矣 . [25a*6*1]\nSử thần Ngô Sĩ Liên viết: Đế chi chiến thắng công thủ, trảm Chiêm Thành chủ dĩ tuyết Phiên Di chấp sứ chi sỉ, thôi Triệu Tống quân dĩ toả quân thần tất thắng chi mưu, khả vị cái thế anh hùng hĩ.\n然 居 攝 之 時 自 稱 副 王 至 佃 匐 之 起 兵 其 即 帝 位 也 出 於 巨 俩 輩 脅 之 以 兵 . [25a*8*8]\nNhiên cư nhiếp chi thời, tự xưng Phó vương, chí Điền, Bặc chi khởi binh; kì tức đế vị dã, xuất ư Cự Lạng bối hiếp chi dĩ binh;..\n",
    "url": "/data/image_dvsk/ban_ky_toan_thu/quyen1/DVSKTT_ban_toan_I_25a.jpg"
  }
]