[
  {
    "text": "弟 之 恩 雖 云 厚 矣 然 其 主 鬯 承 祧 則 社 稷 爲 重 骨 肉 爲 輕 况 不 弟 之 弟 乎 斯 時 也 中 宗 舉 𬋩 叔 叔 牙 之 事 以 正 其 罪 可 也 不 然 󰱔 之 别 室 使 終 天 年 亦 可 也 . [26b*1*1]\nđệ chi ân, tuy vân hậu hĩ; nhiên kì chủ sưởng thừa diêu tắc, xã tắc vi trọng, cốt nhục vi khinh, huống bất đễ chi đệ hồ? Tư thời dã, Trung Tông cử Quản Thúc, Thúc Nha chi sự, dĩ chính kì tội khả dã, bất nhiên đoán chi biệt thất sử chung thiên niên diệc khả dã.\n乃 肆 放 之 能 無 及 乎 卒 以 覆 宗 絶 祀 中 宗 爲 之 也 . [26b*4*6]\nNãi tứ phóng chi, năng vô cập hồ tốt, dĩ phú Tông tuyệt tự, Trung Tông vi chi dã.\n卧 朝 何 足 咎 哉 故 人 君 必 大 居 正 而 貴 窮 理 也 . [26b*5*7]\nNgoạ Triều hà túc cữu tai? Cố nhân quân tất đại cư chính nhi quý cùng lí dã.\n卧 朝 皇 帝 . [26b*7*1]\nNgoạ Triều Hoàng Đế.\n諱 龍 鋌 又 名 至 忠 大 行 第 五 位 四 年 壽 二 十 四 崩 于 寢 殿 . [26b*7*5]\n[Huý Long Đĩnh, hựu danh Chí Trung, Đại Hành đệ ngũ vị tứ niên, thọ nhị thập tứ, băng vu tẩm điện.\n子 在 帝 恣 行 篡 弑 逞 其 滛 虐 欲 無 亡 得 乎 . [26b*7*27]\ntử, tại Đế tứ hành soán thí, sính kì dâm ngược, dục vô vong đắc hồ?].\n冬 帝 篡 位 尊 號 曰 開 天 應 運 聖 文 神 武 則 天 崇 道 . [26b*9*1]\nĐông, đế soán vị, tôn hiệu viết: Khai Thiên Ứng Vận Thánh Văn Thần Vũ Tắc Thiên Sùng Đạo..\n",
    "url": "/data/image_dvsk/ban_ky_toan_thu/quyen1/DVSKTT_ban_toan_I_26b.jpg"
  },
  {
    "text": "大 勝 明 光 孝 皇 帝 . [27a*1*1]\nĐại Thắng Minh Quang Hiếu Hoàng Đế.\n追 尊 母 爲 興 國 廣 聖 皇 太 后 . [27a*1*8]\nTruy tôn mẫu vi Hưng Quốc Quảng Thánh Hoàng Thái Hậu.\n立 皇 后 四 . [27a*2*1]\nLập hoàng hậu tứ.\n禦 北 王 與 中 國 王 據 扶 蘭 叛 . [27a*2*5]\nNgự Bắc Vương dữ Trung Quốc Vương cứ Phù Lan phản.\n帝 親 征 . [27a*2*16]\nĐế thân chinh.\n至 藤 州 𬋩 甲 杜 市 以 從 兄 黎 翕 尼 反 狀 聞 . [27a*3*1]\nChí Đằng Châu, Quản Giáp Đỗ Thị dĩ tòng huynh Lê Hấp Ni phản trạng văn.\n收 捕 鞠 問 翕 尼 及 預 謀 者 十 二 人 皆 伏 誅 . [27a*3*17]\nThu bổ cúc vấn, Hấp Ni cập dự mưu giả thập nhị nhân giai phục tru.\n至 扶 蘭 寨 寨 人 堅 壁 固 守 . [27a*4*14]\nChí Phù Lan trại, trại nhân kiên bích cố thủ.\n攻 之 未 下 圍 之 數 月 寨 人 粮 盡 . [27a*5*5]\nCông chi vị hạ, vi chi sổ nguyệt, trại nhân lương tận.\n禦 北 王 知 計 窮 勢 屈 乃 捕 中 國 王 以 献 . [27a*5*17]\nNgự Bắc Vương tri kế cùng thế khuất, nãi bổ Trung Quốc Vương dĩ hiến.\n斬 之 原 禦 北 王 罪 遂 引 兵 伐 禦 蛮 王 於 峰 州 降 之 . [27a*6*13]\nTrảm chi, nguyên Ngự Bắc Vương tội, toại dẫn binh phạt Ngự Man Vương ư Phong Châu, hàng chi.\n師 還 至 藤 州 改 其 州 爲 太 平 府 . [27a*7*13]\nSư hoàn chí Đằng Châu, cải kì châu vi Thái Bình phủ.\n是 後 諸 王 及 道 賊 皆 服 之 . [27a*8*6]\nThị hậu, chư vương cập đạo tặc giai phục chi.\n是 行 也 官 軍 方 與 扶 蘭 寨 人 戰 忽 聞 驛 奏 举 隆 賊 入 寇 至 神 . [27a*8*16]\nThị hành dã, quan quân phương dữ Phù Lan trại nhân chiến, hốt văn dịch tâu Cử Long tặc nhập khấu chí Thần..\n",
    "url": "/data/image_dvsk/ban_ky_toan_thu/quyen1/DVSKTT_ban_toan_I_27a.jpg"
  },
  {
    "text": "頭 海 門 即 神 符 . [27b*1*1]\nĐầu hải môn [Tức Thần Phù].\n今 還 至 󰱕 音 貪 水 名 幸 愛 州 討 筥 隆 賊 . [27b*1*7]\nkim Hoàn chí Tham [Âm Tham thuỷ danh] hạnh Ái Châu thảo Cử Long tặc.\n丙 午 十 三 年 帝 仍 應 天 年 號 宋 景 德 三 年 . [27b*2*1]\nBính Ngọ, thập tam niên, [Đế nhưng Ứng Thiên niên hiệu; Tống Cảnh Đức tam niên].\n春 二 月 封 長 子 乍 爲 開 封 王 義 兒 紹 理 爲 楚 王 居 于 左 紹 勳 爲 漢 王 居 于 右 . [27b*2*17]\nXuân, nhị nguyệt, phong trưởng tử Sạ vi Khai Phong Vương, nghĩa nhi Thiệu Lí vi Sở Vương, cư vu tả; Thiệu Huân vi Hán Vương, cư vu hữu.\n改 文 武 臣 僚 僧 道 官 制 及 朝 服 一 遵 於 宋 . [27b*4*3]\nCải văn vũ thần liêu tăng đạo quan chế, cập triều phục nhất tuân ư Tống.\n行 軍 王 明 提 以 國 亂 不 能 還 駐 廣 州 知 州 高 日 罷 給 舘 券 . [27b*5*1]\nHành Quân Vương Minh Đề dĩ quốc loạn bất năng hoàn, trú Quảng Châu, Tri Châu Cao Nhật bãi cấp quán khoán.\n宋 帝 詔 别 賜 錢 五 十 萬 米 一 百 五 十 斛 續 給 舘 券 . [27b*6*4]\nTống đế chiếu biệt tứ tiền ngũ thập vạn, mễ nhất bách ngũ thập hộc, tục cấp quán khoán.\n夏 六 月 宋 知 廣 州 凌 策 上 言 曰 今 以 交 趾 兵 亂 令 臣 與 沿 邊 安 撫 使 卲 曄 同 經 度 便 宜 以 聞 . [27b*7*4]\nHạ, lục nguyệt, Tống Tri Quảng Châu Lăng Sách thượng ngôn viết: \"Kim dĩ Giao Chỉ binh loạn, lệnh thần dữ Duyên biên An phủ sứ Thiệu Việp đồng kinh độ tiện nghi dĩ văn.\n臣 等 准 廉 州 所 送 到 交 趾 皇 慶 集 等 千 餘 口 言 . [27b*9*2]\nThần đẳng chuẩn Liêm Châu sở tống đáo Giao Chỉ Hoàng Khánh Tập đẳng thiên dư khẩu, ngôn..\n",
    "url": "/data/image_dvsk/ban_ky_toan_thu/quyen1/DVSKTT_ban_toan_I_27b.jpg"
  },
  {
    "text": "南 平 王 諸 子 各 散 設 寨 柵 官 属 離 拆 人 民 憂 惧 乞 出 兵 平 定 慶 集 等 願 爲 先 鋒 刻 日 可 取 . [28a*1*1]\nNam Bình Vương chư tử các tán thiết trại sách, quan thuộc li sách, nhân dân ưu cụ, khất xuất binh bình định, Khánh Tập đẳng nguyện vi tiên phong, khắc nhật khả thủ.\n若 朝 廷 乞 其 請 乞 以 廣 南 諸 州 屯 兵 益 以 荆 湖 勁 率 五 千 水 陸 齊 進 立 可 平 定 . [28a*2*16]\nNhược Triều đình khất kì thỉnh, khất dĩ Quảng Nam chư châu đồn binh, ích dĩ Kinh Hồ kính suất ngũ thiên, thuỷ lục tề tiến, lập khả bình định\".\n宋 帝 曰 黎 民 嘗 遣 子 入 覲 海 喁 寧 謐 不 失 忠 順 . [28a*4*8]\nTống đế viết: \"Lê dân thường khiển tử nhập cận, hải ngung ninh mật, bất thất trung thuận.\n今 聞 其 薨 未 有 吊 慰 遽 伐 其 䘮 𡸈 王 者 所 爲 . [28a*5*7]\nKim văn kì hoăng, vị hữu điếu uý, cự phạt kì tang, khởi Vương giả sở vi?\".\n詔 策 等 依 舊 招 安 撫 務 令 謐 静 . [28a*6*5]\nChiếu Sách đẳng y cựu chiêu an, phủ vụ lệnh mật tĩnh.\n仍 命 曄 移 書 諭 以 朝 廷 威 德 無 自 相 戕 骨 肉 久 無 定 位 天 師 問 罪 黎 氏 無 遺 種 矣 . [28a*6*17]\nNhưng mệnh Việp di thư dụ dĩ triều đình uy đức, vô tự tương tường cốt nhục, cửu vô định vị thiên sư vấn tội, Lê thị vô di chủng hĩ.\n帝 惧 請 遣 弟 入 貢 . [28a*8*10]\nĐế cụ, thỉnh khiển đệ nhập cống.\n宋 帝 詔 曄 以 其 國 事 諭 明 提 自 擇 去 就 . [28a*8*17]\nTống đế chiếu Việp dĩ kì quốc sự dụ Minh Đề, tự trạch khứ tựu.\n願 歸 則 給 人 船 . [28a*9*14]\nNguyện quy tắc cấp nhân thuyền..\n",
    "url": "/data/image_dvsk/ban_ky_toan_thu/quyen1/DVSKTT_ban_toan_I_28a.jpg"
  },
  {
    "text": "舘 券 賜 錢 遣 之 . [28b*1*1]\nquán khoán, tứ tiền khiển chi.\n明 提 歸 曄 欲 因 此 取 我 越 乃 上 邕 州 至 交 州 水 陸 圖 . [28b*1*7]\nMinh Đề quy, Việp dục nhân thử thủ ngã Việt, nãi thượng Ung Châu chí Giao Châu thuỷ lục đồ.\n宋 帝 以 是 近 臣 曰 交 州 瘴 癘 若 興 兵 攻 取 死 傷 必 多 當 慎 守 祖 宗 境 土 而 已 . [28b*2*8]\nTống đế dĩ thị cận thần viết: \"Giao Châu chướng lệ, nhược hưng binh công thủ, tử thương tất đa, đương thận thủ tổ tông cảnh thổ nhi dĩ\".\n事 遂 寢 . [28b*3*18]\nSự toại tẩm.\n冬 十 月 丙 午 帝 誕 辰 以 竹 作 小 山 一 峰 賜 群 臣 宴 . [28b*4*2]\nĐông, thập nguyệt, Bính Ngọ, đế đản thìn, dĩ trúc tác tiểu sơn nhất phong, tứ quần thần yến.\n渭 龍 州 今 大 蛮 州 氏 也 献 白 駒 四 足 生 距 . [28b*5*3]\nVị Long châu [Kim Đại Man châu thị dã] hiến bạch câu, tứ túc sinh cự.\n丁 未 十 四 年 帝 仍 應 天 年 號 宋 景 德 四 年 . [28b*6*1]\nĐinh Mùi, thập tứ niên, [Đế nhưng Ứng Thiên niên hiệu; Tống Cảnh Đức tứ niên].\n春 遣 弟 明 昶 掌 書 記 皇 成 雅 献 白 犀 于 宋 𡴯 大 藏 經 文 . [28b*6*17]\nXuân, khiển đệ Minh Xưởng, Chưởng thư ký Hoàng Thành Nhã hiến bạch tê vu Tống, ngật Đại tạng kinh văn.\n秋 八 月 宋 封 帝 爲 交 趾 郡 王 領 靜 海 君 節 度 使 仍 賜 名 至 忠 授 明 厂 成 雅 爵 . [28b*7*14]\nThu, bát nguyệt, Tống phong đế vi Giao Chỉ Quận Vương, lĩnh Tĩnh Hải quân Tiết độ sứ, nhưng tứ danh Chí Trung, thụ Minh Xưởng, Thành Nhã tước.\n九 月 鑄 交 趾 郡 王 印 詔 廣 南 轉 運 使 . [28b*9*6]\nCửu nguyệt, chú \"Giao Chỉ Quận Vương\" ấn, chiếu Quảng Nam chuyển vận sứ..\n",
    "url": "/data/image_dvsk/ban_ky_toan_thu/quyen1/DVSKTT_ban_toan_I_28b.jpg"
  },
  {
    "text": "來 賜 . [29a*1*1]\nlai tứ.\n戊 申 景 瑞 元 年 宋 大 中 祥 符 元 年 . [29a*2*1]\nMậu Thân, Cảnh Thuỵ nguyên niên, [Tống Đại Trung Tường Phù nguyên niên].\n封 感 聖 皇 后 義 兒 黎 偓 佺 爲 三 一 作 二 . [29a*2*14]\nPhong Cảm Thánh Hoàng Hậu nghĩa nhi Lê Ác Thuyên vi Tam [Nhất tác nhị].\n原 王 . [29a*3*7]\nNguyên Vương.\n帝 親 征 都 良 謂 龍 二 州 獲 蛮 人 及 馬 數 百 匹 伐 安 洞 獲 人 口 使 人 以 杖 擊 之 蛮 人 甚 痛 啼 號 屡 犯 大 行 諱 帝 悅 甚 . [29a*3*10]\nĐế thân chinh Đô Lương, Vị Long nhị châu, hoạch Man nhân cập mã sổ bách sất, phạt án động hoạch nhân khẩu, sử nhân dĩ trượng kích chi, man nhân thậm thống đề hiệu, lũ phạm Đại Hành huý, đế duyệt thậm.\n又 自 將 討 驩 州 及 千 柳 州 獲 人 口 作 囷 納 人 其 中 而 焚 之 . [29a*5*13]\nHựu tự tướng thảo Hoan Châu cập Thiên Liễu châu, hoạch nhân khẩu, tác khuân nạp nhân kì trung nhi phần chi.\n己 酉 二 年 宋 大 中 祥 符 二 年 . [29a*7*1]\nKỉ Dậu, nhị niên [Tống Đại Trung Tường Phù nhị niên].\n春 明 昶 自 宋 還 得 大 藏 經 文 及 誘 得 宋 女 萧 氏 以 献 納 爲 宫 人 . [29a*7*12]\nXuân, Minh Xưởng tự Tống hoàn, đắc Đại Tạng kinh văn, cập dụ đắc Tống nữ Tiêu thị dĩ hiến, nạp vi cung nhân.\n遣 使 遺 馴 犀 于 宋 . [29a*8*14]\nKhiển sứ di thuần tê vu Tống.\n宋 帝 以 犀 遠 來 違 性 欲 還 之 恐 逆 帝 意 令 候 我 . [29a*9*2]\nTống đế dĩ Tê viễn lai, vi tính dục hoàn chi, khủng nghịch đế ý, lệnh hầu ngã..\n",
    "url": "/data/image_dvsk/ban_ky_toan_thu/quyen1/DVSKTT_ban_toan_I_29a.jpg"
  },
  {
    "text": "使 回 縱 之 海 濱 . [29b*1*1]\nsứ hồi, túng chi hải tân.\n帝 又 求 甲 胄 金 裝 宋 帝 從 之 . [29b*1*7]\nĐế hựu cầu giáp trụ kim trang, Tống đế tòng chi.\n帝 又 求 知 邕 州 丘 市 止 許 廉 州 及 如 洪 丘 市 . [29b*1*18]\nĐế hựu cầu tri Ung Châu khưu thị, chỉ hứa Liêm Châu cập như Hồng khâu thị.\n吳 都 督 矯 行 献 等 上 表 請 𮢶 港 築 道 立 碑 堠 于 愛 州 . [29b*2*16]\nNgô đô đốc, Kiểu hành hiến đẳng, thượng biểu thỉnh tạc cảng, trúc đạo lập bi hậu vu Ái Châu.\n詔 以 其 州 軍 民 𮢶 築 自 支 隆 開 越 頂 山 至 武 瀧 江 . [29b*3*18]\nChiếu dĩ kì châu quân dân, tạc trúc tự chi Long, khai việt Đỉnh Sơn chí Vũ Lung giang.\n帝 幸 愛 州 至 武 瀧 江 . [29b*4*18]\nĐế hạnh Ái Châu, chí Vũ Lung giang.\n其 俗 相 傳 游 涉 此 江 者 多 被 害 帝 因 使 人 游 泳 凣 三 反 無 所 害 . [29b*5*8]\nKì tục tương truyền, du thiệp thử giang giả, đa bị hại, đế nhân sử nhân du vịnh, phàm tam phản vô sở hại.\n詔 造 舟 置 于 武 瀧 拔 渠 洞 瀧 江 四 處 以 濟 人 行 . [29b*6*13]\nChiếu tạo chu trí vu Vũ Lung, Bạt Cừ, Động Lung giang tứ xứ dĩ tế nhân hành.\n秋 七 月 帝 親 征 驩 唐 石 河 等 州 . [29b*7*12]\nThu, thất nguyệt, đế thân chinh Hoan Đường, Thạch Hà đẳng châu.\n至 環 江 遣 防 遏 使 胡 守 益 領 環 唐 州 軍 五 千 餘 除 治 道 路 自 州 夾 江 至 南 界 海 口 以 便 . [29b*8*6]\nChí Hoàn Giang, khiển Phòng Át sử Hồ Thủ Ích lĩnh Hoan Đường châu quân ngũ thiên dư, trừ trị đạo lộ tự Châu Giáp giang chí Nam Giới hải khẩu dĩ tiện..\n",
    "url": "/data/image_dvsk/ban_ky_toan_thu/quyen1/DVSKTT_ban_toan_I_29b.jpg"
  },
  {
    "text": "行 師 . [30a*1*1]\nhành sư.\n龍 舟 出 環 海 口 至 海 外 忽 遇 封 濤 洶 湧 雲 雨 晦 㜆 遂 命 回 舟 . [30a*1*3]\nLong chu xuất Hoàn hải khẩu chí hải ngoại, hốt ngộ phong đào hung dũng, vân vũ hối minh, toại mệnh hồi chu.\n於 是 惧 海 道 艱 險 陸 行 還 京 師 . [30a*2*7]\nƯ thị, cụ hải đạo gian hiểm, lục hành hoàn kinh sư.\n帝 性 孝 殺 . [30a*3*1]\nĐế tính hiếu sát.\n凣 人 臨 刑 或 用 芽 纏 身 燃 之 其 人 爲 火 所 焦 逼 近 死 或 使 宋 優 人 廖 守 心 持 短 刃 鈍 刀 解 之 令 不 得 速 子 . [30a*3*5]\nPhàm nhân lâm hình, hoặc dụng nha triền thân nhiên chi kì nhân vi hoả sở tiêu, bức cận tử; hoặc sử Tống ưu nhân Liêu Thủ Tâm trì đoản nhận độn đao giải chi, lệnh bất đắc tốc tử.\n其 人 哀 號 痛 切 守 心 戲 曰 不 慣 受 死 . [30a*5*7]\nKì nhân ai hiệu thống thiết, Thủ Tâm hí viết: \"Bất quán thụ tử\".\n帝 乃 大 笑 . [30a*6*2]\nĐế nãi đại tiếu.\n征 伐 虜 獲 俘 囚 押 赴 江 岸 潮 退 令 人 作 水 牢 驅 入 其 中 潮 漲 呀 呷 而 死 或 使 高 登 木 抄 而 伐 其 樹 樹 倒 人 墮 死 . [30a*6*6]\nChinh phạt lỗ hoạch phù tù, áp phó giang ngạn, triều thoái lệnh nhân tác thuỷ lao, khu nhập kì trung, triều trướng nha hạp nhi tử; hoặc sử cao đăng mộc sao nhi phạt kì thụ, thụ đảo nhân đoạ tử.\n親 觀 以 爲 樂 賞 之 . [30a*8*10]\nThân quan dĩ vi lạc thưởng chi.\n寕 江 其 江 多 蛇 繫 人 舟 倒 來 往 中 流 欲 令 蛇 害 之 . [30a*8*17]\nNinh giang, kì giang đa xà, hệ nhân chu đảo lai vãng trung lưu, dục lệnh xà hại chi.\n凣 牢 牲 . [30a*9*17]\nPhàm lao sinh..\n",
    "url": "/data/image_dvsk/ban_ky_toan_thu/quyen1/DVSKTT_ban_toan_I_30a.jpg"
  },
  {
    "text": "欲 供 庖 者 先 手 刺 之 後 方 入 庖 . [30b*1*1]\ndục cung bào giả, tiên thủ nhận thích chi hậu phương nhập bào.\n賞 削 甘 蔗 於 僧 郭 昂 頭 上 假 爲 失 手 傷 僧 頭 流 血 仍 大 笑 . [30b*1*14]\nThưởng tước cam giá ư tăng Quách Ngang đầu thượng, giả vi thất thủ, thương tăng đầu lưu huyết nhưng đại tiếu.\n或 因 宴 殺 猫 賜 諸 王 食 畢 以 猫 頭 示 之 諸 王 皆 惧 乃 悅 . [30b*2*17]\nHoặc nhân yến, sát miêu tứ chư vương thực, tất dĩ miêu đầu thị chi, chư vương giai cụ, nãi duyệt.\n每 視 朝 必 使 詼 諧 者 侍 左 右 帝 或 有 言 則 𠿚 𠿚 應 聲 取 笑 以 亂 執 攻 之 奏 事 者 . [30b*3*19]\nMỗi thị triều, tất sử khôi hài giả thị tả hữu, đế hoặc hữu ngôn tắc diệp diệp ứng thanh thủ tiếu, dĩ loạn chấp công chi tấu sự giả.\n又 以 守 宮 爲 膾 使 詼 諧 者 相 争 食 . [30b*5*11]\nHựu dĩ thủ cung vi khoái, sử khôi hài giả tương tranh thực.\n冬 十 月 辛 亥 帝 崩 于 寢 殿 號 卧 朝 以 有 痔 疾 卧 而 視 朝 也 . [30b*6*5]\nĐông, thập nguyệt, Tân Hợi, đế băng vu tẩm điện, hiệu Ngoạ Triều, dĩ hữu trĩ tật ngoạ nhi thị triều dã.\n野 史 云 帝 耽 滛 酒 色 發 成 痔 疾 . [30b*7*9]\n[Dã sử vân đế đam dâm tửu sắc, phát thành trĩ tật].\n史 臣 吳 士 連 曰 夏 桀 嗜 殺 至 有 炮 烙 之 刑 商 紂 嗜 殺 至 有 斮 涉 之 脛 雖 以 龍 逄 比 干 之 賢 盡 忠 . [30b*8*1]\nSử thần Ngô Sĩ Liên viết: Hạ Kiệt thị sát, chí hữu bào lạc chi hình; Thương Trụ thị sát, chí hữu trác thiệp chi kinh, tuy dĩ Long Bàng, Tỉ Can chi hiền tận trung..\n",
    "url": "/data/image_dvsk/ban_ky_toan_thu/quyen1/DVSKTT_ban_toan_I_30b.jpg"
  },
  {
    "text": "極 諫 猶 皆 見 殺 其 亡 也 忽 然 . [31a*1*1]\ncực gián do giai kiến sát, kì vong dã hốt nhiên.\n後 世 嗜 殺 之 君 如 吳 孫 皓 者 多 矣 皆 底 滅 亡 . [31a*1*12]\nHậu thế thị sát chi quân, như Ngô Tôn Hạo giả đa hĩ, giai để diệt vong.\n卧 朝 非 徒 嗜 殺 又 怨 君 父 之 不 立 已 痛 打 蛮 人 使 啼 號 聲 屡 犯 父 諱 爲 悅 殆 有 甚 焉 . [31a*2*11]\nNgoạ Triều phi đồ thị sát, hựu oán quân phụ chi bất lập, dĩ thống đả Man nhân, sử đề hiệu thanh lũ phạm phụ huý vi duyệt, đãi hữu thậm yên.\n其 促 亡 也 𡸈 無 所 自 哉 又 按 中 宗 卧 朝 皆 不 書 塟 史 失 之 矣 𡸈 敢 夷 狄 其 君 而 不 書 塟 乎 . [31a*4*7]\nKì xúc vong dã, khởi vô sở tự tai? Hựu án Trung Tông, Ngoạ Triều giai bất thư táng, Sử thất chi hĩ, khởi cảm Di Địch kì quân nhi bất thư táng hồ?.\n是 月 癸 丑 日 李 公 藴 自 立 爲 帝 . [31a*7*1]\nThị nguyệt, Quý Sửu nhật, Lí Công Uẩn tự lập vi đế.\n先 是 古 法 州 延 蕴 鄕 木 𬗏 樹 震 鄕 人 詳 認 震 迹 有 文 曰 樹 根 杳 杳 木 表 青 青 . [31a*7*13]\nTiên thị, Cổ Pháp châu, Diên Uẩn hương, mộc miên thụ chấn, hương nhân tường nhận chấn tích hữu văn viết: \"Thụ căn yểu yểu, Mộc biểu thanh thanh.\n禾 刀 木 落 十 八 子 成 . [31a*9*5]\nHoà đao mộc lạc, Thập bát tử thành.\n東 阿 入 地 木 異 再 . [31a*9*13]\nĐông a nhập địa, mộc dị tái..\n",
    "url": "/data/image_dvsk/ban_ky_toan_thu/quyen1/DVSKTT_ban_toan_I_31a.jpg"
  },
  {
    "text": "生 . [31b*1*1]\nsinh.\n震 宫 見 日 兑 宫 隱 星 . [31b*1*2]\nChấn cung kiến nhật, đoài cung ẩn tinh.\n六 失 年 間 天 下 太 平 . [31b*1*10]\nLục thất niên gian, thiên hạ thái bình\".\n僧 萬 行 私 自 平 曰 樹 根 杳 杳 根 者 本 也 本 猶 君 也 杳 夭 音 同 當 作 夭 . [31b*1*18]\nTăng Vạn Hạnh tư tự bình viết: \"Thụ căn yểu yểu\", căn giả bản dã, bản do quân dã; yểu yểu âm đồng, đương tác yểu.\n木 表 青 青 表 者 末 也 末 猶 臣 也 . [31b*3*6]\n\"Mộc biểu thanh thanh\", biểu giả mạt dã; mạt do thần dã.\n青 菁 聲 相 近 青 當 作 菁 盛 也 . [31b*3*18]\nThanh thanh thanh tương cận, thanh đương tác thanh thịnh dã.\n禾 刀 木 黎 字 也 十 八 子 李 字 也 東 阿 者 陳 氏 也 入 地 者 北 人 入 寇 也 木 異 再 生 者 黎 氏 再 生 也 . [31b*4*10]\nHoà đao mộc, lê tự dã; Thập bát tử, lí tự dã; Đông A giả, trần thị dã; Nhập địa giả, Bắc nhân nhập khấu dã; Mộc dị tái sinh giả, Lê thị tái sinh dã.\n震 宫 見 日 者 震 東 方 也 見 出 也 日 猶 天 子 也 . [31b*6*8]\n\"Chấn cung kiến nhật\" giả: chấn, Đông phương dã; kiến, xuất dã; nhật, do thiên tử dã.\n兑 宫 隐 星 者 兑 西 方 也 隐 猶 没 也 星 猶 庶 人 也 . [31b*7*6]\n\"Đoài cung ẩn tinh\" giả: Đoài, Tây phương dã; ẩn, do một dã; tinh, do thứ nhân dã.\n此 言 君 天 臣 盛 黎 落 李 成 東 方 出 天 子 西 方 沒 庶 人 經 六 七 年 間 而 天 下 平 矣 . [31b*8*5]\nThử ngôn quân thiên thần thịnh, Lê lạc Lí thành, đông phương xuất thiên tử, tây phương một thứ nhân, kinh lục thất niên gian, nhi thiên hạ bình hĩ.\n乃 謂 李 公 . [31b*9*16]\nNãi vị Lí Công..\n",
    "url": "/data/image_dvsk/ban_ky_toan_thu/quyen1/DVSKTT_ban_toan_I_31b.jpg"
  },
  {
    "text": "藴 曰 近 者 臣 覩 符 讖 之 異 知 李 氏 壮 盛 而 興 業 必 矣 . [32a*1*1]\nUẩn viết: \"Cận giả, thần đổ phù sấm chi dị, tri Lí thị tráng thịnh, nhi hưng nghiệp tất hĩ.\n今 觀 天 下 之 姓 李 最 多 無 如 親 衛 寬 慈 仁 恕 頗 得 眾 心 而 掌 握 兵 丙 者 . [32a*2*2]\nKim quan thiên hạ chi tính Lí tối đa, vô như Thân vệ, khoan từ nhân thứ, pha đắc chúng tâm, nhi chưởng ốc binh bính giả.\n宗 主 萬 民 捨 親 衛 其 誰 當 之 . [32a*3*10]\nTông chúa vạn dân, xả thân vệ kì thuỳ đương chi?.\n臣 年 失 十 餘 願 斯 須 勿 死 以 觀 德 化 如 何 誠 千 載 一 遇 之 幸 也 . [32a*4*2]\nThần niên thất thập dư, nguyện tư tu vật tử, dĩ quan đức hoá như hà, thành thiên tải nhất ngộ chi hạnh dã\".\n公 藴 惧 語 泄 遣 其 兄 相 萬 行 匿 于 蕉 山 . [32a*5*7]\nCông Uẩn cụ ngữ tiết, khiển kì huynh tương Vạn Hạnh nặc vu Tiêu Sơn.\n然 亦 以 此 自 負 始 萌 覬 覦 神 噐 之 心 而 人 亦 附 焉 . [32a*6*3]\nNhiên diệc dĩ thử tự phụ, thuỷ manh ký du thần khí chi tâm, nhi nhân diệc phụ yên.\n卧 朝 賞 食 五 廉 果 得 李 核 感 於 讖 語 陰 求 李 氏 族 誅 之 而 公 藴 在 左 右 終 不 之 𮗓 . [32a*7*3]\nNgoạ Triều thưởng thực ngũ liêm quả, đắc lí hạch cảm ư sấm ngữ, âm cầu Lí thị tộc tru chi, nhi Công Uẩn tại tả hữu chung bất chi giác.\n及 卧 朝 崩 嗣 君 尙 幼 公 藴 與 右 殿 前 指 揮 使 阮 低 各 得 隨 龍 兵 . [32a*8*15]\nCập Ngoạ Triều băng, tự quân thượng ấu, Công Uẩn dữ Hữu điện tiền chỉ huy sứ Nguyễn Đê các đắc tuỳ long binh..\n",
    "url": "/data/image_dvsk/ban_ky_toan_thu/quyen1/DVSKTT_ban_toan_I_32a.jpg"
  },
  {
    "text": "五 百 人 入 宿 衛 . [32b*1*1]\nngũ bách nhân nhập túc vệ.\n時 祇 候 陶 甘 沐 揣 知 公 藴 有 欲 受 禪 之 意 遂 以 微 間 激 之 曰 間 者 主 上 昏 暴 多 行 不 義 天 厭 其 德 弗 克 終 壽 嗣 子 幼 冲 未 堪 多 難 . [32b*1*7]\nThời Chi hậu Đào Cam Mộc suỷ tri Công Uẩn hữu dục thụ thiền chi ý, toại dĩ vi gian kích chi viết:\" Gian giả, chúa thượng hôn bạo, đa hành bất nghĩa, thiên yếm kì đức, phất khắc chung thọ, tự tử ấu xung, vị kham đa nạn.\n庶 事 煩 擾 百 神 靡 懷 下 民 嗷 嗷 以 求 真 主 . [32b*3*18]\nThứ sự phiền nhiễu, bách thần mị hoài, hạ dân ngao ngao, dĩ cầu chân chủ.\n親 衛 盍 因 此 時 發 英 謀 攄 睿 斷 遠 觀 湯 武 之 迹 近 覧 丁 黎 所 行 上 順 天 心 下 從 人 望 而 欲 守 區 區 之 小 節 耶 . [32b*4*15]\nThân vệ hạp nhân thử thời, phát anh mưu, sư duệ đoán, viễn quan Thang Vũ chi tích, cận lãm Đinh, Lê sở hành, thượng thuận thiên tâm, hạ tòng nhân vọng, nhi dục thủ khu khu chi tiểu tiết da!\".\n公 藴 内 悅 其 言 而 頗 疑 其 有 異 謀 陽 責 之 曰 公 何 爲 出 是 言 吳 必 執 公 送 官 . [32b*6*18]\nCông Uẩn nội duyệt kì ngôn, nhi pha nghi kì hữu dị mưu, dương trách chi viết: \"Công hà vi xuất thị ngôn, ngô tất chấp công tống quan!\".\n甘 沐 除 未 公 藴 曰 甘 木 見 天 時 人 事 如 此 故 敢 發 言 . [32b*8*9]\nCam Mộc trừ vị Công Uẩn Viết: \"Cam Mộc kiến thiên thời nhân sự như thử, cố cảm phát ngôn.\n今 反 欲 吿 之 吾 誠 不 避 死 . [32b*9*10]\nKim phản dục cáo chi, ngô thành bất tị tử\".\n",
    "url": "/data/image_dvsk/ban_ky_toan_thu/quyen1/DVSKTT_ban_toan_I_32b.jpg"
  },
  {
    "text": "公 藴 曰 吾 安 忍 告 公 但 恐 語 泄 而 倂 誅 故 戒 之 耳 . [33a*1*1]\nCông Uẩn viết: \"Ngô an nhẫn cáo công, đãn khủng ngữ tiết nhi tinh tru, cố giới chi nhĩ\".\n後 日 甘 沐 復 謂 公 藴 曰 國 人 皆 謂 李 姓 大 𦥷 圖 讖 已 見 此 不 可 掩 之 禍 也 . [33a*2*1]\nHậu nhật, Cam Mộc phục vị Công Uẩn viết: \"Quốc nhân giai vị Lí tính đại hưng, đồ sấm dĩ kiến, thử bất khả yểm chi hoạ dã.\n轉 禍 爲 福 其 在 旦 夕 . [33a*3*10]\nChuyển hoạ vi phúc, kì tại đán tịch.\n此 天 授 人 應 之 時 親 衛 尚 何 疑 哉 . [33a*3*18]\nThử thiên thụ nhân ứng chi thời, Thân vệ thượng hà nghi tai?\".\n公 藴 曰 吾 明 公 意 與 萬 行 無 異 誠 如 此 言 計 將 安 出 . [33a*4*12]\nCông Uẩn viết: \"Ngô minh công ý, dữ Vạn Hạnh vô dị, thành như thử ngôn, kế tương an xuất?\".\n甘 沐 曰 親 衛 公 恕 寬 仁 眾 心 允 属 . [33a*5*13]\nCam Mộc viết: \"Thân Vệ công thứ khoan nhân, chúng tâm doãn thuộc.\n方 今 百 姓 疲 弊 民 不 堪 命 親 衛 因 之 撫 以 恩 德 彼 必 翕 然 來 歸 猶 水 之 就 下 孰 能 禦 之 哉 . [33a*6*7]\nPhương kim bách tính bì tệ, dân bất kham mệnh, Thân vệ nhân chi phủ dĩ ân đức, bỉ tất hấp nhiên lai quy, do thuỷ chi tựu hạ, thục năng ngự chi tai!\".\n甘 沐 知 事 急 恐 變 生 乃 以 語 卿 士 庶 官 人 皆 悅 服 . [33a*8*3]\nCam Mộc tri sự cấp, khủng biến sinh, nãi dĩ ngữ khanh sĩ thứ quan, nhân giai duyệt phục.\n即 日 皆 會 于 朝 謀 曰 今 者 億 兆 異 心 上 下 離 . [33a*9*3]\nTức nhật, giai hội vu triều, mưu viết: \"Kim giả, ức triệu dị tâm, thượng hạ li..\n",
    "url": "/data/image_dvsk/ban_ky_toan_thu/quyen1/DVSKTT_ban_toan_I_33a.jpg"
  },
  {
    "text": "德 人 厭 先 帝 苛 虐 不 欲 歸 之 嗣 君 而 咸 有 推 戴 親 衛 之 心 吾 軰 不 因 此 時 共 󰀋 親 衛 爲 天 子 倉 卒 有 變 能 保 首 領 乎 . [33b*1*1]\nđức, nhân yếm tiên đế hà ngược, bất dục quy chi tự quân, nhi hàm hữu suy đái Thân Vệ chi tâm, ngô bối bất nhân thử thời, cộng sách thân vệ vi thiên tử, thương tốt hữu biến, năng bảo thủ lĩnh hồ?\".\n於 是 共 扶 公 藴 升 正 殿 立 爲 天 子 即 位 . [33b*3*7]\nƯ thị, cộng phù Công Uẩn thăng chính điện, lập vi thiên tử, tức vị.\n百 官 于 庭 下 羅 拜 内 外 呼 萬 歲 聲 振 朝 中 . [33b*4*3]\nBách quan vu đình hạ la bái, nội ngoại hô \"vạn tuế\", thanh chấn triều trung.\n大 赦 天 下 以 明 年 爲 順 天 元 年 . [33b*4*19]\nĐại xá thiên hạ, dĩ minh niên vi Thuận Thiên nguyên niên.\n焚 綱 羅 罷 獄 訟 詔 自 今 有 争 訟 者 許 詣 朝 廷 奏 論 帝 親 臨 决 . [33b*5*12]\nPhần cương la, bãi ngục tụng, chiếu tự kim hữu tranh tụng giả, hứa nghệ triều đình tấu luận, đế thân lâm quyết.\n群 臣 上 尊 號 曰 奉 天 至 理 應 運 自 在 聖 明 龍 見 睿 文 英 武 崇 仁 廣 孝 天 下 太 平 欽 明 光 宅 章 明 萬 󰘊 顕 應 符 感 威 震 藩 蛮 睿 謀 神 助 聖 治 則 天 道 政 皇 帝 . [33b*6*16]\nQuần thần thượng tôn hiệu viết: \"Phụng Thiên Chí Lí Ứng Vận Tự Tại Thánh Minh Long Kiến Duệ Văn Anh Vũ Sùng NHân Quảng Hiếu Thiên Hạ Thái Bình Khâm Minh Quang TRạch Chương Minh Vạn Bang Hiển Ứng Phù Cảm Uy Chấn Phiên Man Duệ mưu Thần Trợ Thánh Trị Tắc Thiên Đạo Chính Hoàng Đế.\n",
    "url": "/data/image_dvsk/ban_ky_toan_thu/quyen1/DVSKTT_ban_toan_I_33b.jpg"
  },
  {
    "text": "史 臣 吳 士 連 曰 書 稱 堯 曰 放 勳 舜 曰 重 華 . [34a*1*1]\nSử thần Ngô Sĩ Liên viết: Thư xưng Nghiêu viết Phóng Huân, Thuấn viết Trùng Hoa.\n後 世 人 臣 以 實 行 尊 稱 君 上 至 十 餘 字 已 多 矣 . [34a*1*17]\nHậu thế nhân thần dĩ thực hạnh tôn xưng quân thượng, chí thập dư tự dĩ đa hĩ.\n當 時 人 臣 上 尊 號 至 五 十 字 是 不 稽 古 學 而 務 諛 其 君 . [34a*2*17]\nĐương thời, nhân thần thượng tôn hiệu chí ngũ thập tự, thị bất kê cổ học, nhi vụ du kì quân.\n太 祖 受 而 不 却 是 欲 誇 大 而 使 後 世 無 以 加 胥 失 之 矣 . [34a*4*2]\nThái Tổ thụ nhi bất khước, thị dục khoa đại nhi sử hậu thế vô dĩ gia tư, thất chi hĩ.\n後 尊 太 宗 近 至 五 十 字 盖 效 尤 乎 此 . [34a*5*5]\nHậu tôn Thái Tông cận chí ngũ thập tự, cái hiệu vưu hồ thử.\n追 封 父 曰 顯 󰆑 王 母 曰 明 德 太 后 . [34a*6*1]\nTruy phong phụ viết Hiển Khánh Vương, mẫu viết Minh Đức Thái Hậu.\n黎 文 休 曰 有 周 興 王 其 追 封 則 曰 大 王 王 季 大 宋 稱 帝 其 追 封 則 曰 僖 祖 翼 祖 盖 父 爲 子 貴 之 義 . [34a*7*1]\nLê Văn Hưu viết: Hữu Chu hưng vương, kì truy phong tắc viết Thái Vương, Vương Quý; đại Tống xưng đế, kì truy phong tắc viết Hi Tổ, Dực Tổ, cái phụ vi tử quý chi nghĩa.\n我 李 太 祖 既 稱 帝 而 追 封 其 父 曰 顯 慶 王 當 . [34a*9*2]\nNgã Lí Thái Tổ ký xưng đế, nhi truy phong kì phụ viết Hiển Khánh Vương, đương..\n",
    "url": "/data/image_dvsk/ban_ky_toan_thu/quyen1/DVSKTT_ban_toan_I_34a.jpg"
  },
  {
    "text": "時 禮 官 不 能 正 之 所 謂 自 畢 矣 . [34b*1*1]\nthời lễ quan bất năng chính chi, sở vị tự tất hĩ.\n立 皇 后 六 惟 嫡 夫 人 爲 立 教 皇 后 車 服 之 制 特 異 於 諸 宫 . [34b*2*1]\nLập Hoàng hậu lục, duy Đích phu nhân vi Lập Giáo Hoàng Hậu, xa phục chi chế đặc dị ư chư cung.\n󰀋 長 子 佛 瑪 爲 皇 太 子 其 餘 悉 封 侯 . [34b*3*5]\nSách trưởng tử Phật Mã vi Hoàng thái tử, kì dư tất phong hầu.\n皇 女 十 三 人 皆 封 公 主 . [34b*3*19]\nHoàng nữ thập tam nhân giai phong công chúa.\n以 長 女 安 國 公 主 嫁 陶 甘 沐 封 爲 義 信 侯 以 皇 兄 爲 武 威 王 皇 叔 爲 武 道 王 武 威 王 子 徵 顯 爲 太 尉 翊 聖 王 子 副 爲 總 𬋩 陳 鎬 爲 相 公 吳 丁 爲 樞 密 使 陶 碩 輔 爲 太 保 鄧 文 孝 爲 太 傅 費 車 磊 爲 左 金 吾 衛 竹 爲 有 金 吾 譚 坦 爲 左 武 衛 杜 簡 爲 有 武 衛 餘 悉 如 故 . [34b*4*9]\nDĩ trưởng nữ An Quốc công chúa giá Đào Cam Mộc, phong vi Nghĩa Tín hầu; dĩ hoàng huynh vi Vũ Uy Vương; hoàng thúc vi Vũ Đạo Vương; Vũ Uy Vương tử Trưng Hiển vi Thái uý; Dực Thánh Vương tử phó vi Tổng quản; Trần Cảo vi tướng công; Ngô Đinh vi khu mật sứ; Đào Thạc Phụ vi Thái bảo; Đặng Văn Hiếu vi Thái phó; Phí Xa Lỗi vi Tả kim ngô; Vệ Trúc vi Hữu kim ngô; Đàm Thản vi Tả vũ vệ; Đỗ Giản vi Hữu vũ vệ, dư tất như cố.\n頒 衣 服 賜 僧 道 . [34b*9*12]\nBan y phục tứ tăng đạo.\n",
    "url": "/data/image_dvsk/ban_ky_toan_thu/quyen1/DVSKTT_ban_toan_I_34b.jpg"
  },
  {
    "text": "右 黎 朝 三 帝 起 辛 巳 終 己 酉 凣 二 十 九 年 . [35a*1*1]\nHữu Lê triều tam đế, khởi Tân Tị, chung Kỷ Dậu, phàm nhị thập cửu niên.\n大 越 史 記 本 己 全 書 卷 之 一 終 . [35a*9*1]\nĐại Việt Sử Ký Bản Kỷ Toàn Thư quyển chi nhất chung.\n",
    "url": "/data/image_dvsk/ban_ky_toan_thu/quyen1/DVSKTT_ban_toan_I_35a.jpg"
  }
]