[
  {
    "text": "大 越 史 記 本 紀 全 書 卷 之 二 . [1a*1*1]\nĐại Việt Sử Ký Bản Kỷ Toàn Thư Quyển Chi Nhị.\n李 紀 . [1a*2*1]\nLí KỶ.\n太 祖 皇 帝 . [1a*3*1]\nThái Tổ Hoàng Đế.\n姓 李 諱 公 藴 北 江 古 法 州 人 也 其 母 范 氏 逍 遙 遊 焦 山 寺 與 神 人 交 因 而 有 娠 以 丁 太 平 五 年 甲 戌 二 月 十 二 日 𧩙 生 . [1a*3*5]\n[Tính Lí, huý Công Uẩn, Bắc Giang, Cổ Pháp châu nhân dã. Kì mẫu Phạm thị, tiêu dao du Tiêu Sơn tự, dữ thần nhân giao, nhân nhi hữu thần, dĩ Đinh Thái Bình ngũ niên, Giáp Tuất nhị nguyệt, thập nhị nhật đản sinh.\n及 長 仕 黎 累 官 至 殿 前 指 揮 使 卧 朝 崩 自 立 為 帝 都 昇 龍 城 在 五 十 五 崩 于 龍 安 殿 塟 壽 陵 . [1a*4*20]\nCập trưởng sĩ Lê, luỵ quan chí Điện tiền chỉ huy sứ. Ngoạ Triều băng, tự lập vi đế, đô Thăng Long thành. Tại ngũ thập ngũ, băng vu Long An điện, táng Thọ Lăng.\n位 十 八 年 壽 帝 應 天 順 人 . [1a*5*23]\nvị thập bát niên, thọ Đế ứng thiên thuận nhân.\n乘 時 啓 運 寬 慈 仁 恕 m a t - c h u 察 温 文 有 帝 之 量 然 未 明 正 學 反 好 異 端 為 之 累 耳 王 帝 之 生 也 方 三 歳 其 母 懷 抱 至 李 󰆑 文 家 . [1a*6*2]\nthừa thời khải vận, khoan từ nhân thứ, mat-chu sát ôn văn, hữu đế chi lượng. Nhiên vị minh chính học, phản hảo dị đoan, vi chi luỵ nhĩ. vương Đế chi sinh dã phương tam tuế, kì mẫu hoài bão chí Lí Khánh Văn gia.\n󰆑 文 遂 養 以 為 子 . [1a*8*1]\nKhánh Văn toại dưỡng dĩ vi tử.\n幼 而 聰 睿 . [1a*8*8]\nẤu nhi thông duệ.\n姿 表 秀 異 . [1a*8*12]\ntư biểu tú dị.\n為 兒 時 逰 學 六 祖 寺 僧 萬 行 見 而 噐 之 曰 此 . [1a*8*16]\nVi nhi thời, du học Lục Tổ tự, tăng Vạn Hạnh kiến nhi khí chi viết: \"Thử..\n",
    "url": "/data/image_dvsk/ban_ky_toan_thu/quyen2/DVSKTT_ban_toan_II_1a.jpg"
  },
  {
    "text": "非 常 人 強 壮 之 後 必 䏻 剖 劇 折 䌓 為 天 下 明 主 也 . [1b*1*1]\nphi thường nhân, cường tráng chi hậu, tất năng phẫu kịch triết hệ, vi thiên hạ minh chủ dã\".\n及 長 不 事 生 產 作 業 惟 涉 獵 經 史 慷 慨 有 大 志 . [1b*2*4]\nCập trưởng, bất sự sinh sản tác nghiệp, duy thiệp lạp kinh sử, khảng khái hữu đại chí.\n應 天 中 起 家 事 黎 中 宗 . [1b*3*6]\nỨng Thiên trung khởi gia, sự Lê Trung Tông.\n大 行 崩 後 中 宗 遇 害 抱 屍 而 哭 . [1b*3*15]\nĐại Hành băng hậu, Trung Tông ngộ hại, bão thi nhi khốc.\n卧 朝 嘉 其 忠 授 四 廂 軍 副 指 揮 使 遷 左 親 衛 殿 前 指 揮 使 . [1b*4*11]\nNgoạ Triều gia kì trung, thụ Tứ sương quân phó chỉ huy sứ, thiên Tả thân vệ điện tiền chỉ huy sứ.\n及 卧 朝 崩 遂 即 帝 位 改 元 順 天 大 赦 . [1b*6*1]\nCập Ngoạ triều băng, toại tức đế vị, cải nguyên Thuận Thiên, đại xá.\n初 古 法 州 應 天 心 寺 感 選 院 犬 生 一 子 白 色 有 黑 毛 文 成 天 子 二 字 . [1b*6*15]\nSơ, Cổ Pháp châu, Ứng Thiên Tâm tự, Cảm Tuyển viện, khuyển sinh nhất tử bạch sắc hữu hắc mao văn thành \"Thiên tử\" nhị tự.\n識 者 曰 盖 戌 生 人 成 天 子 之 兆 . [1b*8*9]\nThức giả viết, cái Tuất sinh nhân thành Thiên tử chi triệu.\n至 是 帝 以 甲 戌 年 生 為 天 子 果 . [1b*9*5]\nChí thị Đế dĩ Giáp Tuất niên sinh vi Thiên tử, quả..\n",
    "url": "/data/image_dvsk/ban_ky_toan_thu/quyen2/DVSKTT_ban_toan_II_1b.jpg"
  },
  {
    "text": "驗 . [2a*1*1]\nnghiệm.\n庚 戌 順 天 元 年 宋 大 中 符 三 年 . [2a*2*1]\nCanh Tuất, Thuận Thiên nguyên niên, [Tống Đại Trung Phù tam niên].\n祥 春 二 月 車 駕 回 古 法 賜 鄕 老 錢 帛 有 差 . [2a*2*13]\nTường Xuân, nhị nguyệt, xa giá hồi Cổ Pháp, tứ hương lão tiền bạch hữu sai.\n遣 員 外 郎 梁 任 文 黎 再 嚴 如 宋 結 好 . [2a*3*7]\nKhiển Viên ngoại lang Lương Nhậm Văn, Lê Tái Nghiêm như Tống kết hảo.\n帝 以 華 閭 城 湫 隘 不 足 為 帝 王 居 欲 遷 之 手 詔 曰 昔 商 家 至 盤 庚 五 遷 周 室 迨 成 王 三 徙 𡸈 三 代 之 數 君 徇 于 己 私 妄 自 遷 徙 . [2a*4*3]\nĐế dĩ Hoa Lư thành tiểu ải, bất túc vi Đế vương cư, dục thiên chi, thủ chiếu viết: \"Tích Thương gia chí Bàn Canh ngũ thiên, Chu thất đãi Thành Vương tam tỉ, khởi tam đại chi sổ quân, tuân vu kỷ tư, vọng tự thiên tỉ.\n以 其 圖 大 宅 中 為 憶 萬 世 子 孫 之 計 上 謹 天 命 下 因 民 志 苟 有 便 輙 改 故 國 祚 延 長 風 俗 富 阜 . [2a*6*14]\nDĩ kì đồ đại trạch trung, vi ức vạn thế tử tôn chi kế, thượng cẩn thiên mệnh, hạ nhân dân chí, câu hữu tiện triếp cải, cố quốc tộ diên trường, phong tục phú phụ.\n而 丁 黎 二 家 乃 徇 己 私 忽 天 命 罔 𨂻 商 周 之 跡 常 安 厥 邑 於 兹 𦤶 世 代 . [2a*8*12]\nNhi Đinh Lê nhị gia, nãi tuân kỷ tư, hốt thiên mệnh, võng thao Thương Chu chi tích, thường an quyết ấp ư tư, trí thế đại..\n",
    "url": "/data/image_dvsk/ban_ky_toan_thu/quyen2/DVSKTT_ban_toan_II_2a.jpg"
  },
  {
    "text": "弗 長 筭 數 短 促 百 姓 耗 損 萬 物 失 宜 朕 甚 痛 之 不 得 不 徙 . [2b*1*1]\nphất trường, toán số đoản xúc, bách tính hao tổn, vạn vật thất nghi, trẫm thậm thống chi, bất đắc bất tỉ.\n况 髙 王 故 都 大 羅 城 宅 天 地 區 域 之 中 得 龍 蟠 虎 踞 之 勢 正 南 北 東 西 之 位 便 江 山 向 背 之 宜 . [2b*2*4]\nHuống Cao Vương cố đô Đại La thành, trạch thiên địa khu vực chi trung, đắc long bàn hổ cứ chi thế, chính Nam Bắc Đông Tây chi vị, tiện giang sơn hướng bối chi nghi.\n其 地 廣 而 坦 平 厥 土 髙 而 𡙁 塏 音 愷 燥 也 髙 民 居 蔑 昏 墊 之 困 萬 物 極 蕃 阜 之 豐 . [2b*4*2]\nKì địa quảng nhi thản bình, quyết thổ cao nhi sảng khải [âm khải táo dã], cao dân cư miệt hôn điếm chi khốn, vạn vật cực phiên phụ chi phong.\n遍 覽 越 󰘊 斯 為 勝 地 . [2b*5*12]\nBiến lãm Việt bang, tư vi thắng địa.\n誠 四 方 輻 輳 之 要 會 為 萬 世 京 師 之 上 都 . [2b*6*1]\nThành tứ phương phúc tấu chi yếu hội, vi vạn thế kinh sư chi thượng đô.\n朕 欲 因 此 地 利 以 定 厥 居 卿 等 如 何 . [2b*6*17]\nTrẫm dục nhân thử địa lợi dĩ định quyết cư, khanh đẳng như hà?\".\n羣 臣 皆 曰 陛 下 為 天 下 建 長 久 之 計 上 以 隆 帝 業 之 丕 洪 下 以 措 斯 民 扵 當 󰱃 所 利 如 此 誰 敢 不 從 . [2b*7*12]\nQuần thần giai viết: \"Bệ hạ vi thiên hạ kiến trường cửu chi kế, thượng dĩ long đế nghiệp chi phi hồng, hạ dĩ thố tư dân ư đương thứ, sở lợi như thử, thuỳ cảm bất tòng.\n帝 大 悅 . [2b*9*12]\n\" Đế đại duyệt.\n秋 七 月 帝 . [2b*9*15]\nThu, thất nguyệt, Đế..\n",
    "url": "/data/image_dvsk/ban_ky_toan_thu/quyen2/DVSKTT_ban_toan_II_2b.jpg"
  },
  {
    "text": "自 華 閭 城 徙 都 于 京 府 大 羅 城 暫 泊 城 下 黄 龍 見 于 御 舟 因 改 其 城 曰 昇 龍 城 . [3a*1*1]\ntự Hoa Lư thành, tỉ đô vu kinh phủ Đại La thành, tạm bạc thành hạ, hoàng long kiến vu ngự chu, nhân cải kì thành viết Thăng Long thành.\n古 法 州 曰 天 德 府 華 閭 城 曰 長 安 府 北 江 曰 天 德 江 . [3a*2*12]\nCổ Pháp châu viết Thiên Đức phủ, Hoa Lư thành viết Trường Yên phủ, Bắc Giang viết Thiên Đức giang.\n詔 𤼵 府 錢 二 萬 緡 賃 工 建 寺 于 天 德 府 凡 八 所 皆 立 碑 刻 功 . [3a*3*13]\nChiếu phát phủ tiền nhị vạn, mân nhậm công kiến tự vu Thiên Đức phủ, phàm bát sở giai lập bi khắc công.\n遂 於 昇 龍 京 城 之 内 起 造 宫 殿 前 起 乾 元 殿 以 為 視 朝 之 所 左 置 集 賢 殿 右 立 講 武 殿 . [3a*4*17]\nToại ư Thăng Long kinh thành chi nội, khởi tạo cung điện, tiền khởi Càn Nguyên điện dĩ vi thị triều chi sở, tả trí Tập Hiền điện, hữu lập Giảng Võ điện.\n又 啓 飛 龍 門 通 迎 春 宫 丹 鳳 門 通 威 遠 門 正 陽 起 髙 明 殿 皆 曰 龍 墀 . [3a*6*12]\nHựu khải Phi Long môn thông Nghênh Xuân cung, Đan Phượng môn thông Uy Viễn môn, chính dương khởi Cao Minh điện, giai viết long trì.\n墀 之 内 引 翼 回 廊 周 圍 四 面 . [3a*7*19]\nTrì chi nội dẫn dực hồi lang chu vi tứ diện.\n乾 元 殿 後 置 龍 安 龍 瑞 二 殿 以 為 燕 寢 之 處 . [3a*8*11]\nCàn Nguyên điện hậu trí Long An, Long Thuỵ nhị điện dĩ vi yến tẩm chi xứ.\n左 建 日 光 殿 右 建 月 明 殿 後 . [3a*9*9]\nTả kiến Nhật Quang điện, hữu kiến Nguyệt Minh điện, hậu..\n",
    "url": "/data/image_dvsk/ban_ky_toan_thu/quyen2/DVSKTT_ban_toan_II_3a.jpg"
  },
  {
    "text": "起 翠 華 龍 瑞 二 宫 以 為 宫 女 之 居 . [3b*1*1]\nkhởi Thuý Hoa, Long Thuỵ nhị cung, dĩ vi cung nữ chi cư.\n修 府 庫 洽 城 隍 . [3b*1*14]\nTu phủ khố, hiệp thành hoàng.\n城 之 四 面 啓 四 門 東 曰 祥 符 西 曰 廣 福 南 曰 大 興 北 曰 耀 德 . [3b*2*1]\nThành chi tứ diện khải tứ môn: Đông viết Tường Phù, Tây viết Quảng Phúc, Nam viết Đại Hưng, Bắc viết Diệu Đức.\n又 扵 城 内 起 興 天 御 寺 五 鳳 星 樓 城 外 離 創 造 勝 嚴 寺 . [3b*3*5]\nHựu ư thành nội khởi Hưng Thiên ngự tự, ngũ phượng tinh lâu; thành ngoại li phương sáng tạo Thắng Nghiêm tự.\n黎 文 休 曰 李 太 祖 即 帝 位 甫 及 二 年 宗 廟 未 建 社 稷 未 立 先 於 天 德 府 創 立 八 寺 又 重 修 諸 路 寺 觀 而 度 京 師 千 餘 人 為 僧 則 土 木 財 力 之 費 不 可 勝 言 也 . [3b*5*1]\nLê Văn Hưu viết: Lí Thái Tổ tức đế vị phủ cập nhị niên, tông miếu vị kiến, xã tắc vị lập, tiên ư Thiên Đức phủ sáng lập bát tự, hựu trùng tu chư lộ tự quán, nhi độ kinh sư thiên dư nhân vi tăng, tắc thổ mộc tài lực chi phí, bất khả thắng ngôn dã.\n財 非 天 雨 力 非 神 作 𡸈 非 浚 民 之 骨 血 歟 浚 民 之 骨 血 可 謂 修 福 歟 創 業 之 主 躬 . [3b*8*6]\nTài phi thiên vũ, lực phi thần tác, há phi tuấn dân chi cốt huyết dư? Tuấn dân chi cốt huyết khả vị tu phúc dư? Sáng nghiệp chi chủ, cung..\n",
    "url": "/data/image_dvsk/ban_ky_toan_thu/quyen2/DVSKTT_ban_toan_II_3b.jpg"
  },
  {
    "text": "行 勤 儉 猶 恐 子 孫 之 奢 怠 而 太 祖 垂 法 如 此 宜 其 後 世 起 淩 霄 之 堵 坡 立 削 石 之 寺 桂 佛 宫 壮 嚴 倍 扵 宸 居 . [4a*1*1]\nhành cần kiệm, do khủng tử tôn chi xa đãi, nhi Thái tổ thuỳ pháp như thử, nghi kì hậu thế khởi lăng tiêu chi đổ, pha lập tước thạch chi tự, quế phật cung trang nghiêm bội ư thần cư.\n下 皆 化 之 至 有 毀 形 易 服 破 産 迯 親 百 姓 太 半 為 僧 國 内 到 處 皆 寺 其 原 𡸈 無 所 自 哉 〇 . [4a*3*6]\nHạ giai hoá chi chí, hữu huỷ hình, dị phục, phá sản, đào thân, bách tính thái bán vi tăng, quốc nội đáo xứ giai tự, kì nguyên há vô sở tự tai? .\n詔 天 下 逋 亡 人 㱕 本 貫 . [4a*6*2]\nChiếu thiên hạ bổ vong nhân quy bản quán.\n仍 命 諸 鄕 邑 所 有 寺 觀 已 頽 毀 者 悉 重 修 之 . [4a*6*11]\nNhưng mệnh chư hương ấp, sở hữu tự quán dĩ đồi huỷ giả, tất trùng tu chi.\n東 十 二 月 翠 華 宫 成 慶 成 大 赦 天 下 三 年 諸 税 孤 寡 老 癃 積 年 欠 税 籍 者 並 蠲 除 之 . [4a*7*9]\nĐông, thập nhị nguyệt, Thuý Hoa cung thành, khánh thành, đại xá thiên hạ tam niên chư thuế, cô quả lão lung tích niên khiếm thuế tịch giả, tịnh quyên trừ chi.\n賜 卧 朝 所 擒 蠻 卒 二 十 八 人 衣 裳 粮 藥 . [4a*9*4]\nTứ Ngoạ Triều sở cầm Man tốt nhị thập bát nhân y thường, lương dược,..\n",
    "url": "/data/image_dvsk/ban_ky_toan_thu/quyen2/DVSKTT_ban_toan_II_4a.jpg"
  },
  {
    "text": "遣 人 送 遠 本 土 . [4b*1*1]\nkhiển nhân tống viễn bản thổ.\n放 驩 州 南 界 石 河 縣 人 㱕 本 縣 . [4b*1*7]\nPhóng Hoan Châu, Nam Giới, Thạch Hà huyện nhân quy bản huyện.\n宋 封 帝 為 交 趾 郡 王 領 靜 海 軍 節 度 使 . [4b*2*1]\nTống phong đế vi Giao Chỉ quận vương lĩnh Tĩnh Hải quân Tiết độ sứ.\n改 十 道 為 二 十 四 路 愛 州 驩 州 為 寨 . [4b*2*16]\nCải thập đạo vi nhị thập tứ lộ; Ái Châu, Hoan Châu vi trại.\n是 歲 度 百 姓 為 僧 . [4b*3*12]\nThị tuế, độ bách tính vi tăng.\n𭛁 府 銀 一 千 六 百 八 十 两 鑄 洪 鐘 置 扵 大 教 寺 . [4b*4*1]\nPhát phủ ngân nhất thiên lục bách bát thập lượng chú hồng chung, trí ư Đại Giáo tự.\n辛 亥 二 年 宋 大 中 祥 符 四 年 . [4b*5*1]\nTân Hợi, nhị niên [Tống Đại Trung Tường Phù tứ niên].\n春 正 月 置 左 右 宿 車 軍 皆 五 百 人 . [4b*5*12]\nXuân, chính nguyệt, trí tả hữu túc xa quân, giai ngũ bách nhân.\n二 月 帝 以 愛 州 筥 隆 賊 猖 獗 陸 梁 歷 于 丁 黎 二 朝 攻 之 弗 克 至 此 愈 熾 師 六 軍 征 之 樊 其 部 落 擒 其 魁 首 而 還 賊 遂 滅 . [4b*6*3]\nNhị nguyệt, đế dĩ Ái Châu, Cử Long tặc xương quyết lục lương, lịch vu Đinh, Lê nhị triều công chi phất khắc, chí thử dũ sí, sư lục quân chinh chi, phần kì bộ lạc, cầm kì khôi thủ nhi hoàn, tặc toại diệt.\n夏 四 月 遣 員 外 郎 李 仁 義 陶 慶 文 如 宋 報 聘 . [4b*8*11]\nHạ, tứ nguyệt, khiển viên ngoại lang Lí Nhân Nghĩa, Đào Khánh Văn như Tống báo sính.\n慶 文 竄 在 宋 宋 人 執 㱕 我 . [4b*9*10]\nKhánh Văn thoán tại Tống, Tống nhân chấp quy ngã,..\n",
    "url": "/data/image_dvsk/ban_ky_toan_thu/quyen2/DVSKTT_ban_toan_II_4b.jpg"
  },
  {
    "text": "仗 殺 之 . [5a*1*1]\ntrượng sát chi.\n占 城 獻 獅 子 . [5a*1*4]\nChiêm Thành hiến sư tử.\n是 歲 城 内 左 起 大 清 宫 右 起 萬 歳 寺 構 鎮 福 藏 . [5a*1*9]\nThị tuế, thành nội tả khởi Đại Thanh cung, hữu khởi Vạn Tuế tự, cấu Trấn Phúc tàng.\n城 外 建 四 大 天 王 錦 衣 龍 興 聖 壽 寺 . [5a*2*10]\nThành ngoại kiến Tứ Đại Thiên Vương tự, Cẩm Y, Long Hưng, Thánh Thọ tự.\n盧 江 步 頭 起 含 光 殿 . [5a*3*6]\nLô Giang bộ đầu khởi Hàm Quang điện.\n壬 子 三 年 宋 大 中 祥 符 六 年 . [5a*4*1]\nNhâm Tí, tam niên [Tống Đại Trung Tường Phù lục niên].\n夏 四 月 重 修 龍 安 龍 瑞 二 殿 . [5a*4*12]\nHạ, tứ nguyệt, trùng tu Long An, Long Thuỵ nhị điện.\n󰀋 皇 太 子 佛 瑪 為 開 天 王 管 龍 德 宫 于 外 居 之 欲 其 周 知 民 事 也 . [5a*5*1]\nSách Hoàng thái tử Phật Mã vi Khai Thiên vương, quản Long Đức cung vu ngoại cư chi, dục kì chu tri dân sự dã.\n秋 七 月 帝 御 含 光 殿 觀 兢 舟 . [5a*6*9]\nThu, thất nguyệt, đế ngự Hàm Quang điện quan cạnh chu.\n冬 十 月 遣 太 保 陶 碩 輔 員 外 郎 吳 壤 如 宋 結 好 . [5a*7*3]\nĐông, thập nguyệt, khiển Thái bảo Đào Thạc Phụ, Viên ngoại lang Ngô Nhưỡng như Tống kết hảo.\n十 二 月 冬 南 峯 磐 石 上 有 神 跡 長 廣 各 三 尺 深 一 寸 不 知 某 山 . [5a*8*4]\nThập nhị nguyệt, Đông Nam phong bàn thạch thượng hữu thần tích, trường quảng các tam xích, thâm nhất thốn [bất tri mỗ sơn].\n真 躐 國 來 貢 . [5a*9*11]\nChân Lạp quốc lai cống.\n帝 親 征 . [5a*9*16]\nĐế thân chinh..\n",
    "url": "/data/image_dvsk/ban_ky_toan_thu/quyen2/DVSKTT_ban_toan_II_5a.jpg"
  },
  {
    "text": "演 州 . [5b*1*1]\nDiễn Châu.\n還 至 汴 灣 會 天 地 晦 冥 風 雷 震 怒 焚 香 吿 天 曰 自 以 菲 德 沗 居 民 上 慄 慄 危 懼 若 将 𨺻 于 深 淵 非 敢 自 特 兵 威 妄 行 征 伐 . [5b*1*3]\nHoàn chí Biện Loan, hội thiên địa hối minh, phong lôi chấn nộ, phần hương cáo thiên viết: \"Tự dĩ phi đức, thiểm cư dân thượng, lật lật nguy cụ, nhược tương thao vu thâm uyên, phi cảm tự đặc binh uy vọng hành chinh phạt.\n特 以 演 州 之 人 不 遵 厥 化 逞 行 昏 暴 殘 忍 小 民 罪 惡 貫 盈 於 今 不 容 不 討 . [5b*3*12]\nĐặc dĩ Diễn Châu chi nhân, bất tuân quyết hoá, sính hành hôn bạo, tàn nhẫn tiểu dân, tội ác quán doanh, ư kim bất dung bất thảo.\n至 於 兵 刅 交 攻 之 除 或 枉 傷 忠 孝 或 誤 害 賢 良 𦤶 使 皇 天 震 怒 以 彰 其 遇 錐 遭 傾 隕 亦 無 憾 焉 . [5b*5*2]\nChí ư binh ban giao công chi trừ, hoặc uổng thương trung hiếu, hoặc ngộ hại hiền lương, trí sử hoàng thiên chấn nộ, dĩ chương kì ngộ, truy tao khuynh vẫn diệc vô hám yên.\n其 在 六 軍 罪 猶 可 怒 惟 簡 在 上 帝 之 心 . [5b*6*19]\nKì tại lục quân, tội do khả nộ, duy giản tại Thượng đế chi tâm\".\n言 訖 風 雷 帖 . [5b*7*15]\nNgôn hất, phong lôi thiệp.\n史 臣 吳 士 連 曰 湯 遇 旱 熯 之 災 以 六 事 自 責 而 雨 隨 下 . [5b*8*1]\nSử thần Ngô Sĩ Liên viết: Thang ngộ hạn hán chi tai, dĩ lục sự tự trách nhi vũ tuỳ hạ.\n帝 遭 風 雷 之 變 以 攻 代 自 責 而 風 隨 止 . [5b*9*4]\nĐế tao phong lôi chi biến, dĩ công đại tự trách nhi phong tuỳ chỉ.\n",
    "url": "/data/image_dvsk/ban_ky_toan_thu/quyen2/DVSKTT_ban_toan_II_5b.jpg"
  },
  {
    "text": "天 人 交 感 之 機 影 響 甚 速 󰰽 謂 冥 冥 之 中 不 日 監 在 我 而 敢 欺 天 乎 . [6a*1*1]\nThiên nhân giao cảm chi cơ, ảnh hưởng thậm tốc, thục vị minh minh chi trung bất nhật giám tại ngã nhi cảm khi thiên hồ?.\n上 厩 有 白 馬 凡 駕 將 𭛁 必 先 嘶 嗚 . [6a*3*1]\nThượng cứu hữu bạch mã, phàm giá tương phát tất tiên tê ô.\n命 之 曰 白 龍 神 馬 . [6a*3*14]\nMệnh chi viết Bạch Long thần mã.\n是 歲 蠻 人 過 銅 柱 至 金 華 步 及 渭 龍 州 貿 易 . [6a*4*3]\nThị tuế, Man nhân quá đồng trụ, chí Kim Hoa bộ cập Vị Long châu mậu dịch.\n帝 使 人 擒 獲 蠻 人 及 馬 萬 餘 疋 . [6a*5*2]\nĐế sử nhân cầm hoạch Man nhân cập mã vạn dư sơ.\n癸 丑 四 年 宋 大 中 祥 符 六 年 . [6a*6*1]\nQuý Sửu, tứ niên [Tống Đại Trung Tường Phù lục niên].\n春 二 月 定 天 下 諸 税 𬏩 一 潭 池 田 土 二 桑 州 錢 榖 三 山 原 藩 鎮 產 勿 四 關 監 譏 察 󰚴 盐 五 蠻 獠 犀 象 香 料 六 原 頭 木 條 花 果 等 𩔗 . [6a*6*12]\nXuân, nhị nguyệt, định thiên hạ chư thuế liệt: nhất, đàm trì điền thổ; nhị, tang châu tiền cốc; tam, sơn nguyên phiên trấn sản vật; tứ, quan giám cơ sát hàm diêm; ngũ, man lạo tê tượng hương liệu; lục, nguyên đầu mộc điều hoa quả đẳng loại.\n夏 六 月 封 皇 子 菩 為 開 國 王 居 長 安 府 . [6a*9*1]\nHạ, lục nguyệt, phong hoàng tử Bồ vi Khai Quốc vương, cư Trường An phủ.\n秋 七 . [6a*9*16]\nThu, thất..\n",
    "url": "/data/image_dvsk/ban_ky_toan_thu/quyen2/DVSKTT_ban_toan_II_6a.jpg"
  },
  {
    "text": "月 帝 御 含 光 殿 觀 兢 舟 . [6b*1*1]\nnguyệt, đế ngự Hàm Quang điện quan cạnh chu.\n冬 十 月 渭 龍 州 叛 附 于 蠻 . [6b*1*10]\nĐông, thập nguyệt, Vị Long châu phản, phụ vu Man.\n帝 親 征 之 . [6b*2*2]\nĐế thân chinh chi.\n首 領 何 晏 俊 惧 引 其 徒 竄 山 林 . [6b*2*6]\nThủ lĩnh Hà Án Tuấn cụ, dẫn kì đồ thoán sơn lâm.\n賜 王 侯 公 主 所 𬋩 諸 税 有 差 . [6b*2*18]\nTứ vương hầu công chúa sở quản chư thuế hữu sai.\n甲 寅 五 年 宋 大 中 祥 符 七 年 . [6b*4*1]\nGiáp Dần, ngũ niên [Tống Đại Trung Tường Phù thất niên].\n春 正 月 蠻 將 楊 長 惠 段 敬 至 率 蠻 人 二 十 萬 入 寇 屯 金 華 步 布 置 軍 營 名 五 花 寨 . [6b*4*12]\nXuân, chính nguyệt, Man tướng Dương Trường Huệ, Đoàn Kính Chí suất Man nhân nhị thập vạn nhập khấu, đồn Kim Hoa bộ, bố trí quân doanh danh Ngũ Hoa trại.\n平 林 州 牧 黃 恩 榮 以 狀 聞 . [6b*6*2]\nBình Lâm châu mục Hoàng Ân Vinh dĩ trạng văn.\n帝 命 翊 聖 王 帥 師 討 之 斬 首 萬 計 俘 獲 士 卒 馬 疋 不 可 勝 數 . [6b*6*12]\nĐế mệnh Dực Thánh vương soái sư thảo chi, trảm thủ vạn kế, phu hoạch sĩ tốt mã sơ bất khả thắng số.\n詔 員 外 郎 馮 真 李 碩 齊 所 獲 蠻 馬 百 疋 遣 于 宋 . [6b*7*16]\nChiếu Viên ngoại lang Phùng Chân, Lí Thạc tề sở hoạch Man mã bách sơ khiển vu Tống.\n宋 帝 詔 所 在 差 使 臣 接 伴 赴 闕 鄅 傳 供 屯 務 今 豐 僃 . [6b*8*15]\nTống đế chiếu sở tại sai sứ thần tiếp bạn phó khuyết, vũ truyền cúng đồn vụ kim phong bị.\n及 至 召 見 . [6b*9*16]\nCập chí, triệu kiến..\n",
    "url": "/data/image_dvsk/ban_ky_toan_thu/quyen2/DVSKTT_ban_toan_II_6b.jpg"
  },
  {
    "text": "真 等 扵 崇 德 殿 賜 冠 󰅾 器 幣 有 差 . [7a*1*1]\nChân đẳng ư Sùng Đức điện, tứ quan, đái, khí, tệ, hữu sai.\n夏 四 月 驩 州 獻 麒 麟 . [7a*1*14]\nHạ, tứ nguyệt, Hoan Châu hiến kì lân.\n五 月 右 街 僧 綂 沈 文 苑 奏 請 立 戒 塲 於 萬 歲 寺 賜 僧 徒 受 戒 . [7a*2*5]\nNgũ nguyệt, Hữu nhai tăng thống Thẩm Văn Uyển tấu thỉnh lập giới trường ư Vạn Tuế tự, tứ tăng đồ thụ giới.\n可 其 奏 . [7a*3*10]\nKhả kì tấu.\n秋 九 月 詔 𭛁 府 金 三 百 十 两 鑄 鍾 置 于 興 天 寺 . [7a*3*13]\nThu, cửu nguyệt, chiếu phát phủ kim tam bách thập lượng chú chung, trí vu Hưng Thiên tự.\n真 臘 國 來 貢 . [7a*4*13]\nChân Lạp quốc lai cống.\n冬 十 月 詔 𭛁 府 銀 八 百 两 鑄 鍾 二 口 置 于 勝 嚴 寺 及 五 鳳 星 樓 . [7a*5*1]\nĐông, thập nguyệt, chiếu phát phủ ngân bát bách lượng chú chung nhị khẩu, trí vu Thắng Nghiêm tự cập Ngũ Phụng tinh lâu.\n築 昇 龍 京 四 圍 土 城 . [7a*6*6]\nTrúc Thăng Long kinh tứ vi thổ thành.\n改 應 天 府 為 南 京 乙 卯 六 年 宋 大 中 祥 符 八 年 . [7a*6*14]\nCải Ứng Thiên phủ vi Nam Kinh Ất Mão, lục niên, [Tống Đại Trung Tường Phù bát niên].\n春 正 月 以 鄭 文 秀 為 少 師 . [7a*7*12]\nXuân, chính nguyệt, dĩ Trịnh Văn Tú vi Thiếu sư.\n陶 甘 沐 卒 贈 太 師 亚 王 . [7a*7*23]\nĐào Cam Mộc tốt, tặng Thái sư á vương.\n二 月 太 平 縣 齊 聖 寺 僧 献 舍 利 寶 函 . [7a*8*9]\nNhị nguyệt, Thái Bình huyện Tề Thánh tự tăng hiến Xá lợi bảo hàm.\n詔 翊 聖 王 武 德 王 討 都 金 渭 龍 常 . [7a*9*5]\nChiếu Dực Thánh Vương, Vũ Đức Vương thảo Đô Kim, Vị Long, Thường..\n",
    "url": "/data/image_dvsk/ban_ky_toan_thu/quyen2/DVSKTT_ban_toan_II_7a.jpg"
  },
  {
    "text": "新 平 原 等 州 扲 首 領 何 晏 俊 󰆕 京 師 梟 于 東 市 . [7b*1*1]\nTân, Bình Nguyên đẳng châu, cầm thủ lĩnh Hà Án Tuấn quy kinh sư, kiêu vu Đông thị.\n丙 辰 七 年 宋 大 中 祥 符 九 年 . [7b*2*1]\nBính Thìn, thất niên, [Tống Đại Trung Tường Phù cửu niên].\n春 三 月 再 立 皇 后 三 佐 國 皇 后 立 元 簧 后 立 教 皇 后 . [7b*2*12]\nXuân, tam nguyệt, tái lập hoàng hậu tam: Tá Quốc hoàng hậu Lập Nguyên hoàng hậu, Lập Giáo hoàng hậu.\n度 京 師 千 餘 人 為 僧 道 . [7b*3*8]\nĐộ kinh sư thiên dư nhân vi tăng đạo.\n起 天 光 天 德 二 寺 及 塑 四 天 帝 像 . [7b*3*17]\nKhởi Thiên Quang, Thiên Đức nhị tự cập tố tứ thiên đế tượng.\n地 震 . [7b*4*10]\nĐịa chấn.\n望 󰥭 諸 名 山 . [7b*4*12]\nVọng bái chư danh sơn.\n帝 因 省 覽 山 川 方 至 古 所 步 頭 望 江 山 秀 氣 心 動 神 感 作 酒 嚴 之 曰 朕 觀 此 方 山 奇 水 秀 苟 有 人 傑 地 灵 受 吾 明 享 . [7b*4*17]\n[Đế nhân tỉnh lãm sơn xuyên, phương chí Cổ Sở bộ đầu, vọng giang sơn tú khí, tâm động thần cảm, tác tửu nghiêm chi viết: \"Trẫm quan thử phương, sơn kì thuỷ tú, câu hữu nhân kiệt địa linh thụ ngô minh hưởng\".\n是 夜 夢 異 人 󰏲 首 再 󰥭 曰 臣 本 鄕 人 姓 李 名 服 蠻 佐 南 帝 為 將 以 忠 烈 知 名 授 杜 洞 唐 林 二 條 江 山 夷 獠 不 敢 𨊠 邊 一 方 按 坦 . [7b*6*7]\nThị dạ, mộng dị nhân khể thủ tái bái viết: \"Thần bản hương nhân, tính Lí danh Phục Man, tá Nam Đế vi tướng, dĩ trung liệt tri danh, thụ Đỗ Động, Đường Lâm nhị điều giang sơn, Di Lạo bất cảm phạm biên, nhất phương án thản.\n及 卒 上 帝 嘉 其 志 直 勑 守 職 如 故 是 故 凡 夷 盧 入 寇 皆 捍 禦 焉 . [7b*7*19]\nCập tốt, thượng đế gia kì chí trực lai thủ chức như cố. Thị cố, phàm Di Lô nhập khấu giai cản ngự yên.\n幸 遇 陛 下 矜 憐 臣 守 職 久 矣 既 而 從 容 曰 天 下 遭 󰌩 昧 忠 臣 匿 名 中 天 明 日 月 亮 不 見 其 形 . [7b*8*7]\nHạnh ngộ bệ hạ căng lân thần thủ chức cửu hĩ. Ký nhi thung dung viết: \"Thiên hạ tao mông muội, trung thần nặc danh,\n",
    "url": "/data/image_dvsk/ban_ky_toan_thu/quyen2/DVSKTT_ban_toan_II_7b.jpg"
  },
  {
    "text": "人 立 祠 設 像 一 如 夢 時 所 見 歲 時 祀 焉 陳 元 豊 間 韃 靼 入 寇 至 境 馬 蹶 不 進 村 人 率 眾 拒 戰 斬 虜 首 賊 奔 散 . [8a*1*1]\nnhân lập từ thiết tượng nhất như mộng thời sở kiến, tuế thời tự yên. Trần Nguyên Phong gian, Thát Đát nhập khấu, chí cảnh mã quệ bất tiến, thôn nhân suất chúng cự chiến, trảm lỗ thủ tặc bôn tán.\n重 興 後 入 寇 到 處 皆 焚 簜 而 其 邑 如 有 防 護 秋 毫 無 犯 如 其 所 言 . [8a*2*4]\nTrùng Hưng hậu nhập khấu, đáo xứ giai phàn đãng nhi kì ấp như hữu phòng hộ, thu hào vô phạm, như kì sở ngôn].\n宋 封 帝 為 南 平 王 . [8a*2*29]\nTống phong Đế vi Nam Bình Vương.\n是 歲 大 熟 禾 三 十 結 直 七 十 錢 . [8a*3*4]\nThị tuế, đại thục hoà, tam thập kết trực thất thập tiền.\n賜 天 下 三 年 税 租 . [8a*3*16]\nTứ thiên hạ tam niên thuế tô.\n丁 巳 八 年 宋 天 禧 元 年 . [8a*5*1]\nĐinh Tị, bát niên, [Tống Thiên Hi nguyên niên].\n春 三 月 以 陳 文 秀 為 太 傅 . [8a*5*10]\nXuân, tam nguyệt, dĩ Trần Văn Tú vi Thái Phó.\n詔 賜 天 下 田 租 . [8a*5*21]\nChiếu tứ thiên hạ điền tô.\n乾 元 殿 震 視 朝 於 東 殿 . [8a*6*6]\nCàn Nguyên điện chấn, thị triều ư đông điện.\n戊 戌 九 年 宋 天 禧 二 年 . [8a*7*1]\nMậu Tuất, cửu niên, [Tống Thiên Hi nhị niên].\n春 二 月 追 封 先 祖 妣 為 后 及 謚 . [8a*7*10]\nXuân, nhị nguyệt, truy phong tiên tổ tỉ vi Hậu cập thuỵ.\n史 臣 吳 士 連 曰 帝 至 是 始 追 封 先 祖 妣 失 之 晚 矣 . [8a*8*1]\nSử thần Ngô Sĩ Liên viết: Đế chí thị thuỷ truy phong tiên tổ tỉ, thất chi vãn hĩ.\n",
    "url": "/data/image_dvsk/ban_ky_toan_thu/quyen2/DVSKTT_ban_toan_II_8a.jpg"
  },
  {
    "text": "夏 六 月 遣 員 外 郎 阮 道 清 笵 鶴 如 宋 乞 三 藏 經 . [8b*1*1]\nHạ, lục nguyệt, khiển viên ngoại lang Nguyễn Đạo Thanh, Phạm Hạc như Tống khất Tam Tạng kinh.\n冬 十 月 封 皇 子 力 為 東 征 王 . [8b*2*1]\nĐông, thập nguyệt, phong hoàng tử Lực vi Đông Chinh Vương.\n賜 天 下 田 租 之 半 . [8b*2*12]\nTứ thiên hạ điền tô chi bán.\n己 未 十 年 宋 天 禧 三 年 . [8b*4*1]\nKỉ Mùi, thập niên [Tống Thiên Hi tam niên].\n春 正 月 立 天 德 陵 太 廟 . [8b*4*10]\nXuân, chính nguyệt, lập Thiên Đức lăng Thái Miếu.\n詔 度 天 下 人 民 為 僧 . [8b*4*20]\nChiếu độ thiên hạ nhân dân vi tăng.\n庚 申 十 一 年 宋 天 禧 四 年 . [8b*6*1]\nCanh Thân, thập nhất niên, [Tống Thiên Hi tứ niên].\n夏 四 月 真 臘 國 來 貢 . [8b*6*11]\nHạ, tứ nguyệt, Chân Lạp quốc lai cống.\n秋 九 月 阮 道 清 使 回 得 三 藏 經 詔 僧 綂 費 智 往 廣 州 迎 之 . [8b*6*20]\nThu, cửu nguyệt, Nguyễn Đạo Thanh sứ hồi, đắc Tam Tạng kinh, chiếu Tăng thống Phí Trí vãng Quảng Châu nghênh chi.\n冬 十 二 月 命 開 天 王 及 陶 碩 輔 帥 師 擊 占 城 人 于 布 政 賽 直 抵 龍 鼻 山 斬 其 將 布 令 于 陣 占 人 . [8b*8*2]\nĐông, thập nhị nguyệt, mệnh Khai Thiên Vương cập Đào Thạc Phụ soái sư kích Chiêm Thành nhân vu Bố Chính trại, trực để Long Tị sơn, trảm kì tướng Bố Linh vu trận, Chiêm nhân..\n",
    "url": "/data/image_dvsk/ban_ky_toan_thu/quyen2/DVSKTT_ban_toan_II_8b.jpg"
  },
  {
    "text": "死 者 過 半 . [9a*1*1]\ntử giả quá bán.\n是 歲 東 殿 震 視 朝 于 西 殿 . [9a*1*5]\nThị tuế, Đông điện chấn, thị triều vu Tây điện.\n起 造 三 殿 前 殿 視 朝 後 二 殿 聽 政 . [9a*1*15]\nKhởi tạo tam điện: tiền điện thị triều, hậu nhị điện thính chính.\n辛 酉 十 二 年 宋 天 禧 五 年 . [9a*3*1]\nTân Dậu, thập nhị niên, [Tống Thiên Hi ngũ niên].\n春 二 月 以 誕 日 為 天 成 節 以 竹 結 為 萬 壽 南 山 一 峯 於 廣 福 門 外 峯 上 多 作 飛 禽 走 獸 奇 恠 萬 狀 又 使 人 效 禽 獸 之 聲 為 樂 以 宴 群 臣 . [9a*3*11]\nXuân, nhị nguyệt, dĩ đản nhật vi Thiên Thành tiết, dĩ trúc kết vi Vạn Thọ Nam Sơn nhất phong ư Quảng Phúc môn ngoại, phong thượng đa tác phi cầm tẩu thú, kì quái vạn trạng, hựu sử nhân hiệu cầm thú chi thanh vi lạc dĩ yến quần thần.\n遣 員 外 郎 阮 寬 泰 阮 守 疆 等 如 宋 . [9a*6*3]\nKhiển Viên ngoại lang Nguyễn Khoan Thái, Nguyễn Thủ Cương đẳng như Tống.\n起 八 角 經 藏 . [9a*6*16]\nKhởi Bát Giác kinh tàng.\n壬 戌 十 三 年 宋 乾 興 元 年 . [9a*8*1]\nNhâm Tuất, thập tam niên, [Tống Càn Hưng nguyên niên].\n春 二 月 帝 以 天 成 節 作 山 勞 民 罷 之 但 設 燕 禮 而 以 . [9a*8*11]\nXuân, nhị nguyệt, Đế dĩ Thiên Thành tiết tác sơn lao dân, bãi chi, đản thiết yến lễ nhi dĩ.\n詔 翊 聖 王 伐 大 元 歴 . [9a*9*10]\nChiếu Dực Thánh Vương phạt Đại Nguyên Lịch.\n王 . [9a*9*18]\nVương..\n",
    "url": "/data/image_dvsk/ban_ky_toan_thu/quyen2/DVSKTT_ban_toan_II_9a.jpg"
  },
  {
    "text": "師 深 入 宋 境 如 洪 寨 焚 其 倉 而 還 . [9b*1*1]\nsư thâm nhập Tống cảnh, Như Hồng trại, phần kì thương nhi hoàn.\n按 宋 如 洪 來 我 潮 陽 . [9b*1*14]\n[Án Tống Như Hồng lai ngã Triều Dương.\n大 元 歴 盖 一 種 夷 介 在 其 間 也 後 儂 智 髙 叛 據 儻 猶 州 曰 大 歴 國 疑 即 此 地 . [9b*1*22]\nĐại Nguyên Lịch cái nhất chủng di giới tại kì gian dã. Hậu Nùng Trí Cao phản, cứ Thảng Do châu, viết Đại Lịch quốc, nghi tức thử địa.].\n癸 亥 十 四 年 宋 仁 宗 偵 秋 天 聖 元 年 . [9b*3*1]\nQuý Hợi, thập tứ niên, [Tống Nhân Tông, Trinh Thu Thiên Thánh nguyên niên].\n九 月 詔 寫 三 藏 經 留 于 大 興 藏 改 潮 陽 鎮 為 永 安 州 . [9b*3*15]\ncửu nguyệt, chiếu tả Tam Tạng kinh lưu vu Đại Hưng tàng, cải Triều Dương trấn vi Vĩnh An châu.\n甲 子 十 五 年 宋 天 聖 二 年 . [9b*5*1]\nGiáp Tí, thập ngũ niên, [Tống Thiên Thánh nhị niên].\n春 詔 開 天 王 伐 峯 州 開 國 王 伐 都 金 州 . [9b*5*11]\nXuân, chiếu Khai Thiên Vương phạt Phong Châu, Khai Quốc Vương phạt Đô Kim châu.\n修 治 昇 龍 京 城 . [9b*6*5]\nTu trị Thăng Long kinh thành.\n秋 九 月 造 真 教 禪 寺 於 城 内 以 便 幸 觀 誦 經 . [9b*6*11]\nThu, cửu nguyệt, tạo Chân Giáo thiền tự ư thành nội, dĩ tiện hạnh quan tụng kinh.\n乙 丑 十 六 年 宋 天 聖 三 年 . [9b*8*1]\nẤt Sửu, thập lục niên, [Tống Thiên Thánh tam niên].\n春 二 月 真 臘 國 來 貢 . [9b*8*11]\nXuân, nhị nguyệt, Chân Lạp quốc lai cống.\n詔 立 定 藩 寨 于 驩 州 南 界 以 𬋩 甲 李 台 偕 為 寨 主 . [9b*8*20]\nChiếu lập Định Phiên trại vu Hoan Châu nam giới, dĩ quản giáp Lí Thai Giai vi trại chủ.\n秋 . [9b*9*18]\nThu,..\n",
    "url": "/data/image_dvsk/ban_ky_toan_thu/quyen2/DVSKTT_ban_toan_II_9b.jpg"
  },
  {
    "text": "八 月 定 兵 為 甲 每 甲 十 五 人 用 一 人 為 𬋩 甲 . [10a*1*1]\nbát nguyệt, định binh vi giáp, mỗi giáp thập ngũ nhân, dụng nhất nhân vi quản giáp.\n又 定 諸 邑 各 𬋩 甲 . [10a*1*18]\nHựu định chư ấp các quản giáp.\n又 改 火 頭 為 正 首 惟 唱 兒 乃 號 𬋩 甲 時 有 唱 女 陶 氏 長 於 本 藝 常 得 賞 賜 . [10a*2*6]\nHựu cải hoả đầu vi chính thủ, duy xướng nhi nãi hiệu quản giáp [Thời hữu xướng nữ Đào thị, trường ư bản nghệ, thường đắc thưởng tứ.\n時 人 慕 其 名 凡 唱 女 並 呼 為 陶 娘 . [10a*3*15]\nThời nhân mộ kì danh, phàm xướng nữ tịnh hô vi Đào nương].\n僧 萬 行 死 萬 行 無 疾 而 死 時 人 謂 之 化 身 . [10a*3*28]\nTăng Vạn Hạnh tử [Vạn Hạnh vô tật nhi tử, thời nhân vị chi hoá thân.].\n史 臣 吳 士 連 曰 僧 萬 行 初 見 李 祖 知 非 常 人 及 見 震 文 揣 知 時 變 則 其 智 識 起 乎 凡 人 矣 . [10a*5*1]\nSử thần Ngô Sĩ Liên viết: Tăng Vạn Hạnh sơ kiến Lí Tổ, tri phi thường nhân, cập kiến chấn văn suý tri thời biến, tắc kì trí thức khởi hồ phàm nhân hĩ.\n然 而 决 性 命 廢 人 倫 厭 塵 嚚 依 禪 寝 以 獨 絜 君 子 不 與 也 . [10a*6*17]\nNhiên nhi quyết tính mệnh, phế nhân luân, yếm trần ngân, y thiền tẩm dĩ độc kiết, quân tử bất dữ dã.\n丙 寅 十 七 年 宋 天 聖 四 年 . [10a*9*1]\nBính Dần, thập thất niên, [Tống Thiên Thánh tứ niên].\n春 正 月 詔 修 玉 牒 . [10a*9*11]\nXuân, chính nguyệt, chiếu tu Ngọc điệp.\n秋 八 月 . [10a*9*19]\nThu, bát nguyệt,..\n",
    "url": "/data/image_dvsk/ban_ky_toan_thu/quyen2/DVSKTT_ban_toan_II_10a.jpg"
  },
  {
    "text": "遣 李 徵 顯 黎 再 嚴 如 宋 結 好 . [10b*1*1]\nkhiển Lí Trưng Hiển, Lê Tái Nghiêm như Tống kết hảo.\n冬 十 一 月 真 臘 國 來 貢 . [10b*1*12]\nĐông, thập nhất nguyệt, Chân Lạp quốc lai cống.\n詔 開 天 王 討 演 州 賊 . [10b*2*3]\nChiếu Khai Thiên vương thảo Diễn Châu tặc.\n丁 卯 十 八 年 宋 天 聖 五 年 . [10b*3*1]\nĐinh Mão, thập bát niên, [Tống Thiên Thánh ngũ niên].\n夏 六 月 旱 . [10b*3*11]\nHạ, lục nguyệt, hạn.\n秋 八 月 詔 寫 三 藏 經 . [10b*3*16]\nThu, bát nguyệt, chiếu tả Tam Tạng kinh.\n詔 開 天 王 討 七 源 州 東 征 王 討 文 州 . [10b*4*3]\nChiếu Khai Thiên Vương thảo Thất Nguyên châu, Đông Chinh Vương thảo Văn Châu.\n戊 辰 十 九 月 三 月 元 年 . [10b*5*1]\nMậu Thìn, thập cửu nguyệt, [Tam nguyệt nguyên niên.\n以 後 太 宗 天 成 宋 天 聖 六 年 . [10b*5*10]\ndĩ hậu, Thái Tông Thiên Thành, Tống Thiên Thánh lục niên.].\n春 二 月 帝 弗 豫 三 月 丙 申 朔 日 食 . [10b*5*21]\nXuân nhị nguyệt, đế phất dự Tam nguyệt, Bính Thân sóc, nhật thực.\n戊 戌 帝 崩 于 龍 安 殿 . [10b*6*8]\nMậu Tuất, Đế băng vu Long An điện.\n群 臣 皆 詣 龍 德 宫 請 太 子 奉 遺 詔 即 位 . [10b*6*16]\nQuần thần giai nghệ Long Đức cung, thỉnh Thái tử phụng di chiếu tức vị.\n東 征 翊 聖 武 德 三 王 聞 之 皆 帥 府 兵 入 伏 禁 城 . [10b*7*12]\nĐông Chinh, Dực Thánh, Võ Đức tam vương văn chi giai soái phủ binh nhập phục cấm thành.\n東 征 王 伏 于 龍 城 内 翊 聖 武 德 二 王 各 自 伏 于 廣 福 門 内 侯 太 子 至 襲 之 . [10b*8*11]\nĐông Chinh Vương phục vu Long Thành nội, Dực Thánh, Võ Đức nhị vương các tự phục vu Quảng Phúc môn nội, hậu Thái tử chí tập chi.\n",
    "url": "/data/image_dvsk/ban_ky_toan_thu/quyen2/DVSKTT_ban_toan_II_10b.jpg"
  },
  {
    "text": "有 頃 太 子 自 祥 符 門 入 至 乾 元 殿 覺 變 命 内 竪 閉 諸 殿 門 及 使 宫 中 衛 士 守 備 因 謂 左 右 曰 我 於 兄 弟 無 所 毫 負 . [11a*1*1]\nHữu khoảnh, Thái tử tự Tường Phù môn nhập, chí Càn Nguyên điện, giác biến, mệnh nội thụ bế chư điện môn, cập sử cung trung vệ sĩ thủ bị, nhân vị tả hữu viết: \"Ngã ư huynh đệ vô sở hào phụ.\n今 三 王 行 不 義 忘 先 帝 之 遺 命 欲 圖 大 位 卿 等 以 為 何 如 . [11a*3*6]\nKim tam vương hành bất nghĩa, vong Tiên đế chi di mệnh, dục đồ đại vị, khanh đẳng dĩ vi hà như?\".\n内 侍 李 仁 義 曰 兄 之 與 弟 内 可 以 協 謀 外 可 以 禦 侮 . [11a*4*9]\nNội thị Lí Nhân Nghĩa viết: \"Huynh chi dữ đệ, nội khả dĩ hiệp mưu, ngoại khả dĩ ngự vũ.\n今 三 王 反 以 為 兄 弟 乎 以 為 仇 讎 乎 願 許 臣 等 一 戰 以 决 勝 負 . [11a*5*10]\nKim tam vương phản, dĩ vi huynh đệ hồ? Dĩ vi cừu thù hồ? Nguyện hứa thần đẳng nhất chiến dĩ quyết thắng phụ\".\n太 子 曰 吾 耻 先 帝 未 殯 骨 肉 相 殘 寧 不 為 萬 世 笑 耶 仁 義 曰 臣 聞 務 遠 圖 者 忘 近 功 存 公 道 者 割 私 愛 此 唐 太 宗 周 公 旦 出 不 得 已 之 奉 . [11a*6*15]\nThái tử viết: \"Ngô xỉ tiên đế vị tẫn, cốt nhục tương tàn, ninh bất vi vạn thế tiếu da?\" Nhân Nghĩa viết: \"Thần văn, vụ viễn đồ giả vong cận công, tồn công đạo giả cát tư ái, thử Đường Thái Tông, Chu Công Đán xuất bất đắc dĩ chi phụng.\n今 殿 下 以 唐 太 周 公 為 務 . [11a*9*10]\nKim điện hạ dĩ Đường Thái, Chu Công vi vụ..\n",
    "url": "/data/image_dvsk/ban_ky_toan_thu/quyen2/DVSKTT_ban_toan_II_11a.jpg"
  },
  {
    "text": "遠 圖 存 公 道 耶 抑 為 貪 近 功 溺 私 愛 耶 殿 下 能 偕 唐 太 周 公 之 遺 迹 則 後 世 之 人 將 頌 𰙔 功 德 之 不 暇 何 暇 笑 哉 又 曰 先 帝 以 殿 下 善 足 以 󰱥 志 才 足 以 濟 事 故 以 天 下 付 託 殿 下 . [11b*1*1]\nviễn đồ, tồn công đạo da? Ức vi tham cận công, nịch tư ái da? Điện hạ năng giai Đường Thái, Chu Công chi di tích, tắc hậu thế chi nhân tương tụng ca công đức chi bất hạ, hà hạ tiếu tai?\" Hựu viết: \"Tiên đế dĩ Điện hạ, thiện túc dĩ kế chí, tài túc dĩ tế sự, cố dĩ thiên hạ phó thác điện hạ.\n今 賊 逼 宫 門 而 隱 忍 如 此 其 如 先 帝 付 託 何 . [11b*4*12]\nKim tặc bức cung môn nhi ẩn nhẫn như thử, kì như tiên đế phó thác hà?\".\n太 子 默 然 良 久 謂 仁 義 及 宫 臣 楊 平 郭 盛 李 玄 師 黎 奉 曉 等 曰 吾 𡸈 不 知 唐 太 周 公 之 所 為 若 是 乎 吾 欲 掩 晦 其 罪 惡 使 自 退 伏 以 全 吾 骨 肉 為 上 耳 . [11b*5*10]\nThái tử mặc nhiên lương cửu, vị Nhân Nghĩa cập cung thần Dương Bình, Quách Thịnh, Lí Huyền Sư, Lê Phụng Hiểu đẳng viết: \"Ngô há bất tri Đường Thái, Chu Công chi sở vi? Nhược thị hồ ngô dục yểm hối kì tội ác, sử tự thoái phục, dĩ toàn ngô cốt nhục vi thượng nhĩ\".\n時 三 府 兵 愈 急 太 子 度 不 能 制 曰 勢 既 如 此 我 何 靣 目 與 三 王 見 乎 吾 但 成 . [11b*8*10]\nThời tam phủ binh dũ cấp, Thái tử độ bất năng chế viết: \"Thế ký như thử, ngã hà diện mục dữ tam vương kiến hồ? Ngô đản thành..\n",
    "url": "/data/image_dvsk/ban_ky_toan_thu/quyen2/DVSKTT_ban_toan_II_11b.jpg"
  },
  {
    "text": "服 奉 侍 先 帝 此 外 皆 委 卿 也 . [12a*1*1]\nphục phụng thị Tiên đế, thử ngoại giai uỷ khanh dã\".\n仁 義 等 皆 再 拜 曰 死 君 之 難 臣 等 之 職 分 . [12a*1*12]\nNhân Nghĩa đẳng giai tái bái viết: \"Tử quân chi nạn, thần đẳng chi chức phận.\n今 既 得 死 所 將 復 何 辞 . [12a*2*9]\nKim ký đắc tử sở, tương phục hà từ?\".\n乃 令 宫 中 衛 士 開 門 出 戰 人 樂 赴 難 無 不 一 當 百 . [12a*2*18]\nNãi lệnh cung trung vệ sĩ khai môn xuất chiến, nhân lạc phó nạn, vô bất nhất đương bách.\n兵 既 接 戰 未 决 勝 負 奉 曉 怒 援 劍 直 至 廣 福 門 大 呼 謂 武 德 王 等 覬 覦 神 噐 蔑 視 嗣 君 上 志 先 帝 之 恩 下 皆 臣 子 之 義 所 以 臣 奉 曉 捧 斯 劎 為 獻 . [12a*3*18]\nBinh ký tiếp chiến, vị quyết thắng phụ, Phụng Hiểu nộ viện kiếm trực chí Quảng Phúc môn đại hô vị: \"Võ Đức vương đẳng ký du thần khí, miệt thị tự quân, thượng chí tiên đế chi ân, hạ giai thần tử chi nghĩa, sở dĩ thần Phụng Hiểu bổng tư kiếm vi hiến\".\n乃 直 犯 武 德 王 馬 . [12a*6*16]\nNãi trực phạm Võ Đức Vương mã.\n王 引 馬 避 之 馬 蹶 為 奉 曉 所 獲 殺 之 . [12a*7*4]\nVương dẫn mã tị chi, mã quệ, vi Phụng Hiểu sở hoạch sát chi.\n三 府 兵 敗 走 . [12a*7*18]\nTam phủ binh bại tẩu.\n官 軍 追 斬 之 殆 無 遺 者 惟 東 征 翊 聖 二 王 僅 以 身 免 . [12a*8*4]\nQuan quân truy trảm chi đãi vô di giả, duy Đông Chinh, Dực Thánh nhị vương cẩn dĩ thân miễn.\n奉 曉 等 還 以 服 武 奏 㨗 于 太 祖 柩 前 又 . [12a*9*5]\nPhụng Hiểu đẳng hoàn dĩ phục võ tấu tiệp vu Thái Tổ cữu tiền, hựu..\n",
    "url": "/data/image_dvsk/ban_ky_toan_thu/quyen2/DVSKTT_ban_toan_II_12a.jpg"
  },
  {
    "text": "詣 乾 元 殿 吿 太 子 . [12b*1*1]\nnghệ Càn Nguyên điện cáo Thái tử.\n太 子 勞 之 曰 吾 所 以 克 荷 先 帝 之 丕 基 全 父 母 之 遺 体 卿 等 之 力 也 . [12b*1*8]\nThái tử lạo chi viết: \"Ngô sở dĩ khắc hà tiên đế chi phi cơ, toàn phụ mẫu chi di thể, khanh đẳng chi lực dã.\n吾 嘗 觀 唐 史 見 蔚 遲 敬 德 匡 君 之 難 自 謂 後 世 人 臣 無 可 比 者 . [12b*2*15]\nNgô thường quan Đường sử, kiến Uất Trì, Kính Đức khuông quân chi nạn, tự vị hậu thế nhân thần vô khả tỉ giả.\n今 日 遭 變 乃 知 奉 曉 之 忠 勇 過 敬 德 遠 矣 . [12b*4*1]\nKim nhật tao biến, nãi tri Phụng Hiểu chi trung dũng quá Kính Đức viễn hĩ\".\n奉 曉 再 拜 曰 殿 下 德 感 天 地 敢 有 萌 異 圖 者 天 下 神 抵 皆 效 其 職 而 誅 滅 之 臣 等 何 力 之 有 奉 曉 愛 州 冰 山 鄕 人 少 䧺 勇 . [12b*4*17]\nPhụng Hiểu tái bái viết: \"Điện hạ đức cảm thiên địa, cảm hữu manh dị đồ giả, thiên hạ thần để giai hiệu kì chức nhi tru diệt chi, thần đẳng hà lực chi hữu!\" [Phụng Hiểu Ái Châu, Băng Sơn hương nhân, thiếu hùng dũng.\n古 碑 潭 舍 二 村 爭 地 界 以 兵 相 向 奉 曉 謂 古 碑 人 曰 我 獨 䏻 擊 眾 父 老 喜 貝 酒 饌 食 之 奉 曉 一 飯 數 斗 飲 且 過 量 既 而 挑 潭 舍 戰 . [12b*6*25]\nCổ Bi, Đàm Xá nhị thôn tranh địa giới, dĩ binh tương hướng. Phụng Hiểu vị Cổ Bi nhân viết: \"Ngã độc năng kích chúng\". Phụ lão hỉ, bối tửu soạn thực chi, Phụng Hiểu nhất phạn sổ đấu, ẩm thả quá lượng, ký nhi khiêu Đàm Xá chiến.\n聳 身 扳 樹 横 擊 傷 損 者 眾 潭 舍 大 惧 還 古 碑 田 太 祖 聞 其 名 因 以 為 將 迁 武 衛 將 軍 . [12b*8*11]\nTủng thân ban thụ hoành kích, thương tổn giả chúng, Đàm Xá đại cụ, hoàn Cổ Bi điền. Thái Tổ văn kì danh, nhân dĩ vi tướng, thiên Võ Vệ tướng quân.\n至 是 以 靖 難 功 拜 都 綂 上 將 軍 侯 秩 . [12b*9*5]\nChí thị dĩ tịnh nạn công, bái Đô thống thượng tướng quân, hầu trật.\n天 感 聖 武 中 從 太 宗 南 征 為 前 鋒 大 破 虜 兵 名 震 藩 . [12b*9*19]\nThiên Cảm Thánh Vũ trung, tòng Thái Tô\n",
    "url": "/data/image_dvsk/ban_ky_toan_thu/quyen2/DVSKTT_ban_toan_II_12b.jpg"
  },
  {
    "text": "國 . [13a*1*1]\nquốc.\n凱 還 定 功 奉 曉 曰 不 欲 爵 賞 願 得 立 氷 山 遠 擲 大 刀 驗 刀 墮 官 地 内 賜 以 作 業 從 之 奉 曉 登 山 一 擲 遠 十 餘 里 刀 墮 多 縻 鄕 . [13a*1*2]\nKhải hoàn định công, Phụng Hiểu viết: \"Bất dục tước thưởng, nguyện đắc lập Băng Sơn viễn trịch đại đao, nghiệm đao đoạ quan địa nội tứ dĩ tác nghiệp. Tòng chi. Phụng Hiểu đăng sơn, nhất trịch viễn thập dư lí, đao đoạ Đa Mi hương.\n即 以 賜 之 蠲 所 刀 榖 税 . [13a*2*11]\nTức dĩ tứ chi, quyên sở đao cốc thuế.\n故 愛 州 賞 功 有 所 刀 之 名 . [13a*2*20]\nCố Ái Châu thưởng công hữu sở đao chi danh].\n黎 文 休 曰 李 家 封 嫡 子 皆 為 王 庶 子 皆 為 皇 子 而 皇 太 子 之 位 不 設 . [13a*3*1]\nLê Văn Hưu viết: Lí gia phong đích tử giai vi Vương, thứ tử giai vi hoàng tử, nhi hoàng thái tử chi vị bất thiết.\n及 至 宫 軍 大 漸 方 攑 諸 子 一 人 入 繼 大 綂 . [13a*4*9]\nCập chí cung quân đại tiềm, phương cử chư tử nhất nhân nhập kế đại thống.\n傳 之 成 俗 不 知 何 意 也 . [13a*5*7]\nTruyền chi thành tục, bất tri hà ý dã.\n或 曰 李 家 不 先 正 儲 位 盖 欲 使 諸 子 亹 亹 為 善 謂 . [13a*5*16]\nHoặc viết: \"Lí gia bất tiên chính trừ vị, cái dục sử chư tử vỉ vỉ vi thiện vị.\n儲 位 既 定 則 君 臣 分 定 雖 有 微 子 之 賢 將 何 以 處 之 哉 . [13a*6*17]\nTrừ vị ký định, tắc quân thần phân định, tuy hữu Vi Tử chi hiền, tương hà dĩ xử chi tai\".\n曰 天 下 之 本 既 定 猶 有 楊 廣 飾 行 奪 嫡 之 禍 况 儲 貮 不 正 事 至 倉 卒 方 欲 榉 立 萬 一 有 三 夫 . [13a*8*2]\nViết: Thiên hạ chi bản ký định, do hữu Dương Quảng sức hành đoạt đích chi hoạ, huống trừ nhị bất chính, sự chí thương tốt, phương dục cử lập, vạn nhất hữu tam phu..\n",
    "url": "/data/image_dvsk/ban_ky_toan_thu/quyen2/DVSKTT_ban_toan_II_13a.jpg"
  },
  {
    "text": "人 強 請 之 嗣 君 徐 文 通 弄 筆 之 遺 詔 雖 若 不 名 其 可 得 乎 有 國 家 者 當 以 此 為 戒 . [13b*1*1]\nnhân cường thỉnh chi tự quân, Từ Văn Thông lộng bút chi di chiếu, tuy nhược bất danh kì khả đắc hồ? Hữu quốc gia giả, đương dĩ thử vi giới.\n史 臣 吳 士 連 曰 同 心 同 德 必 事 業 之 䏻 成 . [13b*3*1]\nSử thần Ngô Sĩ Liên viết: Đồng tâm đồng đức, tất sự nghiệp chi năng thành.\n有 君 有 臣 何 艱 險 之 不 濟 . [13b*3*17]\nHữu quân hữu thần, hà gian hiểm chi bất tế.\n太 宗 當 創 鉅 痛 深 之 日 变 生 肘 腋 而 君 臣 處 之 曲 折 得 宜 險 難 以 濟 事 業 以 成 宗 廟 賴 以 尊 安 . [13b*4*9]\nThái Tông đương sáng cự thống thâm chi nhật, biến sinh trửu nịch, nhi quân thần xử chi khúc triết, đắc nghi hiểm nạn dĩ tế, sự nghiệp dĩ thành, tông miếu lại dĩ tôn an.\n非 君 臣 相 遇 同 德 同 心 䏻 如 是 乎 觀 史 所 載 太 宗 真 情 之 感 󰱑 於 骨 肉 相 殘 之 言 仁 義 忠 憤 之 激 在 於 唐 太 周 公 之 事 . [13b*6*9]\nPhi quân thần tương ngộ, đồng đức đồng tâm, năng như thị hồ? Quan sử sở tải, Thái Tông chân tình chi cảm, phát ư \"cốt nhục tương tàn\" chi ngôn, Nhân Nghĩa trung phẫn chi khích, tại ư Đường Thái, Chu Công chi sự.\n奉 曉 義 勇 之 奮 形 於 躍 馬 献 劎 之 時 . [13b*8*18]\nPhụng Hiểu nghĩa dũng chi phấn, hình ư dược mã hiến kiếm chi thời.\n及 乎 事 濟 君 . [13b*9*14]\nCập hồ sự tế, quân..\n",
    "url": "/data/image_dvsk/ban_ky_toan_thu/quyen2/DVSKTT_ban_toan_II_13b.jpg"
  },
  {
    "text": "臣 畧 無 一 毫 矜 誇 固 無 間 然 矣 . [14a*1*1]\nthần lược vô nhất hào căng khoa, cố vô gian nhiên hĩ.\n至 於 未 踰 年 而 改 元 則 不 容 不 議 . [14a*1*13]\nChí ư vị du niên nhi cải nguyên, tắc bất dung bất nghị.\n春 秋 之 法 君 薨 嗣 君 定 位 於 初 䘮 踰 年 然 後 改 元 . [14a*2*8]\nXuân Thu chi pháp, quân hoăng tự quân định vị ư sơ tang, du niên nhiên hậu cải nguyên.\n書 即 位 者 綠 始 終 之 義 一 年 不 二 君 綠 臣 民 之 心 不 可 曠 年 無 君 禮 也 . [14a*3*9]\nThư tức vị giả lục, thuỷ chung chi nghĩa, nhất niên bất nhị quân, lục thần dân chi tâm, bất khả khoảng niên vô quân, lễ dã.\n太 宗 乃 冒 先 君 之 年 以 紀 年 何 哉 夫 甲 子 流 年 天 之 運 也 . [14a*4*18]\nThái Tông nãi mạo tiên quân chi niên dĩ kỷ niên hà tai? Phu giáp tử lưu niên thiên chi vận dã.\n人 君 法 天 因 甲 子 之 運 行 紀 在 位 之 久 近 從 古 已 然 . [14a*6*4]\nNhân quân pháp thiên, nhân giáp tử chi vận hành, kỷ tại vị chi cửu cận, tòng cổ dĩ nhiên.\n帝 精 於 禮 樂 書 數 曾 不 是 考 而 叙 擾 之 遂 使 後 世 襲 為 故 事 踵 而 行 之 其 失 大 矣 . [14a*7*6]\nĐế tinh ư lễ nhạc thư số, tăng bất thị khảo nhi tự nhiễu chi, toại sử hậu thế tập vi cố sự, chủng nhi hành chi, kì thất đại hĩ.\n己 亥 太 子 佛 瑪 即 位 於 柩 前 . [14a*9*2]\nKỉ Hợi, Thái tử Phật Mã tức vị ư cữu tiền.\n尊 母 黎 氏 曰 靈 顯 . [14a*9*13]\nTôn mẫu Lê thị viết Linh Hiển..\n",
    "url": "/data/image_dvsk/ban_ky_toan_thu/quyen2/DVSKTT_ban_toan_II_14a.jpg"
  },
  {
    "text": "太 后 . [14b*1*1]\nThái hậu.\n大 赦 . [14b*1*3]\nĐại xá.\n改 元 天 成 元 年 . [14b*1*5]\nCải nguyên Thiên Thành nguyên niên.\n是 日 東 征 翊 聖 二 王 詣 闕 伏 罪 . [14b*1*11]\nThị nhật, Đông Chinh, Dực Thánh nhị vương nghệ khuyết phục tội.\n詔 免 之 復 其 爵 . [14b*2*5]\nChiếu miễn chi, phục kì tước.\n群 臣 上 尊 號 曰 開 天 綂 運 尊 道 貴 德 聖 文 廣 武 崇 仁 尚 善 政 理 民 安 臣 符 龍 見 体 元 御 極 億 歲 功 髙 應 真 寶 曆 松 玄 至 奧 興 龍 大 定 囱 明 慈 孝 皇 帝 . [14b*2*11]\nQuần thần thượng tôn hiệu viết: Khai Thiên Thống Vận Tôn Đạo Quý Đức Thánh Văn Quảng Vũ Sùng Nhân Thượng Thiện Chính Lí Dân An Thần Phù Long Kiến Thể Nguyên Ngự Cực Ức Tuế Công Cao Ứng Chân Bảo Lịch Thông Huyền Chí Áo Hưng Long Đại Định Thông Minh Từ Hiếu Hoàng Đế.\n帝 以 新 即 位 詔 𭛁 大 府 錢 帛 頒 賜 天 下 庚 申 十 五 日 也 . [14b*5*11]\nĐế dĩ tân tức vị, chiếu phát đại phủ tiền bạch ban tứ thiên hạ [Canh Thân thập ngũ nhật dã].\n開 國 王 叛 . [14b*6*13]\nKhai Quốc Vương phản.\n初 王 居 長 安 府 以 山 川 險 固 因 聚 亡 命 刼 掠 小 民 太 祖 終 不 之 知 遂 養 成 其 惡 . [14b*6*17]\nSơ Vương cư Trường Yên phủ, dĩ sơn xuyên hiểm cố, nhân tụ vong mệnh, kiếp lược tiểu dân, Thái Tổ chung bất chi tri, toại dưỡng thành kì ác.\n及 聞 太 祖 崩 武 德 王 被 誅 意 愈 不 平 乃 率 府 兵 叛 . [14b*8*6]\nCập văn Thái Tổ băng, Võ Đức Vương bị tru, ý dũ bất bình, nãi suất phủ binh phản.\n封 銅 皷 山 神 以 王 爵 立 廟 時 祭 仍 . [14b*9*6]\nPhong Đồng Cổ sơn thần dĩ Vương tước, lập miếu thời tế, nhưng..\n",
    "url": "/data/image_dvsk/ban_ky_toan_thu/quyen2/DVSKTT_ban_toan_II_14b.jpg"
  },
  {
    "text": "行 盟 禮 . [15a*1*1]\nhành minh lễ.\n先 是 三 王 叛 前 一 日 帝 夢 見 稱 銅 皷 山 神 語 帝 以 武 德 東 征 翊 聖 三 王 作 亂 速 調 兵 討 之 . [15a*1*4]\nTiên thị, tam vương phản tiền nhất nhật, Đế mộng kiến xưng Đồng Cổ sơn thần ngữ Đế dĩ Vũ Đức, Đông Chinh, Dực Thánh tam vương tác loạn, tốc điều binh thảo chi.\n及 𮗓 即 令 警 備 果 驗 . [15a*2*19]\nCập giác, tức lệnh cảnh bị, quả nghiệm.\n至 是 詔 有 司 立 廟 於 大 羅 城 右 伴 聖 壽 寺 後 以 是 月 二 十 五 日 於 廟 中 築 𡊨 張 旗 幟 整 隊 伍 懸 劎 㦸 於 神 位 前 讀 誓 書 曰 為 子 不 孝 為 臣 不 忠 神 明 殛 之 . [15a*3*8]\nChí thị chiếu Hữu ti lập miếu ư Đại La thành hữu bạn, Thánh Thọ tự hậu, dĩ thị nguyệt nhị thập ngũ nhật ư miếu trung trúc đàn, trương kì xí, chỉnh đội ngũ, huyền kiếm kích ư thần vị tiền, độc thệ thư viết: \"Vi tử bất hiếu, vi thần bất trung, thần minh cức chi\".\n群 臣 自 東 門 入 過 神 位 飲 血 每 歲 以 為 常 . [15a*6*9]\nQuần thần tự đông môn nhập, quá thần vị ẩm huyết, mỗi tuế dĩ vi thường.\n後 遇 三 月 有 國 忌 展 至 四 月 四 日 . [15a*7*6]\nHậu ngộ tam nguyệt hữu quốc kị, triển chí tứ nguyệt tứ nhật.\n复 四 月 帝 親 征 長 安 府 以 内 侍 李 仁 義 留 守 京 師 . [15a*8*1]\nHạ, tứ nguyệt, Đế thân chinh Trường Yên phủ, dĩ nội thị Lí Nhân Nghĩa lưu thủ Kinh sư.\n壬 申 至 長 安 . [15a*9*1]\nNhâm Thân chí Trường Yên.\n是 日 開 國 王 降 . [15a*9*6]\nThị nhật Khai Quốc Vương hàng.\n下 令 曰 敢 有 虜 掠 小 . [15a*9*12]\nHạ lệnh viết: \"Cảm hữu lỗ lược tiểu..\n",
    "url": "/data/image_dvsk/ban_ky_toan_thu/quyen2/DVSKTT_ban_toan_II_15a.jpg"
  },
  {
    "text": "民 財 貨 者 斬 . [15b*1*1]\ndân tài hoá giả trảm\".\n軍 士 肃 然 秋 毫 無 犯 . [15b*1*6]\nQuân sĩ túc nhiên, thu hào vô phạm.\n大 軍 入 長 安 城 城 中 民 餽 獻 牛 酒 者 填 路 . [15b*1*14]\nĐại quân nhập Trường Yên thành, thành trung dân quỹ hiến ngưu tửu giả điền lộ.\n帝 遣 使 諭 旨 慰 勞 之 舉 城 大 悅 . [15b*2*11]\nĐế khiển sứ dụ chỉ uý lạo chi, cử thành đại duyệt.\n詔 徙 開 國 王 及 其 僚 屬 于 昇 龍 京 師 . [15b*3*4]\nChiếu tỉ Khai Quốc vương cập kì liêu thuộc vu Thăng Long kinh sư.\n還 自 長 安 詔 免 開 國 王 罪 復 其 爵 . [15b*3*18]\nHoàn tự Trường Yên, chiếu miễn Khai Quốc vương tội, phục kì tước.\n五 月 六 日 神 人 見 迹 于 萬 歲 寺 . [15b*4*12]\nNgũ nguyệt, lục nhật, thần nhân kiến tích vu Vạn Tuế tự.\n群 臣 上 言 曰 太 子 天 下 之 本 本 立 則 天 下 安 . [15b*5*5]\nQuần thần thượng ngôn viết: \"Thái tử thiên hạ chi bản, bản lập tắc thiên hạ an.\n願 陛 下 早 攑 賢 嗣 正 位 東 宫 以 慰 天 下 之 望 . [15b*6*3]\nNguyện bệ hạ tảo cử hiền tự, chính vị Đông cung, dĩ uý thiên hạ chi vọng\".\n從 之 󰀋 皇 子 日 尊 為 東 宫 太 子 . [15b*7*1]\nTòng chi, sách Hoàng tử Nhật Tôn vi Đông cung Thái tử.\n立 皇 后 七 . [15b*7*13]\nLập hoàng hậu thất.\n十 一 月 拜 枚 皇 后 父 祐 為 安 國 上 將 王 皇 后 父 杜 為 輔 國 上 將 丁 皇 后 父 吳 尚 為 匡 國 上 將 . [15b*7*17]\nThập nhất nguyệt, bái Mai Hoàng hậu phụ Hựu vi An Quốc thượng tướng, Vương hoàng hậu phụ Đỗ vi Phụ quốc thượng tướng, Đinh Hoàng hậu phụ Ngô Thượng vi Khuông quốc thượng tướng.\n",
    "url": "/data/image_dvsk/ban_ky_toan_thu/quyen2/DVSKTT_ban_toan_II_15b.jpg"
  },
  {
    "text": "史 臣 吳 士 連 曰 后 戚 之 貴 前 世 有 之 矣 . [16a*1*1]\nSử thần Ngô Sĩ Liên viết: Hậu thích chi quý, tiền thế hữu chi hĩ.\n雖 以 其 戚 亦 以 其 才 也 . [16a*1*16]\nTuy dĩ kì thích diệc dĩ kì tài dã.\n祐 軰 果 才 耶 不 以 后 父 故 用 之 可 也 . [16a*2*7]\nHựu bối quả tài da? Bất dĩ Hậu phụ cố dụng chi khả dã.\n不 才 耶 厚 之 以 禄 可 也 授 封 不 可 也 . [16a*3*3]\nBất tài da? Hậu chi dĩ lộc khả dã, thụ phong bất khả dã.\n或 曰 此 特 寵 之 以 爵 非 假 之 以 權 . [16a*3*17]\nHoặc viết: Thử đặc sủng chi dĩ tước, phi giả chi dĩ quyền.\n曰 爵 之 既 髙 矣 安 有 安 國 輔 國 匡 國 上 將 軍 之 號 而 濫 及 無 功 者 哉 . [16a*4*12]\nViết: Tước chi ký cao hĩ, an hữu An quốc, Phụ quốc, Khuông quốc thượng tướng quân chi hiệu nhi lạm cập vô công giả tai?.\n以 梁 任 文 為 太 師 吳 上 丁 為 太 傅 陶 處 中 為 太 保 李 道 紀 為 左 摳 密 李 徹 為 少 師 冲 新 為 右 摳 密 李 密 為 左 參 知 政 事 矯 蓬 為 右 參 知 政 事 廖 嘉 貞 . [16a*7*1]\nDĩ Lương Nhậm Văn vi Thái sư, Ngô Thượng Đinh vi Thái phó, Đào Xử Trung vi Thái bảo, Lí Đạo Kỷ vi Tả khu mật, Lí Triệt vi Thiếu sư, Xung Tân vi Hữu khu mật, Lí Mật vi Tả tham tri chính sự, Kiểu Bồng vi Hữu tham tri chính sự, Liêu Gia Trinh..\n",
    "url": "/data/image_dvsk/ban_ky_toan_thu/quyen2/DVSKTT_ban_toan_II_16a.jpg"
  },
  {
    "text": "為 中 書 侍 郎 何 遠 為 左 諫 議 大 夫 杜 讖 為 右 諫 議 大 夫 阮 光 利 為 太 尉 譚 碎 狀 為 都 綂 武 波 斯 為 威 衛 上 將 阮 慶 為 定 勝 大 將 陶 文 雷 為 左 腹 心 李 仁 義 為 右 腹 心 潘 唐 烈 為 内 侍 . [16b*1*1]\nvi Trung thư thị lang, Hà Viễn vi Tả gián nghị đại phu, Đỗ Sấm vi Hữu gián nghị đại phu, Nguyễn Quang Lợi vi Thái uý, Đàm Toái Trạng vi Đô thống, Vũ Ba Tu vi Uy vệ thượng tướng, Nguyễn Khánh vi Định thắng đại tướng, Đào Văn Lôi vi Tả phúc tâm, Lí Nhân Nghĩa vi Hữu phúc tâm, Phan Đường Liệt vi Nội thị.\n置 僧 道 陛 品 . [16b*4*12]\nTrí tăng đạo bệ phẩm.\n置 殿 前 禁 軍 十 衛 一 曰 廣 聖 二 曰 廣 武 三 曰 衛 龍 四 曰 捧 日 五 曰 澄 海 . [16b*4*17]\nTrí Điện tiền cấm quân thập vệ: Nhất viết Quảng Thánh; nhị viết Quảng Vũ; tam viết Vệ Long; tứ viết Bổng Nhật; ngũ viết Trừng Hải.\n每 衛 各 分 為 左 右 直 周 廬 環 衛 于 禁 城 之 内 緫 謂 之 十 衛 . [16b*6*8]\nMỗi vệ các phân vi tả hữu, trực chu lư hoàn vệ vu cấm thành chi nội, tổng vị chi thập vệ.\n六 月 以 誕 日 為 天 聖 節 . [16b*7*11]\nLục nguyệt, dĩ đản nhật vi Thiên Thánh tiết.\n以 竹 作 萬 歲 南 山 于 龍 墀 其 制 為 五 峯 中 峰 頂 立 長 壽 山 左 右 四 峯 頂 皆 置 白 鶴 山 山 上 作 鳥 獸 . [16b*8*2]\nDĩ trúc tác Vạn Tuế Nam Sơn vu Long trì, kì chế vi ngũ phong, trung phong đỉnh lập Trường Thọ sơn, tả hữu tứ phong đỉnh giai trí Bạch Hạc sơn, sơn thượng tác điểu thú..\n",
    "url": "/data/image_dvsk/ban_ky_toan_thu/quyen2/DVSKTT_ban_toan_II_16b.jpg"
  },
  {
    "text": "𢒎 走 之 狀 山 腰 又 有 神 龍 蟠 繞 間 植 旌 旗 錯 懸 金 璧 使 伶 人 於 巖 中 弄 笛 吹 笙 獸 𰙔 奏 舞 為 娛 樂 賜 群 臣 宴 . [17a*1*1]\nbưu tẩu chi trạng, sơn yêu hựu hữu thần long bàn nhiễu, gian thực tinh kì, thố huyền kim bích, sử linh nhân ư nham trung lộng địch, suy sênh thú ca tấu vũ vi ngu lạc, tứ quần thần yến.\n五 峯 之 制 自 此 始 . [17a*3*4]\nNgũ phong chi chế tự thử thuỷ.\n史 臣 吳 士 連 曰 誕 辰 慶 賀 大 禮 也 . [17a*4*1]\nSử thần Ngô Sĩ Liên viết: Đản thần khánh hạ đại lễ dã.\n臣 祝 其 君 君 宴 其 臣 君 臣 和 合 以 通 上 下 之 情 禮 固 宜 然 . [17a*4*14]\nThần chúc kì quân, quân yến kì thần, quân thần hoà hợp dĩ thông thượng hạ chi tình, lễ cố nghi nhiên.\n顧 帝 當 䘮 而 極 心 目 之 娛 曾 不 念 及 先 帝 之 未 塟 乎 惸 惸 在 疚 心 盖 蔑 如 也 . [17a*5*18]\nCố Đế đương tang nhi cực tâm mục chi ngu tằng, bất niệm cập tiên đế chi vị táng hồ? Quỳnh quỳnh tại cứu tâm cái miệt như dã.\n冬 十 月 塟 天 德 府 壽 陵 謚 曰 神 武 皇 帝 廟 號 太 祖 . [17a*8*1]\nĐông, thập nguyệt, táng Thiên Đức phủ Thọ Lăng, thuỵ viết Thần Vũ Hoàng Đế, miếu hiệu Thái Tổ.\n",
    "url": "/data/image_dvsk/ban_ky_toan_thu/quyen2/DVSKTT_ban_toan_II_17a.jpg"
  },
  {
    "text": "黎 文 休 曰 夫 古 者 天 子 既 崩 安 靈 柩 有 陵 或 號 茂 陵 或 號 昌 陵 遣 宸 章 有 閣 或 名 顯 謨 或 名 寶 文 . [17b*1*1]\nLê Văn Hưu viết: Phù cổ giả, thiên tử ký băng, an linh cữu hữu lăng, hoặc hiệu Mậu Lăng, hoặc hiệu Xương Lăng; khiển thần chương hữu các, hoặc danh Hiển Mô, hoặc danh Bảo Văn.\n今 李 家 歴 代 陵 秪 曰 壽 陵 閣 秪 曰 龍 圖 盖 時 君 不 學 而 儒 臣 不 能 潤 色 或 無 󰏲 古 之 力 也 . [17b*3*2]\nKim Lí gia lịch đại, lăng chỉ viết Thọ Lăng; các chỉ viết Long Đồ, cái thời quân bất học, nhi nho thần bất năng nhuận sắc, hoặc vô kê cổ chi lực dã.\n史 臣 吳 士 連 曰 李 祖 之 興 天 啓 其 祥 見 於 震 木 之 迹 . [17b*5*1]\nSử thần Ngô Sĩ Liên viết: Lí Tổ chi hưng, thiên khải kì tường kiến ư chấn mộc chi tích.\n德 必 得 位 出 扵 眾 人 之 㱕 又 當 卧 朝 浮 逞 暴 虐 之 餘 而 寬 仁 素 著 大 之 眷 求 民 主 民 之 㱕 于 有 德 舍 帝 將 誰 適 哉 觀 帝 之 基 命 宥 密 遷 都 定 國 仁 心 愛 民 至 誠 感 天 與 夫 代 叛 討 乱 南 北 . [17b*6*3]\nĐức tất đắc vị, xuất ư chúng nhân chi quy, hựu đương Ngoạ Triều phù sính bạo ngược chi dư, nhi khoan nhân tố trước đại chi, quyến cầu dân chủ, dân chi quy vu hữu đức, xá đế tương thuỳ thích tai? Quan đế chi cơ mệnh hựu mật, thiên đô định quốc, nhân tâm ái dân, chí thành cảm thiên, dữ phu đại phản thảo loạn, Nam Bắc..\n",
    "url": "/data/image_dvsk/ban_ky_toan_thu/quyen2/DVSKTT_ban_toan_II_17b.jpg"
  }
]