[
  {
    "text": "通 好 天 下 晏 然 傳 祚 求 世 可 見 其 有 帝 王 之 畧 . [18a*1*1]\nthông hảo, thiên hạ yến nhiên, truyền tộ cầu thế, khả kiến kì hữu đế vương chi lược.\n惟 好 佛 老 一 事 為 之 累 耳 . [18a*2*1]\nDuy hiếu Phật Lão nhất sự vi chi luỹ nhĩ.\n太 宗 皇 帝 . [18a*3*1]\nThái Tông Hoàng Đế.\n諱 佛 瑪 一 名 德 政 太 祖 長 子 也 其 母 皇 后 黎 氏 以 黎 應 天 七 年 庚 子 六 月 二 十 六 日 誕 生 于 長 安 府 太 祖 受 禅 立 為 東 宫 太 子 及 太 祖 崩 賴 奉 曉 之 志 勇 同 心 濟 難 遂 即 皇 帝 位 五 十 五 歲 崩 于 長 春 殿 . [18a*3*5]\n[Huý Phật Mã, nhất danh Đức Chính, Thái Tổ trưởng tử dã. Kì mẫu Hoàng hậu Lê thị, dĩ Lê Ứng Thiên thất niên, Canh Tí lục nguyệt nhị thập lục nhật, đản sinh vu Trường Yên phủ. Thái Tổ thụ thiền, lập vi Đông cung Thái tử. Cập Thái Tổ băng, lại Phụng Hiểu chi chí dũng, đồng tâm tế nạn, toại tức Hoàng đế vị, ngũ thập ngũ tuế, băng vu Trường Xuân điện.\n在 位 二 十 七 年 壽 帝 沉 幾 先 物 同 符 漢 光 征 伐 四 克 比 迹 唐 太 . [18a*5*19]\ntại vị nhị thập thất niên, thọ Đế trầm cơ tiên vật, đồng phù Hán Quang chinh phạt tứ khắc, tỉ tích Đường Thái.\n然 君 子 每 以 矜 大 過 󰁮 責 備 其 賢 . [18a*6*12]\nNhiên quân tử mỗi dĩ căng đại quá cử trách bị kì hiền.].\n初 帝 之 生 也 時 長 安 府 有 民 家 牛 居 然 自 換 其 角 其 民 以 為 不 祥 憂 之 . [18a*7*1]\nSơ Đế chi sinh dã, thời Trường Yên phủ hữu dân gia ngưu cư nhiên tự hoán kì giác, kì dân dĩ vi bất tường ưu chi.\n有 善 占 者 過 其 家 笑 曰 此 乃 改 新 之 象 子 何 預 焉 民 憂 . [18a*8*12]\nHữu thiện chiêm giả quá kì gia, tiếu viết: \"Thử nãi cải tân chi tượng, tử hà dự yên!\" Dân ưu..\n",
    "url": "/data/image_dvsk/ban_ky_toan_thu/quyen2/DVSKTT_ban_toan_II_18a.jpg"
  },
  {
    "text": "遂 解 . [18b*1*1]\ntoại giải.\n帝 扵 項 下 有 七 黑 子 比 天 七 星 . [18b*1*3]\nĐế ư hạng hạ hữu thất hắc tử, tỉ thiên thất tinh.\n為 而 時 與 群 觀 遊 䏻 自 區 處 使 之 引 翼 前 後 左 右 如 眾 官 導 從 之 儀 . [18b*1*15]\nVi nhi thời, dữ quần quan du năng tự khu xử, sử chi dẫn dực tiền hậu tả hữu như chúng quan đạo tòng chi nghi.\n太 祖 見 而 悅 之 因 戱 曰 將 家 子 當 效 軍 旅 事 安 用 導 從 乎 帝 應 之 曰 導 從 奚 間 扵 將 家 子 哉 而 間 之 何 獨 不 在 丁 而 在 黎 乎 由 天 之 命 耳 . [18b*3*9]\nThái Tổ kiến nhi duyệt chi, nhân hô viết: \"Tướng gia tử đương hiệu quân lữ sự, an dụng đạo tòng hồ?\" Đế ứng chi viết: \"Đạo tòng khê gian ư tướng gia tử tai? Nhi gian chi hà độc bất tại Đinh nhi tại Lê hồ? Do thiên chi mệnh nhĩ\".\n太 祖 驚 異 由 是 益 竒 之 . [18b*6*13]\nThái Tổ kinh dị, do thị ích kỷ chi.\n受 禅 之 日 立 為 東 宫 太 子 . [18b*7*6]\nThụ thiền chi nhật, lập vi Đông cung thái tử.\n順 天 三 年 封 開 天 王 居 于 外 . [18b*7*16]\nThuận Thiên tam niên, phong Khai Thiên vương, cư vu ngoại.\n十 一 年 命 為 元 帥 擊 占 城 于 布 政 寨 . [18b*8*11]\nThập nhất niên, mệnh vi nguyên soái kích Chiêm Thành vu Bố Chính trại.\n大 軍 渡 海 抵 龍 鼻 山 . [18b*9*9]\nĐại quân độ hải, để Long Tị sơn,..\n",
    "url": "/data/image_dvsk/ban_ky_toan_thu/quyen2/DVSKTT_ban_toan_II_18b.jpg"
  },
  {
    "text": "黄 龍 見 于 帝 舟 帝 獨 自 負 . [19a*1*1]\nhoàng long kiến vu Đế chu, Đế độc tự phụ.\n及 至 破 之 擒 其 將 而 還 . [19a*1*11]\nCập chí phá chi, cầm kì tướng nhi hoàn.\n十 九 年 春 三 月 丙 申 朔 帝 以 所 御 衣 賜 南 帝 觀 道 士 陳 慧 隆 . [19a*2*4]\nThập cửu niên, xuân tam nguyệt, Bính Thân sóc, Đế dĩ sở ngự y tứ Nam Đế quán đạo sĩ Trần Tuệ Long.\n是 夜 光 徹 觀 内 . [19a*3*11]\nThị dạ, quang triệt quán nội.\n慧 隆 驚 起 視 之 乃 黄 龍 見 于 衣 架 也 . [19a*4*1]\nTuệ Long kinh khởi thị chi, nãi hoàng long hiện vu y giá dã.\n此 皆 天 之 所 命 至 是 並 符 之 . [19a*4*15]\nThử giai thiên chi sở mệnh, chí thị tịnh phù chi.\n其 禀 性 仁 哲 頴 悞 通 文 武 大 畧 至 於 禮 樂 射 御 書 數 等 藝 無 不 精 諳 云 . [19a*5*10]\nKì bẩm tính nhân triết dĩnh ngộ, thông văn vũ đại lược, chí ư lễ lạc xạ ngự thư số đẳng nghệ, vô bất tinh am vân.\n己 巳 天 成 二 年 宋 天 聖 七 年 . [19a*8*1]\nKỉ Tị, Thiên Thành nhị niên, [Tống Thiên Thánh thất niên].\n春 二 月 壬 午 慶 成 太 祖 廟 . [19a*8*12]\nXuân, nhị nguyệt, Nhâm Ngọ, khánh thành Thái Tổ miếu.\n三 月 七 日 以 平 陽 公 主 嫁 諒 州 牧 申 紹 泰 . [19a*9*1]\nTam nguyệt, thất nhật, dĩ Bình Dương công chúa giá Lạng châu mục Thân Thiệu Thái.\n愛 . [19a*9*17]\nÁị.\n",
    "url": "/data/image_dvsk/ban_ky_toan_thu/quyen2/DVSKTT_ban_toan_II_19a.jpg"
  },
  {
    "text": "州 但 乃 甲 叛 . [19b*1*1]\nChâu Đản Nãi Giáp phản.\n夏 四 月 朔 帝 親 征 但 乃 甲 以 東 宫 太 子 監 國 . [19b*1*6]\nHạ, tứ nguyệt, sóc, Đế thân chinh Đản Nãi Giáp, dĩ Đông cung Thái tử giám quốc.\n但 乃 甲 既 扳 遣 中 使 督 但 乃 人 開 但 乃 港 至 自 但 乃 . [19b*2*4]\nĐản Nãi Giáp ký ban, khiển Trung sứ đốc Đản Nãi nhân khai Đản Nãi cảng, chí tự Đản Nãi.\n神 人 見 跡 于 勝 嚴 寺 . [19b*3*5]\nThần nhân hiện tích vu Thắng Nghiêm tự.\n六 月 龍 見 于 乾 元 殿 基 . [19b*3*13]\nLục nguyệt, long hiện vu Càn Nguyên điện cơ.\n帝 謂 左 右 曰 朕 既 壞 其 殿 剗 其 基 而 神 龍 猶 見 . [19b*4*5]\nĐế vị tả hữu viết: \"Trẫm ký hoại kì điện, sản kì cơ, nhi thần long do hiện.\n意 者 景 德 龍 興 之 勝 地 居 天 地 之 正 中 乎 令 有 司 廣 其 規 模 正 其 背 向 重 脩 之 因 改 天 安 殿 . [19b*5*4]\nÝ giả cảnh đức long hưng chi thắng địa, cư thiên địa chi chính trung hồ?\" Lệnh Hữu ti quảng kì quy mô, chính kì bối hướng trùng tu chi, nhân cải Thiên An điện.\n殿 之 左 起 宣 德 殿 右 起 延 福 殿 殿 之 前 墀 名 龍 墀 . [19b*7*1]\nĐiện chi tả khởi Tuyên Đức điện, hữu khởi Diên Phúc điện, Điện chi tiền trì danh Long Trì.\n墀 之 東 置 文 明 殿 西 置 廣 武 殿 墀 之 左 右 對 立 鍾 楼 以 登 聞 小 民 󰱃 獄 寃 枉 墀 之 . [19b*8*1]\nTrì chi đông trí Văn Minh điện, tây trí Quảng Vũ điện, trì chi tả hữu đối lập chung lâu dĩ đăng văn, tiểu dân thứ ngục oan uổng trì chi.\n四 圍 皆 起 廊 廡 以 . [19b*9*13]\nTứ vi giai khởi lang vũ dĩ..\n",
    "url": "/data/image_dvsk/ban_ky_toan_thu/quyen2/DVSKTT_ban_toan_II_19b.jpg"
  },
  {
    "text": "聚 會 百 官 六 軍 之 宿 衛 . [20a*1*1]\ntụ hội bách quan lục quân chi túc vệ.\n前 安 奉 天 殿 上 建 正 陽 樓 以 為 主 掌 籌 刻 之 處 後 起 長 春 殿 上 見 龍 圖 閣 以 為 宴 寝 逰 玩 之 所 . [20a*1*10]\nTiền an Phụng Thiên điện, thượng kiến Chính Dương lâu dĩ vi chủ chưởng trù khắc chi xứ; hậu khởi Trường Xuân điện, thượng kiến Long Đồ các dĩ vi yến tẩm du ngoạn chi sở.\n外 築 周 圍 城 一 重 名 曰 龍 城 . [20a*3*8]\nNgoại trúc chu vi thành nhất trọng, danh viết Long Thành.\n秋 八 月 驩 州 献 麒 麟 . [20a*4*1]\nThu, bát nguyệt, Hoan Châu hiến kì lân.\n冬 十 月 朔 萬 歲 寺 陛 前 天 雨 白 米 成 堆 . [20a*4*9]\nĐông, thập nguyệt, sóc, Vạn Tuế tự bệ tiền thiên vũ bạch mễ thành đôi.\n是 歲 宋 使 章 頴 來 吊 祭 . [20a*5*6]\nThị tuế, Tống sứ Chương Dĩnh lai điếu tế.\n又 遣 使 封 帝 為 郡 王 . [20a*5*15]\nHựu khiển sứ phong Đế vi Quận Vương.\n庚 午 三 年 宋 天 聖 八 年 . [20a*7*1]\nCanh Ngọ, tam niên [Tống Thiên Thánh bát niên].\n春 二 月 起 天 慶 殿 于 長 春 殿 前 為 聽 政 之 所 . [20a*7*10]\nXuân, nhị nguyệt, khởi Thiên Khánh điện vu Trường Xuân điện tiền vi thính chính chi sở.\n其 制 為 八 角 殿 之 前 後 並 駕 鳳 凰 橋 . [20a*8*6]\nKì chế vi bát giác điện, chi tiền hậu tịnh giá phụng hoàng kiều.\n夏 四 月 遣 大 僚 𤤻 黎 偓 佺 員 外 郎 阮 曰 親 如 宋 . [20a*9*1]\nHạ, tứ nguyệt, khiển Đại liêu ban Lê Ốc Thuyên, Viên ngoại lang Nguyễn Viết Thân như Tống..\n",
    "url": "/data/image_dvsk/ban_ky_toan_thu/quyen2/DVSKTT_ban_toan_II_20a.jpg"
  },
  {
    "text": "報 聘 . [20b*1*1]\nbáo sính.\n定 公 侯 文 武 冠 服 . [20b*1*3]\nĐịnh công hầu văn võ quan phục.\n冬 十 月 大 熟 . [20b*1*10]\nĐông, thập nguyệt, đại thục.\n十 四 日 帝 幸 鳥 路 田 省 歛 因 改 其 田 曰 永 興 . [20b*1*15]\nThập tứ nhật, Đế hạnh Điểu Lộ điền tỉnh liễm, nhân cải kì điền viết Vĩnh Hưng.\n是 日 還 宫 . [20b*2*15]\nThị nhật hoàn cung.\n辛 未 四 年 宋 天 聖 九 年 . [20b*3*1]\nTân Mùi, tứ niên, [Tống Thiên Thánh cửu niên].\n春 正 月 驩 州 叛 . [20b*3*10]\nXuân, chính nguyệt, Hoan Châu phản.\n二 月 朔 帝 親 征 驩 州 以 東 宫 太 子 監 國 . [20b*3*17]\nNhị nguyệt, sóc, Đế thân chinh Hoan Châu, dĩ Đông cung Thái tử giám quốc.\n𭛁 京 師 次 驩 州 州 人 降 詔 赦 牧 守 罪 遣 中 使 撫 諭 其 民 . [20b*4*11]\nPhát kinh sư thứ Hoan Châu, châu nhân hàng, chiếu tha mục thú tội, khiển Trung sứ phủ dụ kì dân.\n三 月 帝 至 自 驩 州 . [20b*5*13]\nTam nguyệt, Đế chí tự Hoan Châu.\n詔 𭛁 錢 賃 工 造 寺 丱 于 鄕 邑 九 百 五 十 所 . [20b*6*2]\nChiếu phát tiền nhậm công, tạo tự quán vu hương ấp, cửu bách ngũ thập sở.\n秋 八 月 設 法 會 慶 成 . [20b*7*1]\nThu, bát nguyệt, thiết pháp hội khánh thành.\n大 赦 天 下 . [20b*7*9]\nĐại xá thiên hạ.\n冬 十 月 朔 道 士 鄭 智 空 奏 請 賜 道 士 受 記 籙 于 太 清 宫 . [20b*7*13]\nĐông, thập nguyệt, sóc, đạo sĩ Trịnh Trí Không tấu thỉnh tứ đạo sĩ thụ ký lục vu Thái Thanh cung.\n制 可 . [20b*8*16]\nChế khả.\n壬 申 五 年 宋 明 道 元 年 . [20b*9*1]\nNhâm Thân, ngũ niên, [Tống Minh Đạo nguyên niên].\n春 二 月 雷 公 觀 前 釋 迦 寺 優 曇 . [20b*9*10]\nXuân, nhị nguyệt, Lôi Công quán tiền Thích Ca tự, ưu đàm..\n",
    "url": "/data/image_dvsk/ban_ky_toan_thu/quyen2/DVSKTT_ban_toan_II_20b.jpg"
  },
  {
    "text": "樹 開 花 . [21a*1*1]\nthụ khai hoa.\n夏 四 月 朔 帝 幸 杜 洞 江 信 鄕 耕 籍 田 農 人 献 夏 田 禾 一 莖 九 穗 . [21a*1*4]\nHạ, tứ nguyệt, sóc, Đế hạnh Đỗ Động giang Tín Hương canh tịch điền, nông nhân hiến hạ điền hoà nhất kinh cửu tuệ.\n詔 改 其 田 曰 應 天 . [21a*2*10]\nChiếu cải kì điền viết Ứng Thiên.\n是 日 還 宫 . [21a*2*17]\nThị nhật hoàn cung.\n秋 九 月 帝 幸 諒 州 捕 象 至 自 諒 州 . [21a*3*2]\nThu, cửu nguyệt, Đế hạnh Lạng châu bổ tượng, chí tự Lạng châu.\n冬 十 一 月 宴 群 臣 於 天 安 殿 . [21a*3*15]\nĐông, thập nhất nguyệt, yến quần thần ư Thiên An điện.\n癸 酉 六 年 宋 明 道 二 年 . [21a*5*1]\nQuý Dậu, lục niên, [Tống Minh Đạo nhị niên].\n春 正 月 真 臘 國 來 貢 . [21a*5*10]\nXuân, chính nguyệt, Chân Lạp quốc lai cống.\n定 源 州 叛 . [21a*5*19]\nĐịnh Nguyên châu phản.\n二 月 帝 親 征 以 東 宫 太 子 監 國 . [21a*6*2]\nNhị nguyệt Đế thân chinh, dĩ Đông cung Thái tử giám quốc.\n八 月 𭛁 京 師 次 真 登 州 陶 大 姨 進 其 女 納 為 妃 . [21a*6*14]\nBát nguyệt, phát Kinh sư thứ Chân Đăng châu, Đào đại di tiến kì nữ, nạp vi phi.\n十 七 日 扳 定 源 州 𤤻 師 還 . [21a*7*13]\nThập thất nhật, ban Định Nguyên châu, ban sư hoàn.\n秋 七 月 十 二 日 永 安 州 牧 師 用 和 言 六 州 有 真 珠 淵 . [21a*8*4]\nThu, thất nguyệt, thập nhị nhật, Vĩnh An châu mục Sư Dụng Hoà ngôn, lục châu hữu chân châu uyên.\n遣 使 求 之 果 得 . [21a*9*6]\nKhiển sứ cầu chi quả đắc.\n八 月 󰀋 東 宫 太 子 . [21a*9*12]\nBát nguyệt, sách Đông cung Thái tử..\n",
    "url": "/data/image_dvsk/ban_ky_toan_thu/quyen2/DVSKTT_ban_toan_II_21a.jpg"
  },
  {
    "text": "為 開 皇 王 居 龍 德 宫 . [21b*1*1]\nvi Khai Hoàng Vương, cư Long Đức cung.\n十 三 日 帝 幸 長 廣 門 外 觀 皇 子 第 宅 落 落 始 也 . [21b*1*9]\nThập tam nhật, Đế hạnh Trường Quảng môn ngoại, quan hoàng tử đệ trạch lạc [Lạc thuỷ dã].\n成 詔 鑄 萬 斤 鍾 置 于 龍 墀 鍾 樓 . [21b*2*9]\nthành Chiếu chú vạn cân chung, trí vu Long Trì chung lâu.\n九 月 彘 源 州 叛 . [21b*3*2]\nCửu nguyệt, Trệ Nguyên châu phản.\n冬 十 月 帝 親 征 彘 源 州 以 開 皇 王 監 國 . [21b*3*8]\nĐông, thập nguyệt, Đế thân chinh Trệ Nguyên châu, dĩ Khai Hoàng vương giám quốc.\n彘 源 州 平 . [21b*4*6]\nTrệ Nguyên châu bình.\n十 二 月 朔 帝 𤤻 師 . [21b*4*10]\nThập nhị nguyệt, sóc, Đế ban sư.\n甲 戌 七 年 四 年 . [21b*5*1]\nGiáp Tuất, thất niên, [Tứ niên.\n月 以 後 通 瑞 元 宋 景 祐 元 年 . [21b*5*7]\nnguyệt dĩ hậu, Thông Thuỵ nguyên Tống Cảnh Hựu nguyên niên.].\n夏 四 月 詔 群 臣 言 事 於 上 前 呼 帝 曰 朝 廷 . [21b*5*18]\nHạ, tứ nguyệt, chiếu quần thần ngôn sự ư thượng tiền, hô Đế viết \"Triều đình\".\n黎 文 休 曰 天 子 自 稱 曰 朕 曰 予 一 人 . [21b*7*1]\nLê Văn hưu viết: Thiên tử tự xưng viết \"Trẫm\", viết \"Dư nhất nhân\".\n人 臣 稱 君 曰 陛 下 指 天 子 所 居 曰 朝 廷 指 政 令 所 出 為 朝 省 自 古 不 易 之 稱 也 . [21b*7*15]\nNhân thần xưng quân viết \"Bệ hạ\", chỉ Thiên tử sở cư viết \"Triều đình\", chỉ chính lệnh sở xuất vi \"Triều sảnh\", tự cổ bất dịch chi xưng dã.\n太 宗 使 群 臣 呼 己 為 朝 廷 . [21b*9*9]\nThái Tông sử quần thần hô kỷ vi \"Triều đình\",..\n",
    "url": "/data/image_dvsk/ban_ky_toan_thu/quyen2/DVSKTT_ban_toan_II_21b.jpg"
  },
  {
    "text": "其 後 聖 宗 自 號 為 萬 乘 髙 宗 使 人 呼 為 佛 皆 無 所 法 而 好 為 誇 大 . [22a*1*1]\nkì hậu Thánh Tông tự hiệu vi \"Vạn thặng\", Cao Tông sử nhân hô vi \"Phật\", giai vô sở pháp, nhi hảo vi khoa đại.\n孔 子 所 謂 名 不 正 則 言 不 順 此 也 . [22a*2*8]\nKhổng Tử sở vị: \"Danh bất chính tắc ngôn bất thuận\" thử dã.\n是 月 改 元 通 瑞 元 年 . [22a*4*1]\nThị nguyệt, cải nguyên Thông Thuỵ nguyên niên.\n時 有 嚴 寶 性 范 明 心 二 僧 焚 身 儘 成 七 寶 . [22a*4*9]\nThời hữu Nghiêm Bảo Tính, Phạm Minh Tâm nhị tăng phần thân, tận thành thất bảo.\n詔 以 其 寶 留 于 長 聖 寺 供 以 香 火 . [22a*5*7]\nChiếu dĩ kì bảo lưu vu Trường Thánh tự, cung dĩ hương hoả.\n帝 以 其 異 改 元 通 瑞 . [22a*6*1]\nĐế dĩ kì dị, cải nguyên Thông Thuỵ.\n史 臣 吳 士 連 曰 佛 家 之 説 有 謂 舍 利 者 乃 焚 身 時 精 氣 所 聚 之 精 不 為 火 所 滅 之 物 故 謂 之 寶 . [22a*7*1]\nSử thần Ngô Sĩ Liên viết: Phật gia chi thuyết hữu vị: xá lợi giả, nãi phần thân thời tinh khí sở tụ chi tinh, bất vi hoả sở diệt chi vật, cố vị chi bảo.\n相 傳 以 為 學 佛 成 身 化 為 此 . [22a*9*1]\nTương truyền dĩ vi học Phật thành thân hoá vi thử.\n盖 僧 人 斷 慾 則 其 . [22a*9*12]\nCái tăng nhân đoạn dục, tắc kì..\n",
    "url": "/data/image_dvsk/ban_ky_toan_thu/quyen2/DVSKTT_ban_toan_II_22a.jpg"
  },
  {
    "text": "精 氣 因 結 為 此 故 也 . [22b*1*1]\ntinh khí nhân kết vi thử cố dã.\n世 人 以 不 常 見 而 異 之 殊 不 知 此 陽 精 氣 聚 而 成 之 耳 . [22b*1*9]\nThế nhân dĩ bất thường kiến nhi dị chi thù, bất tri thử dương tinh khí tụ nhi thành chi nhĩ.\n帝 感 之 因 而 改 元 . [22b*2*12]\nĐế cảm chi, nhân nhi cải nguyên.\n自 時 厥 後 好 名 之 人 祝 髮 為 僧 忍 耐 受 死 如 智 通 之 𩔗 多 矣 . [22b*3*1]\nTự thời quyết hậu, háo danh chi nhân, chúc phát vi tăng, nhẫn nại thọ tử như Trí Thông chi loại đa hĩ.\n六 月 驩 州 献 一 角 獸 使 員 外 郎 陳 應 機 王 文 慶 遣 于 宋 . [22b*5*1]\nLục nguyệt, Hoan Châu hiến nhất giác thú, sử Viên ngoại lang Trần Ứng Cơ, Vương Văn Khánh khiển vu Tống.\n秋 八 月 帝 幸 僊 逰 山 重 光 寺 詔 起 重 興 藏 . [22b*6*4]\nThu, bát nguyệt, Đế hạnh Tiên Du sơn Trùng Quang tự, chiếu khởi Trùng Hưng tàng.\n遣 員 外 郎 何 授 杜 寬 以 馴 象 二 遣 于 宋 . [22b*7*2]\nKhiển Viên ngoại lang Hà Thụ, Đỗ Khoan dĩ thuần tượng nhị khiển vu Tống.\n宋 以 大 藏 經 謝 之 . [22b*7*17]\nTống dĩ Đại Tạng kinh tạ chi.\n冬 十 一 月 造 萬 安 舶 . [22b*8*6]\nĐông, thập nhất nguyệt, tạo Vạn An bách.\n是 歲 古 法 州 法 雲 寺 僧 体 上 言 寺 中 放 光 數 道 尋 光 掘 之 得 . [22b*8*14]\nThị tuế, Cổ Pháp châu, Pháp Vân tự, tăng thể thượng ngôn, tự trung phóng quang số đạo tầm quang, quật chi đắc..\n",
    "url": "/data/image_dvsk/ban_ky_toan_thu/quyen2/DVSKTT_ban_toan_II_22b.jpg"
  },
  {
    "text": "一 石 函 内 有 銀 函 銀 函 之 内 有 金 函 金 函 之 内 有 琉 璃 瓶 瓶 中 有 舍 利 . [23a*1*1]\nnhất thạch, hàm nội hữu ngân hàm, ngân hàm chi nội hữu kim hàm, kim hàm chi nội hữu lưu li bình, bình trung hữu xá lợi.\n帝 遣 迎 入 禁 中 觀 󰍶 還 之 . [23a*2*9]\nĐế khiển nghênh nhập cấm trung, quan tất hoàn chi.\n乙 亥 通 瑞 二 年 宋 景 祐 二 年 . [23a*3*1]\nẤt Hợi, Thông Thuỵ nhị niên, [Tống Cảnh Hựu nhị niên].\n春 二 月 天 慶 殿 前 芝 草 生 . [23a*3*12]\nXuân, nhị nguyệt, Thiên Khánh điện tiền chi thảo sinh.\n夏 四 月 詔 制 金 八 角 逍 遙 . [23a*4*1]\nHạ, tứ nguyệt, chiếu chế kim bát giác tiêu dao.\n秋 七 月 立 寵 姬 缺 名 為 天 感 皇 后 封 皇 子 日 中 為 奉 乾 王 其 餘 皇 子 皆 封 侯 . [23a*4*11]\nThu, thất nguyệt, lập sủng cơ [khuyết danh] vi Thiên Cảm Hoàng hậu, phong hoàng tử Nhật Trung vi Phụng Càn Vương, kì dư hoàng tử giai phong hầu.\n創 立 西 街 市 及 其 長 廊 . [23a*6*3]\nSáng lập Tây Nhai thị cập kì trường lang.\n詔 建 太 和 橋 於 蘇 歴 江 . [23a*6*12]\nChiếu kiến Thái Hoà kiều ư Tô Lịch giang.\n九 月 橋 成 帝 臨 幸 命 侍 臣 賦 詩 . [23a*7*4]\nCửu nguyệt, kiều thành, Đế lâm hạnh, mệnh thị thần phú thi.\n愛 州 叛 . [23a*7*16]\nÁi Châu phản.\n冬 十 月 帝 親 征 以 奉 乾 王 為 京 師 留 守 . [23a*8*1]\nĐông, thập nguyệt, Đế thân chinh, dĩ Phụng Càn Vương vi Kinh sư lưu thủ.\n𭛁 京 師 次 愛 州 . [23a*8*16]\nPhát kinh sư thứ Ái Châu.\n帝 御 行 營 宴 享 侍 臣 將 帥 密 指 定 勝 大 將 阮 . [23a*9*3]\nĐế ngự hành doanh, yến hưởng thị thần tướng soái, mật chỉ Định Thắng đại tướng Nguyễn..\n",
    "url": "/data/image_dvsk/ban_ky_toan_thu/quyen2/DVSKTT_ban_toan_II_23a.jpg"
  },
  {
    "text": "慶 謂 妃 嬪 曰 慶 必 反 . [23b*1*1]\nKhánh vị phi tần viết: \"Khánh tất phản\".\n妃 嬪 皆 驚 曰 陛 下 何 以 知 之 願 聞 其 故 . [23b*1*9]\nPhi tần giai kinh viết: \"Bệ hạ hà dĩ tri chi? Nguyện văn kì cố\".\n帝 曰 慶 心 不 平 見 朕 有 慙 色 動 止 失 節 言 行 反 常 以 此 觀 之 知 其 志 有 他 圖 反 状 明 矣 . [23b*2*5]\nĐế viết: \"Khánh tâm bất bình, kiến trẫm hữu tàm sắc, động chỉ thất tiết, ngôn hành phản thường, dĩ thử quan chi, tri kì chí hữu tha đồ, phản trạng minh hĩ\".\n克 愛 州 定 愛 州 牧 長 罪 遣 使 撫 諭 其 民 . [23b*3*19]\nKhắc Ái châu, định Ái châu mục trưởng tội, khiển sứ phủ dụ kì dân.\n京 師 留 守 奉 乾 王 日 中 驛 聞 僧 胡 氏 定 勝 將 阮 慶 義 弟 都 綂 譚 碎 状 皇 弟 勝 乾 太 福 等 謀 反 . [23b*4*15]\nKinh sư lưu thủ Phụng Càn Vương Nhật Trung dịch văn tăng Hồ thị, Định Thắng tướng Nguyễn Khánh nghĩa đệ, Đô thống Đàm Toái Trạng, Hoàng đệ Thắng Càn, Thái Phúc đẳng mưu phản.\n果 如 其 言 . [23b*6*12]\nQuả như kì ngôn.\n妃 嬪 皆 再 拜 曰 妾 聞 聖 人 默 視 於 未 形 逆 覩 於 未 萌 . [23b*6*16]\nPhi tần giai tái bái viết: \"Thiếp văn Thánh nhân mặc thị ư vị hình, nghịch đổ ư vị manh.\n今 親 見 之 . [23b*7*17]\nKim thân kiến chi\".\n詔 捕 慶 等 檻 送 京 師 . [23b*8*2]\nChiếu bổ Khánh đẳng giám tống kinh sư.\n十 一 月 朔 帝 至 自 愛 州 . [23b*8*10]\nThập nhất nguyệt, sóc, Đế chí tự Ái châu.\n設 飲 至 禮 勞 將 士 平 愛 州 之 功 . [23b*9*1]\nThiết ẩm chí lễ, lạo tướng sĩ bình Ái châu chi công.\n帝 御 天 慶 殿 執 . [23b*9*13]\nĐế ngự Thiên Khánh điện chấp..\n",
    "url": "/data/image_dvsk/ban_ky_toan_thu/quyen2/DVSKTT_ban_toan_II_23b.jpg"
  },
  {
    "text": "胡 氏 阮 慶 獄 並 切 肉 剉 骨 于 西 市 其 餘 以 罪 次 輕 重 論 . [24a*1*1]\nHồ thị, Nguyễn Khánh ngục, tịnh thiết nhục toả cốt vu Tây thị, kì dư dĩ tội thứ khinh trọng luận.\n詔 𭛁 銅 六 千 斤 鑄 鍾 置 于 重 光 寺 . [24a*2*3]\nChiếu phát đồng lục thiên cân, chú chung trí vu Trùng Quang tự.\n鍾 成 使 人 拽 送 之 . [24a*2*16]\nChung thành, sử nhân duệ tống chi.\n其 鍾 不 待 人 力 自 䏻 移 轉 頃 刻 間 至 其 寺 . [24a*3*5]\nKì chung bất đãi nhân lực, tự năng di chuyển, khoảnh khắc gian chí kì tự.\n史 臣 吳 士 連 曰 凡 物 方 則 止 圓 則 行 鍾 之 行 以 其 形 之 圓 也 . [24a*5*1]\nSử thần Ngô Sĩ Liên viết: Phàm vật phương tắc chỉ viên tắc hành, chung chi hành dĩ kì hình chi viên dã.\n盖 曳 之 行 而 有 不 勞 人 力 如 神 之 助 者 以 . [24a*6*6]\nCái duệ chi hành nhi hữu bất lao nhân lực, như thần chi trợ giả dĩ.\n今 觀 之 如 木 之 大 十 數 人 󰁮 之 不 勝 其 重 一 人 横 推 之 則 圓 轉 而 去 . [24a*7*4]\nKim quan chi, như mộc chi đại, thập số nhân cử chi bất thắng kì trọng, nhất nhân hoành thôi chi tắc viên chuyển nhi khứ.\n鍾 亦 然 寺 僧 欲 神 其 教 乃 颺 言 誑 之 爾 . [24a*8*12]\nChung diệc nhiên, tự tăng dục thần kì giáo, nãi dương ngôn cuồng chi nhĩ.\n其 曰 神 人 迹 舍 利 光 優 曇 . [24a*9*9]\nKì viết thần nhân tích, xá lợi quang, ưu đàm..\n",
    "url": "/data/image_dvsk/ban_ky_toan_thu/quyen2/DVSKTT_ban_toan_II_24a.jpg"
  },
  {
    "text": "花 古 佛 湧 之 類 皆 出 僧 徒 之 言 . [24b*1*1]\nhoa, cổ Phật dũng chi loại, giai xuất tăng đồ chi ngôn.\n當 時 乘 史 筆 者 不 揆 諸 理 從 而 書 于 󰀋 也 . [24b*1*13]\nĐương thời thừa sử bút giả, bất quỹ chư lí, tòng nhi thư vu sách dã.\n丙 子 三 年 宋 景 佑 三 年 . [24b*3*1]\nBính Tí, tam niên, [Tống Cảnh Hựu tam niên].\n春 正 月 設 慶 成 大 願 佛 會 於 龍 墀 . [24b*3*10]\nXuân, chính nguyệt, thiết khánh thành Đại Nguyện phật hội ư Long Trì.\n大 赦 . [24b*4*2]\nĐại xá.\n二 月 詔 寫 大 藏 經 留 于 重 興 藏 . [24b*4*4]\nNhị nguyệt, chiếu tả Đại Tạng kinh lưu vu Trùng Hưng tàng.\n三 月 以 金 城 公 主 嫁 峯 州 牧 黎 宗 順 . [24b*4*16]\nTam nguyệt, dĩ Kim Thành công chúa giá Phong Châu mục Lê Tông Thuận.\n夏 四 月 置 驩 州 行 營 因 改 其 州 曰 乂 安 . [24b*5*13]\nHạ, tứ nguyệt, trí Hoan Châu hành dinh, nhân cải kì châu viết Nghệ An.\n秋 八 月 以 長 寕 公 主 嫁 上 威 州 牧 何 善 覽 . [24b*6*10]\nThu, bát nguyệt, dĩ Trường Ninh công chúa giá Thượng Oai châu mục Hà Thiện Lãm.\n冬 十 月 臨 西 道 及 都 金 常 新 平 原 等 州 叛 侵 宋 思 陵 等 州 掠 牛 馬 焚 盧 舍 而 還 . [24b*7*8]\nĐông, thập nguyệt, Lâm Tây đạo cập Đô Kim, Thường Tân, Bình Nguyên đẳng châu phản, xâm Tống Tư Lăng đẳng châu, lược ngưu mã, phần lư xá nhi hoàn.\n丁 丑 四 年 宋 景 祐 四 年 . [24b*9*1]\nĐinh Sửu, tứ niên, [Tống Cảnh Hựu tứ niên].\n春 二 月 朔 帝 親 征 臨 西 道 以 開 . [24b*9*10]\nXuân, nhị nguyệt, sóc, Đế thân chinh Lâm Tây đạo, dĩ Khai..\n",
    "url": "/data/image_dvsk/ban_ky_toan_thu/quyen2/DVSKTT_ban_toan_II_24b.jpg"
  },
  {
    "text": "皇 王 為 大 元 帥 討 都 金 常 新 平 原 等 州 奉 乾 王 為 京 師 琉 守 . [25a*1*1]\nHoàng Vương vi Đại nguyên soái, thảo Đô Kim, Thường Tân, Bình Nguyên đẳng châu; Phụng Càn Vương vi Kinh sư lưu thủ.\n𭛁 京 師 次 臨 西 道 克 之 . [25a*2*5]\nPhát kinh sư thứ Lâm Tây đạo, khắc chi.\n三 月 帝 至 自 臨 西 道 . [25a*2*14]\nTam nguyệt, Đế chí tự Lâm Tây Đạo.\n詔 乂 安 州 起 資 城 利 人 永 豊 等 庫 五 十 所 于 本 州 . [25a*3*3]\nChiếu Nghệ An châu khởi Tư Thành, Lợi Nhân, Vĩnh Phong đẳng khố ngũ thập sở vu bản châu.\n秋 七 月 帝 御 含 光 殿 觀 兢 舟 . [25a*4*4]\nThu, thất nguyệt, Đế ngự Hàm Quang điện quan cạnh chu.\n大 水 . [25a*4*15]\nĐại thuỷ.\n鳥 路 桑 園 中 古 佛 湧 . [25a*5*1]\nĐiểu Lộ tang viên, trung cổ Phật dũng.\n八 月 造 永 春 舟 . [25a*5*9]\nBát nguyệt, tạo Vĩnh Xuân chu.\n冬 十 二 月 造 日 光 舟 . [25a*5*15]\nĐông, thập nhị nguyệt, tạo Nhật Quang chu.\n立 弘 聖 大 王 祠 . [25a*6*6]\nLập Hoằng Thánh Đại Vương từ.\n先 是 帝 以 都 護 府 多 疑 獄 士 師 不 䏻 决 欲 得 彰 著 靈 明 庸 塞 奸 詐 者 乃 沐 浴 焚 香 請 于 天 帝 . [25a*6*12]\nTiên thị, Đế dĩ Đô hộ phủ đa nghi ngục, sĩ sư bất năng quyết, dục đắc chương trước linh minh, dung tái gian trá giả, nãi mộc dục phần hương thỉnh vu Thiên đế.\n是 夜 夢 赤 衣 使 者 奉 上 帝 勑 賜 范 巨 俩 為 都 護 府 獄 訟 盟 主 . [25a*8*10]\nThị dạ, mộng xích y sứ giả phụng thượng đế sắc, tứ Phạm Cự Lạng vi Đô hộ phủ ngục tụng minh chủ.\n顧 問 天 使 曰 是 . [25a*9*14]\nCố vấn Thiên sứ viết: \"Thị..\n",
    "url": "/data/image_dvsk/ban_ky_toan_thu/quyen2/DVSKTT_ban_toan_II_25a.jpg"
  },
  {
    "text": "何 人 耶 典 我 何 職 局 . [25b*1*1]\nhà nhân da? Điển ngã hà chức cục?\".\n使 者 曰 乃 黎 大 行 朝 太 尉 也 . [25b*1*9]\nSứ giả viết: \"Nãi Lê Đại Hành triều Thái uý dã\".\n言 訖 忽 不 見 . [25b*2*1]\nNgôn hất hốt bất kiến.\n帝 夢 𮗓 召 問 群 臣 徵 其 事 封 以 王 爵 命 有 司 立 祠 於 城 南 門 之 西 時 祭 焉 . [25b*2*6]\nĐế mộng giác, triệu vấn quần thần trưng kì sự, phong dĩ vương tước, mệnh Hữu ti lập từ ư thành nam môn chi tây, thời tế yên.\n弘 聖 後 改 洪 聖 . [25b*3*15]\n[Hoằng Thánh hậu cải Hồng Thánh].\n戊 寅 五 年 宋 寳 元 元 年 . [25b*4*1]\nMậu Dần, ngũ niên, [Tống Bảo Nguyên nguyên niên].\n春 二 月 帝 幸 布 海 口 耕 籍 田 . [25b*4*10]\nXuân, nhị nguyệt, Đế hạnh Bố Hải khẩu canh tịch điền.\n命 有 司 除 地 築 壇 . [25b*4*22]\nMệnh Hữu ty trừ địa trúc đàn.\n帝 親 祠 神 農 畢 執 耒 欲 行 躬 耕 禮 . [25b*5*7]\nĐế thân từ Thần Nông, tất chấp lỗi dục hành cung canh lễ.\n左 右 或 止 之 曰 此 農 夫 事 耳 陛 下 焉 用 此 為 . [25b*6*1]\nTả hữu hoặc chỉ chi viết: \"Thử nông phu sự nhĩ, Bệ hạ yên dụng thử vi?\".\n帝 曰 朕 不 躬 耕 則 無 以 供 粢 盛 又 無 以 率 天 下 . [25b*6*18]\nĐế viết: \"Trẫm bất cung canh tắc vô dĩ cung từ thịnh, hựu vô dĩ suất thiên hạ\".\n於 是 耕 三 推 而 止 . [25b*7*17]\nƯ thị canh tam thôi nhi chỉ.\n三 月 還 京 師 . [25b*8*5]\nTam nguyệt, hoàn kinh sư.\n史 臣 吳 士 連 曰 太 宗 復 古 禮 躬 耕 籍 填 率 天 下 . [25b*9*1]\nSử thần Ngô Sĩ Liên viết: Thái Tông phục cổ lễ, cung canh tịch điền suất thiên hạ,..\n",
    "url": "/data/image_dvsk/ban_ky_toan_thu/quyen2/DVSKTT_ban_toan_II_25b.jpg"
  },
  {
    "text": "上 以 供 宗 廟 下 以 畜 萬 民 治 效 臻 於 富 庶 也 . [26a*1*1]\nthượng dĩ cung tông miếu, hạ dĩ súc vạn dân, trị hiệu trăn ư phú thứ dã.\n宜 哉 秋 八 月 帝 御 含 光 殿 觀 兢 舟 . [26a*1*18]\nNghi tai! Thu, bát nguyệt, Đế ngự Hàm Quang điện quan cạnh chu.\n九 月 神 人 見 迹 于 大 勝 寺 . [26a*3*12]\nCửu nguyệt, thần nhân hiện tích vu Đại Thắng tự.\n冬 十 月 立 重 光 寺 碑 . [26a*4*5]\nĐông, thập nguyệt, lập Trùng Quang tự bi.\n十 一 月 起 御 庫 . [26a*4*13]\nThập nhất nguyệt, khởi ngự khố.\n十 二 月 廣 原 州 儂 存 福 叛 . [26a*5*2]\nThập nhị nguyệt, Quảng Nguyên châu Nùng Tồn Phúc phản.\n宋 封 帝 為 南 平 王 . [26a*5*12]\nTống phong Đế vi Nam Bình Vương.\n是 歲 東 征 王 力 卒 . [26a*6*2]\nThị tuế, Đông Chinh Vương Lực tốt.\n己 卯 六 年 六 月 元 年 . [26a*7*1]\nKỉ Mão, lục niên, [Lục nguyệt nguyên niên.\n以 後 乾 符 有 道 宋 寳 元 二 年 . [26a*7*9]\ndĩ hậu, Càn Phù Hữu Đạo Tống Bảo Nguyên nhị niên].\n春 正 月 西 農 首 領 何 文 貞 以 存 福 叛 状 聞 . [26a*7*20]\nXuân, chính nguyệt, Tây Nông thủ lĩnh Hà Văn Trinh dĩ Tồn Phúc phản trạng văn.\n初 存 福 為 儻 猶 州 首 領 弟 存 禄 為 萬 涯 州 首 領 . [26a*8*10]\nSơ, Tồn Phúc vi Thảng Do châu thủ lĩnh, đệ Tồn Lộc vi Vạn Nhai châu thủ lĩnh.\n存 福 妻 阿 儂 弟 當 道 為 武 勒 . [26a*9*9]\nTồn Phúc thê, A Nùng đệ, Đương Đạo vi Vũ Lặc..\n",
    "url": "/data/image_dvsk/ban_ky_toan_thu/quyen2/DVSKTT_ban_toan_II_26a.jpg"
  },
  {
    "text": "州 首 領 皆 屬 廣 原 州 歲 輸 土 貢 . [26b*1*1]\nchâu thủ lĩnh, giai thuộc Quảng Nguyên châu, tuế thâu thổ cống.\n後 存 福 殺 存 禄 及 當 道 併 有 其 地 僣 稱 昭 聖 皇 帝 立 阿 儂 為 明 德 皇 后 封 子 智 聰 為 南 衙 王 改 其 州 曰 長 生 國 繕 甲 治 兵 堅 城 自 守 無 復 奉 土 稱 臣 . [26b*1*13]\nHậu, Tồn Phúc sát Tồn Lộc cập Đương Đạo, tính hữu kì địa, tiếm xưng Chiêu Thánh Hoàng đế, lập A Nùng vi Minh Đức hoàng hậu, phong tử Trí Thông vi Nam Nha Vương, cải kì châu viết Trường Sinh quốc, thiện giáp trị binh, kiên thành tự thủ, vô phục phụng thổ xưng thần.\n二 月 帝 自 將 征 存 福 以 開 皇 王 監 國 . [26b*4*12]\nNhị nguyệt, Đế tự tướng chinh Tồn Phúc, dĩ Khai Hoàng Vương giám quốc.\n𭛁 京 師 渡 冷 涇 津 白 魚 入 舟 . [26b*5*8]\nPhát kinh sư độ Lãnh Kinh tân, bạch ngư nhập chu.\n次 廣 原 州 存 福 聞 之 率 其 部 落 携 其 妻 子 亡 匿 山 澤 . [26b*5*19]\nThứ Quảng Nguyên châu, Tồn Phúc văn chi, suất kì bộ lạc huề kì thê tử vong nặc sơn trạch.\n帝 縱 兵 追 之 擭 存 福 及 智 聰 等 五 人 . [26b*7*1]\nĐế túng binh truy chi, hoạch Tồn Phúc cập Trí Thông đẳng ngũ nhân.\n惟 妻 阿 儂 子 智 髙 走 脱 . [26b*7*15]\nDuy thê A Nùng, tử Trí Cao tẩu thoát.\n檻 存 福 等 歸 京 師 令 軍 士 夷 其 城 池 招 其 遺 類 而 存 撫 之 然 後 𤤻 師 . [26b*8*5]\nGiam Tồn Phúc đẳng quy kinh sư, lệnh quân sĩ di kì thành trì, chiêu kì di loại nhi tồn phủ chi, nhiên hậu ban sư.\n三 月 帝 至 自 廣 原 . [26b*9*12]\nTam nguyệt, Đế chí tự Quảng Nguyên,..\n",
    "url": "/data/image_dvsk/ban_ky_toan_thu/quyen2/DVSKTT_ban_toan_II_26b.jpg"
  },
  {
    "text": "詔 曰 朕 有 天 下 以 來 將 相 諸 臣 靡 𧇊 大 節 異 方 殊 域 莫 不 來 臣 而 諸 儂 世 守 封 疆 常 供 厥 貢 . [27a*1*1]\nchiếu viết: \"Trẫm hữu thiên hạ dĩ lai, tướng tướng chư thần mi khuy đại tiết, dị phương thù vực, mạc bất lai thần, nhi chư Nùng thế thủ phong cương, thường cung quyết cống.\n今 存 福 妄 自 尊 大 竊 號 施 令 聚 蜂 蠆 之 眾 毒 邉 鄙 之 民 . [27a*3*2]\nKim, Tồn Phúc vọng tự tôn, đại thiết hiệu thi lệnh, tụ phong mại chi chúng, độc biên bỉ chi dân.\n朕 以 之 龔 行 天 討 俘 存 福 等 五 人 並 斬 之 于 都 市 . [27a*4*6]\nTrẫm dĩ chi cung hành thiên thảo, phu Tồn Phúc đẳng ngũ nhân, tịnh trảm chi vu đô thị\".\n夏 四 月 占 城 王 子 地 婆 剌 樂 舜 乍 兠 羅 繼 阿 撻 㻋 五 人 來 附 . [27a*5*8]\nHạ, tứ nguyệt, Chiêm Thành vương tử Địa Bà Lạt, Lạc Thuấn, Sạ Đâu, La Kế, A Thát Lạt ngũ nhân lai phó.\n五 月 廣 原 州 属 武 建 洞 獻 生 金 一 塊 重 一 百 一 十 二 两 . [27a*6*15]\nNgũ nguyệt, Quảng Nguyên châu thuộc Vũ Kiến động hiến sinh kim nhất khối, trọng nhất bách nhất thập nhị lượng.\n連 縣 弄 石 州 定 邉 州 奏 本 處 有 銀 穴 . [27a*8*2]\nLiên huyện Lộng Thạch châu, Định Biên châu tấu bản xứ hữu ngân huyệt.\n六 月 群 臣 請 改 元 曰 乾 符 有 道 及 增 尊 號 曰 金 . [27a*8*16]\nLục nguyệt, quần thần thỉnh cải nguyên viết Càn Phù Hữu Đạo, cập tăng tôn hiệu viết: \"Kim..\n",
    "url": "/data/image_dvsk/ban_ky_toan_thu/quyen2/DVSKTT_ban_toan_II_27a.jpg"
  },
  {
    "text": "湧 銀 生 儂 平 藩 伏 八 字 . [27b*1*1]\nDũng Ngân Sinh, Nùng Bình Phiên Phục\" bát tự.\n帝 曰 唐 󰔄 之 世 畫 象 而 亻 不 犯 不 戰 而 屈 人 兵 岳 衣 拱 手 而 天 下 大 治 是 以 星 辰 不 悖 雷 雨 弗 迷 鳥 獸 率 舞 鳳 凰 來 儀 四 夷 咸 實 百 蠻 向 化 不 知 何 以 臻 歟 朕 以 藐 躬 託 于 士 民 之 上 夙 興 夜 寐 若 涉 深 淵 未 知 何 道 以 格 乎 天 地 何 德 以 參 乎 堯 舜 . [27b*1*10]\nĐế viết: \"Đường Ngu chi thế, hoạ tượng nhi nhân bất phạm, bất chiến nhi khuất nhân binh, nhạc y củng thủ nhi thiên hạ đại trị, thị dĩ tinh thần bất bột, lôi vũ phất mê, điểu thú suất vũ, phượng hoàng lai nghi, tứ Di hàm thực, bách Man hướng hoá, bất tri hà dĩ trăn dư! Trẫm dĩ diểu cung, thác vu sĩ dân chi thượng, túc hưng dạ mị, nhược thiệp thâm uyên, vị tri hà đạo dĩ cách hồ thiên địa, hà đức dĩ sâm hồ Nghiêu Thuấn.\n乃 者 儂 寇 克 平 占 城 來 附 洞 産 黄 金 地 湧 白 銀 意 者 何 以 致 之 歟 抑 將 有 以 警 之 歟 朕 甚 懼 焉 何 足 以 崇 美 名 尊 顕 號 . [27b*6*17]\nNãi giả, Nùng khấu khắc bình, Chiêm Thành lai phó, động sản hoàng kim, địa dũng bạch ngân, ý giả hà dĩ trí chi dư? Ức tương hữu dĩ cảnh chi dư? Trẫm thậm cụ yên, hà túc dĩ sùng mĩ danh tôn hiển hiệu.\n卿 等 議 宜 停 罷 . [27b*9*7]\nKhanh đẳng nghị nghi đình bãi\".\n群 臣 固 請 乃 𠃔 . [27b*9*13]\nQuần thần cố thỉnh nãi doãn.\n",
    "url": "/data/image_dvsk/ban_ky_toan_thu/quyen2/DVSKTT_ban_toan_II_27b.jpg"
  },
  {
    "text": "黎 文 休 曰 帝 堯 帝 舜 文 王 武 王 皆 以 一 字 為 號 未 當 有 增 其 尊 號 也 . [28a*1*1]\nLê Văn Hưu viết: Đế Nghiêu, Đế Thuấn, Văn Vương, Võ Vương, giai dĩ nhất tự vi hiệu, vị đương hữu tăng kì tôn hiệu dã.\n後 世 帝 王 好 為 誇 大 乃 有 累 至 數 十 餘 字 者 . [28a*2*9]\nHậu thế đế vương, hiếu vi khoa đại, nãi hữu luỵ chí sổ thập dư tự giả.\n然 以 功 德 稱 之 未 有 以 物 件 及 蠻 夷 聮 綴 於 其 間 者 也 . [28a*3*8]\nNhiên dĩ công đức xưng chi, vị hữu dĩ vật kiện cập man di liên xuyết ư kì gian giả dã.\n太 宗 乃 納 群 臣 所 上 金 湧 銀 生 儂 平 藩 伏 八 字 為 號 則 於 誇 大 中 又 失 於 麄 矣 . [28a*4*11]\nThái Tông nãi nạp quần thần sở thượng \"Kim Dũng Ngân Sinh, Nùng Bình Phiên Phục\" bát tự vi hiệu, tắc ư khoa đại trung hựu thất ư thô hĩ.\n太 宗 不 學 無 以 知 之 而 儒 臣 進 此 以 䛕 媚 其 君 不 可 謂 無 罪 也 . [28a*6*5]\nThái Tông bất học vô dĩ tri chi, nhi nho thần tấn thử dĩ dua mị kì quân, bất khả vị vô tội dã.\n秋 八 月 遣 大 僚 𤤻 師 用 和 親 王 𤤻 杜 興 如 宋 脩 舊 好 . [28a*8*1]\nThu, bát nguyệt, khiển Đại liêu ban Sư Dụng Hoà, Thân vương ban Đỗ Hưng như Tống tu cựu hảo.\n冬 十 月 詔 重 脩 太 祖 神 武 皇 帝 廟 . [28a*9*2]\nĐông, thập nguyệt, chiếu trùng tu Thái Tổ Thần Vũ Hoàng Đế miếu.\n十 二 月 . [28a*9*15]\nThập nhị nguyệt,..\n",
    "url": "/data/image_dvsk/ban_ky_toan_thu/quyen2/DVSKTT_ban_toan_II_28a.jpg"
  },
  {
    "text": "真 臘 國 來 貢 . [28b*1*1]\nChân Lạp quốc lai cống.\n庚 辰 乾 符 有 道 二 年 宋 康 定 元 年 . [28b*2*1]\nCanh Thìn, Càn Phù Hữu Đạo nhị niên, [Tống Khang Định nguyên niên].\n春 正 月 丁 亥 朔 日 食 . [28b*2*14]\nXuân, chính nguyệt, Đinh Hợi, sóc, nhật thực.\n二 月 帝 既 教 宫 女 職 成 錦 𦂶 . [28b*3*1]\nNhị nguyệt, Đế ký giáo cung nữ chức thành cẩm khỉ.\n是 月 詔 盡 𤼵 内 府 宋 國 錦 𦂶 為 衣 服 頒 賜 群 臣 五 品 以 上 錦 袍 九 品 以 上 𦂶 袍 以 示 不 復 服 御 宋 國 錦 𦂶 也 . [28b*3*12]\nThị nguyệt, chiếu tận phát nội phủ Tống quốc cẩm khỉ vi y phục, phân tứ quần thần, ngũ phẩm dĩ thượng cẩm bào, cửu phẩm dĩ thượng khỉ bào, dĩ thị bất phục phục ngự Tống quốc cẩm khỉ dã.\n史 臣 吳 士 連 曰 帝 之 此 舉 於 美 之 中 又 有 美 者 存 不 貴 異 物 見 其 儉 德 之 脩 頒 賜 群 臣 見 其 惠 下 之 厚 . [28b*6*1]\nSử thần Ngô Sĩ Liên viết: Đế chi thử cử, ư mĩ chi trung hựu hữu mĩ giả tồn, bất quý dị vật, kiến kì kiệm đức chi tu, phân tứ quần thần, kiến kì huệ hạ chi hậu.\n夏 四 月 朔 詔 今 後 凣 天 下 人 民 詞 訟 悉 委 開 皇 . [28b*9*1]\nHạ, tứ nguyệt, sóc, chiếu: Kim hậu, phàm thiên hạ nhân dân từ tụng, tất uỷ Khai Hoàng..\n",
    "url": "/data/image_dvsk/ban_ky_toan_thu/quyen2/DVSKTT_ban_toan_II_28b.jpg"
  },
  {
    "text": "王 裁 决 以 聞 仍 命 以 廣 武 殿 為 王 聽 獄 訟 所 . [29a*1*1]\nVương tài quyết dĩ văn, nhưng mệnh dĩ Quảng Vũ điện vi Vương thính ngục tụng sở.\n史 臣 吳 士 連 曰 太 子 之 職 問 安 侍 膳 之 外 居 府 曰 監 國 行 軍 曰 撫 軍 如 斯 而 已 未 聞 使 之 聽 訟 也 . [29a*2*1]\nSử thần Ngô Sĩ Liên viết: Thái tử chi chức, vấn an thị thiện chi ngoại, cư phủ viết Giám quốc, hành quân viết Phủ quân, như tư nhi dĩ, vị văn sử chi thính tụng dã.\n夫 訟 乃 有 司 之 事 . [29a*4*2]\nPhù tụng nãi Hữu ti chi sự.\n太 宗 使 開 皇 王 行 之 非 其 職 矣 又 廣 武 殿 為 王 聽 訟 所 非 其 所 矣 . [29a*4*9]\nThái Tông sử Khai Hoàng Vương hành chi, phi kì chức hĩ, hựu Quảng Vũ điện vi Vương thính tụng sở, phi kì sở hĩ.\n秋 八 月 占 城 國 守 布 政 寨 人 布 令 布 哥 蘭 沱 星 率 其 部 属 百 餘 人 來 附 . [29a*6*1]\nThu, bát nguyệt, Chiêm Thành quốc, thủ Bố Chính trại nhân Bố Linh, Bố Kha, Lan Đà Tinh suất kì bộ thuộc bách dư nhân lai phó.\n冬 十 月 設 羅 漢 會 于 龍 墀 大 赦 免 流 人 罪 復 徒 人 之 法 及 天 下 税 錢 之 半 . [29a*7*10]\nĐông, thập nguyệt, thiết La Hán hội vu Long Trì, đại xá, miễn lưu nhân tội, phục đồ nhân chi pháp, cập thiên hạ thuế tiền chi bán.\n先 是 帝 令 工 匠 造 雕 佛 千 餘 像 畫 佛 千 餘 軸 寶 幡 . [29a*9*1]\nTiên thị, Đế lệnh công tượng tạo điêu phật thiên dư tượng, hoạ phật thiên dư trục, bảo phướn..\n",
    "url": "/data/image_dvsk/ban_ky_toan_thu/quyen2/DVSKTT_ban_toan_II_29a.jpg"
  },
  {
    "text": "萬 餘 頂 . [29b*1*1]\nvạn dư đỉnh.\n至 是 工 畢 慶 成 也 . [29b*1*4]\nChí thị công tất khánh thành dã.\n辛 巳 三 年 宋 慶 曆 元 年 . [29b*2*1]\nTân Tị, tam niên [Tống Khánh Lịch nguyên niên].\n春 二 月 有 白 雀 集 于 禁 庭 . [29b*2*10]\nXuân, nhị nguyệt, hữu bạch tước tập vu cấm đình.\n夏 五 月 置 宫 女 皆 品 皇 后 妃 嬪 十 三 御 女 十 八 樂 妓 一 百 有 餘 . [29b*2*21]\nHạ, ngũ nguyệt, trí cung nữ giai phẩm, hoàng hậu phi tần thập tam, ngự nữ thập bát, nhạc kĩ nhất bách hữu dư.\n六 月 殿 前 指 揮 使 丁 禄 馮 律 謀 反 . [29b*4*5]\nLục nguyệt, Điện tiền chỉ huy sứ Đinh Lộc, Phùng Luật mưu phản.\n詔 捕 禄 律 及 其 黨 下 吏 治 . [29b*4*18]\nChiếu bổ Lộc Luật cập kì đảng hạ lại trị.\n開 皇 王 聽 斷 禄 律 並 伏 誅 . [29b*5*10]\nKhai Hoàng Vương thính đoạn, Lộc Luật tịnh phục tru.\n秋 九 月 帝 幸 哥 來 捕 象 又 幸 哥 覽 還 京 師 . [29b*6*1]\nThu, cửu nguyệt, Đế hạnh Kha Lai bổ tượng, hựu hạnh Kha Lãm, hoàn kinh sư.\n冬 十 月 帝 幸 僊 逰 山 觀 起 慈 氏 天 福 院 . [29b*6*17]\nĐông, thập nguyệt, Đế hạnh Tiên Du sơn quan khởi Từ Thị Thiên Phúc viện.\n及 還 詔 𭛁 銅 七 十 五 百 六 十 斤 鑄 彌 勒 佛 海 清 功 德 二 菩 薩 及 鍾 置 于 其 院 . [29b*7*15]\nCập hoàn, chiếu phát đồng thất thập ngũ bách lục thập cân chú Di Lặc phật, Hải Thanh, Công Đức nhị Bồ Tát, cập chung trí vu kì viện.\n十 一 月 詔 威 明 侯 日 光 知 乂 安 州 . [29b*9*6]\nThập nhất nguyệt, chiếu Uy Minh hầu Nhật Quang tri Nghệ An châu.\n",
    "url": "/data/image_dvsk/ban_ky_toan_thu/quyen2/DVSKTT_ban_toan_II_29b.jpg"
  },
  {
    "text": "是 歲 儂 智 髙 與 其 母 阿 儂 由 雷 火 洞 復 據 儻 猶 州 改 其 州 曰 大 曆 國 . [30a*1*1]\nThị tuế, Nùng Trí Cao dữ kì mẫu A Nùng do Lôi Hoả động phục cứ Thảng Do châu, cải kì châu viết Đại Lịch quốc.\n帝 命 將 討 之 生 擒 智 髙 歸 京 師 . [30a*2*8]\nĐế mệnh tướng thảo chi, sinh cầm Trí Cao quy Kinh sư.\n帝 㦖 其 父 存 福 兄 智 聰 俱 被 誅 免 其 辠 復 授 廣 源 州 如 故 以 雷 火 平 安 󰜏 四 洞 及 思 琅 州 附 益 之 . [30a*3*1]\nĐế muộn kì phụ Tồn Phúc, huynh Trí Thông cụ bị tru, miễn kì tội, phục thụ Quảng Nguyên châu như cố, dĩ Lôi Hoả, Bình, An, Bà, tứ động cập Tư Lạng châu phụ ích chi.\n壬 午 四 年 十 月 以 後 明 道 元 年 宋 慶 曆 二 年 . [30a*5*1]\nNhâm Ngọ, tứ niên, [Thập nguyệt dĩ hậu, Minh Đạo Nguyên niên; Tống Khánh Lịch nhị niên].\n春 三 月 帝 幸 哥 覽 海 口 耕 籍 田 還 京 師 . [30a*5*18]\nXuân, tam nguyệt, Đế hạnh Kha Lãm hải khẩu canh tịch điền, hoàn kinh sư.\n夏 五 月 詔 諸 官 職 都 迯 亡 者 杖 一 百 刺 靣 五 十 字 徒 罪 . [30a*6*9]\nHạ, ngũ nguyệt, chiếu chư quan chức đô, đào vong giả trượng nhất bách, thích diện ngũ thập tự, đồ tội.\n諸 軍 士 迯 林 野 劫 人 財 物 者 杖 一 百 刺 靣 三 十 字 . [30a*7*12]\nChư quân sĩ đào lâm dã, kiếp nhân tài vật giả trượng nhất bách, thích diện tam thập tự.\n守 鎮 寨 迯 亡 者 如 之 . [30a*8*12]\nThủ trấn trại đào vong giả như chi.\n秋 七 月 詔 諸 盗 官 牛 者 杖 一 百 一 頭 罰 二 頭 . [30a*9*1]\nThu, thất nguyệt, chiếu chư đạo quan ngưu giả, trượng nhất bách, nhất đầu phạt nhị đầu.\n",
    "url": "/data/image_dvsk/ban_ky_toan_thu/quyen2/DVSKTT_ban_toan_II_30a.jpg"
  },
  {
    "text": "九 月 杖 欠 盟 誓 者 各 五 十 . [30b*1*1]\nCửu nguyệt, trượng khiếm minh thệ giả các ngũ thập.\n遣 員 外 郎 杜 慶 梁 茂 才 遣 馴 象 于 宋 脩 舊 好 也 . [30b*1*11]\nKhiển Viên ngoại lang Đỗ Khánh, Lương Mậu Tài khiển thuần tượng vu Tống tu cựu hảo dã.\n地 震 . [30b*2*11]\nĐịa chấn.\n文 州 反 . [30b*2*13]\nVăn Châu phản.\n閏 月 詔 諸 夜 入 人 家 奸 人 妻 妾 主 人 登 時 格 殺 者 勿 論 . [30b*2*16]\nNhuận nguyệt, chiếu: chư dạ nhập nhân gia, gian nhân thê thiếp, chủ nhân đăng thời cách sát giả vật luận.\n詔 百 姓 賦 税 許 輸 官 十 分 外 别 取 一 分 謂 之 横 頭 . [30b*4*2]\nChiếu bách tính phú thuế, hứa thâu quan thập phân, ngoại biệt thủ nhất phân, vị chi \"hoành đầu\".\n過 者 以 盗 論 百 姓 有 吿 訴 者 復 其 家 三 年 京 城 人 吿 者 以 其 物 賞 之 . [30b*5*3]\nQuá giả dĩ đạo luận, bách tính hữu cáo tố giả, phục kì gia tam niên, kinh thành nhân cáo giả, dĩ kì vật thưởng chi.\n如 管 甲 主 都 及 徵 税 人 相 與 過 例 征 取 雖 已 歴 時 月 而 告 者 管 甲 主 都 與 徵 税 人 同 罪 . [30b*6*10]\nNhư quản giáp chủ đô, cập trưng thuế nhân tương dữ quá lệ, trưng thủ tuy dĩ lịch thời nguyệt nhi cáo giả, quản giáp chủ đô dữ trưng thuế nhân đồng tội.\n冬 十 月 朔 以 開 皇 王 為 都 綂 大 元 帥 討 文 州 . [30b*8*5]\nĐông, thập nguyệt, sóc, dĩ Khai Hoàng Vương vi Đô thống đại nguyên soái thảo Văn châu.\n詔 改 元 明 道 元 年 . [30b*9*4]\nChiếu cải nguyên Minh Đạo nguyên niên.\n頒 刑 書 . [30b*9*11]\nBan Hình thư.\n初 天 下 獄 . [30b*9*14]\nSơ, thiên hạ ngục..\n",
    "url": "/data/image_dvsk/ban_ky_toan_thu/quyen2/DVSKTT_ban_toan_II_30b.jpg"
  },
  {
    "text": "訟 煩 擾 法 吏 拘 律 文 務 為 深 刻 甚 者 或 至 枉 濫 . [31a*1*1]\ntụng phiền nhiễu, pháp lại câu luật văn, vụ vi thâm khắc, thậm giả hoặc chí uổng lạm.\n帝 為 之 惻 然 命 中 書 刪 定 律 令 參 酌 時 世 之 所 適 用 者 敘 其 門 類 編 其 條 貫 别 為 一 代 刑 書 使 觀 者 易 知 . [31a*1*19]\nĐế vị chi trắc, nhiên mệnh Trung thư san định luật lệnh, tham chước thời thế chi sở thích dụng giả, tự kì môn loại, biên kì điều quán, biệt vi nhất đại Hình thư, sử quan giả dị tri.\n書 成 詔 頒 行 之 民 以 為 便 . [31a*4*2]\nThư thành, chiếu ban hành chi, dân dĩ vi tiện.\n至 是 治 獄 之 法 坦 然 甚 明 故 有 明 道 改 元 之 命 及 鑄 明 道 錢 . [31a*4*12]\nChí thị, trị ngục chi pháp, thản nhiên thậm minh, cố hữu Minh Đạo cải nguyên chi mệnh, cập chú Minh Đạo tiền.\n十 一 月 詔 諸 年 七 十 以 上 八 十 以 下 十 歲 以 上 十 五 歲 以 下 及 身 有 弱 疾 以 至 皇 家 大 功 期 親 以 上 犯 罪 者 許 贖 犯 十 惡 者 不 在 . [31a*5*16]\nThập nhất nguyệt, chiếu chư niên thất thập dĩ thượng, bát thập dĩ hạ, thập tuế dĩ thượng, thập ngũ tuế dĩ hạ, cập thân hữu nhược tật, dĩ chí hoàng gia Đại công kì thân dĩ thượng, phạm tội giả hứa thục, phạm thập ác giả bất tại.\n是 歲 天 下 大 飢 . [31a*8*9]\nThị tuế, thiên hạ đại cơ.\n詔 樞 密 院 阮 珠 令 諸 路 迯 人 各 認 地 方 橋 道 築 土 為 堠 置 木 . [31a*8*15]\nChiếu Khu mật viện Nguyễn Châu lệnh chư lộ đào nhân, các nhận địa phương kiều đạo, trúc thổ vi hậu, trí mộc..\n",
    "url": "/data/image_dvsk/ban_ky_toan_thu/quyen2/DVSKTT_ban_toan_II_31a.jpg"
  },
  {
    "text": "牌 於 其 上 以 便 四 方 所 向 . [31b*1*1]\nbài ư kì thượng, dĩ tiện tứ phương sở hướng.\n癸 未 明 道 二 年 宋 慶 曆 三 年 . [31b*2*1]\nQuý Mùi, Minh Đạo nhị niên, [Tống Khánh Lịch tam niên].\n春 正 月 愛 州 叛 . [31b*2*12]\nXuân, chính nguyệt, Ái châu phản.\n二 月 帝 御 天 慶 殿 詔 官 職 三 人 其 保 一 人 如 有 匿 藏 大 男 三 人 者 同 罪 . [31b*2*19]\nNhị nguyệt, Đế ngự Thiên Khánh điện, chiếu quan chức tam nhân kì bảo nhất nhân, như hữu nặc tàng Đại nam, tam nhân giả đồng tội.\n文 州 叛 . [31b*4*6]\nVăn châu phản.\n三 月 朔 以 開 皇 王 為 都 綂 大 元 帥 討 愛 州 . [31b*4*9]\nTam nguyệt, sóc, dĩ Khai Hoàng Vương vi Đô thống Đại nguyên soái thảo Ái châu.\n奉 乾 王 為 都 綂 元 帥 討 文 州 . [31b*5*8]\nPhụng Càn Vương vi Đô Thống nguyên soái thảo Văn Châu.\n文 州 平 奉 乾 王 獻 所 獲 良 馬 四 . [31b*5*19]\nVăn châu bình, Phụng Càn Vương hiến sở hoạch lương mã tứ.\n賜 名 載 天 廣 勝 追 風 日 馭 . [31b*6*12]\nTứ danh Tái Thiên, Quảng Thắng, Truy Phong, Nhật Ngự.\n夏 四 月 占 城 風 浪 賊 謂 乘 風 浪 寇 掠 掠 取 海 邉 民 . [31b*7*3]\nHạ, tứ nguyệt, Chiêm Thành phong lãng tặc [vị Thừa phong lãng khấu lược] lược thủ hải biên dân.\n命 陶 處 中 鎮 之 乃 平 . [31b*8*1]\nMệnh Đào Xử Trung trấn chi, nãi bình.\n帝 幸 武 寕 州 松 山 古 寺 見 其 人 迹 萧 然 基 址 暴 露 中 有 石 柱 𣣱 斜 欲 傾 . [31b*8*9]\nĐế hạnh Vũ Ninh châu Tùng Sơn cổ tự, kiến kì nhân tích tiêu nhiên, cơ chỉ bạo lộ, trung hữu thạch trụ ca tà dục khuynh.\n帝 慨 . [31b*9*18]\nĐế khái..\n",
    "url": "/data/image_dvsk/ban_ky_toan_thu/quyen2/DVSKTT_ban_toan_II_31b.jpg"
  },
  {
    "text": "嘆 意 欲 重 修 之 . [32a*1*1]\nthan, ý dục trùng tu chi.\n言 未 𭛁 石 柱 忽 然 復 正 . [32a*1*7]\nNgôn vị phát, thạch trụ hốt nhiên phục chính.\n帝 異 之 命 儒 臣 作 賦 以 顯 其 靈 異 . [32a*1*16]\nĐế dị chi, mệnh nho thần tác phú dĩ hiển kì linh dị.\n秋 八 月 詔 諸 賣 百 姓 黃 男 為 人 家 奴 已 賣 者 杖 一 百 刺 靣 二 十 字 未 賣 而 已 為 人 後 者 杖 如 之 刺 靣 十 字 知 情 買 者 󰦭 一 等 . [32a*2*11]\nThu, bát nguyệt, chiếu chư mại bách tính Hoàng nam vi nhân gia nô dĩ mại giả, trượng nhất bách, thích diện nhị thập tự; vị mại nhi dĩ vi nhân hậu giả, trượng như chi, thích diện thập tự; tri tình mãi giả, giảm nhất đẳng.\n帝 問 左 右 曰 先 帝 棄 世 于 今 已 十 六 載 矣 而 占 城 未 有 一 介 使 來 何 也 意 朕 之 威 德 不 加 乎 抑 彼 自 恃 山 川 之 阻 險 乎 對 曰 臣 等 以 為 陛 下 之 德 雖 加 而 威 未 廣 . [32a*5*5]\nĐế vấn tả hữu viết: \"Tiên đế khí thế vu kim dĩ thập lục tải hĩ, nhi Chiêm Thành vị hữu nhất giới sứ lai hà dã? Ý trẫm chi uy đức bất gia hồ? Ức bỉ tự thị sơn xuyên chi trở hiểm hồ?\" Đối viết: \"Thần đẳng dĩ vi: Bệ hạ chi đức tuy gia, nhi uy vị quảng.\n故 也 何 者 陛 下 即 位 以 來 彼 逆 命 不 庭 惟 布 德 施 惠 以 懷 . [32a*8*13]\nCố dã hà giả? Bệ hạ tức vị dĩ lai, bỉ nghịch mệnh bất đình, duy bố đức thi huệ dĩ hoài..\n",
    "url": "/data/image_dvsk/ban_ky_toan_thu/quyen2/DVSKTT_ban_toan_II_32a.jpg"
  },
  {
    "text": "之 未 嘗 信 威 耀 武 以 征 之 非 所 以 威 遠 人 也 . [32b*1*1]\nchi, vị thường tín uy diệu vũ dĩ chinh chi, phi sở dĩ uy viễn nhân dã.\n臣 恐 海 内 異 姓 諸 侯 皆 如 占 城 奚 啻 占 人 哉 . [32b*1*18]\nThần khủng hải nội dị tính chư hầu giai như Chiêm Thành hề, ví Chiêm nhân tai\".\n帝 於 是 决 意 伐 占 城 . [32b*2*17]\nĐế ư thị quyết ý phạt Chiêm Thành.\n史 臣 吳 士 連 曰 占 城 風 浪 賊 掠 我 海 邉 民 問 罪 之 師 其 可 以 乎 盖 正 其 罪 名 也 . [32b*4*1]\nSử thần Ngô Sĩ Liên viết: Chiêm Thành phong lãng tặc lược ngã hải biên dân, vấn tội chi sư kì khả dĩ hồ, cái chính kì tội danh dã.\n苟 云 遠 人 不 服 則 脩 文 德 以 來 之 𡸈 可 勒 兵 於 遠 哉 九 月 朔 使 魏 徵 如 廣 源 州 賜 儂 智 髙 都 印 拜 為 太 保 . [32b*5*13]\nCâu vân viễn nhân bất phục, tắc tu văn đức dĩ lai chi, há khả lặc binh ư viễn tai? Cửu nguyệt, sóc, sử Nguỵ Trưng như Quảng Nguyên châu tứ Nùng Trí Cao đô ấn, bái vi Thái bảo.\n黎 文 休 曰 前 年 儂 存 福 之 叛 逆 僣 號 開 國 置 官 属 太 宗 既 罪 存 福 而 遺 其 子 智 髙 . [32b*8*1]\nLê Văn Hưu viết: Tiền niên Nùng Tồn Phúc chi phản nghịch, tiếm hiệu khai quốc, trí quan thuộc, Thái Tông ký tội Tồn Phúc nhi di kì tử Trí Cao.\n今 智 髙 復 𨂻 . [32b*9*14]\nKim, Trí Cao phục thao..\n",
    "url": "/data/image_dvsk/ban_ky_toan_thu/quyen2/DVSKTT_ban_toan_II_32b.jpg"
  },
  {
    "text": "其 父 之 不 軐 則 其 罪 大 矣 誅 之 可 也 奪 其 爵 邑 降 為 庶 人 亦 可 也 . [33a*1*1]\nkì phụ chi bất tiễn, tắc kì tội đại hĩ, tru chi khả dã, đoạt kì tước ấp giáng vi thứ nhân diệc khả dã.\n太 宗 既 赦 其 罪 又 以 州 郡 附 盖 之 賜 印 封 為 太 保 則 賞 罰 無 章 . [33a*2*8]\nThái Tông ký xá kì tội, hựu dĩ châu quận phụ cái chi, tứ ấn phong vi Thái bảo, tắc thưởng phạt vô chương.\n及 其 為 廣 源 之 患 乃 出 其 兵 以 援 鄰 為 辝 何 以 異 放 虎 兕 使 之 噬 人 而 徐 救 之 哉 盖 溺 佛 氏 之 小 仁 而 忘 有 國 之 大 義 也 . [33a*3*14]\nCập kì vi Quảng Nguyên chi hoạn, nãi xuất kì binh dĩ viện lân vi từ, hà dĩ dị phóng hổ tỉ sử chi phệ nhân, nhi từ cứu chi tai? Cái nịch Phật thị chi tiểu nhân, nhi vong hữu quốc chi đại nghĩa dã.\n帝 以 明 年 將 伐 占 城 詔 造 龍 鳳 魚 蛇 虎 豹 鸚 鵡 戰 艦 數 百 餘 艘 . [33a*7*2]\nĐế dĩ minh niên tương phạt Chiêm Thành, chiếu tạo Long, Phụng, Ngư, Xà, Hổ, Báo, Anh Vũ chiến hạm số bách dư sưu.\n冬 十 月 長 春 殿 御 楯 自 動 . [33a*8*7]\nĐông, thập nguyệt, Trường Xuân điện ngự thuẫn tự động.\n詔 群 臣 商 議 . [33a*8*17]\nChiếu quần thần thương nghị.\n皆 曰 楯 之 為 物 兵 噐 也 . [33a*9*4]\nGiai viết: Thuẫn chi vi vật binh khí dã.\n臣 聞 鸞 先 風 翔 礎 . [33a*9*13]\nThần văn, loan tiên phong tường, sở..\n",
    "url": "/data/image_dvsk/ban_ky_toan_thu/quyen2/DVSKTT_ban_toan_II_33a.jpg"
  },
  {
    "text": "先 雨 潤 今 陛 下 欲 興 師 征 討 不 庭 而 兵 噐 自 動 者 是 神 人 默 會 物 類 相 應 之 兆 . [33b*1*1]\ntiên vũ nhuận, kim Bệ hạ dục hưng sư chinh thảo bất đình, nhi binh khí tự động giả, thị thần nhân mặc hội, vật loại tương ứng chi triệu.\n書 曰 惟 動 丕 應 徯 志 役 既 先 志 而 應 動 何 疑 之 有 . [33b*2*12]\nThư viết: \"Duy động phi ứng hễ chí dịch ký tiên chí nhi ứng động hà nghi chi hữu\".\n帝 然 之 . [33b*3*12]\nĐế nhiên chi.\n詔 軍 士 迯 亡 踰 年 者 杖 一 百 刺 靣 五 十 字 不 满 年 者 從 輕 罪 之 復 㱕 者 許 還 舊 處 . [33b*3*15]\nChiếu quân sĩ đào vong du niên giả, trượng nhất bách, thích diện ngũ thập tự, bất mãn niên giả, tòng khinh tội chi, phục quy giả hứa hoàn cựu xứ.\n行 幸 不 從 駕 者 杖 亦 如 之 刺 靣 十 字 . [33b*5*9]\nHành hạnh bất tòng giá giả, trượng diệc như chi, thích diện thập tự.\n十 二 月 詔 軍 士 繕 甲 治 兵 約 以 明 年 春 二 月 伐 占 城 . [33b*6*4]\nThập nhị nguyệt, chiếu quân sĩ thiện giáp trị binh, ước dĩ minh niên, xuân nhị nguyệt phạt Chiêm Thành.\n帝 幸 古 覽 行 營 詔 諸 強 盗 百 姓 禾 秧 財 物 得 財 杖 一 百 不 得 財 而 傷 人 者 以 流 罪 論 . [33b*7*6]\nĐế hạnh Cổ Lãm hành doanh, chiếu chư cường đạo bách tính hoà ương tài vật, đắc tài trượng nhất bách, bất đắc tài nhi thương nhân giả, dĩ lưu tội luận.\n是 歲 復 鑄 明 道 錢 頒 賜 文 武 臣 僚 . [33b*9*1]\nThị tuế, phục chú Minh Đạo tiền phân tứ văn võ thần liêu.\n",
    "url": "/data/image_dvsk/ban_ky_toan_thu/quyen2/DVSKTT_ban_toan_II_33b.jpg"
  },
  {
    "text": "甲 申 三 年 十 一 元 年 . [34a*1*1]\nGiáp Thân, tam niên, [Thập nhất nguyên niên.\n月 以 後 天 感 聖 武 宋 慶 曆 四 年 . [34a*1*9]\nnguyệt dĩ hậu, Thiên Cảm Thánh Vũ Tống Khánh Lịch tứ niên].\n春 正 月 𭛁 府 庫 噐 械 頒 授 諸 軍 . [34a*1*21]\nXuân, chính nguyệt, phát phủ khố khí giới phân thụ chư quân.\n癸 卯 帝 親 征 占 以 開 皇 王 為 京 師 留 守 . [34a*2*7]\nQuý Mão, Đế thân chinh Chiêm Thành, dĩ Khai Hoàng vương vi Kinh sư lưu thủ.\n是 日 有 司 以 所 祀 山 神 少 牢 得 膽 大 如 柚 子 献 之 . [34a*3*4]\nThị nhật, Hữu ti dĩ sở tự sơn thần thiếu lao đắc đảm đại như du tử hiến chi.\n帝 戲 之 曰 膽 聲 󰱏 相 近 彼 少 牢 得 大 膽 者 盖 示 我 以 少 勞 而 得 大 󰱏 樂 之 徵 也 . [34a*4*4]\nĐế hí chi viết: \"Đảm thanh đam tương cận, bỉ thiếu lao đắc đại đảm giả, cái thị ngã dĩ thiếu lao nhi đắc đại đam lạc chi trưng dã\".\n甲 辰 𭛁 京 師 . [34a*5*15]\nGiáp Thìn, phát kinh sư.\n乙 巳 次 大 惡 海 口 會 風 濤 帖 靜 大 軍 利 涉 故 改 大 惡 曰 大 安 . [34a*6*1]\nẤt Tị, thứ Đại Ác hải khẩu, hội phong đào thiếp tĩnh, đại quân lợi thiệp, cố cải Đại Ác viết Đại An.\n抵 麻 姑 山 紫 雲 捧 日 . [34a*7*5]\nĐể Ma Cô sơn, tử vân phủng nhật.\n過 河 腦 彎 有 片 雲 襨 帝 所 御 舟 隨 其 行 止 . [34a*7*13]\nQuá Hà Não loan, hữu phiến vân phức đế sở ngự chu, tuỳ kì hành chỉ.\n是 日 至 住 牙 一 作 身 海 口 駐 營 . [34a*8*10]\nThị nhật, chí Trụ Nha [nhất tác Thân] hải khẩu trú doanh.\n次 日 𭛁 以 風 勢 之 使 一 日 過 大 小 二 長 沙 . [34a*9*2]\nThứ nhật phát, dĩ phong thế chi, sử nhất nhật quá Đại Tiểu nhị Trường Sa.\n抵 思 . [34a*9*18]\nĐể Tư..\n",
    "url": "/data/image_dvsk/ban_ky_toan_thu/quyen2/DVSKTT_ban_toan_II_34a.jpg"
  },
  {
    "text": "客 海 口 白 魚 入 舟 . [34b*1*1]\nKhách hải khẩu, bạch ngư nhập chu.\n帝 聞 占 城 引 其 眾 及 象 陳 于 五 蒲 江 南 岸 欲 拒 官 軍 . [34b*1*8]\nĐế văn Chiêm Thành dẫn kì chúng cập tượng trần vu Ngũ Bồ giang nam ngạn, dục cự quan quân.\n詔 舍 舟 登 陸 領 軍 士 至 北 岸 見 彼 属 徒 已 列 江 邉 . [34b*2*9]\nChiếu xá chu đăng lục, lĩnh quân sĩ chí Bắc ngạn, kiến bỉ thuộc đồ dĩ liệt giang biên.\n帝 乃 部 分 士 卒 建 旗 鳴 鼓 徑 渡 擊 之 . [34b*3*9]\nĐế nãi bộ phân sĩ tốt, kiến kì minh cổ, kinh độ kích chi.\n兵 刀 未 接 占 人 自 潰 追 斬 三 萬 級 . [34b*4*4]\nBinh đao vị tiếp, Chiêm nhân tự hội, truy trảm tam vạn cấp.\n郭 加 彛 斬 其 主 乍 斗 首 于 陣 献 之 . [34b*4*17]\nQuách Gia Di trảm kì chủ Sạ Đẩu thủ vu trận hiến chi.\n󰱏 馴 象 三 十 餘 生 擒 五 千 餘 人 其 餘 為 官 軍 所 殺 血 𡍼 兵 刀 尸 塞 原 野 . [34b*5*11]\nĐam thuần tượng tam thập dư, sinh cầm ngũ thiên dư nhân, kì dư vi quan quân sở sát, huyết đồ binh đao, thi tái nguyên dã.\n帝 為 之 慨 然 下 令 曰 有 妄 殺 占 城 人 者 殺 無 赦 . [34b*6*19]\nĐế vi chi khái nhiên, hạ lệnh viết: \"Hữu vọng sát Chiêm Thành nhân giả, sát vô xá\".\n史 臣 吳 士 連 曰 帝 之 此 心 其 宋 太 祖 之 心 乎 傳 祚 永 久 也 宜 哉 . [34b*8*1]\nSử thần Ngô Sĩ Liên viết: Đế chi thử tâm kì Tống Thái Tổ chi tâm hồ? Truyền tộ vĩnh cửu dã nghi tai!.\n",
    "url": "/data/image_dvsk/ban_ky_toan_thu/quyen2/DVSKTT_ban_toan_II_34b.jpg"
  },
  {
    "text": "秋 七 月 帝 引 軍 入 佛 誓 城 俘 乍 斗 妻 妾 及 宫 女 之 善 𰙔 舞 西 天 曲 調 者 . [35a*1*1]\nThu, thất nguyệt, Đế dẫn quân nhập Phật Thệ thành, phu Sạ Đẩu thê thiếp cập cung nữ chi thiện ca vũ Tây Thiên khúc điều giả.\n遣 使 徧 行 鄕 邑 撫 論 遣 民 . [35a*2*10]\nKhiển sứ biến hành hương ấp phủ luận khiển dân.\n群 臣 貨 捷 . [35a*3*1]\nQuần thần hoá tiệp.\n八 月 𤤻 師 . [35a*3*5]\nBát nguyệt ban sư.\n還 至 乂 安 行 營 詔 威 明 侯 日 光 慰 勞 之 尋 授 本 州 節 鉞 加 封 王 爵 . [35a*3*9]\nHoàn chí Nghệ An hành doanh, chiếu Uy Minh hầu Nhật Quang uý lạo chi, tầm thụ bản châu tiết việt, gia phong vương tước.\n初 帝 委 威 明 以 乂 安 歲 租 及 令 置 󰜏 和 寨 使 之 牢 固 及 諸 處 喉 鋪 餱 粮 󰍶 備 皆 稱 旨 故 也 . [35a*4*15]\nSơ, Đế uỷ Uy Minh dĩ Nghệ An tuế tô, cập lệnh trí Bà Hoà trại sử chi lao cố, cập chư xứ hầu phố hầu lương tất bị, giai xưng chỉ cố dã.\n九 月 朔 次 長 安 府 黄 龍 見 于 帝 所 御 舟 . [35a*6*11]\nCửu nguyệt, sóc, thứ Trường Yên phủ, hoàng long hiện vu Đế sở ngự chu.\n至 莅 仁 行 殿 令 内 人 侍 女 召 乍 斗 妃 媚 醯 侍 御 州 . [35a*7*8]\nChí Li Nhân hành điện, lệnh nội nhân thị nữ triệu Sạ Đẩu phi Mị Ê thị ngự chu.\n媚 醯 不 勝 憤 鬱 密 以 氊 自 纏 投 江 死 . [35a*8*8]\nMị Ê bất thăng phẫn uất, mật dĩ chiên tự triền đầu giang tử.\n帝 嘉 其 貞 節 封 協 正 佑 善 夫 人 . [35a*9*3]\nĐế gia kì trinh tiết, phong Hiệp Chính Hựu Thiện phu nhân.\n",
    "url": "/data/image_dvsk/ban_ky_toan_thu/quyen2/DVSKTT_ban_toan_II_35a.jpg"
  },
  {
    "text": "史 臣 吳 士 連 曰 夫 人 義 不 受 辱 從 一 而 終 以 全 婦 節 . [35b*1*1]\nSử thần Ngô Sĩ Liên viết: Phu nhân nghĩa bất thọ nhục, tòng nhất nhi chung, dĩ toàn phụ tiết.\n人 臣 事 二 君 者 夫 人 之 罪 人 也 . [35b*2*3]\nNhân thần sự nhị quân giả, phu nhân chi tội nhân dã.\n帝 嘉 其 貞 節 封 為 夫 人 以 勸 後 世 宜 哉 帝 還 自 占 城 吿 捷 于 太 祖 廟 󰍶 御 天 安 殿 設 飲 至 禮 . [35b*2*15]\nĐế gia kì trinh tiết, phong vi phu nhân dĩ khuyến hậu thế nghi tai! Đế hoàn tự Chiêm Thành, cáo tiệp vu Thái Tổ miếu, tất ngự Thiên An điện, thiết ẩm chí lễ.\n是 日 群 臣 献 俘 五 千 餘 口 及 其 金 銀 珠 寶 之 物 . [35b*5*3]\nThị nhật, quần thần hiến phu ngũ thiên dư khẩu, cập kì kim ngân châu bảo chi vật.\n詔 俘 虜 各 認 部 属 居 之 永 康 鎮 直 至 登 州 今 歸 化 是 置 鄕 邑 倣 占 城 舊 號 . [35b*6*2]\nChiếu phu lỗ các nhận bộ thuộc, cư chi Vĩnh Khang trấn trực chí Đăng Châu [kim Quy Hoá thị], trí hương ấp phỏng Chiêm Thành cựu hiệu.\n帝 使 設 大 檻 於 霪 覃 今 西 湖 也 以 占 城 馴 象 為 媒 誘 野 象 入 其 中 親 幸 捕 之 . [35b*7*9]\nĐế sử thiết đại giám ư Dâm Đàm [kim Tây Hồ dã], dĩ Chiêm Thành thuần tượng vi mai, dụ dã tượng nhập kì trung, thân hạnh bổ chi.\n冬 十 一 月 賜 伐 占 城 有 功 者 六 品 以 上 錦 袍 七 品 以 . [35b*8*18]\nĐông, thập nhất nguyệt, tứ phạt Chiêm Thành hữu công giả: lục phẩm dĩ thượng cẩm bào, thất phẩm dĩ..\n",
    "url": "/data/image_dvsk/ban_ky_toan_thu/quyen2/DVSKTT_ban_toan_II_35b.jpg"
  },
  {
    "text": "下 羅 衣 . [36a*1*1]\nhạ la y.\n群 臣 請 改 元 曰 天 感 聖 武 增 號 曰 聖 德 天 感 宣 威 聖 武 八 字 . [36a*1*4]\nQuần thần thỉnh cải nguyên viết Thiên Cảm Thánh Vũ, tăng hiệu viết Thánh Đức Thiên Cảm Tuyên Uy Thánh Vũ bát tự.\n𠃔 之 詔 曰 遠 事 征 伐 妨 奪 農 功 𡸈 料 今 冬 得 大 豊 熟 . [36a*2*8]\nDoãn chi, chiếu viết: \"Viễn sự chinh phạt, phương đoạt nông công, há liệu kim đông, đắc đại phong thục.\n苟 百 姓 之 既 足 則 朕 孰 𭁈 不 足 其 賜 天 下 今 年 税 錢 之 半 以 慰 跋 涉 之 勞 . [36a*3*9]\nCâu bách tính chi ký túc, tắc trẫm thục dữ bất túc? Kì tứ thiên hạ kim niên thuế tiền chi bán, dĩ uý bạt thiệp chi lao\".\n詔 絹 庫 司 私 受 人 絹 一 尺 杖 一 百 一 疋 至 十 疋 以 上 者 准 疋 數 加 配 役 十 年 . [36a*4*18]\nChiếu Quyến khố ti, tư thụ nhân quyến nhất xích trượng nhất bách, nhất sơ chí thập sơ dĩ thượng giả chuẩn sơ số, gia phối dịch thập niên.\n十 二 月 朔 置 懷 遠 驛 于 嘉 林 江 岸 以 為 異 域 來 實 舘 歇 之 處 . [36a*6*10]\nThập nhị nguyệt, sóc, trí Hoài Viễn dịch vu Gia Lâm giang ngạn, dĩ vi dị vực lai thực quán hiết chi xứ.\n太 保 儂 智 髙 來 朝 . [36a*7*15]\nThái bảo Nùng Trí Cao lai triều.\n是 歲 詔 諸 軍 迯 亡 者 准 三 流 罪 . [36a*8*4]\nThị tuế, chiếu chư quân đào vong giả, chuẩn tam lưu tội.\n禁 獄 官 毋 得 遣 囚 人 作 私 役 犯 者 杖 八 十 刺 靣 配 牢 . [36a*8*16]\nCấm ngục quan vô đắc khiển tù nhân tác tư dịch, phạm giả trượng bát thập, thích diện phối lao.\n",
    "url": "/data/image_dvsk/ban_ky_toan_thu/quyen2/DVSKTT_ban_toan_II_36a.jpg"
  },
  {
    "text": "乙 酉 天 感 聖 武 二 年 宋 慶 曆 五 年 . [36b*1*1]\nẤt Dậu, Thiên Cảm Thánh Vũ nhị niên, [Tống Khánh Lịch ngũ niên].\n制 太 平 車 以 黄 金 飾 蓬 羅 峩 占 城 象 鞍 也 駕 象 引 之 . [36b*1*14]\nChế Thái Bình xa, dĩ hoàng kim sức Bồng La Nga [Chiêm Thành tượng yên dã,] giá tượng dẫn chi.\n立 大 内 碑 . [36b*2*14]\nLập Đại nội bi.\n丙 戌 三 年 宋 慶 曆 六 年 . [36b*3*1]\nBính Tuất, tam niên, [Tống Khánh Lịch lục niên].\n起 别 宫 居 占 城 女 . [36b*3*10]\nKhởi biệt cung cư Chiêm Thành nữ.\n丁 亥 四 年 宋 慶 曆 七 年 . [36b*4*1]\nĐinh Hợi, tứ niên, [Tống Khánh Lịch thất niên].\n春 三 月 置 望 國 鎮 及 㱕 德 保 寕 宣 化 清 平 永 通 感 化 安 民 七 驛 各 立 碑 喉 以 為 蠻 夷 宿 歇 之 處 . [36b*4*10]\nXuân, tam nguyệt, trí Vọng Quốc trấn cập Quy Đức, Bảo Ninh, Tuyên Hoá, Thanh Bình, Vĩnh Thông, Cảm Hoá, An Dân thất dịch, các lập bi hầu dĩ vi man di túc hiết chi xứ.\n戊 子 五 年 宋 慶 曆 八 年 . [36b*7*1]\nMậu Tím ngũ niên, [Tống Khánh Lịch bát niên].\n秋 九 月 命 將 軍 馮 智 䏻 攻 哀 牢 獲 人 畜 甚 眾 而 還 . [36b*7*10]\nThu, cửu nguyệt, mệnh tướng quân Phùng Trí Năng công Ai Lao, hoạch nhân súc thậm chúng nhi hoàn.\n儂 智 髙 以 勿 惡 洞 叛 . [36b*8*8]\nNùng Trí Cao dĩ Vật Ác động phản.\n命 太 尉 郭 盛 溢 討 之 . [36b*8*16]\nMệnh Thái uý Quách Thịnh Dật thảo chi.\n方 交 戰 天 地 晦 冥 俄 而 雷 震 洞 中 其 . [36b*9*6]\nPhương giao chiến, thiên địa hối minh, nga nhi lôi chấn động trung, kì..\n",
    "url": "/data/image_dvsk/ban_ky_toan_thu/quyen2/DVSKTT_ban_toan_II_36b.jpg"
  },
  {
    "text": "酋 長 體 皆 磔 裂 󰁮 洞 驚 駭 . [37a*1*1]\ntù trưởng thể giai trách liệt, cử động kinh hãi.\n智 髙 降 . [37a*1*11]\nTrí Cao hàng.\n立 社 稷 𡊨 于 長 廣 門 外 四 時 祈 榖 . [37a*1*14]\nLập xã tắc đàn vu Trường Quảng môn ngoại, tứ thời kì cốc.\n冬 十 二 月 立 春 日 詔 有 司 行 迎 春 禮 . [37a*2*9]\nĐông, thập nhị nguyệt, lập xuân nhật, chiếu Hữu ti hành Nghênh xuân lễ.\n己 丑 六 年 三 月 以 後 崇 興 宋 皇 祐 元 年 . [37a*4*1]\nKỉ Sửu, lục niên, [Tam nguyệt dĩ hậu, Sùng Hưng Tống Hoàng Hựu nguyên niên].\n大 寶 . [37a*4*16]\nĐại Bảo.\n春 二 月 改 元 崇 興 大 寳 元 年 . [37a*4*18]\nXuân, nhị nguyệt, cải nguyên Sùng Hưng Đại Bảo nguyên niên.\n冬 十 月 造 延 祐 寺 . [37a*5*5]\nĐông, thập nguyệt, tạo Diên Hựu tự.\n初 帝 夢 觀 音 𫢋 坐 蓮 花 󰱑 引 帝 登 󰱑 . [37a*5*12]\nSơ, Đế mộng Quan Âm Phật toạ liên hoa đài, dẫn đế đăng đài.\n及 𮗓 詔 群 臣 或 以 為 不 祥 . [37a*6*8]\nCập giác, chiếu quần thần, hoặc dĩ vi bất tường.\n有 僧 禪 慧 者 勸 帝 造 寺 立 石 柱 于 地 中 󰱒 觀 音 蓮 嘩 󰱑 于 其 上 如 夢 中 所 見 . [37a*6*18]\nHữu tăng Thiền Tuệ giả khuyến Đế tạo tự, lập thạch trụ vu địa trung, cách Quan Âm liên hoa đài vu kì thượng, như mộng trung sở kiến.\n僧 徒 旋 繞 誦 經 求 延 壽 故 名 延 祐 . [37a*8*9]\nTăng đồ toàn nhiễu tụng kinh cầu diên thọ, cố danh Diên Hựu.\n",
    "url": "/data/image_dvsk/ban_ky_toan_thu/quyen2/DVSKTT_ban_toan_II_37a.jpg"
  },
  {
    "text": "庚 寅 崇 興 大 寶 二 年 宋 皇 祐 二 年 . [37b*1*1]\nCanh Dần, Sùng Hưng Đại Bảo nhị niên, [Tống Hoàng Hựu nhị niên].\n春 三 月 占 城 献 白 象 . [37b*1*14]\nXuân, tam nguyệt, Chiêm Thành hiến bạch tượng.\n夏 六 月 大 水 . [37b*2*1]\nHạ, lục nguyệt, đại thuỷ.\n秋 九 月 勿 陽 洞 人 叛 討 平 之 . [37b*2*6]\nThu, cửu nguyệt, Vật Dương động nhân phản, thảo bình chi.\n辛 卯 三 年 宋 皇 祐 三 年 . [37b*3*1]\nTân Mão, tam niên [Tống Hoàng Hựu tam niên].\n春 正 月 置 内 外 隨 車 龍 軍 命 左 驍 衛 將 軍 陳 稔 領 之 . [37b*3*10]\nXuân, chính nguyệt, trí nội ngoại tuỳ xa long quân, mệnh Tả kiêu vệ tướng quân Trần Nẫm lĩnh chi.\n定 文 武 官 年 深 無 過 犯 者 陞 職 爵 有 差 . [37b*4*9]\nĐịnh văn võ quan niên thâm vô quá phạm giả, thăng chức tước hữu sai.\n秋 八 月 大 酺 賜 民 幣 帛 銀 錢 有 差 . [37b*5*6]\nThu, bát nguyệt, đại bồ, tứ dân tệ bạch ngân tiền hữu sai.\n冬 十 一 月 開 廪 港 . [37b*6*1]\nĐông, thập nhất nguyệt, khai Lẫm cảng.\n壬 辰 四 年 宋 皇 祐 四 年 . [37b*7*1]\nNhâm Thìn, tứ niên, [Tống Hoàng Hựu tứ niên].\n春 正 月 封 諸 皇 子 為 王 侯 皇 女 為 公 主 . [37b*7*10]\nXuân, chính nguyệt, phong chư hoàng tử vi vương hầu, hoàng nữ vi công chúa.\n三 月 鑄 洪 鍾 于 龍 墀 令 民 有 寃 抑 不 達 者 撞 之 以 聞 . [37b*8*4]\nTam nguyệt, chú hồng chung vu Long Trì, lệnh dân hữu oan ức bất đạt giả tràng chi dĩ văn.\n夏 四 月 儂 智 髙 叛 僣 稱 仁 惠 皇 帝 . [37b*9*6]\nHạ, tứ nguyệt, Nùng Trí Cao phản, tiếm xưng Nhân Huệ Hoàng Đế,..\n",
    "url": "/data/image_dvsk/ban_ky_toan_thu/quyen2/DVSKTT_ban_toan_II_37b.jpg"
  },
  {
    "text": "國 號 大 南 寇 宋 境 破 横 山 寨 陷 邕 横 貴 藤 梧 康 端 龔 潯 等 州 遂 至 廣 州 城 傳 城 攻 之 五 旬 不 下 乃 還 . [38a*1*1]\nquốc hiệu Đại Nam, khấu Tống cảnh, phá Hoành Sơn trại, hãm Ung, Hoành, Quý, Đằng, Ngô, Khang, Đoan, Cung, Tầm đẳng châu, toại chí Quảng Châu thành truyền thành công chi, ngũ tuần bất hạ, nãi hoàn.\n再 入 于 邕 殺 宋 將 佐 三 千 餘 人 虜 生 口 萬 計 . [38a*3*1]\nTái nhập vu Ung, sát Tống tướng tá tam thiên dư nhân, lỗ sinh khẩu vạn kế.\n所 過 焚 蕩 無 遺 . [38a*3*18]\nSở quá phần đãng vô di.\n宋 君 臣 以 為 憂 . [38a*4*5]\nTống quân thần dĩ vi ưu.\n樞 密 副 使 狄 青 抗 章 請 行 . [38a*4*11]\nKhu mật phó sứ Địch Thanh kháng chương thỉnh hành.\n宋 帝 命 青 以 宣 徽 使 都 大 提 󰁮 總 其 節 鉞 討 之 . [38a*5*2]\nTống đế mệnh Thanh dĩ Tuyên huy sứ đô đại đề cử, tổng kì tiết việt thảo chi.\n癸 巳 五 年 宋 皇 祐 五 年 春 正 月 初 五 日 地 震 三 度 . [38a*6*1]\nQuý Tị, ngũ niên, [Tống Hoàng Hựu ngũ niên] Xuân, chính nguyệt, sơ ngũ nhật, địa chấn tam độ.\n十 日 有 雲 不 雨 黄 龍 見 于 端 明 閣 . [38a*6*21]\nThập nhật, hữu vân bất vũ, hoàng long hiện vu Đoan Minh các.\n群 臣 稱 賀 惟 僧 法 語 云 龍 𢒎 在 天 今 乃 下 見 不 祥 也 . [38a*7*13]\nQuần thần xưng hạ, duy tăng Pháp Ngữ vân: \"Long bưu tại thiên, kim nãi hạ hiện bất tường dã\".\n狄 青 帥 三 將 兵 至 邕 州 㱕 人 鋪 . [38a*8*14]\nĐịch Thanh soái tam tướng binh chí Ung Châu, Quy Nhân phố.\n智 髙 出 拒 戰 為 青 所 敗 走 十 餘 . [38a*9*8]\nTrí Cao xuất cự chiến, vi Thanh sở bại, tẩu thập dư..\n",
    "url": "/data/image_dvsk/ban_ky_toan_thu/quyen2/DVSKTT_ban_toan_II_38a.jpg"
  },
  {
    "text": "里 . [38b*1*1]\nlí.\n其 腹 心 將 黄 師 宓 𭁈 其 下 五 十 七 人 死 于 陣 . [38b*1*2]\nKì phúc tâm tướng Hoàng Sư Mật dữ kì hạ ngũ thập thất nhân tử vu trận.\n宋 所 追 殺 二 千 二 百 餘 人 . [38b*1*19]\nTống sở truy sát nhị thiên nhị bách dư nhân.\n智 髙 焚 城 夜 遁 . [38b*2*10]\nTrí Cao phần thành dạ độn.\n秋 七 月 至 八 月 大 水 . [38b*2*16]\nThu, thất nguyệt, chí bát nguyệt đại thuỷ.\n冬 十 月 智 髙 使 梁 珠 來 乞 師 . [38b*3*6]\nĐông, thập nguyệt, Trí Cao sử Lương Châu lai khất sư.\n詔 指 揮 使 武 珥 将 兵 援 之 . [38b*3*17]\nChiếu Chỉ huy sứ Vũ Nhị tương binh viện chi.\n狄 青 又 破 智 髙 . [38b*4*9]\nĐịch Thanh hựu phá Trí Cao.\n智 髙 奔 大 理 . [38b*4*15]\nTrí Cao bôn Đại Lí.\n大 理 斬 髙 函 其 首 献 于 宋 . [38b*5*1]\nĐại Lí trảm Cao, hàm kì thủ hiến vu Tống.\n儂 氏 遂 滅 . [38b*5*11]\nNùng thị toại diệt.\n先 是 智 髙 寇 宋 邊 宋 命 樞 𡧸 直 𭓇 士 孫 沔 入 内 押 𤤻 石 全 彬 同 本 路 經 畧 使 余 靖 經 制 盗 賊 . [38b*5*15]\nTiên thị, Trí Cao khấu Tống biên, Tống mệnh Khu mật trực học sĩ Tôn Miện, Nhập nội áp ban Thạch Toàn Bân, đồng bản lộ Kinh lược sứ Dư Tịnh kinh chế đạo tặc.\n帝 請 出 師 助 討 . [38b*7*12]\nĐế thỉnh xuất sư trợ thảo.\n宋 以 便 宜 許 之 . [38b*7*18]\nTống dĩ tiện nghi hứa chi.\n及 狄 青 為 大 將 遂 奏 曰 假 外 兵 以 除 内 寇 非 我 利 也 . [38b*8*5]\nCập Địch Thanh vi Đại tướng toại tấu viết: \"Giả ngoại binh dĩ trừ nội khấu, phi ngã lợi dã.\n以 一 智 髙 两 廣 力 不 䏻 制 乃 假 外 境 . [38b*9*6]\nDĩ nhất Trí Cao lưỡng Quảng lực bất năng chế, nãi giả ngoại cảnh..\n",
    "url": "/data/image_dvsk/ban_ky_toan_thu/quyen2/DVSKTT_ban_toan_II_38b.jpg"
  },
  {
    "text": "兵 其 或 因 而 起 亂 何 以 禦 之 是 年 宋 有 詔 止 我 援 兵 . [39a*1*1]\nbinh, kì hoặc nhân nhi khởi loạn, hà dĩ ngự chi?\" Thị niên, Tống hữu chiếu chỉ ngã viện binh.\n及 智 髙 乞 師 又 𠃔 其 請 . [39a*2*2]\nCập Trí Cao khất sư, hựu doãn kì thỉnh.\n宋 都 監 潇 注 從 特 磨 道 襲 獲 智 髙 母 阿 儂 殺 之 . [39a*2*11]\nTống đô giám Tiêu Chú tòng Đặc Ma đạo tập, hoạch Trí Cao mẫu A Nùng sát chi.\n甲 午 六 年 九 月 以 平 元 年 . [39a*4*1]\nGiáp Ngọ, lục niên, [Cửu nguyệt dĩ Bình nguyên niên.\n後 聖 宗 竜 瑞 太 宋 至 和 元 年 . [39a*4*11]\nhậu, Thánh Tông Long Thuỵ Thái Tống Chí Hoà nguyên niên].\n秋 七 月 . [39a*4*22]\nThu, thất nguyệt.\n詔 皇 太 子 日 尊 視 朝 聽 政 . [39a*4*25]\nchiếu Hoàng Thái tử Nhật Tôn thị triều thính chính.\n史 臣 吳 士 連 曰 詳 下 文 九 月 書 帝 弗 豫 則 是 月 詔 太 子 視 朝 聽 政 為 不 得 已 之 事 . [39a*6*1]\nSử thần Ngô Sĩ Liên viết: Tường hạ văn cửu nguyệt thư Đế phất dự, tắc thị nguyệt chiếu Thái tử thị triều thính chính, vi bất đắc dĩ chi sự.\n九 月 戊 寅 帝 弗 豫 . [39a*8*1]\nCửu nguyệt, Mậu Dần, Đế phất dự.\n冬 十 月 一 日 帝 崩 于 長 春 殿 . [39a*8*8]\nĐông, thập nguyệt, nhất nhật, Đế băng vu Trường Xuân điện.\n太 子 即 位 于 柩 前 改 元 竜 瑞 太 平 元 年 . [39a*9*2]\nThái tử tức vị vu cữu tiền, cải nguyên Long Thuỵ Thái Bình nguyên niên.\n追 尊 大 . [39a*9*17]\nTruy tôn Đại..\n",
    "url": "/data/image_dvsk/ban_ky_toan_thu/quyen2/DVSKTT_ban_toan_II_39a.jpg"
  },
  {
    "text": "行 皇 帝 謚 庙 號 太 宗 母 枚 氏 為 金 天 皇 太 后 . [39b*1*1]\nHành Hoàng Đế thuỵ, miếu hiệu Thái Tông, mẫu Mai thị vi Kim Thiên Hoàng Thái Hậu.\n建 國 號 曰 大 越 . [39b*1*18]\nKiến quốc hiệu viết Đại Việt.\n賜 東 宫 舊 臣 官 爵 有 差 以 裴 佑 為 文 明 殿 𭓇 士 . [39b*2*5]\nTứ Đông cung cựu thần quan tước hữu sai, dĩ Bùi Hựu vi Văn Minh điện học sĩ.\n史 臣 吳 士 連 曰 史 稱 帝 仁 哲 通 慧 文 武 大 畧 六 藝 無 不 精 諳 . [39b*4*1]\nSử thần Ngô Sĩ Liên viết: Sử xưng Đế nhân triết, thông tuệ, văn võ đại lược, lục nghệ vô bất tinh am.\n惟 其 有 此 才 德 故 䏻 有 為 . [39b*5*6]\nDuy kì hữu thử tài đức, cố năng hữu vi.\n然 拘 於 君 臣 燕 亨 之 禮 當 哀 而 樂 𦤶 孝 道 之 有 𧇊 . [39b*5*16]\nNhiên câu ư quân thần yến hanh chi lễ, đương ai nhi lạc, trí hiếu đạo chi hữu khuy.\n惑 於 浮 屠 慈 愛 之 説 肆 赦 叛 臣 則 仁 流 於 姑 息 此 其 失 也 . [39b*6*17]\nHoặc ư Phù Đồ từ ái chi thuyết, tứ xá phản thần, tắc nhân lưu ư cô tức, thử kì thất dã.\n大 越 史 記 本 紀 全 書 卷 之 二 終 . [39b*9*1]\nĐại Việt Sử Ký Bản Kỷ Toàn Thư Tuyển Chi Nhị Chung.\n",
    "url": "/data/image_dvsk/ban_ky_toan_thu/quyen2/DVSKTT_ban_toan_II_39b.jpg"
  }
]