[
  {
    "text": "大 越 史 記 本 紀 全 書 卷 之 三 . [1a*1*1]\nĐại Việt Sử Ký Bản Kỷ Toàn Thư Quyển Chi Tam.\n李 紀 . [1a*2*1]\nLí KỶ.\n聖 宗 皇 帝 . [1a*3*1]\nThánh Tông Hoàng Đế.\n諱 日 尊 太 宗 長 子 也 其 母 金 天 太 后 枚 氏 初 夢 月 入 懷 因 有 娠 以 順 天 十 四 年 癸 亥 二 月 二 十 五 日 生 于 龍 德 宮 天 成 元 年 󰀋 爲 東 宫 太 子 太 宗 崩 遂 登 太 寳 在 位 十 七 年 壽 五 十 歲 崩 于 會 僊 殿 . [1a*3*5]\n[Huý Nhật Tôn, Thái Tông trưởng tử dã. Kì mẫu Kim Thiên Thái Hậu Mai thị, sơ mộng nguyệt nhập hoài, nhân hữu thần, dĩ Thuận Thiên thập tứ niên, Quý Hợi nhị nguyệt nhị thập ngũ nhật, sinh vu Long Đức cung. Thiên Thành nguyên niên, sách vi Đông Cung Thái Tử. Thái Tông băng, toại đăng thái bảo, tại vị thập thất niên, thọ ngũ thập tuế, băng vu Hội Tiên điện].\n帝 善 於 繼 承 誠 心 愛 民 重 農 恤 刑 柔 遠 䏻 邇 置 博 士 科 厚 養 廉 禮 文 脩 武 備 海 内 謐 寕 足 爲 良 主 然 疲 民 力 以 築 報 天 之 塔 費 民 財 以 造 霪 潭 之 宫 此 其 所 短 也 . [1a*6*1]\nĐế thiện ư kế thừa, thành tâm ái dân, trọng nông tuất hình, nhu viễn năng nhĩ, trí bác sĩ khoa, hậu dưỡng liêm lễ văn, tu vũ bị, hải nội mật ninh, túc vi lương chủ. Nhiên bì dân lực dĩ trúc Báo Thiên chi tháp, phí dân tài dĩ tạo Dâm Đàm chi cung, thử kì sở đoản dã].\n乙 未 龍 瑞 太 平 二 年 宋 至 和 二 年 . [1a*8*1]\nẤt Mùi, Long Thuỵ Thái Bình nhị niên [Tống Chí Hoà nhị niên].\n春 正 月 修 大 内 諸 殿 宇 二 月 以 誕 日 爲 承 天 聖 節 . [1a*8*14]\nXuân, chính nguyệt, tu Đại Nội chư điện vũ Nhị nguyệt, dĩ đản nhật vi Thừa Thiên thánh tiết.\n占 城 來 貢 . [1a*9*11]\nChiêm Thành lai cống.\n冬 十 . [1a*9*15]\nĐông, thập..\n",
    "url": "/data/image_dvsk/ban_ky_toan_thu/quyen3/DVSKTT_ban_toan_III_1a.jpg"
  },
  {
    "text": "月 大 寒 . [1b*1*1]\nnguyệt, đại hàn.\n帝 謂 左 右 曰 朕 深 居 宫 中 御 嘼 炭 襲 狐 䘮 猶 寒 如 此 念 囚 人 在 囹 圄 中 縲 紲 之 苦 曲 直 未 分 食 不 克 膓 衣 不 盖 體 爲 風 󰓜 所 逼 或 死 非 辜 朕 甚 憫 之 . [1b*1*4]\nĐế vị tả hữu viết: \"Trẫm thâm cư cung trung, ngự thú thán, tập hồ tang do hàn như thử, niệm tù nhân tại linh ngữ trung, luy tiết chi khổ, khúc trực vị phân, thực bất khắc trường, y bất cái thể, vi phong hàn sở bức hoặc tử phi cô, Trẫm thậm mẫn chi.\n其 令 有 司 發 衾 席 及 飯 日 二 次 給 之 . [1b*4*4]\nKì lệnh Hữu ti phát khâm tịch, cập phạn nhật nhị thứ cấp chi\".\n宋 封 帝 爲 交 趾 郡 王 . [1b*5*1]\nTống phong đế vi Giao Chỉ Quận Vương.\n丙 申 三 年 宋 嘉 祐 元 年 . [1b*6*1]\nBính Thân, tam niên [Tống Gia Hựu nguyên niên].\n春 正 月 真 臘 國 來 貢 . [1b*6*10]\nXuân, chính nguyệt, Chân Lạp quốc lai cống.\n夏 四 月 下 勸 農 詔 . [1b*6*19]\nHạ, tứ nguyệt, hạ khuyến nông chiếu.\n造 崇 慶 報 天 寺 發 銅 萬 二 千 斤 鑄 洪 鍾 . [1b*7*5]\nTạo Sùng Khánh Báo Thiên tự, phát đồng vạn nhị thiên cân chú hồng chung.\n帝 親 製 銘 文 . [1b*8*2]\nĐế thân chế minh văn.\n丁 酉 四 年 宋 嘉 祐 二 年 . [1b*9*1]\nĐinh Dậu, tứ niên [Tống Gia Hựu nhị niên].\n春 正 月 築 大 勝 資 天 寳 塔 高 數 . [1b*9*10]\nXuân, chính nguyệt, trúc Đại Thắng Tư Thiên bảo tháp, cao sổ..\n",
    "url": "/data/image_dvsk/ban_ky_toan_thu/quyen3/DVSKTT_ban_toan_III_1b.jpg"
  },
  {
    "text": "十 丈 其 制 爲 十 二 層 即 報 天 㙮 也 . [2a*1*1]\nthập trượng, kì chế vi thập nhị tầng [Tức Báo Thiên tháp dã].\n遣 使 遺 異 獸 于 送 曰 麟 . [2a*1*14]\nKhiển sứ di dị thú vu Tống viết Lân.\n司 馬 光 曰 使 是 真 麟 非 時 自 至 不 以 爲 瑞 若 僞 爲 遠 方 之 笑 . [2a*2*3]\nTư Mã Quang viết: \"Sử thị chân lân, phi thời tự chí bất dĩ vi thuỵ, nhược nguỵ vi viễn phương chi tiếu.\n願 厚 賜 遣 還 . [2a*3*7]\nnguyện hậu tứ khiển hoàn\".\n冬 十 二 月 起 天 福 天 壽 二 寺 . [2a*3*12]\nĐông, thập nhị nguyệt, khởi Thiên Phúc, Thiên Thọ nhị tự.\n以 黃 金 鑄 梵 王 帝 釋 二 像 奉 事 之 . [2a*4*5]\nDĩ hoàng kim chú Phạn Vương, Đế Thích nhị tượng phụng sự chi.\n陳 朝 行 謁 寺 禮 即 此 . [2a*5*1]\n[Trần triều hành yết tự lễ tức thử].\n戊 戌 五 年 宋 嘉 祐 三 年 . [2a*6*1]\nMậu Tuất, ngũ niên [Tống Gia Hựu tam niên].\n春 修 祥 符 門 . [2a*6*10]\nXuân, tu Tường Phù môn.\n己 亥 彰 聖 嘉 慶 元 年 宋 嘉 祐 四 年 . [2a*7*1]\nKỉ Hợi, Chương Thánh Gia Khánh nguyên niên; [Tống Gia Hựu tứ niên].\n春 三 月 伐 宋 欽 州 耀 兵 而 還 惡 宋 之 反 福 也 . [2a*7*14]\nXuân, tam nguyệt, phạt Tống Khâm Châu, diệu binh nhi hoàn, ố Tống chi phản phúc dã.\n秋 八 月 帝 御 水 晶 殿 朝 百 官 令 戴 幞 頭 著 鞾 方 許 入 朝 . [2a*8*10]\nThu, bát nguyệt, đế ngự thuỷ Tinh điện, triều bách quan, lệnh đái phốc đầu, trước ngoa phương, hứa nhập triều.\n戴 幞 頭 著 鞾 自 此 始 . [2a*9*12]\nĐái phốc đầu, trước ngoa tự thử thuỷ.\n",
    "url": "/data/image_dvsk/ban_ky_toan_thu/quyen3/DVSKTT_ban_toan_III_2a.jpg"
  },
  {
    "text": "定 軍 號 曰 御 龍 武 勝 龍 翼 神 電 俸 聖 寳 勝 䧺 畧 萬 捷 等 號 皆 分 左 右 額 並 黥 天 子 軍 三 字 . [2b*1*1]\nĐịnh quân hiệu viết Ngự Long, Vũ Thắng, Long Dực, Thần Điện, Bổng Thánh, Bảo Thắng, Hùng Lược, Vạn Tiệp đẳng hiệu, giai phân tả hữu, ngạch tịnh kình \"Thiên Tử Quân\" tam tự.\n庚 子 二 年 宋 嘉 祐 五 年 . [2b*3*1]\nCanh Tí, nhị niên [Tống Gia Hựu ngũ niên].\n春 諒 州 牧 申 紹 太 捕 迯 亡 兵 入 宋 境 獲 指 揮 使 楊 保 材 及 士 卒 牛 馬 而 還 . [2b*3*10]\nXuân, Lạng Châu mục Thân Thiệu Thái bổ đào vong binh nhập Tống cảnh, hoạch chỉ huy sứ Dương Bảo Tài cập sĩ tốt, ngưu mã nhi hoàn.\n秋 七 月 宋 兵 來 侵 不 克 乃 遣 使 部 侍 郎 余 靖 赴 邕 州 會 議 . [2b*4*17]\nThu thất nguyệt, Tống binh lai xâm, bất khắc, nãi khiển sứ bộ thị lang Dư Tịnh phó Ung Châu hội nghị.\n帝 遣 費 嘉 祐 往 . [2b*6*3]\nĐế khiển Phí Gia Hựu vãng.\n靖 厚 遺 嘉 祐 及 移 書 請 請 還 保 材 不 許 . [2b*6*9]\nTĩnh hậu di Gia Hựu cập di thư thỉnh thỉnh hoàn Bảo Tài, bất hứa.\n八 月 繙 占 城 樂 曲 及 節 皷 音 使 樂 工 歌 之 . [2b*7*7]\nBát nguyệt, phiên Chiêm Thành nhạc khúc cập tiết cổ âm, sử nhạc công ca chi.\n造 行 宫 于 霪 潭 之 側 觀 魚 . [2b*8*7]\nTạo hành cung vu Dâm Đàm chi trắc quan ngư.\n辛 丑 三 年 宋 嘉 祐 六 年 . [2b*9*1]\nTân Sửu, tam niên [Tống Gia Hựu lục niên].\n春 二 月 選 民 間 女 十 二 人 入 後 . [2b*9*10]\nXuân, nhị nguyệt, tuyển dân gian nữ thập nhị nhân nhập hậu..\n",
    "url": "/data/image_dvsk/ban_ky_toan_thu/quyen3/DVSKTT_ban_toan_III_2b.jpg"
  },
  {
    "text": "宫 . [3a*1*1]\ncung.\n羅 順 州 献 白 象 . [3a*1*2]\nLa Thuận châu hiến bạch tượng.\n壬 寅 四 年 宋 嘉 祐 七 年 . [3a*2*1]\nNhâm Dần, tứ niên [Tống Gia Hựu thất niên].\n春 嘉 林 郡 献 眸 三 足 龜 . [3a*2*10]\nXuân, Gia Lâm quận hiến mâu tam túc quy.\n癸 卯 五 年 宋 嘉 祐 八 年 . [3a*3*1]\nQuý Mão, ngũ niên [Tống Gia Hựu bát niên].\n時 帝 春 秋 鼎 盛 行 年 四 十 未 有 嗣 命 祇 候 内 人 阮 󱖮 求 嗣 于 聖 主 寺 其 後 倚 蘭 夫 人 有 娠 生 皇 子 乾 德 是 爲 仁 宗 世 傳 帝 禱 祝 祈 嗣 未 驗 因 遍 遊 寺 觀 車 駕 所 至 南 女 奔 走 瞻 望 不 暇 惟 一 女 󰇼 桑 倚 立 蘭 草 中 帝 望 見 召 入 宫 得 幸 命 爲 倚 蘭 夫 人 欲 得 男 女 命 󱖮 賫 香 供 禱 于 聖 主 寺 僧 教 󱖮 以 投 台 托 化 之 術 󱖮 從 之 事 覺 斬 󱖮 于 寺 門 前 後 人 入 其 處 日 󱖮 原 寺 在 慈 廉 縣 驛 社 󱖮 原 在 寺 門 西 今 存 . [3a*3*10]\nThời đế xuân thu đỉnh thịnh, hành niên tứ thập vị hữu tự, mệnh Chi hậu nội nhân Nguyễn Bông cầu tự vu Thánh Chủ tự, kì hậu Ỷ Lan phu nhân hữu thần, sinh Hoàng tử Càn Đức, thị vi Nhân Tông [Thế truyền đế đảo chúc kì tự vị nghiệm, nhân biến du tự quán, xa giá sở chí, nam nữ bôn tẩu chiêm vọng bất hạ, duy nhất nữ thái tang ỷ lập lan thảo trung. Đế vọng kiến triệu nhập cung, đắc hạnh mệnh vi Ỷ Lan phu nhân, dục đắc nam nữ, mệnh Bông tê hương cung đảo vu Thánh Chúa tự. Tăng giáo Bông dĩ đầu thai thác hoá chi thuật. Bông tòng chi. Sự giác, trảm Bông vu tự môn tiền. Hậu nhân nhập kì xứ nhật Bông nguyên, tự tại Từ Liêm huyện, Dịch xã, Bông nguyên tại tự môn tây, kim tồn].\n望 甲 辰 六 年 宋 英 宗 曙 治 平 元 年 . [3a*8*19]\nVọng Giáp Thìn, lục niên [Tống Anh Tông Thự, Trị Bình nguyên niên].\n春 正 月 遣 使 如 宋 . [3a*9*13]\nXuân, chính nguyệt, khiển sứ như Tống.\n夏 四 月 . [3a*9*20]\nHạ, tứ nguyệt,..\n",
    "url": "/data/image_dvsk/ban_ky_toan_thu/quyen3/DVSKTT_ban_toan_III_3a.jpg"
  },
  {
    "text": "帝 御 天 慶 殿 聽 訟 . [3b*1*1]\nđế ngự Thiên Khánh điện thính tụng.\n時 洞 天 公 主 侍 側 帝 指 公 主 謂 獄 吏 曰 吾 之 愛 吾 子 猶 吾 父 母 斯 民 之 心 . [3b*1*8]\nThời Động Thiên công chúa thị trắc, đế chỉ công chúa vị ngục lại viết: \"Ngô chi ái ngô tử, do ngô phụ mẫu tư dân chi tâm.\n百 姓 毋 知 自 󰱆 刑 憲 朕 甚 憫 焉 自 今 以 後 罪 無 輕 重 一 從 寬 宥 . [3b*2*17]\nBách tính vô tri tự cốt hình hiến, trẫm thậm mẫn yên, tự kim dĩ hậu, tội vô khinh trọng, nhất tòng khoan hựu\".\n丙 午 龍 章 天 嗣 元 年 宋 治 平 三 年 . [3b*5*1]\nBính Ngọ, Long Chương Thiên Tự nguyên niên [Tống Trị Bình tam niên].\n春 正 月 二 十 五 日 亥 時 皇 子 乾 德 生 . [3b*5*14]\nXuân, chính nguyệt, nhị thập ngũ nhật, Hợi thì, hoàng tử Càn Đức sinh.\n後 日 立 爲 皇 太 子 改 元 大 赦 封 其 母 倚 蘭 夫 人 爲 宸 妃 . [3b*6*7]\nHậu nhật lập vi hoàng thái tử, cải nguyên, đại xá, phong kì mẫu Ỷ Lan phu nhân vi Thần phi.\n史 臣 吳 士 連 曰 太 子 國 本 不 可 不 早 見 . [3b*8*1]\nSử thần Ngô Sĩ Liên viết: \"Thái tử quốc bản, bất khả bất tảo kiến.\n春 秋 書 子 同 生 意 有 在 矣 . [3b*8*16]\nXuân Thu thư: \"Tử đồng sinh\" ý hữu tại hĩ.\n帝 春 秋 以 高 幸 而 皇 子 生 欣 . [3b*9*8]\nĐế xuân thu dĩ cao, hạnh nhi hoàng tử sinh, hân..\n",
    "url": "/data/image_dvsk/ban_ky_toan_thu/quyen3/DVSKTT_ban_toan_III_3b.jpg"
  },
  {
    "text": "喜 倍 常 遽 立 爲 皇 太 子 大 赦 天 下 以 繋 萬 民 之 望 宜 哉 . [4a*1*1]\nhỉ bội thường, cự lập vi hoàng thái tử, đại xá thiên hạ, dĩ hệ vạn dân chi vọng, nghi tai\".\n秋 九 月 命 郎 将 郭 满 建 㙮 僊 遊 山 . [4a*3*1]\nThu, cửu nguyệt, mệnh lang tướng Quách Mãn kiến tháp Tiên Du sơn.\n爪 哇 商 人 獻 夜 光 珠 還 價 錢 萬 鏹 . [4a*3*14]\nTrảo Oa thương nhân hiến dạ quang châu, hoàn giá tiền vạn cưỡng.\n丁 未 二 年 宋 治 平 四 年 . [4a*5*1]\nĐinh Mùi, nhị niên [Tống Trị Bình tứ niên].\n春 二 月 牛 吼 哀 牢 等 國 獻 金 銀 沉 香 犀 角 象 牙 土 宜 等 物 . [4a*5*10]\nXuân, nhị nguyệt, Ngưu Hống, Ai Lao đẳng quốc hiến kim ngân, trầm hương, tê giác, tượng nha, thổ nghi đẳng vật.\n宋 加 封 帝 開 府 儀 同 三 司 尋 加 南 平 王 . [4a*6*12]\nTống gia phong đế Khai phủ nghi đồng tam ti, tầm gia Nam Bình Vương.\n以 員 外 郎 魏 仲 和 鄧 世 資 爲 都 護 府 士 師 改 書 家 十 人 爲 按 獄 吏 . [4a*7*10]\nDĩ Viên ngoại lang Nguỵ Trọng Hoà, Đặng Thế Tư vi Đô hộ phủ sĩ sư, cải thư gia thập nhân vi án ngục lại.\n賜 仲 和 世 資 每 歲 俸 錢 各 五 十 鏹 禾 一 百 反 魚 盐 等 . [4a*8*17]\nTứ Trọng Hoà, Thế Tư mỗi tuế bổng tiền các ngũ thập cưỡng, hoà nhất bách phản ngư diêm đẳng..\n",
    "url": "/data/image_dvsk/ban_ky_toan_thu/quyen3/DVSKTT_ban_toan_III_4a.jpg"
  },
  {
    "text": "物 獄 吏 各 二 十 鏹 禾 一 百 結 以 養 其 廉 . [4b*1*1]\nvật, ngục lại các nhị thập cưỡng, hoà nhất bách kết dĩ dưỡng kì liêm.\n甲 申 三 年 二 月 以 後 天 貺 寳 象 元 年 宋 神 宗 熙 寧 元 年 . [4b*2*1]\nGiáp Thân, tam niên [Nhị nguyệt dĩ, Hậu Thiên Huống Bảo Tượng nguyên niên; Tống Thần Tông Hi Ninh nguyên niên].\n按 清 化 珉 昇 平 塔 記 以 是 年 爲 武 元 年 也 . [4b*2*22]\n[Án Thanh Hoá mân Thăng Bình tháp ký dĩ thị niên vi Vũ nguyên niên dã].\n神 . [4b*3*9]\nThần.\n春 二 月 皇 子 明 仁 王 生 鈌 名 仁 宗 同 母 弟 也 . [4b*3*10]\nXuân, nhị nguyệt, hoàng tử Minh Nhân Vương sinh [Khuyết danh] Nhân Tông đồng mẫu đệ dã.\n真 登 州 獻 白 象 二 因 此 改 元 天 貺 寳 象 元 年 . [4b*4*4]\nChân Đăng châu hiến bạch tượng nhị, nhân thử cải nguyên Thiên Huống Bảo Tượng nguyên niên.\n改 土 磊 鄕 爲 超 𩔗 鄕 以 元 妃 所 生 地 也 . [4b*5*3]\nCải Thổ Lỗi hương vi Siêu Loại hương, dĩ Nguyên Phi sở sinh địa dã.\n占 城 獻 白 象 後 再 擾 邊 . [4b*6*1]\nChiêm Thành hiến bạch tượng, hậu tái nhiễu biên.\n乙 酉 天 貺 寳 象 二 年 七 月 以 後 神 武 元 年 宋 熙 寕 二 年 . [4b*7*1]\nẤt Dậu, Thiên Huống Bảo Tượng nhị niên, [Thất nguyệt dĩ hậu, Thần Vũ nguyên niên; Tống Hi Ninh nhị niên].\n春 二 月 帝 親 征 占 城 獲 其 主 制 矩 及 其 眾 五 萬 人 . [4b*7*22]\nXuân, nhị nguyệt, đế thân chinh Chiêm Thành, hoạch kì chúa Chế Củ cập kì chúng ngũ vạn nhân.\n是 也 帝 征 占 城 久 不 下 還 至 居 連 州 聞 元 妃 相 内 治 民 . [4b*8*18]\nThị dịch dã đế chinh Chiêm Thành cửu bất hạ, hoàn chí Cư Liên châu, văn Nguyên Phi tương nội trị, dân..\n",
    "url": "/data/image_dvsk/ban_ky_toan_thu/quyen3/DVSKTT_ban_toan_III_4b.jpg"
  },
  {
    "text": "心 化 治 境 内 按 堵 尊 崇 𫢋 教 俗 號 觀 音 女 曰 彼 一 婦 人 乃 䏻 如 是 我 男 子 何 庸 再 攻 克 之 . [5a*1*1]\ntâm hoá trị, cảnh nội án đổ, tôn sùng phật giáo, tục hiệu Quan Âm nữ, viết: \"Bỉ nhất phụ nhân nãi năng như thị, ngã nam tử hà dung?\" Tái công khắc chi.\n夏 六 月 𤤻 師 . [5a*2*16]\nHạ, lục nguyệt, ban sư.\n秋 七 月 帝 還 自 占 成 獻 俘 于 太 廟 改 元 神 武 元 年 . [5a*3*3]\nThu thất nguyệt, đế hoàn tự Chiêm Thành, hiến phu vu Thái Miếu, cải nguyên Thần Vũ nguyên niên.\n制 矩 請 以 地 哩 麻 令 布 政 三 州 贖 罪 . [5a*4*3]\nChế Củ thỉnh dĩ Địa Lí, Ma Linh, Bố Chính tam châu thục tội.\n許 之 放 制 矩 還 國 地 哩 廣 南 . [5a*4*17]\nHứa chi, Phóng Chế Củ hoàn quốc [Địa Lí Quảng Nam].\n今 冬 十 月 丁 丑 翳 夾 日 . [5a*5*9]\nkim Đông, thập nguyệt, Đinh Sửu, ế giáp nhật.\n庚 戌 神 武 二 年 宋 熙 寕 三 年 . [5a*6*1]\nCanh Tuất, Thần Vũ nhị niên, [Tống Hi Ninh tam niên].\n春 造 紫 宸 殿 . [5a*6*12]\nXuân, tạo Tử Thần điện.\n夏 四 月 旱 發 厙 粟 錢 帛 賑 貧 民 . [5a*6*18]\nHạ, tứ nguyệt, hạn, phát khố túc, tiền bạch, chẩn bần dân.\n秋 八 月 脩 文 廟 塑 孔 子 周 公 及 四 配 像 畵 七 十 二 賢 像 四 時 享 祀 . [5a*7*9]\nThu, bát nguyệt, tu Văn Miếu, tố Khổng Tử, Chu Công cập Tứ phối tượng, hoạ Thất thập nhị hiền tượng, tứ thời hưởng tự.\n皇 太 臨 學 焉 . [5a*8*16]\nHoàng thái tử lâm học yên.\n",
    "url": "/data/image_dvsk/ban_ky_toan_thu/quyen3/DVSKTT_ban_toan_III_5a.jpg"
  },
  {
    "text": "辛 亥 三 年 宋 熙 寕 四 年 . [5b*1*1]\nTân Hợi, tam niên [Tống Hi Ninh tứ niên].\n春 正 月 帝 書 𫢋 字 碑 長 丈 有 六 尺 留 于 僊 遊 寺 . [5b*1*10]\nXuân, chính nguyệt đế thư \"Phật\" tự bi, trường trượng hữu lục xích, lưu vu Tiên Du tự.\n自 春 至 夏 不 雨 . [5b*2*7]\nTự Xuân chí hạ bất vũ.\n占 城 來 貢 . [5b*2*13]\nChiêm Thành lai cống.\n定 贖 罪 錢 有 差 . [5b*3*1]\nĐịnh thục tội tiền hữu sai.\n東 十 二 月 帝 不 豫 . [5b*3*7]\nĐông, thập nhị nguyệt, đế bất dự.\n詔 有 司 誤 入 官 職 都 左 右 廊 者 杖 八 十 . [5b*3*14]\nChiếu Hữu ti ngộ nhập quan chức đô tả hữu lang giả, trượng bát thập.\n壬 子 四 年 正 月 元 年 . [5b*5*1]\nNhâm Tí, tứ niên [Chính nguyệt nguyên niên.\n以 後 仁 宋 太 寕 宋 熙 寕 五 年 . [5b*5*9]\ndĩ hậu, Nhân Tông, Thái Ninh Tống Hi Ninh ngũ niên].\n春 正 月 庚 寅 帝 崩 于 會 僊 殿 . [5b*5*20]\nXuân, chính nguyệt, Canh Dần, đế băng vu Hội Tiên điện.\n上 尊 號 曰 應 天 崇 仁 至 道 威 慶 龍 祥 明 文 睿 武 孝 德 聖 神 皇 帝 廟 號 聖 宗 . [5b*6*5]\nThượng tôn hiệu viết Ứng Thiên Sùng Nhân Chí Đạo Uy Khánh Long Tường Minh Văn Duệ Vũ Hiếu Đức Thánh Thần Hoàng Đế, miếu hiệu Thánh Tông.\n史 臣 吳 士 連 曰 恤 刑 仁 民 王 正 之 所 先 . [5b*8*1]\nSử thần Ngô Sĩ Liên viết: \"Tuất hình nhân dân, vương chính chi sở tiên.\n聖 宗 慮 夫 囹 圄 囚 人 或 有 無 辜 因 飢 寒 而 至 死 也 則 發 . [5b*8*16]\nThánh Tông lự phu linh ngữ tù nhân, hoặc hữu vô cô nhân cơ hàn nhi chí tử dã, tắc phát..\n",
    "url": "/data/image_dvsk/ban_ky_toan_thu/quyen3/DVSKTT_ban_toan_III_5b.jpg"
  },
  {
    "text": "級 衾 席 飲 食 使 養 其 生 慮 夫 刑 獄 官 吏 或 有 家 貧 因 鬻 而 受 賂 也 則 增 級 俸 錢 食 物 使 富 其 家 . [6a*1*1]\ncấp khâm tịch ẩm thực sử dưỡng kì sinh; lự phu hình ngục quan lại, hoặc hữu gia bần nhân chúc nhi thụ lộ dã, tắc tăng cấp bổng tiền thực vật sử phú kì gia.\n慮 民 之 乏 食 也 則 下 勸 農 之 詔 遭 歲 之 大 旱 也 則 出 賑 貧 之 令 始 終 一 心 皆 出 於 誠 . [6a*3*1]\nLự dân chi phạp thực dã, tắc hạ khuyến nông chi chiếu; tao tuế chi đại hạn dã, tắc xuất chẩn bần chi lệnh, thuỷ chung nhất tâm giai xuất ư thành.\n况 又 崇 道 𭓇 明 制 度 文 事 駸 駸 乎 内 󰁮 矣 南 平 占 北 伐 宋 武 威 赫 赫 乎 外 揚 矣 . [6a*4*15]\nHuống hựu sùng đạo học, minh chế độ, văn sự xâm xâm hồ nội cử hĩ; nam bình Chiêm; bắc phạt Tống, vũ uy hách hách hồ ngoại dương hĩ.\n雖 他 小 有 過 舉 亦 不 失 爲 賢 君 . [6a*6*9]\nTuy tha tiểu hữu quá cử, diệc bất thất vi hiền quân.\n或 曰 仁 柔 有 餘 剛 斷 不 足 愚 未 見 其 然 也 . [6a*7*3]\nHoặc viết nhân nhu hữu dư, cương đoạn bất túc, ngu vị kiến kì nhiên dã\".\n皇 太 子 乾 德 即 位 于 柩 前 改 元 太 寕 元 年 . [6a*8*1]\nHoàng thái tử Càn Đức tức vị vu cữu tiền, cải nguyên Thái Ninh nguyên niên.\n時 方 七 歲 尊 生 母 倚 蘭 元 妃 爲 皇 太 妃 嫡 母 上 陽 太 后 . [6a*8*17]\nThời phương thất tuế, tôn sinh mẫu Ỷ Lan nguyên phi vi Hoàng thái phi, đích mẫu Thượng Dương thái hậu..\n",
    "url": "/data/image_dvsk/ban_ky_toan_thu/quyen3/DVSKTT_ban_toan_III_6a.jpg"
  }
]