[
  {
    "text": "氏 爲 皇 太 后 垂 簾 同 聽 政 太 師 李 道 成 夾 輔 之 . [6b*1*1]\nDương thị vi Hoàng thái hậu, thuỳ liêm đồng thính chính, Thái sư Lí Đạo Thành giáp phụ chi.\n夏 四 月 八 日 帝 視 浴 佛 . [6b*2*1]\nHạ, tứ nguyệt, bát nhật, đế thị dục phật.\n初 御 天 安 殿 視 朝 . [6b*2*10]\nSơ ngự Thiên An điện thị triều.\n赦 都 護 府 囚 . [6b*3*1]\nXá đô hộ phủ tù.\n仁 宗 皇 帝 諱 乾 德 聖 宗 長 子 也 其 母 灵 仁 太 后 以 龍 章 天 嗣 元 年 丙 午 正 月 二 十 五 日 誕 生 後 日 立 爲 皇 太 子 聖 宗 崩 遂 即 皇 帝 位 在 位 五 十 六 年 壽 六 十 三 歲 崩 于 永 光 殿 神 武 睿 智 帝 日 角 龍 顔 手 垂 過 膝 明 哲 仁 大 畏 小 懷 神 助 人 應 通 音 律 製 樂 𰙔 俗 臻 富 庶 身 𦤶 太 平 爲 李 朝 之 盛 主 惜 其 慕 浮 屠 好 祥 瑞 爲 盛 德 之 累 耳 癸 丑 太 寕 二 年 宋 熙 寕 六 年 . [6b*4*1]\nNhân Tông Hoàng Đế [Huý Càn Đức, Thánh Tông trưởng tử dã, kì mẫu Linh Nhân Thái hậu, dĩ Long Chương Thiên Tự nguyên niên, Bính Ngọ chính nguyệt nhị thập ngũ nhật đản sinh, hậu nhật lập vi Hoàng thái tử. Thánh Tông băng, toại tức Hoàng đế vị, tại vị ngũ thập lục niên, thọ lục thập tam tuế, băng vu Vĩnh Quang điện. thần vũ, duệ trí, Đế nhật giác, long nhan, thủ thuỳ quá tất, minh triết nhân, đại uý tiểu hoài, thần trợ nhân ứng, thông âm luật, chế nhạc ca, tục trăn phú thứ, thân trí thái bình, vi Lí triều chi thịnh chúa. Tích kì mộ Phù đồ, hiếu tường thuỵ, vi thịnh đức chi luỵ nhĩ. Quý Sửu, Thái Ninh nhị niên [Tống Hi Ninh lục niên].\n時 滛 雨 迎 法 雲 佛 赴 京 祈 晴 . [6b*8*12]\nThời dâm vũ, nghênh Pháp Vân phật phó Kinh kì tình.\n祀 傘 圓 山 神 . [6b*9*2]\nTự Tản Viên sơn thần.\n幽 皇 太 后 楊 氏 尊 皇 太 妃 爲 靈 . [6b*9*7]\nU Hoàng thái hậu Dương thị, tôn Hoàng thái phi vi Linh..\n",
    "url": "/data/image_dvsk/ban_ky_toan_thu/quyen3/DVSKTT_ban_toan_III_6b.jpg"
  },
  {
    "text": "仁 皇 太 后 . [7a*1*1]\nNhân hoàng thái hậu.\n靈 仁 性 嫉 妬 以 生 母 不 得 預 政 因 訴 于 帝 曰 老 母 劬 勞 以 有 今 日 而 今 富 貴 他 人 是 居 將 置 老 母 於 何 地 . [7a*1*5]\nLinh Nhân tính tật đố, dĩ sinh mẫu bất đắc dự chính, nhân tố vu đế viết: \"Lão mẫu cù lao dĩ hữu kim nhật, nhi kim phú quý tha nhân thị cư, tương trí lão mẫu ư hà địa\".\n帝 乃 幽 楊 太 后 及 侍 女 七 十 六 人 于 上 陽 宫 逼 令 殉 于 聖 宗 陵 . [7a*3*7]\nĐế nãi u Dương thái hậu cập thị nữ thất thập lục nhân vu Thượng Dương cung, bức lệnh tuẫn vu Thánh Tông lăng.\n史 神 吳 士 連 曰 仁 宗 仁 孝 靈 仁 崇 佛 何 至 殺 嫡 后 虐 無 辜 殘 忍 若 是 哉 盖 嫉 妬 婦 人 之 情 况 又 生 母 不 得 預 政 . [7a*5*1]\nSử thần Ngô Sĩ Liên viết: \"Nhân Tông nhân hiếu, Linh Nhân sùng Phật, hà chí sát đích hậu, ngược vô cô, tàn nhẫn nhược thị tai? Cái tật đố phụ nhân chi tình, huống hựu sinh mẫu bất đắc dự chính.\n靈 仁 雖 賢 𡸈 䏻 忍 耐 得 故 訴 于 帝 . [7a*7*7]\nLinh Nhân tuy hiền, khởi năng nhẫn nại đắc thử, cố tố vu đế.\n帝 時 幼 冲 惟 以 順 母 心 爲 悅 而 不 知 其 過 之 大 也 . [7a*8*3]\nĐế thời ấu xung, duy dĩ thuận mẫu tâm vi duyệt, nhi bất tri kì quá chi đại dã.\n太 師 李 道 成 之 出 鎮 于 外 安 知 不 因 言 . [7a*9*4]\nThái sư Lí Đạo Thành chi xuất trấn vu ngoại, an tri bất nhân ngôn..\n",
    "url": "/data/image_dvsk/ban_ky_toan_thu/quyen3/DVSKTT_ban_toan_III_7a.jpg"
  },
  {
    "text": "此 耶 . [7b*1*1]\nthử da?\".\n宋 封 帝 爲 交 趾 郡 王 . [7b*2*1]\nTống phong đế vi Giao Chỉ Quận Vương.\n太 師 李 道 成 以 左 諫 議 大 夫 出 知 乂 安 州 . [7b*2*9]\nThái sư Lí Đạo Thành dĩ Tả gián nghị đại phu xuất tri nghệ An châu.\n道 成 於 本 州 王 聖 廟 内 立 地 藏 院 中 安 佛 像 及 聖 宗 位 號 晨 昏 奉 事 焉 . [7b*3*8]\nĐạo Thành ư bản châu Vương Thánh miếu, nội lập Địa Tạng viện, trung an Phật tượng cập Thánh Tông vị hiệu, thần hôn phụng sự yên.\n史 臣 吳 士 連 曰 道 成 同 姓 大 臣 方 居 聖 宗 䘮 因 事 出 鎮 于 外 其 感 念 先 帝 盖 真 情 也 因 托 𫢋 以 事 帝 特 一 時 所 爲 之 事 者 爾 . [7b*5*1]\nSử thần Ngô Sĩ Liên viết: \"Đạo Thành đồng tính đại thần, phương cư Thánh Tông tang nhân sự xuất trấn vu ngoại, kì cảm niệm tiên đế cái chân tình dã, nhân thác Phật dĩ sự đế, đặc nhất thời sở vi chi sự giả nhĩ.\n後 之 鎮 乂 安 者 遂 以 爲 奉 事 聖 宗 之 所 終 李 朝 之 世 莫 以 爲 非 . [7b*7*12]\nHậu chi trấn Nghệ An giả, toại dĩ vi phụng sự Thánh Tông chi sở, chung Lí triều chi thế mạc dĩ vi phi.\n夫 君 不 祭 於 臣 僕 父 不 祭 於 支 庶 况 又 與 夷 爲 侣 . [7b*8*18]\nPhù quân bất tế ư thần bộc, phụ bất tế ư chi thứ, huống hựu dữ Di vi lữ..\n",
    "url": "/data/image_dvsk/ban_ky_toan_thu/quyen3/DVSKTT_ban_toan_III_7b.jpg"
  },
  {
    "text": "哉 . [8a*1*1]\ntai.\n盖 李 朝 崇 佛 之 過 也 . [8a*1*2]\nCái Lí triều sùng Phật chi quá dã\".\n甲 寅 三 年 宋 熙 寕 七 年 . [8a*2*1]\nGiáp Dần, tam niên [Tống Hi Ninh thất niên].\n春 有 白 雀 集 于 禁 庭 . [8a*2*10]\nXuân hữu bạch tước tập vu cấm đình.\n占 城 復 擾 邊 . [8a*2*19]\nChiêm Thành phục nhiễu biên.\n以 李 道 成 爲 太 傅 平 章 軍 國 重 事 . [8a*3*3]\nDĩ Lí Đạo Thành vi Thái phó bình chương quân quốc trọng sự.\n詔 功 臣 年 八 十 者 皆 賜 几 杖 入 朝 . [8a*3*16]\nChiếu công thần niên bát thập giả, giai tứ kỷ trượng nhập triều.\n乙 卯 四 年 宋 熙 寕 八 年 . [8a*5*1]\nẤt Mão, tứ niên [Tống Hi Ninh bát niên].\n春 二 月 詔 選 明 經 博 𭓇 及 試 儒 𭓇 三 場 . [8a*5*10]\nXuân, nhị nguyệt, chiếu tuyển Minh kinh bác học cập thí Nho học tam trường.\n黎 文 盛 中 選 進 侍 帝 𭓇 . [8a*6*4]\nLê Văn Thịnh trúng tuyển, tiến thị đế học.\n宋 王 安 石 秉 政 上 言 以 爲 我 國 爲 占 城 所 破 . [8a*6*13]\nTống Vương An Thạch bỉnh chính, thượng ngôn dĩ vi ngã quốc vi Chiêm Thành sở phá.\n餘 眾 不 满 萬 人 可 計 取 之 . [8a*7*12]\nDư chúng bất mãn vạn nhân, khả kế thủ chi.\n宋 命 沈 起 劉 彛 知 桂 州 漸 起 蠻 峒 兵 繕 舟 船 習 水 戦 禁 州 縣 不 與 我 國 貿 易 . [8a*8*3]\nTống mệnh Thẩm Khởi, Lưu Di tri Quế Châu, tiềm khởi Man động binh, thiện chu thuyền tập thuỷ chiến, cấm châu huyện bất dữ ngã quốc mậu dịch.\n帝 知 之 命 李 常 傑 . [8a*9*13]\nĐế tri chi, mệnh Lí Thường Kiệt,..\n",
    "url": "/data/image_dvsk/ban_ky_toan_thu/quyen3/DVSKTT_ban_toan_III_8a.jpg"
  },
  {
    "text": "宗 亶 領 兵 十 餘 萬 擊 之 . [8b*1*1]\nTông Đản lĩnh binh thập dư vạn kích chi.\n水 步 並 進 . [8b*1*10]\nThuỷ bộ tịnh tiến.\n常 傑 陷 欽 廉 等 州 亶 圍 邕 州 宋 廣 西 都 監 張 守 節 將 兵 來 救 . [8b*1*14]\nThường Kiệt hãm Khâm Liêm đẳng châu; Đản vi Ung Châu, Tống Quảng Tây Đô giám Trương Thủ Tiết tương binh lai cứu.\n常 傑 迎 擊 於 崑 崙 關 今 明 廣 西 大 南 寕 府 是 破 之 斬 守 節 于 陣 . [8b*2*18]\nThường Kiệt nghênh kích ư Côn Lôn quan [Kim Minh Quảng Tây đại Nam Ninh phủ thị] phá chi, trảm Thủ Tiết vu trận.\n知 邕 州 蘇 緘 固 守 不 下 . [8b*3*23]\nTri Ung Châu Tô Giám cố thủ bất hạ.\n我 軍 攻 之 四 十 餘 日 囊 土 傳 城 而 登 城 . [8b*4*9]\nNgã quân công chi tứ thập dư nhật, nang thổ truyền thành nhi đăng thành.\n遂 陷 . [8b*5*5]\nToại hãm.\n緘 令 其 家 属 三 十 六 人 先 死 藏 屍 於 坎 中 縱 火 自 焚 死 . [8b*5*7]\nGiám lệnh kì gia thuộc tam thập lục nhân tiên tử, tàng thi ư khảm trung, túng hoả tự phần tử.\n城 中 感 緘 恩 義 無 一 人 降 者 盡 屠 五 萬 八 千 餘 人 并 欽 廉 州 死 亡 者 幾 十 餘 萬 人 . [8b*6*9]\nThành trung cảm Giám ân nghĩa, vô nhất nhân hàng giả, tận đồ ngũ vạn bát thiên dư nhân, tịnh Khâm, Liêm Châu tử vong giả kỷ thập dư vạn nhân.\n常 傑 等 俘 虜 三 州 人 而 還 . [8b*8*2]\nThường Kiệt đẳng phù lỗ tam châu nhân nhi hoàn.\n宋 帝 贈 緘 奉 國 軍 節 度 使 諡 忠 勇 賜 京 城 甲 第 一 區 上 田 十 頃 官 其 親 . [8b*8*12]\nTống đế tặng Giám Phụng quốc quân tiết độ sứ, thuỵ Trung Dũng, tứ kinh thành giáp đệ nhất khu, thượng điền thập khoảnh, quan kì thân..\n",
    "url": "/data/image_dvsk/ban_ky_toan_thu/quyen3/DVSKTT_ban_toan_III_8b.jpg"
  },
  {
    "text": "族 七 人 以 其 子 元 爲 閤 門 祗 候 . [9a*1*1]\ntộc thất nhân, dĩ kì tử Nguyên vi Cáp môn chi hậu.\n史 臣 吳 士 連 曰 宋 諡 蘇 緘 以 忠 勇 亦 足 以 彰 李 常 傑 之 忠 勇 也 𡸈 可 以 夙 沙 例 視 之 哉 秋 八 月 庚 寅 朔 日 食 . [9a*2*1]\nSử thần Ngô Sĩ Liên viết: \"Tống thuỵ Tô Giám dĩ Trung Dũng, diệc túc dĩ chương Lí Thường Kiệt chi Trung Dũng dã, khởi khả dĩ Túc Sa lệ thị chi tai?\" Thu, bát nguyệt, Canh Dần sóc, nhật thực.\n命 李 常 傑 總 諸 軍 伐 占 城 不 克 . [9a*4*9]\nMệnh Lí Thường Kiệt tổng chư quân phạt Chiêm Thành, bất khắc.\n常 傑 乃 畫 布 政 地 哩 麻 令 三 州 山 水 刑 势 爲 圖 而 還 . [9a*5*3]\nThường Kiệt nãi hoạ Bố Chính, Địa Lí, Ma Linh tam châu sơn thuỷ hình thế vi đồ nhi hoàn.\n改 地 哩 爲 臨 平 州 麻 令 爲 明 令 州 招 民 居 之 . [9a*6*4]\nCải Địa Lí vi Lâm Bình châu, Ma Linh vi Minh Linh châu, chiêu dân cư chi.\n拜 常 傑 爲 太 尉 . [9a*7*2]\nBái Thường Kiệt vi Thái uý.\n丙 辰 五 年 四 月 元 年 以 後 英 武 昭 勝 宋 熙 寕 九 年 . [9a*8*1]\nBính Thìn, ngũ niên [Tứ nguyệt nguyên niên. dĩ hậu, Anh Vũ Chiêu Thắng Tống HI Ninh cửu niên].\n春 三 月 宋 令 廣 南 宣 撫 郭 逵 爲 招 討 使 趙 卨 副 之 總 九 將 軍 合 占 城 . [9a*8*20]\nXuân, tam nguyệt, Tống lệnh Quảng Nam tuyên phủ Quách Quỳ vi Chiêu thảo sứ, Triệu Tiết phó chi, tổng cửu tướng quân hợp Chiêm Thành..\n",
    "url": "/data/image_dvsk/ban_ky_toan_thu/quyen3/DVSKTT_ban_toan_III_9a.jpg"
  },
  {
    "text": "真 臘 來 侵 . [9b*1*1]\nChân Lạp lai xâm.\n帝 命 李 常 傑 領 兵 逆 擊 至 銣 月 江 大 破 之 . [9b*1*5]\nĐế mệnh Lí Thường Kiệt lĩnh binh nghịch kích, chí Như Nguyệt giang đại phá chi.\n宋 兵 死 者 千 餘 人 . [9b*2*2]\nTống binh tử giả thiên dư nhân.\n郭 逵 退 復 取 我 廣 原 州 . [9b*2*9]\nQuách Quỳ thoái, phục thủ ngã Quảng Nguyên châu.\n世 傳 常 傑 沿 江 築 柵 固 守 一 夜 軍 士 忽 於 張 將 軍 祠 中 聞 髙 聲 曰 南 國 山 河 南 帝 居 截 然 分 定 在 天 書 . [9b*2*18]\n[Thế truyền Thường Kiệt duyên giang trúc sách cố thủ. Nhất dạ quân sĩ hốt ư Trương tướng quân từ trung văn cao thanh viết: Nam quốc sơn hà nam đế cư, Tiệt nhiên phận định tại thiên thư.\n如 何 逆 虜 來 侵 犯 汝 等 行 看 取 敗 虚 既 而 果 然 張 將 軍 兄 弟 二 人 兄 名 呌 弟 名 喝 皆 趙 越 王 之 名 將 越 王 爲 李 南 帝 所 敗 而 失 國 南 帝 召 而 官 之 二 人 曰 忠 臣 不 事 害 主 之 君 乃 迯 匿 于 扶 龍 山 南 帝 屢 召 不 應 令 日 󰱟 得 首 級 重 賞 千 金 二 人 皆 飲 毒 卒 吳 南 晋 討 西 龍 州 李 暉 賊 軍 次 扶 蘭 口 󰧵 見 二 人 從 助 王 師 云 千 帝 憐 其 忠 臣 不 二 補 灘 河 龍 君 副 巡 武 諒 二 江 之 曼 原 巡 江 都 副 使 賊 平 吳 南 晋 封 兄 爲 大 當 江 都 護 國 神 王 祠 于 如 月 江 口 弟 爲 小 當 江 都 護 國 神 王 祠 于 南 軍 江 口 即 其 祠 也 . [9b*3*36]\nNhư hà nghịch lỗ lai xâm phạm, Nhữ đẳng hành khan thủ bại hư. Ký nhi quả nhiên. Trương tướng quân huynh đệ nhị nhân, huynh danh Khiếu, đệ danh Hát, giai Triệu Việt Vương chi danh tướng. Việt Vương vi Lí Nam Đế sở bại nhi thất quốc. Nam Đế triệu nhi quan chi, nhị nhân viết: \"Trung thần bất sự hại chủ chi quân\". Nãi đào nặc vu Phù Long sơn, Nam Đế lũ triệu bất ứng, lệnh nhật cấu đắc thủ cấp trọng thưởng thiên kim. Nhị nhân giai ẩm độc tốt. Ngô Nam Tấn thảo Tây Long châu Lí Huy tặc, quân thứ Phù Lan khẩu, mộng kiến nhị nhân tòng trợ vương, sư, vân thiên đế lân kì trung thần bất nhị, bổ \"Than hà Long quân phó tuần Vũ Lạng nhị giang\", \"Chi mạn nguyên tuần\n",
    "url": "/data/image_dvsk/ban_ky_toan_thu/quyen3/DVSKTT_ban_toan_III_9b.jpg"
  },
  {
    "text": "擢 賢 良 有 文 武 才 者 命 𬋩 軍 民 . [10a*1*1]\nTrạc hiền lương hữu văn vũ tài giả, mệnh quản quân dân.\n選 文 職 官 員 識 字 者 入 國 子 監 . [10a*1*13]\nTuyển văn chức quan viên, thức tự giả nhập Quốc tử giám.\n丁 巳 英 武 昭 勝 二 年 宋 熙 寕 二 年 . [10a*3*1]\nĐinh Tị, Anh Vũ Chiêu Thắng nhị niên [Tống Hi Ninh nhị niên].\n春 設 仁 王 會 于 天 安 殿 . [10a*3*14]\nXuân, thiết Nhân Vương hội vu Thiên An điện.\n二 月 試 吏 員 以 書 筭 刑 律 . [10a*4*2]\nNhị nguyệt, thí lại viên dĩ thư toán hình luật.\n三 月 又 大 舉 伐 宋 欽 廉 州 聲 言 宋 行 青 苗 役 法 殘 害 中 國 民 興 師 問 之 欲 相 救 也 . [10a*4*12]\nTam nguyệt, hựu đại cử phạt Tống Khâm Liêm châu, thanh ngôn Tống hành thanh miêu dịch pháp, tàn hại Trung Quốc dân, hưng sư vấn chi dục tương cứu dã.\n冬 十 二 月 宋 趙 卨 來 侵 不 克 乃 還 . [10a*6*7]\nĐông, thập nhị nguyệt, Tống Triệu Tiết lai xâm, bất khắc nãi hoàn.\n戊 午 三 年 宋 元 豊 元 年 . [10a*8*1]\nMậu Ngọ, tam niên [Tống Nguyên Phong nguyên niên].\n〇 正 月 修 治 大 羅 城 . [10a*8*10]\nXuân, chính nguyệt, tu trị Đại La thành.\n遣 陶 宗 元 遺 馴 象 五 于 宋 請 還 廣 原 蘇 荗 等 州 及 所 掠 人 . [10a*8*19]\nKhiển Đào Tông Nguyên di thuần tượng ngũ vu Tống, thỉnh hoàn Quảng Nguyên, Tô Mậu đẳng châu cập sở lược nhân..\n",
    "url": "/data/image_dvsk/ban_ky_toan_thu/quyen3/DVSKTT_ban_toan_III_10a.jpg"
  },
  {
    "text": "民 . [10b*1*1]\ndân.\n己 未 四 年 宋 元 豊 二 年 . [10b*2*1]\nKỉ Mùi, tứ niên [Tống Nguyên Phong nhị niên].\n諒 州 献 白 象 . [10b*2*10]\nLạng châu hiến bạch tượng.\n雨 雹 . [10b*2*16]\nVũ bạo.\n大 熟 . [10b*2*18]\nĐại thục.\n宋 以 順 州 歸 我 即 廣 元 宋 改 順 州 . [10b*3*1]\nTống dĩ Thuận Châu quy ngã [Tức Quảng Nguyên, Tống cải Thuận Châu].\n庚 申 五 年 宋 元 豊 三 年 . [10b*4*1]\nCanh Thân, ngũ niên [Tống Nguyên Phong tam niên].\n春 二 月 鑄 洪 鐘 于 延 祐 寺 . [10b*4*10]\nXuân, nhị nguyệt, chú hồng chung vu Diên Hựu tự.\n鐘 成 撞 之 不 鳴 以 其 成 噐 不 可 銷 毀 乃 廢 置 于 寺 之 龜 田 . [10b*4*21]\nChung thành, chàng chi bất minh, dĩ kì thành khí bất khả tiêu huỷ, nãi phế trí vu tự chi Quy Điền.\n其 田 畢 濕 多 産 龜 寺 人 爲 之 龜 田 鍾 秋 八 月 甘 露 降 帝 觀 兢 舟 . [10b*6*2]\nKì điền tất thấp, đa sản quy tự, nhân vị chi Quy Điền chung Thu, bát nguyệt, cam lộ giáng, đế quan cạnh chu.\n辛 酉 六 年 宋 元 豊 四 年 . [10b*8*1]\nTân Dậu, lục niên [Tống Nguyên Phong tứ niên].\n春 日 有 重 光 . [10b*8*10]\nXuân, nhật hữu trùng quang.\n歸 所 獲 邕 欽 廉 三 州 人 兵 于 宋 以 廣 原 等 州 還 我 故 也 . [10b*8*16]\nQuy sở hoạch Ung Khâm Liêm tam châu nhân binh vu Tống, dĩ Quảng Nguyên đẳng châu hoàn ngã cố dã.\n冬 十 月 太 . [10b*9*15]\nĐông, thập nguyệt, Thái..\n",
    "url": "/data/image_dvsk/ban_ky_toan_thu/quyen3/DVSKTT_ban_toan_III_10b.jpg"
  },
  {
    "text": "師 李 道 成 卒 . [11a*1*1]\nsư Lí Đạo Thành tốt.\n壬 戌 七 年 宋 元 豊 五 年 . [11a*2*1]\nNhâm Tuất, thất niên [Tống Nguyên Phong ngũ niên].\n春 以 欽 聖 公 主 嫁 渭 龍 州 牧 何 彛 慶 . [11a*2*10]\nXuân, dĩ Khâm Thánh công chúa giá Vị Long châu mục Hà Di Khánh.\n癸 亥 八 年 宋 元 豊 六 年 . [11a*4*1]\nQuý Hợi, bát niên [Tống Nguyên Phong lục niên].\n春 帝 親 閲 黃 男 定 爲 三 等 . [11a*4*10]\nXuân, đế thân duyệt hoàng nam, định vi tam đẳng.\n黃 龍 飛 自 紫 宸 殿 至 會 龍 殿 . [11a*4*21]\nHoàng long phi tự Tử Thần điện chí Hội Long điện.\n甲 子 九 年 宋 元 豊 七 年 . [11a*6*1]\nGiáp Tí, cửu niên [Tống Nguyên Phong thất niên].\n夏 六 月 遣 兵 部 侍 郎 黎 文 盛 如 永 平 寨 與 宋 議 疆 事 . [11a*6*10]\nHạ, lục nguyệt, khiển Binh bộ thị lang Lê Văn Thịnh như Vĩnh Bình trại, dữ Tống nghị cương sự.\n詔 天 夏 造 瓦 盖 屋 . [11a*7*9]\nChiếu thiên hạ tạo ngoã cái ốc.\n定 邊 界 . [11a*7*16]\nĐịnh biên giới.\n宋 以 六 縣 三 洞 還 我 . [11a*8*2]\nTống dĩ lục huyện tam động hoàn ngã.\n宋 人 有 詩 云 因 貪 交 趾 象 却 失 廣 原 金 . [11a*8*10]\nTống nhân hữu thi vân \"Nhân tham Giao Chỉ tượng, Khước thất Quảng Nguyên kim\".\n",
    "url": "/data/image_dvsk/ban_ky_toan_thu/quyen3/DVSKTT_ban_toan_III_11a.jpg"
  },
  {
    "text": "乙 丑 廣 祐 元 年 宋 元 豊 八 年 . [11b*1*1]\nẤt Sửu, Quảng Hựu nguyên niên [Tống Nguyên Phong bát niên].\n以 黎 文 盛 爲 太 師 . [11b*1*12]\nDĩ Lê Văn Thịnh vi Thái sư.\n時 天 下 無 事 皇 后 遍 遊 山 川 意 欲 𦥷 建 寺 㙮 . [11b*1*20]\nThời thiên hạ vô sự, Hoàng hậu biến du sơn xuyên, ý dục hưng kiến tự tháp.\n丙 寅 二 年 宋 哲 宗 煦 元 祐 元 年 . [11b*3*1]\nBính Dần, nhị niên [Tống Triết Tông Hú, Nguyên Hựu nguyên niên].\n春 阮 遠 献 六 足 龜 背 上 有 圖 書 . [11b*3*13]\nXuân Nguyễn Viễn hiến lục túc quy, bội thượng hữu đồ thư.\n秋 八 月 試 天 下 有 文 𭓇 者 充 翰 林 院 官 莫 顯 績 中 選 除 翰 林 𭓇 士 . [11b*4*2]\nThu, bát nguyệt, thí thiên hạ hữu văn học giả, sung Hàn lâm viện quan, Mạc Hiển Tích trúng tuyển, trừ Hàn lâm học sĩ.\n造 大 覧 山 寺 . [11b*5*9]\nTạo Đại Lãm sơn tự.\n丁 卯 二 年 宋 元 祐 二 年 . [11b*6*1]\nĐinh Mão, nhị niên [Tống Nguyên Hựu nhị niên].\n春 三 月 造 秘 書 閣 . [11b*6*10]\nXuân, tam nguyệt, tạo Bí thư các.\n宋 封 帝 爲 南 平 王 . [11b*6*18]\nTống phong đế vi Nam Bình Vương.\n冬 十 月 帝 幸 覧 山 寺 . [11b*7*4]\nĐông, thập nguyệt, đế hạnh Lãm Sơn tự.\n夜 宴 群 臣 親 製 覧 山 夜 宴 詩 二 章 . [11b*7*12]\nDạ yến quần thần, thân chế Lãm Sơn dạ yến thi nhị chương.\n戊 辰 四 年 宋 元 祐 三 年 . [11b*9*1]\nMậu Thìn, tứ niên [Tống Nguyên Hựu tam niên].\n春 正 月 封 僧 枯 頭 爲 國 師 或 云 揚 之 . [11b*9*10]\nXuân, chính nguyệt, phong Tăng Khô đầu vi Quốc sư [Hoặc vân dương chi..\n",
    "url": "/data/image_dvsk/ban_ky_toan_thu/quyen3/DVSKTT_ban_toan_III_11b.jpg"
  },
  {
    "text": "節 鉞 與 宰 臣 並 立 殿 上 處 斷 天 下 事 務 詞 訟 未 必 有 也 盖 以 是 時 仁 宗 崇 𫢋 封 爲 國 師 詢 以 國 事 如 黎 大 行 之 於 吳 匡 越 爾 . [12a*1*1]\ntiết việt, dữ Tể thần tịnh lập điện thượng, xử đoán thiên hạ sự vụ từ tụng, vị tất hữu dã, cái dĩ thị thời, Nhân Tông sùng Phật, phong vi Quốc sư tuân dĩ quốc sự, như Lê Đại Hành chi ư Ngô Khuông Việt nhĩ].\n置 十 火 書 家 . [12a*2*10]\nTrí thập hoả thư gia.\n定 天 下 寺 爲 大 中 小 名 藍 以 文 官 貴 職 兼 提 舉 . [12a*2*16]\nĐịnh thiên hạ tự vi đại trung tiểu danh lam, dĩ văn quan quý chức kiêm đề cử.\n時 寺 有 田 奴 庫 物 故 也 . [12a*3*12]\nThời tự hữu điền nô khố vật, cố dã.\n冬 十 月 作 覧 山 寺 㙮 . [12a*4*2]\nĐông thập nguyệt, tác Lãm Sơn tự tháp.\n己 巳 五 年 宋 元 祐 四 年 . [12a*5*1]\nKỉ Tị, ngũ niên [Tống Nguyên Hựu tứ niên].\n春 三 月 定 文 武 及 從 官 雜 流 等 職 . [12a*5*10]\nXuân, tam nguyệt, định văn vũ cập tòng quan tạp lưu đẳng chức.\n宋 兵 入 石 犀 州 . [12a*6*2]\nTống binh nhập Thạch Tê châu.\n浚 冷 涇 川 . [12a*6*8]\nTuấn Lãnh Kinh xuyên.\n庚 午 六 年 宋 元 祐 五 年 . [12a*7*1]\nCanh Ngọ, lục niên [Tống Nguyên Hựu ngũ niên].\n造 合 歡 宫 . [12a*7*10]\nTạo Hợp Hoan cung.\n辛 未 七 年 宋 元 祐 六 年 . [12a*8*1]\nTân Mùi, thất niên [Tống Nguyên Hựu lục niên].\n春 帝 幸 諒 山 觀 捕 象 . [12a*8*10]\nXuân, đế hạnh Lạng Sơn quan bổ tượng.\n冬 十 一 月 以 何 於 爲 少 尉 知 殿 前 諸 軍 事 . [12a*8*19]\nĐông, thập nhất nguyệt, dĩ Hà Ư vi Thiếu uý tri điện tiền chư quân sự.\n黎 全 義 献 五 . [12a*9*14]\nLê Toàn Nghĩa hiến ngũ..\n",
    "url": "/data/image_dvsk/ban_ky_toan_thu/quyen3/DVSKTT_ban_toan_III_12a.jpg"
  },
  {
    "text": "色 龜 . [12b*1*1]\nsắc quy.\n壬 申 八 年 八 年 . [12b*2*1]\nNhâm Thân, bát niên [Bát niên.\n月 以 侯 會 豊 元 宋 元 祐 七 年 . [12b*2*7]\nnguyệt dĩ hậu, Hội Phong nguyên Tống Nguyên Hựu thất niên].\n秋 八 月 改 元 會 豊 元 年 . [12b*2*18]\nThu, bát nguyệt, cải nguyên Hội Phong nguyên niên.\n大 熟 . [12b*3*2]\nĐại thục.\n定 田 籍 徵 租 每 畝 三 升 級 軍 糧 . [12b*3*4]\nĐịnh điền tịch trưng tô, mỗi mẫu tam thăng cấp quân lương.\n癸 酉 會 豊 二 年 宋 元 祐 八 年 . [12b*4*1]\nQuý Dậu, Hội Phong nhị niên [Tống Nguyên Hựu bát niên].\n優 鉢 曇 花 開 . [12b*4*12]\nƯu bát đàm hoa khai.\n甲 戌 三 年 宋 紹 聖 元 年 . [12b*5*1]\nGiáp Tuất, tam niên [Tống Thiệu Thánh nguyên niên].\n春 正 月 遣 翰 林 𭓇 士 莫 顯 績 使 占 城 責 歲 貢 禮 . [12b*5*10]\nXuân, chính nguyệt, khiển Hàn lâm học sĩ Mạc Hiển Tích sứ Chiêm Thành trách tuế cống lễ.\n夏 四 月 覧 山 寺 㙮 成 . [12b*6*7]\nHạ, tứ nguyệt, Lãm Sơn tự tháp thành.\n乙 亥 四 年 宋 紹 聖 二 年 . [12b*7*1]\nẤt Hợi, tứ niên [Tống Thiệu Thánh nhị niên].\n春 諸 王 入 朝 . [12b*7*10]\nXuân, chư vương nhập triều.\n夏 六 月 大 旱 放 囚 减 免 賍 税 . [12b*7*16]\nHạ, lục nguyệt, đại hạn, phóng tù, giảm miễn tang thuế.\n雨 . [12b*8*6]\nVũ.\n丙 子 五 年 宋 紹 聖 三 年 . [12b*9*1]\nBính Tí, ngũ niên [Tống Thiệu Thánh tam niên].\n春 三 月 黎 文 盛 謀 反 免 死 洮 江 . [12b*9*10]\nXuân, tam nguyệt, Lê Văn Thịnh mưu phản, miễn tử Thao Giang..\n",
    "url": "/data/image_dvsk/ban_ky_toan_thu/quyen3/DVSKTT_ban_toan_III_12b.jpg"
  },
  {
    "text": "安 置 . [13a*1*1]\nan trí.\n時 帝 幸 霪 潭 御 小 舟 觀 魚 . [13a*1*3]\nThời đế hạnh Dâm Đàm, ngự tiểu chu quan ngư.\n忽 有 霧 起 冥 靄 中 聞 有 船 來 橹 聲 戞 戞 帝 以 戈 投 之 . [13a*1*13]\nHốt hữu vụ khởi, minh ái trung văn hữu thuyền lai, lỗ thanh kiết kiết, đế dĩ qua đầu chi.\n須 曳 霧 散 船 中 有 虎 眾 惧 變 色 曰 事 逼 矣 . [13a*2*14]\nTu duệ vụ tan, thuyền trung hữu hổ, chúng cụ biến sắc viết: \"Sự bức hĩ\".\n漁 人 穆 慎 以 綱 霰 之 覆 虎 上 乃 太 師 黎 文 盛 . [13a*3*11]\nNgư nhân Mục Thận dĩ cương tán chi phú hổ thượng, nãi Thái sư Lê Văn Thịnh.\n帝 以 大 臣 有 裨 賛 功 不 忍 殺 流 洮 江 之 寨 頭 . [13a*4*9]\nĐế dĩ Đại thần hữu tì tán công bất nhẫn sát, lưu Thao Giang chi trại đầu.\n賞 穆 慎 官 職 財 物 賜 西 湖 之 地 爲 食 邑 . [13a*5*7]\nThưởng Mục Thận quan chức tài vật, tứ Tây Hồ chi địa vi thực ấp.\n先 是 文 盛 有 大 里 國 奴 䏻 奇 術 故 託 此 欲 行 簒 弑 也 . [13a*6*3]\nTiên thị, Văn Thịnh hữu Đại Lí quốc nô, năng kì thuật, cố thác thử dục hành soán thí dã.\n史 臣 吳 士 連 曰 人 臣 篡 弑 而 免 罪 失 刑 政 矣 盖 帝 崇 佛 之 過 也 . [13a*8*1]\nSử thần Ngô Sĩ Liên viết: \"Nhân thần soán thí nhi miễn tội, thất hình chính hĩ, cái đế sùng Phật chi quá dã\".\n",
    "url": "/data/image_dvsk/ban_ky_toan_thu/quyen3/DVSKTT_ban_toan_III_13a.jpg"
  },
  {
    "text": "丁 丑 六 年 宋 紹 聖 四 年 . [13b*1*1]\nĐinh Sửu, lục niên [Tống Thiệu Thánh tứ niên].\n春 正 月 詔 檢 定 諸 例 倣 依 故 典 . [13b*1*10]\nXuân, chính nguyệt, chiếu kiểm định chư lệ, phỏng y cố điển.\n秋 八 月 星 晝 見 . [13b*2*1]\nThu, bát nguyệt, tinh trú hiện.\n時 天 下 豊 登 太 后 多 興 造 佛 寺 . [13b*2*7]\nThời thiên hạ phong đăng, Thái hậu đa hưng tạo Phật tự.\n戊 寅 七 年 宋 元 符 元 年 . [13b*3*1]\nMậu Dần, thất niên [Tống Nguyên Phù nguyên niên].\n秋 八 月 地 震 . [13b*3*10]\nThu, bát nguyệt, địa chấn.\n彗 星 見 . [13b*3*16]\nTuệ tinh hiện.\n己 卯 八 年 宋 元 符 二 年 . [13b*4*1]\nKỉ Mão, bát niên [Tống Nguyên Phù nhị niên].\n神 龍 降 于 梅 . [13b*4*10]\nThần long giáng vu mai.\n庚 辰 九 年 宋 元 符 三 年 . [13b*5*1]\nCanh Thìn, cửu niên [Tống Nguyên Phù tam niên].\n冬 十 二 月 大 疫 . [13b*5*10]\nĐông, thập nhị nguyệt, đại dịch.\n辛 巳 龍 符 元 年 宋 徽 宗 佶 建 中 靖 國 元 年 . [13b*6*1]\nTân Tị, Long Phù nguyên niên, [Tống Huy Tông Cát Kiến Trung Tịnh Quốc nguyên niên].\n春 正 月 改 元 以 太 尉 李 常 傑 兼 内 侍 判 首 都 押 衙 行 殿 内 外 都 知 事 . [13b*6*17]\nXuân chính nguyệt, cải nguyên, dĩ Thái uý Lí Thường Kiệt kiêm nội thị Phán thủ đô áp nha hành điện nội ngoại đô tri sự.\n修 延 祐 寺 . [13b*8*1]\nTu Diên Hựu tự.\n壬 午 二 年 宋 崇 寧 元 年 . [13b*9*1]\nNhâm Ngọ, nhị niên [Tống Sùng Ninh nguyên niên].\n春 正 月 立 春 日 瑞 雪 降 . [13b*9*10]\nXuân, chính nguyệt, lập xuân, nhật thuỵ tuyết giáng.\n二 月 . [13b*9*20]\nNhị nguyệt,..\n",
    "url": "/data/image_dvsk/ban_ky_toan_thu/quyen3/DVSKTT_ban_toan_III_13b.jpg"
  },
  {
    "text": "大 水 . [14a*1*1]\nđại thuỷ.\n命 皇 后 妃 嬪 齋 戒 設 醮 祈 嗣 . [14a*1*3]\nMệnh hoàng hậu phi tần trai giới thiết tiếu kì tự.\n癸 未 三 年 宋 崇 寧 二 年 . [14a*2*1]\nQuý Mùi, tam niên [Tống Sùng Ninh nhị niên].\n春 太 后 發 内 府 錢 贖 貧 家 女 之 典 命 者 嫁 𩹌 夫 . [14a*2*10]\nXuân, Thái hậu phát nội phủ tiền thục bần gia nữ chi điển mệnh giả, giá quan phu.\n史 臣 吳 士 連 曰 女 貧 而 至 於 雇 賃 男 貧 而 至 於 無 妻 天 下 之 窮 民 也 . [14a*4*1]\nSử thần Ngô Sĩ Liên viết: \"Nữ bần nhi chí ư cố nhẫm, nam bần nhi chí ư vô thê, thiên hạ chi cùng dân dã.\n太 后 爲 之 造 命 亦 仁 政 之 所 施 也 . [14a*5*9]\nThái hậu vi chi tạo mệnh, diệc nhân chính chi sở thí dã\".\n冬 . [14a*7*1]\nĐông.\n十 月 演 州 人 李 覺 謀 反 . [14a*7*2]\nthập nguyệt, Diễn Châu nhân Lí Giác mưu phản.\n初 覺 學 得 其 術 䏻 變 木 爲 人 招 集 亡 賴 據 本 州 築 城 作 亂 . [14a*7*11]\nSơ Giác học đắc kì thuật, năng biến thảo mộc vi nhân, chiêu tập vong lại cứ bản châu, trúc thành tác loạn.\n事 聞 命 李 常 傑 等 討 之 . [14a*8*16]\nSự văn, mệnh Lí Thường Kiệt đẳng thảo chi.\n𮗓 敗 出 亡 占 城 餘 黨 悉 平 . [14a*9*6]\nGiác bại xuất vong Chiêm Thành, dư đảng tất bình.\n占 城 寇 . [14a*9*16]\nChiêm Thành khấu..\n",
    "url": "/data/image_dvsk/ban_ky_toan_thu/quyen3/DVSKTT_ban_toan_III_14a.jpg"
  },
  {
    "text": "邊 . [14b*1*1]\nbiên.\n甲 申 四 年 宋 崇 寕 三 年 . [14b*2*1]\nGiáp Thân, tứ niên [Tống Sùng Ninh tam niên].\n春 二 月 命 李 常 傑 伐 占 城 . [14b*2*10]\nXuân, nhị nguyệt, mệnh Lí Thường Kiệt phạt Chiêm Thành.\n初 李 𮗓 亡 占 城 言 中 國 虚 實 . [14b*2*21]\nSơ Lí Giác vong Chiêm Thành, ngôn trung quốc hư thực.\n占 城 主 制 麻 那 因 之 入 寇 復 取 制 矩 所 献 地 哩 等 三 州 . [14b*3*10]\nChiêm Thành chủ Chế Ma Na nhân chi nhập khấu, phục thủ Chế Củ sở hiến Địa Lí đẳng tam châu.\n至 是 命 李 常 傑 擊 破 之 制 麻 那 復 納 其 地 . [14b*4*12]\nChí thị, mệnh Lí Thường Kiệt kích phá chi, Chế Ma Na phục nạp kì địa.\n三 月 復 定 禁 衞 兵 號 . [14b*5*9]\nTam nguyệt, phục định cấm vệ binh hiệu.\n乙 酉 五 年 宋 崇 寕 四 年 . [14b*6*1]\nẤt Dậu, ngũ niên [Tống Sùng Ninh tứ niên].\n春 祠 髙 禖 . [14b*6*10]\nXuân, từ Cao Môi.\n夏 六 月 太 尉 李 常 傑 卒 贈 入 内 殿 都 知 檢 校 太 尉 平 章 軍 國 重 事 越 國 公 食 邑 萬 户 以 弟 李 常 憲 繼 封 候 爵 . [14b*6*15]\nHạ, lục nguyệt, Thái uý Lí Thường Kiệt tốt, tặng Nhập nội điện đô tri kiểm hiệu Thái uý bình chương quân quốc trọng sự, Việt quốc công, thực ấp vạn hộ; dĩ đệ Lí Thường Hiến kế phong hầu tước.\n常 傑 升 龍 太 和 坊 人 世 襲 簮 笏 多 謀 畧 有 將 才 少 以 姿 貌 揚 逸 充 皇 門 祇 候 侍 太 宗 累 迁 内 侍 省 都 知 聖 宗 拜 太 保 授 節 . [14b*8*16]\n[Thường Kiệt Thăng Long, Thái Hoà phường nhân, thế tập trâm hốt, đa mưu lược, hữu tướng tài. Thiểu dĩ tư mạo dương dật, sung Hoàng môn chi hậu thị Thái Tông, luỹ thiên Nội thị sảnh đô tri. Thánh Tông bái Thái bảo, thụ Tiết..\n",
    "url": "/data/image_dvsk/ban_ky_toan_thu/quyen3/DVSKTT_ban_toan_III_14b.jpg"
  },
  {
    "text": "鉞 經 訪 清 化 乂 安 吏 民 及 親 征 占 城 以 爲 前 鋒 將 得 獲 占 主 制 矩 以 公 拜 輔 國 太 傅 遙 授 諸 鎮 節 度 同 中 書 門 下 上 柱 國 天 子 義 弟 輔 國 上 将 軍 開 國 公 復 以 公 拜 太 尉 卒 . [15a*1*1]\nviệt kinh phỏng Thanh Hoá, Nghệ An lại dân. Cập thân chinh Chiêm Thành, dĩ vi tiền phong tướng, đắc hoạch Chiêm chủ Chế Củ. Dĩ công bái Phụ quốc Thái phó, dao thụ chư trấn tiết độ, đồng trung thư môn hạ, thượng trụ quốc, thiên tử nghĩa đệ, phụ quốc. thượng tướng quân, Khai quốc công, phục dĩ công, bái Thái uý, tốt].\n秋 九 月 作 白 薨 㙮 於 延 祐 寺 二 作 石 薨 㙮 於 覧 山 寺 三 . [15a*2*28]\nThu, cửu nguyệt, tác bạch hoăng tháp ư Diên Hựu tự nhị, tác thạch hoăng tháp ư Lãm Sơn tự tam.\n時 帝 重 修 延 祐 寺 增 於 舊 貫 浚 蓮 花 臺 池 名 曰 靈 沼 池 . [15a*3*18]\nThời đế trùng tu Diên Hựu tự tăng ư cựu quán, tuấn Liên Hoa đài trì, danh viết Linh Chiểu trì.\n池 之 外 繚 以 畫 廊 廊 之 外 又 疏 碧 池 並 架 𢒎 橋 以 通 之 . [15a*5*1]\nTrì chi ngoại liêu dĩ hoạ lang, lang chi ngoại hựu sơ Bích Trì, tịnh giá bưu kiều dĩ thông chi.\n庭 前 立 寳 㙮 . [15a*6*3]\nĐình tiền lập bảo tháp.\n以 月 之 朔 望 及 夏 之 四 月 八 日 車 駕 臨 幸 設 祈 祚 之 儀 陳 浴 佛 之 式 歲 以 爲 常 . [15a*6*8]\nDĩ nguyệt chi sóc, vọng, cập hạ chi tứ nguyệt bát nhật, xa giá lâm hạnh, thiết kì tộ chi nghi, trần dục Phật chi thức, tuế dĩ vi thường.\n丙 戌 六 年 宋 崇 寕 五 年 . [15a*8*1]\nBính Tuất, lục niên [Tống Sùng Ninh ngũ niên].\n春 正 月 彗 星 見 西 方 長 竟 天 . [15a*8*10]\nXuân, chính nguyệt, Tuệ tinh hiện Tây phương, trường cánh thiên.\n太 白 晝 見 . [15a*9*1]\nThái bạch trú hiện.\n赦 除 逆 黨 人 . [15a*9*5]\nXá trừ nghịch đảng nhân.\n",
    "url": "/data/image_dvsk/ban_ky_toan_thu/quyen3/DVSKTT_ban_toan_III_15a.jpg"
  },
  {
    "text": "丁 亥 七 年 宋 大 觀 元 年 . [15b*1*1]\nĐinh Hợi, thất niên [Tống Đại Quan nguyên niên].\n夏 地 震 . [15b*1*10]\nHạ, địa chấn.\n戊 子 八 年 宋 大 觀 二 年 . [15b*2*1]\nMậu Tí, bát niên [Tống Đại Quan nhị niên].\n春 二 月 築 堤 于 機 舍 坊 . [15b*2*10]\nXuân, nhị nguyệt, trúc đê vu Cơ Xá phường.\n夏 月 不 雨 . [15b*2*20]\nHạ nguyệt bất vũ.\n己 丑 九 年 宋 大 觀 三 年 . [15b*4*1]\nKỉ Sửu, cửu niên [Tống Đại Quan tam niên].\n春 築 洞 靈 臺 . [15b*4*10]\nXuân, trúc Động Linh đài.\n秋 逆 人 蘇 厚 杜 崇 謀 反 伏 誅 . [15b*4*16]\nThu, nghịch nhân Tô Hậu, Đỗ Sùng mưu phản, phục tru.\n庚 寅 會 祥 大 慶 元 年 宋 大 觀 四 年 . [15b*6*1]\nCanh Dần, Hội Tường Đại Khánh nguyên niên [Tống Đại Quan tứ niên].\n春 有 婦 人 献 鳯 雛 具 五 色 九 苞 . [15b*6*14]\nXuân, hữu phụ nhân hiến phượng sồ, cụ ngũ sắc cửu bào.\n徐 文 通 献 白 虎 白 馬 生 距 檳 榔 一 本 十 一 莖 . [15b*7*5]\nTừ Văn Thông hiến bạch hổ, bạch mã sinh cự, tân lang nhất bản thập nhất kinh.\n秋 八 月 占 城 献 白 象 . [15b*8*4]\nThu, bát nguyệt, Chiêm Thành hiến bạch tượng.\n辛 卯 二 年 宋 政 和 元 年 . [15b*9*1]\nTân Mão, nhị niên [Tống Chính Hoà nguyên niên].\n春 清 化 府 献 檳 榔 一 本 九 莖 . [15b*9*10]\nXuân, Thanh Hoá phủ hiến Tân Lang nhất bản cửu kinh.\n",
    "url": "/data/image_dvsk/ban_ky_toan_thu/quyen3/DVSKTT_ban_toan_III_15b.jpg"
  },
  {
    "text": "秋 大 熟 . [16a*1*1]\nThu đại thục.\n日 重 輸 . [16a*1*4]\nNhật trùng thâu.\n壬 辰 三 年 宋 正 和 二 年 . [16a*2*1]\nNhâm Thìn, tam niên [Tống Chính Hoà nhị niên].\n春 甘 露 降 . [16a*2*10]\nXuân, cam lộ giáng.\n占 城 献 白 象 . [16a*2*15]\nChiêm Thành hiến bạch tượng.\n時 帝 春 秋 以 高 無 嗣 詔 擇 宗 室 子 立 爲 嗣 帝 弟 崇 賢 侯 鈌 名 亦 未 有 嗣 . [16a*2*20]\nThời đế xuân thu dĩ cao vô tự, chiếu trạch tông thất tử lập vi tự, đế đệ Sùng Hiền Hầu [Khuyết danh] diệc vị hữu tự.\n適 石 七 山 僧 徐 道 幸 至 侯 家 與 語 祈 嗣 事 . [16a*4*8]\nThích Thạch Thất sơn tăng Từ Đạo Hạnh chí Hầu gia, dữ ngữ kì tự sự.\n道 行 曰 他 日 夫 人 臨 誕 時 必 先 相 吿 盖 爲 之 祈 于 山 神 也 . [16a*5*4]\nĐạo Hạnh viết: \"Tha nhật phu nhân lâm đản thời, tất tiên tương cáo cái vi chi kì vu sơn thần dã\".\n後 三 年 夫 人 因 而 有 娠 生 男 陽 煥 . [16a*6*7]\nHậu tam niên, phu nhân nhân nhi hữu thần, sinh nam Dương Hoán.\n癸 巳 四 年 宋 正 和 三 年 . [16a*7*1]\nQuý Tị, tứ niên [Tống Chính Hoà tam niên].\n夏 六 月 真 登 州 牧 夫 人 公 主 李 氏 薨 . [16a*7*10]\nHạ, lục nguyệt Chân Đăng châu mục phu nhân công chúa Lí thị hoăng.\n夫 人 名 玉 橋 奉 乾 王 長 子 聖 宗 鞠 于 宫 中 及 長 封 公 主 適 真 䔲 州 牧 黎 氏 卒 自 誓 孀 居 出 家 爲 尼 至 是 薨 年 七 十 有 三 神 宗 尊 爲 尼 師 . [16a*8*3]\n[Phu nhân danh Ngọc Kiều, Phụng Càn Vương trưởng tử, Thánh Tông cúc vu cung trung, cập trưởng phong công chúa, thích Chân Đăng châu mục Lê thị tốt, tự thệ sương cư, xuất gia vi ni, chí thị hoăng, niên thất thập hữu tam. Thần Tông tôn vi ni sư].\n",
    "url": "/data/image_dvsk/ban_ky_toan_thu/quyen3/DVSKTT_ban_toan_III_16a.jpg"
  },
  {
    "text": "甲 午 五 年 宋 政 和 四 年 . [16b*1*1]\nGiáp Ngọ, ngũ niên [Tống Chính Hoà tứ niên].\n春 瑞 雪 降 . [16b*1*10]\nXuân, thuỵ tuyết giáng.\n乙 未 六 年 宋 政 和 五 年 . [16b*2*1]\nẤt Mùi, lục niên [Tống Chính Hoà ngũ niên].\n春 正 月 封 蘭 英 欽 天 震 寳 三 皇 后 三 十 六 宫 人 . [16b*2*10]\nXuân chính nguyệt, phong Lan Anh, Khâm Thiên, Chấn Bảo tam hoàng hậu, tam thập lục cung nhân.\n時 帝 無 寺 故 多 立 皇 后 及 宫 人 設 醮 以 禱 之 . [16b*3*7]\nThời đế vô tự, cố đa lập hoàng hậu cập cung nhân, thiết tiếu dĩ đảo chi.\n太 后 󰱒 興 佛 寺 前 後 該 百 餘 所 . [16b*4*5]\nThái hậu cách hưng phật tự, tiền hậu cai bách dư sở.\n世 傳 后 追 悔 上 陽 及 其 侍 女 之 非 辜 多 起 𫢋 寺 爲 之 懺 雪 . [16b*4*17]\n[Thế truyền hậu truy hối Thượng Dương cập kì thị nữ chi phi cô, đa khởi Phật tự vi chi sám tuyết].\n丙 申 七 年 宋 政 和 六 年 夏 六 月 僧 徐 道 幸 尸 觧 於 石 室 山 寺 石 七 縣 名 即 今 之 寕 山 縣 名 𫢋 跡 山 乃 徐 道 行 來 逰 時 見 山 洞 中 素 石 有 人 足 跡 道 行 以 其 足 跡 印 之 符 合 俗 傳 道 幸 尸 觧 . [16b*6*1]\nBính Thân, thất niên [Tống Chính Hoà lục niên Hạ lục nguyệt, tăng Từ Đạo Hạnh thi giải ư Thạch Thất sơn tự [Thạch Thất huyện danh, tức kim chi Ninh Sơn huyện, danh Phật Tích sơn. Nãi Từ Đạo Hạnh lai du thời, kiến sơn động trung tố thạch hữu nhân túc tích, Đạo Hạnh dĩ kì túc tích ấn chi phù hợp; tục truyền Đạo Hạnh thi giải].\n先 是 崇 賢 侯 夫 人 杜 氏 懷 娠 至 是 產 難 . [16b*8*14]\nTiên thị Sùng Hiền Hầu phu nhân Đỗ thị hoài thần chí thị sản nan.\n侯 追 念 道 行 前 日 之 言 使 人 馳 報 . [16b*9*4]\nHầu truy niệm Đạo Hạnh tiền nhật chi ngôn, sử nhân trì báo.\n道 行 即 . [16b*9*17]\nĐạo Hạnh tức..\n",
    "url": "/data/image_dvsk/ban_ky_toan_thu/quyen3/DVSKTT_ban_toan_III_16b.jpg"
  },
  {
    "text": "易 服 澡 身 入 巖 中 尸 觧 而 逝 . [17a*1*1]\ndị phục tháo thân, nhập nham trung thi giải nhi thệ.\n夫 人 尋 生 得 男 即 陽 焕 也 . [17a*1*12]\nPhu nhân tầm sinh đắc nam tức Dương Hoán dã.\n鄕 人 以 其 異 納 尸 󰱼 中 奉 事 之 . [17a*2*3]\nHương nhân dĩ kì dị, nạp thi khám trung phụng sự chi.\n今 𫢋 跡 山 是 其 處 也 . [17a*2*15]\nKim Phật Tích sơn thị kì xứ dã.\n每 歲 春 三 月 七 日 士 女 會 于 寺 爲 一 方 勝 逰 後 人 訛 以 爲 僧 忌 日 . [17a*3*4]\nMỗi tuế xuân tam nguyệt thất nhật, sĩ nữ hội vu tự, vi nhất phương thắng du, hậu nhân ngoa dĩ vi tăng kị nhật.\n其 尸 至 明 求 樂 年 間 爲 明 人 所 焚 鄕 人 再 塑 像 事 之 如 初 今 存 . [17a*4*10]\nKì thi chí Minh cầu lạc niên gian, vi Minh nhân sở phần, hương nhân tái tố tượng sự chi như sơ, kim tồn].\n丁 酉 八 年 宋 政 和 七 年 . [17a*6*1]\nĐinh Dậu, bát niên [Tống Chính Hoà thất niên].\n春 正 月 延 成 󰞌 鈌 名 . [17a*6*10]\nXuân, chính nguyệt, Diên Thành hầu [Khuyết danh].\n卒 . [17a*6*19]\ntốt.\n詔 󰰾 藏 𨷺 戲 及 開 賀 執 卓 仍 𭛁 御 府 金 銀 前 帛 厚 賻 之 . [17a*6*20]\nChiếu bãi \"tàng câu\" hí cập khai hạ chấp trác; nhưng phát ngự phủ kim ngân tiền bạch hậu phụ chi.\n是 月 守 太 堂 人 献 白 鹿 . [17a*7*18]\nThị nguyệt, thú Thái Đường nhân hiến bạch lộc.\n甘 蔗 甲 人 献 玄 鹿 . [17a*8*9]\nCam Giá giáp nhân hiến huyền lộc.\n二 月 甲 明 盗 殺 牛 令 . [17a*8*16]\nNhị nguyệt, giáp minh đạo sát ngưu lệnh.\n皇 太 后 曰 此 者 京 城 鄕 邑 人 多 迯 . [17a*9*7]\nHoàng thái hậu viết: \"Thử giả kinh thành hương ấp nhân, đa đào..\n",
    "url": "/data/image_dvsk/ban_ky_toan_thu/quyen3/DVSKTT_ban_toan_III_17a.jpg"
  },
  {
    "text": "亡 以 盗 牛 爲 業 百 姓 窮 窘 數 家 共 耕 一 牛 . [17b*1*1]\nvong dĩ đạo ngưu vi nghiệp, bách tính cùng quẫn, sổ gia cộng canh nhất ngưu.\n昨 嘗 以 爲 言 國 家 已 有 禁 令 . [17b*1*17]\nTạc thường dĩ vi ngôn, quốc gia dĩ hữu cấm lệnh.\n今 之 殺 牛 有 甚 徃 . [17b*2*9]\nKim chi sát ngưu hữu thậm vãng\".\n時 帝 於 是 詔 諸 盗 殺 牛 扙 八 十 徒 󰍁 甲 其 妻 杖 八 十 徒 桑 室 婦 并 償 其 牛 鄰 家 不 告 者 杖 八 十 . [17b*2*16]\nThời đế ư thị chiếu chư đạo sát ngưu trượng bát thập, đồ khao giáp, kì thê trượng bát thập, đồ tang thất phụ, tịnh thường kì ngưu; lân gia bất cáo giả trượng bát thập.\n三 月 丙 辰 帝 幸 章 山 慶 成 萬 豊 成 善 寳 㙮 . [17b*4*14]\nTam nguyệt, Bính Thìn, đế hạnh Chương Sơn khánh thành Vạn Phong Thành Thiện bảo tháp.\n有 皇 龍 見 . [17b*5*12]\nHữu hoàng long hiện.\n又 幸 應 豊 今 義 興 行 宫 省 耕 公 田 . [17b*5*16]\nHựu hạnh Ứng Phong [Kim Nghĩa Hưng] hành cung tỉnh canh công điền.\n夏 五 月 員 外 郎 吳 紹 献 夏 田 禾 一 莖 九 穗 . [17b*6*12]\nHạ, ngũ nguyệt, Viên ngoại lang Ngô Thiệu hiến hạ điền hoà nhất kinh cửu tuệ.\n駙 馬 郎 楊 景 通 献 白 鹿 . [17b*7*8]\nPhò mã lang Dương Cảnh Thông hiến bạch lộc.\n司 農 州 首 領 何 永 禄 献 赤 馬 生 距 . [17b*7*17]\nTư Nông châu thủ lĩnh Hà Vĩnh Lộc hiến xích mã sinh cự.\n𮦡 音 岑 . [17b*8*13]\nSầm [Âm sầm].\n作 火 頭 黎 兵 曹 兒 並 献 白 禄 . [17b*8*16]\nTác Hoả đầu Lê Binh, Tào Nhi tịnh hiến bạch lộc.\n直 邪 甲 人 献 白 麞 . [17b*9*8]\nTrực Tà giáp nhân hiến bạch chương.\n六 月 帝 幸 . [17b*9*15]\nLục nguyệt, đế hạnh..\n",
    "url": "/data/image_dvsk/ban_ky_toan_thu/quyen3/DVSKTT_ban_toan_III_17b.jpg"
  },
  {
    "text": "應 豊 行 宫 省 耕 . [18a*1*1]\nỨng Phong hành cung tỉnh canh.\n不 雨 禱 於 行 宫 . [18a*1*7]\nBất vũ đảo ư hành cung.\n皇 龍 見 于 洞 靈 祈 禱 寳 臺 . [18a*1*13]\nHoàng long hiện vu Động Linh, kì đảo Bảo Đài.\n忠 義 侯 鈌 名 卒 . [18a*2*5]\nTrung nghĩa hầu [Khuyết danh] tốt.\n秋 七 月 二 十 五 日 倚 蘭 皇 太 后 崩 火 塟 仍 以 侍 女 三 人 殉 . [18a*2*11]\nThu, thất nguyệt, nhị thập ngũ nhật, Ỷ Lan Hoàng thái hậu băng, hoả táng, nhưng dĩ thị nữ tam nhân tuẫn.\n上 尊 諡 曰 扶 聖 靈 仁 皇 太 后 . [18a*3*15]\nThượng tôn thuỵ viết: Phù Thánh Linh Nhân Hoàng Thái Hậu.\n史 臣 吳 士 連 曰 火 塟 佛 教 也 殉 塟 秦 俗 也 仁 宗 皆 行 之 或 者 承 太 后 之 遺 命 歟 . [18a*5*1]\nSử thần Ngô Sĩ Liên viết: \"Hoả táng Phật giáo dã, tuẫn táng Tần tục dã, Nhân Tông giai hành chi, hoặc giả thừa Thái hậu chi di mệnh dư?\".\n秋 八 月 塟 靈 仁 皇 太 后 于 天 德 府 壽 陵 . [18a*7*1]\nThu, bát nguyệt, táng Linh Nhân hoàng thái hậu vu Thiên Đức phủ Thọ Lăng.\n冬 十 月 帝 幸 啓 瑞 行 宫 省 歛 . [18a*7*16]\nĐông thập nguyệt, đế hạnh Khải Thuỵ hành cung tỉnh liễm.\n是 夜 月 重 輪 . [18a*8*10]\nThị dạ, nguyệt trùng luân.\n求 宗 室 子 育 于 宫 中 . [18a*8*15]\nCầu tông thất tử dục vu cung trung.\n下 詔 曰 朕 臨 兆 民 久 無 後 嗣 天 下 重 噐 伊 . [18a*9*4]\nHạ chiếu viết: \"Trẫm lâm triệu dân cửu vô hậu tự, thiên hạ trọng khí y..\n",
    "url": "/data/image_dvsk/ban_ky_toan_thu/quyen3/DVSKTT_ban_toan_III_18a.jpg"
  },
  {
    "text": "誰 可 傳 宜 育 崇 賢 成 慶 成 廣 成 昭 成 興 侯 之 子 擇 其 善 者 立 之 . [18b*1*1]\nthuỳ khả truyền? Nghi dục Sùng Hiền, Thành Khánh, Thành Quảng, Thành Chiêu, Thành Hưng hầu chi tử, trạch kì thiện giả lập chi.\n時 崇 賢 侯 子 陽 焕 年 方 二 歲 而 聰 敏 上 深 愛 之 遂 立 爲 皇 太 子 . [18b*2*6]\nThời Sùng Hiền Hầu tử Dương Hoán niên phương nhị tuế nhi thông mẫn, thượng thâm ái chi, toại lập vi hoàng thái tử.\n占 成 献 金 花 三 朶 . [18b*3*11]\nChiêm Thành hiến kim hoa tam đoá.\n戊 戌 九 年 宋 重 禾 元 年 . [18b*4*1]\nMậu Tuất cửu niên [Tống Trùng Hoà nguyên niên].\n春 正 月 詔 󰱇 民 兵 皇 男 . [18b*4*10]\nXuân, chính nguyệt, chiếu tuyển dân binh hoàng nam.\n二 月 真 臘 國 使 朝 見 . [18b*4*20]\nNhị nguyệt, Chân Lạp quốc sứ triều kiến.\n設 春 筵 宴 禮 及 慶 成 七 寳 㙮 . [18b*5*7]\nThiết xuân diên yến lễ cập khánh thành thất bảo tháp.\n會 詔 有 司 僃 儀 仗 于 靈 光 殿 偕 引 使 觀 之 . [18b*5*18]\nHội chiếu Hữu ti bị nghi trượng vu Linh Quang điện, giai dẫn sứ quan chi.\n三 月 以 大 黄 男 壮 勇 者 充 玉 階 興 聖 都 及 御 龍 兵 三 百 五 十 人 . [18b*6*15]\nTam nguyệt dĩ đại hoàng nam tráng dũng giả sung Ngọc Giai, Hưng Thánh, Đô cập Ngự Long binh tam bách ngũ thập nhân.\n户 部 左 侍 郎 李 秀 蠲 卒 . [18b*8*2]\nHộ bộ Tả thị lang Lí Tú Quyền tốt.\n夏 五 月 貶 禮 部 右 侍 郎 黎 伯 玉 爲 内 人 書 家 . [18b*8*11]\nHạ ngũ nguyệt, biếm Lễ bộ hữu thị lang Lê Bá Ngọc vi Nội nhân thư gia.\n旱 祈 禱 得 雨 . [18b*9*11]\nHạn, kì đảo đắc vũ.\n秋 七 . [18b*9*16]\nThu thất..\n",
    "url": "/data/image_dvsk/ban_ky_toan_thu/quyen3/DVSKTT_ban_toan_III_18b.jpg"
  },
  {
    "text": "夏 . [19a*9*21]\nHạ,..\n月 中 元 節 罷 執 卓 以 遇 靈 仁 太 后 盂 蘭 盆 日 故 也 . [19a*1*1]\nnguyệt, Trung Nguyên tiết bãi chấp trác, dĩ ngộ Linh Nhân thái hậu Vu Lan bồn nhật cố dã.\n占 城 來 貢 . [19a*2*1]\nChiêm Thành lai cống.\n九 月 辛 巳 設 慶 成 勝 嚴 聖 壽 寺 千 佛 會 使 占 城 使 觀 之 . [19a*2*5]\nCửu nguyệt, Tân Tị, thiết khánh thành Thắng Nghiêm Thánh Thọ tự Thiên phật hội, sử Chiêm Thành sứ quan chi.\n丙 戌 帝 御 靈 光 殿 觀 覧 舟 設 秋 筵 宴 禮 . [19a*3*8]\nBính Tuất, đế ngự Linh Quang điện quan lãm chu, thiết thu diên yến lễ.\n冬 十 一 月 遣 員 外 郎 阮 伯 度 李 寳 臣 遺 白 黒 犀 二 及 馴 象 三 于 宋 . [19a*4*5]\nĐông, thập nhất nguyệt, khiển Viên ngoại lang Nguyễn Bá Độ, Lí Bảo Thần di bạch hắc tê nhị, cập thuần tượng tam vu Tống.\n是 歲 甘 露 降 帝 手 書 天 下 太 平 聖 躬 萬 歲 八 字 于 碑 命 工 𢹂 之 . [19a*5*12]\nThị tuế cam lộ giáng, đế thủ thư \"Thiên Hạ Thái Bình Thánh Cung Vạn Tuế\" bát tự vu bi, mệnh công huề chi.\n禁 京 城 内 外 諸 人 家 奴 僕 不 得 刺 墨 胷 脚 如 禁 軍 樣 及 刺 龍 文 於 申 上 犯 者 沒 官 . [19a*6*18]\nCấm Kinh thành nội ngoại chư nhân gia nô bộc, bất đắc thứ mặc hung cước như cấm quân dạng, cập thích long văn ư thân thượng, phạm giả một quan.\n己 亥 十 年 宋 宣 和 元 年 . [19a*9*1]\nKỉ Hợi, thập niên [Tống Tuyên Hoà nguyên niên].\n春 正 月 帝 幸 快 場 捕 白 象 . [19a*9*10]\nXuân, chính nguyệt, đế hạnh Khoái Trường bổ bạch tượng.\n",
    "url": "/data/image_dvsk/ban_ky_toan_thu/quyen3/DVSKTT_ban_toan_III_19a.jpg"
  },
  {
    "text": "四 月 都 曹 潘 田 献 白 鹿 . [19b*1*1]\ntứ nguyệt, Đô tào Phan Điền hiến bạch lộc.\n五 月 設 慶 成 浄 慮 寺 會 . [19b*1*10]\nNgũ nguyệt, thiết khánh thành Tịnh Lự tự hội.\n龍 見 于 京 師 茶 肆 . [19b*2*1]\nLong hiện vu Kinh sư trà tứ.\n秋 七 月 造 景 興 清 闌 二 舟 . [19b*2*8]\nThu, thất nguyệt, tạo Cảnh Hưng, Thanh Lan nhị chu.\n詔 諸 軍 造 戰 艦 治 兵 甲 欲 親 征 麻 沙 洞 也 . [19b*3*1]\nChiếu chư quân tạo chiến hạm, trị binh giáp, dục thân chinh Ma Sa động dã.\n八 月 甲 申 帝 御 靈 光 殿 觀 競 舟 . [19b*3*17]\nBát nguyệt, Giáp Thân, đế ngự Linh Quang điện quan cạnh chu.\n設 秋 筵 宴 禮 . [19b*4*11]\nThiết thu diên yến lễ.\n此 後 每 歲 八 月 競 舟 設 宴 以 爲 常 . [19b*4*16]\nThử hậu mỗi tuế bát nguyệt cạnh chu, thiết yến dĩ vi thường.\n冬 十 月 閲 武 捷 羽 林 等 六 兵 曹 之 壮 勇 者 爲 玉 階 興 聖 捧 日 廣 成 武 都 火 頭 其 下 等 爲 玉 階 興 聖 捧 日 廣 城 武 都 御 龍 兵 . [19b*5*10]\nĐông, thập nguyệt, duyệt Vũ Tiệp, Vũ Lâm đẳng lục binh tào chi, tráng dũng giả, vi Ngọc Giai, Hưng Thánh, Bổng Nhật, Quảng Thành, Vũ Đô hoả đầu, kì hạ đẳng vi Ngọc Giai, Hưng Thánh, Bổng Nhật, Quảng Thành, Vũ Đô, Ngự Long binh.\n會 天 下 軍 人 盟 于 龍 墀 . [19b*8*1]\nHội thiên hạ quân nhân minh vu Long Trì.\n詔 曰 朕 膺 一 祖 二 宗 之 業 奄 有 蒼 生 是 四 海 兆 姓 之 民 均 如 赤 子 𦤶 異 域 懷 . [19b*8*10]\nChiếu viết: \"Trẫm ưng nhất tổ nhị tông chi nghiệp, yểm hữu thương sinh, thị tứ hải triệu tính chi dân, quân như xích tử, trí dị vực hoài..\n",
    "url": "/data/image_dvsk/ban_ky_toan_thu/quyen3/DVSKTT_ban_toan_III_19b.jpg"
  },
  {
    "text": "仁 而 欵 附 殊 方 慕 義 以 來 賔 . [20a*1*1]\nnhân nhi khoản phụ, thù phương mộ nghĩa dĩ lai tấn.\n且 麻 沙 洞 丁 生 於 吾 之 境 土 而 麻 沙 洞 長 世 作 子 之 藩 臣 . [20a*1*12]\nThả Ma Sa động đinh sinh ư ngô chi cảnh thổ, nhi Ma Sa động trưởng thế tác tử chi phiên thần.\n蠢 爾 庸 酋 忽 負 先 臣 之 約 忘 其 歲 貢 乃 鈌 故 典 之 常 . [20a*2*15]\nXuẩn nhĩ dung tù, hốt phụ tiên thần chi ước, vong kì tuế cống, nãi khuyết cố điển chi thường.\n朕 每 思 之 事 非 得 已 其 以 金 日 朕 自 将 討 之 . [20a*3*16]\nTrẫm mỗi tư chi sự, phi đắc dĩ kì dĩ kim nhật trẫm tự tương thảo chi.\n咨 爾 将 師 六 軍 各 盡 汝 心 咸 聽 朕 命 . [20a*4*14]\nTư nhĩ tướng sư lục quân, các tận nhữ tâm, hàm thính trẫm mệnh\".\n乃 頒 噐 械 授 将 士 帝 御 景 興 舟 𭛁 自 千 秋 步 旌 旗 󰰿 日 劎 㦸 攅 霜 虎 賁 皷 譟 士 氣 百 倍 . [20a*5*9]\nNãi ban khí giới thụ tướng sĩ, đế ngự Cảnh Hưng chu, phát tự Thiên Thu bộ, tinh kì tế nhật, kiếm kích toàn sương, hổ bí cổ táo, sĩ khí bách bội.\n是 日 黃 龍 見 飛 逐 舟 . [20a*7*4]\nThị nhật hoàng long hiện phi trục chu.\n行 次 龍 水 峽 成 慶 侯 献 六 眸 龜 胷 上 有 王 字 . [20a*7*12]\nHành thứ Long Thuỷ hiệp, Khành khánh hầu hiến lục mâu quy, hung thượng hữu \"vương\" tự.\n花 浪 又 漲 . [20a*8*10]\nHoa lãng hựu trướng.\n帝 自 将 擊 麻 沙 洞 破 之 俘 其 洞 長 魏 滂 等 數 百 人 獲 金 幣 牛 羊 不 . [20a*8*14]\nĐế tự tương kích Ma Sa động phá chi, phu kì động trưởng Nguỵ Bàng đẳng sổ bách nhân, hoạch kim tệ ngưu dương bất..\n",
    "url": "/data/image_dvsk/ban_ky_toan_thu/quyen3/DVSKTT_ban_toan_III_20a.jpg"
  },
  {
    "text": "可 勝 數 . [20b*1*1]\nkhả thắng sổ.\n命 偏 将 入 沿 邊 諸 洞 招 諭 逃 亡 使 各 㱕 業 . [20b*1*4]\nMệnh thiên tướng nhập duyên biên chư động chiêu dụ đào vong, sử các quy nghiệp.\n十 二 月 朔 㱕 自 麻 沙 洞 献 魏 滂 于 太 廟 . [20b*2*1]\nThập nhị nguyệt, sóc, quy tự Ma Sa động, hiến Nguỵ Bàng vu Thái Miếu.\n大 饗 将 士 頒 四 錢 帛 有 差 . [20b*2*16]\nĐại hưởng tướng sĩ, ban tứ tiền bạch hữu sai.\n庚 子 天 符 睿 武 元 年 宋 宣 和 二 年 . [20b*4*1]\nCanh Tí, Thiên Phù Duệ Vũ nguyên niên, [Tống Tuyên Hoà nhị niên].\n春 正 月 朔 群 臣 上 表 勸 加 上 尊 號 仍 請 改 元 . [20b*4*14]\nXuân, chính nguyệt, sóc, quần thần thượng biểu khuyên gia thượng tôn hiệu, nhưng thỉnh cải nguyên.\n𠃔 之 . [20b*5*10]\nYết chi.\n二 月 設 廣 照 燈 會 . [20b*5*12]\nNhị nguyệt, thiết Quảng Chiếu đăng hội.\n三 月 真 臘 國 來 貢 . [20b*6*1]\nTam nguyệt, Chân Lạp quốc lai cống.\n夏 六 月 漆 作 甲 主 都 鄧 安 献 白 雀 . [20b*6*8]\nHạ, lục nguyệt, Tất Tác giáp chủ đô Đặng An hiến bạch tước.\n秋 九 月 皇 龍 見 . [20b*7*4]\nThu, cửu nguyệt, hoàng long hiện.\n占 城 來 貢 . [20b*7*10]\nChiêm Thành lai cống.\n大 熟 . [20b*7*14]\nĐại thục.\n冬 十 月 築 眾 僊 臺 . [20b*8*1]\nĐông, thập nguyệt, trúc Chúng Tiên đài.\n十 二 月 以 内 人 書 家 潘 景 牟 俞 都 爲 内 常 侍 . [20b*8*8]\nThập nhị nguyệt, dĩ Nội nhân thư gia Phan Cảnh, Mâu Du Đô vi Nội thường thị.\n",
    "url": "/data/image_dvsk/ban_ky_toan_thu/quyen3/DVSKTT_ban_toan_III_20b.jpg"
  },
  {
    "text": "辛 丑 二 年 宋 宣 和 三 年 . [21a*1*1]\nTân Sửu, nhị niên [Tống Tuyên Hoà tam niên].\n春 三 月 僧 王 愛 献 檳 榔 一 本 七 莖 . [21a*1*10]\nXuân, tam nguyệt, tăng Vương Ái hiến tân lang nhất bản thất kinh.\n太 師 陳 度 上 言 此 物 不 足 爲 瑞 . [21a*2*2]\nThái sư Trần Độ thượng ngôn: \"Thử vật bất túc vi thuỵ\".\n罷 之 . [21a*2*14]\nBãi chi.\n設 慶 成 寳 天 寺 重 明 殿 會 . [21a*2*16]\nThiết khánh thành Bảo Thiên tự, Trùng Minh điện hội.\n夏 五 月 大 水 溢 大 興 門 外 . [21a*3*7]\nHạ ngũ nguyệt, đại thuỷ, ải Đại Hưng môn ngoại.\n秋 七 月 紫 草 番 人 何 午 献 白 麞 . [21a*3*17]\nThu thất nguyệt, Tử Thảo phiên nhân Hà Ngọ hiến bạch chương.\n造 廣 教 寺 . [21a*4*12]\nTạo Quảng Giáo tự.\n大 蝗 . [21a*4*16]\nĐại hoàng.\n冬 十 月 復 以 黎 伯 玉 爲 内 常 侍 . [21a*5*1]\nĐông thập nguyệt, phục dĩ Lê Bá Ngọc vi Nội thường thị.\n壬 寅 三 年 宋 宣 和 四 年 . [21a*6*1]\nNhâm Dần, tam niên [Tống Tuyên Hoà tứ niên].\n春 二 月 僧 楊 須 献 白 碧 玉 一 玨 雙 玉 . [21a*6*10]\nXuân, nhị nguyệt, tăng Dương Tu hiến bạch bích ngọc nhất giác song ngọc.\n日 玨 三 月 戊 寅 設 慶 成 隊 山 崇 善 延 齡 寳 㙮 會 . [21a*7*3]\nnhật giác. Tam nguyệt, Mậu Dần thiết khánh thành Đội Sơn Sùng Thiện Diên Linh bảo tháp hội.\n禁 諸 人 不 得 以 竹 木 杖 及 利 噐 相 毆 . [21a*8*1]\nCấm chư nhân bất đắc dĩ trúc mộc trượng cập lợi khí tương ẩu.\n夏 四 月 以 李 奉 等 二 十 人 爲 獄 吏 按 民 間 詞 訟 . [21a*8*15]\nHạ, tứ nguyệt, dĩ Lí Phụng đẳng nhị thập nhân vi ngục lại, án dân gian từ tụng.\n五 月 交 . [21a*9*16]\nNgũ nguyệt, Giao..\n",
    "url": "/data/image_dvsk/ban_ky_toan_thu/quyen3/DVSKTT_ban_toan_III_21a.jpg"
  },
  {
    "text": "甲 管 范 波 司 献 白 鹿 . [21b*1*1]\ngiáp quản Phạm Ba Tư hiến bạch lộc.\n秋 八 月 己 亥 帝 御 靈 光 殿 觀 競 州 . [21b*1*9]\nThu, bát nguyệt, Kỷ Hợi, đế ngự Linh Quang điện quan cạnh chu.\n初 制 銀 纓 引 鹵 簿 . [21b*2*4]\nSơ chế ngân anh dẫn lỗ bạc.\n丁 未 員 外 郎 李 元 献 檳 榔 珠 一 顆 . [21b*2*11]\nĐinh Mùi, Viên ngoại lang Lí Nguyên hiến tân lang châu nhất khoả.\n詔 却 之 . [21b*3*7]\nChiếu khước chi.\n冬 十 二 月 遣 員 外 郎 丁 慶 安 袁 士 明 遺 馴 象 于 宋 . [21b*3*10]\nĐông, thập nhị nguyệt, khiển Viên ngoại lang Đinh Khánh An, Viên Sĩ Minh di thuần tượng vu Tống.\n時 袁 士 明 有 故 不 僊 宫 賜 其 子 崇 爲 奉 信 郎 . [21b*4*11]\nThời Viên Sĩ Minh hữu cố bất tiên cung, tứ kì tử Sùng vi Phụng tin lang.\n是 歲 詔 諸 收 捕 盗 賊 外 亡 而 爲 世 家 所 奪 者 世 家 與 迯 亡 同 罪 . [21b*5*9]\nThị tuế, chiếu: chư thu bổ đạo tặc ngoại vong nhi vi thế gia sở đoạt giả, thế gia dữ đào vong đồng tội.\n收 捕 吏 輙 停 留 在 家 不 經 官 者 扙 八 十 . [21b*6*14]\nThu bổ lại triếp đình lưu tại gia, bất kinh quan giả trượng bát thập.\n癸 卯 四 年 宋 宣 和 五 年 . [21b*8*1]\nQuý Mão, tứ niên [Tống Tuyên Hoà ngũ niên].\n春 正 月 二 十 五 日 誕 聖 節 . [21b*8*10]\nXuân, chính nguyệt, nhị thập ngũ nhật, Đản thánh tiết.\n初 造 推 輪 舞 舍 令 宫 女 舞 其 上 以 献 觴 . [21b*8*21]\nSơ tạo suy luân vũ xá, lệnh cung nữ vũ kì thượng dĩ hiến thương.\n二 月 設 春 筵 . [21b*9*14]\nNhị nguyệt, thiết xuân diên..\n",
    "url": "/data/image_dvsk/ban_ky_toan_thu/quyen3/DVSKTT_ban_toan_III_21b.jpg"
  },
  {
    "text": "宴 禮 于 崇 淵 殿 . [22a*1*1]\nyến lễ vu Sùng Uyên điện.\n𥘉 作 曲 柄 雨 盖 . [22a*1*7]\nSơ tác khúc Bính vũ cái.\n壬 寅 帝 幸 龍 水 海 捕 象 . [22a*1*13]\nNhâm Dần đế hạnh Long Thuỷ hải bổ tượng.\n丁 未 設 慶 成 奉 慈 寺 會 . [22a*2*5]\nĐinh Mùi thiết khánh thành Phụng Từ tự hội.\n丙 辰 還 京 師 . [22a*2*14]\nBính Thìn hoàn kinh sư.\n三 月 辛 巳 設 慶 成 僊 逰 廣 孝 寺 會 . [22a*3*1]\nTam nguyệt, Tân Tị, Thiết khánh thành Tiên Du Quảng Hiếu tự hội.\n追 進 聖 宗 及 上 陽 皇 太 后 . [22a*3*14]\nTruy tiến Thánh Tông cập Thượng Dương hoàng thái hậu.\n夏 四 月 甲 申 真 臘 國 五 人 來 附 . [22a*4*6]\nHạ, tứ nguyệt, Giáp Thân, Chân Lạp quốc ngũ nhân lai phụ.\n禁 宰 牛 . [22a*5*1]\nCấm tể ngưu.\n詔 曰 牛 者 稼 穡 之 所 重 利 人 不 少 . [22a*5*4]\nChiếu viết: \"Ngưu giả giá sắc chi sở trọng, lợi nhân bất thiểu.\n今 後 三 家 爲 一 保 不 得 殺 而 食 之 違 者 寘 之 刑 憲 . [22a*5*17]\nKim hậu tam gia vi nhất bảo, bất đắc sát nhi thực chi, vi giả trí chi hình hiến\".\n秋 七 月 真 臘 國 來 貢 . [22a*6*17]\nThu thất nguyệt, Chân Lạp quốc lai cống.\n八 月 朔 帝 御 天 安 殿 頒 賜 群 臣 秋 夜 . [22a*7*7]\nBát nguyệt sóc, đế ngự Thiên An điện ban tứ quần thần thu dạ.\n帝 御 彾 光 殿 觀 兢 舟 . [22a*8*3]\nĐế ngự Linh Quang điện quan cạnh chu.\n是 夜 帝 御 崇 淵 殿 設 金 盖 宴 禮 . [22a*8*11]\nThị dạ, đế ngự Sùng Uyên điện thiết kim cái yến lễ.\n冬 十 月 帝 幸 應 豊 行 宫 省 歛 . [22a*9*5]\nĐông thập nguyệt, đế hạnh Ứng Phong hành cung tỉnh liễm.\n是 行 造 . [22a*9*16]\nThị hành tạo..\n",
    "url": "/data/image_dvsk/ban_ky_toan_thu/quyen3/DVSKTT_ban_toan_III_22a.jpg"
  },
  {
    "text": "𢒎 橋 過 波 剌 江 . [22b*1*1]\nphi kiều quá Ba Lạt giang.\n十 一 月 還 京 師 . [22b*1*7]\nThập nhất nguyệt, hoàn Kinh sư.\n儒 道 釋 並 献 賀 詩 . [22b*1*13]\nNho, Đạo, Thích tịnh hiến hạ thi.\n築 紫 霄 臺 . [22b*2*2]\nTrúc Tử Tiêu đài.\n是 歲 大 熟 . [22b*2*6]\nThị tuế đại thục.\n甲 辰 五 年 宋 宣 和 六 年 . [22b*3*1]\nGiáp Thìn, ngũ niên [Tống Tuyên Hoà lục niên].\n春 正 月 姚 索 献 白 雀 . [22b*3*10]\nXuân, chính nguyệt, Diêu Sách hiến bạch tước.\n閏 月 造 祥 光 舟 其 制 两 腹 . [22b*3*19]\nNhuận nguyệt, tạo Tường Quang chu, kì chế lưỡng phúc.\n帝 幸 應 豊 行 宮 省 耕 . [22b*4*8]\nĐế hạnh Ứng Phong hành cung tỉnh canh.\n帝 御 行 宫 占 城 國 人 具 翁 及 其 從 弟 三 人 來 朝 . [22b*4*16]\nĐế ngự Hành Cung, Chiêm Thành quốc nhân Cụ Ông cập kì tòng đệ tam nhân lai triều.\n二 月 帝 還 京 師 . [22b*5*16]\nNhị nguyệt, đế hoàn Kinh sư.\n夏 四 月 真 臘 國 金 丁 阿 傳 及 家 僮 四 人 來 附 . [22b*6*4]\nHạ, tứ nguyệt, Chân Lạp quốc Kim Đinh A Truyền cập gia đồng tứ nhân lai phụ.\n廣 原 首 領 楊 嗣 興 献 白 鹿 . [22b*7*3]\nQuảng Nguyên thủ lĩnh Dương Tự Hưng hiến bạch lộc.\n造 護 聖 寺 . [22b*7*13]\nTạo Hộ Thánh tự.\n五 月 占 城 國 人 波 司 蒲 陀 羅 等 三 十 人 來 附 . [22b*8*1]\nNgũ nguyệt, Chiêm Thành quốc nhân Ba Tư Bồ Đà La đẳng tam thập nhân lai phụ.\n秋 七 月 旱 祈 雨 . [22b*8*18]\nThu, thất nguyệt, hạn, kì vũ.\n内 作 監 甲 主 都 蘇 翁 献 六 眸 龜 胷 上 . [22b*9*6]\nNội tác giám giáp chủ đô Tô Ông hiến lục mâu quy, hung thượng..\n",
    "url": "/data/image_dvsk/ban_ky_toan_thu/quyen3/DVSKTT_ban_toan_III_22b.jpg"
  },
  {
    "text": "有 善 帝 二 字 . [23a*1*1]\nhữu \"thiện đế\" nhị tự.\n九 月 成 慶 侯 鈌 名 卒 . [23a*1*6]\nCửu nguyệt, Thành Khánh hầu [Khuyết danh] tốt.\n冬 十 月 築 鬱 羅 臺 . [23a*1*14]\nĐông, thập nguyệt, trúc Uất La đài.\n十 一 月 玉 階 都 李 號 献 金 䱓 魚 . [23a*2*3]\nThập nhất nguyệt, Ngọc Giai đô Lí Hiệu hiến kim đình ngư.\n十 二 月 成 慶 侯 夫 人 何 是 欽 酖 殉 死 . [23a*2*15]\nThập nhị nguyệt, Thành Khánh hầu phu nhân Hà Thị khâm đam tuẫn tử.\n史 臣 吳 士 連 曰 婦 人 從 一 而 終 非 謂 殉 也 . [23a*4*1]\nSử thần Ngô Sĩ Liên viết: \"Phụ nhân tòng nhất nhi chung, phi vị \"tuẫn\" dã.\n何 氏 徑 情 直 行 至 欽 酖 殉 死 雖 云 過 矣 然 於 人 所 難 而 易 之 亦 難 能 也 . [23a*4*17]\nHà thị kinh tình trực hành chí khâm đam tuẫn tử, tuy vân quá hĩ, nhiên ư nhân sở nan nhi dị chi diệc nan năng dã.\n抑 成 慶 侯 至 是 水 塟 而 殉 之 耶 . [23a*6*8]\nỨc Thành Khánh hầu chí thị thuỷ táng nhi tuẫn chi da?\".\n復 以 内 常 侍 黎 伯 玉 爲 禮 部 侍 郎 . [23a*8*1]\nPhục dĩ Nội thường thị Lê Bá Ngọc vi Lễ bộ thị lang.\n廣 元 州 小 首 領 莫 賢 及 其 部 黨 出 亡 宋 邕 州 界 貢 洞 . [23a*8*14]\nQuảng Nguyên châu tiểu thủ lĩnh Mạc Hiền cập kì bộ đảng xuất vong Tống Ung Châu giới Cống động.\n",
    "url": "/data/image_dvsk/ban_ky_toan_thu/quyen3/DVSKTT_ban_toan_III_23a.jpg"
  },
  {
    "text": "乙 巳 六 年 宋 宣 和 七 年 . [23b*1*1]\nẤt Tị, lục niên [Tống Tuyên Hoà thất niên].\n春 正 月 以 内 常 侍 牟 俞 都 爲 中 書 丞 . [23b*1*10]\nXuân, chính nguyệt, dĩ Nội thường thị Mâu Du Đô vi Trung thư thừa.\n邕 州 執 莫 賢 等 請 差 人 就 江 南 交 付 . [23b*2*3]\nUng Châu chấp Mạc Hiền đẳng thỉnh sai nhân tựu Giang Nam giao phó.\n帝 遣 守 富 良 府 中 書 李 献 徃 江 南 領 還 京 師 . [23b*2*17]\nĐế khiển thủ Phú Lương phủ trung thư Lí Hiến vãng Giang Nam lĩnh hoàn Kinh sư.\n流 莫 賢 于 乂 安 州 妻 子 並 沒 官 . [23b*3*16]\nLưu Mạc Hiền vu Nghệ An châu, thê tử tịnh một quan.\n紙 作 藩 上 献 檳 鋃 珠 詔 却 之 . [23b*4*9]\nChỉ tác phiên thượng hiến tân lang châu, chiếu khước chi.\n慶 成 崇 陽 殿 設 宴 三 日 夜 . [23b*5*2]\nKhánh thành Sùng Dương điện, thiết yến tam nhật dạ.\n夏 四 月 帝 幸 應 豊 行 宫 省 耕 . [23b*5*12]\nHạ tứ nguyệt, đế hạnh Ứng Phong hành cung tỉnh canh.\n六 月 帝 自 應 豊 行 宫 幸 蓩 仁 行 宫 入 内 常 侍 中 丞 牟 俞 都 奉 㫖 宣 示 内 外 臣 僚 曰 黄 龍 見 于 行 宫 之 秘 殿 惟 宫 女 宦 官 見 之 . [23b*6*6]\nLục nguyệt, đế tự Ứng Phong hành cung hạnh Lí Nhân hành cung, Nhập nội thường thị trung thừa Mâu Du Đô phụng chỉ tuyên thị nội ngoại thần Liêu viết: Hoàng long hiện vu hành cung chi bí điện, duy cung nữ, hoạn quan kiến chi.\n冬 十 月 帝 御 應 豊 行 宫 省 歛 . [23b*8*16]\nĐông thập nguyệt, đế ngự Ứng Phong hành cung tỉnh liễm.\n十 一 月 遣 入 内 禮 部 侍 郎 . [23b*9*9]\nThập nhất nguyệt, khiển Nhập nội Lễ bộ thị lang..\n",
    "url": "/data/image_dvsk/ban_ky_toan_thu/quyen3/DVSKTT_ban_toan_III_23b.jpg"
  },
  {
    "text": "黎 伯 玉 討 廣 原 州 儂 瓊 莫 七 人 等 . [24a*1*1]\nLê Bá Ngọc thảo Quảng Nguyên châu Nùng Quỳnh, Mạc Thất Thân đẳng.\n将 行 伯 玉 會 軍 盟 于 大 興 門 外 宣 軍 令 . [24a*1*14]\nTương hành, Bá Ngọc hội quân minh vu Đại Hưng môn, ngoại tuyên quân lệnh.\n黄 龍 見 于 洞 雲 祈 壽 寳 臺 . [24a*2*10]\nHoàng long hiện vu Động Vân Kì thọ bảo đài.\n詔 凣 敺 人 死 者 杖 一 百 刺 靣 五 十 字 徒 󰍁 甲 . [24a*3*2]\nChiếu phàm ẩu nhân tử giả, trượng nhất bách, thích diện ngũ thập tự, đồ khao giáp.\n丙 午 七 年 宋 欽 宗 恒 靖 康 元 年 . [24a*4*1]\nBính Ngọ, thất niên [Tống Khâm Tông Hằng, Tịnh Khang nguyên niên].\n春 正 月 設 廣 照 燈 會 七 日 夜 . [24a*4*13]\nXuân chính nguyệt, thiết Quảng Chiếu đăng hội thất nhật dạ.\n赦 都 護 府 罪 人 . [24a*5*1]\nXá Đô hộ phủ tội nhân.\n禁 百 姓 春 不 得 伐 木 . [24a*5*7]\nCấm bách tính xuân bất đắc phạt mộc.\n二 月 朔 帝 御 天 安 殿 觀 王 侯 蹴 毬 . [24a*5*15]\nNhị nguyệt, sóc, đế ngự Thiên An điện quan vương hầu xúc cầu.\n三 月 設 慶 賀 五 經 禮 于 壽 聖 寺 . [24a*6*11]\nTam nguyệt, thiết Khánh hạ ngũ kinh lễ vu Thọ Thánh tự.\n复 五 月 壬 戌 設 仁 王 會 于 龍 墀 . [24a*7*5]\nHạ, ngũ nguyệt, Nhâm Tuất, thiết Nhân Vương hội vu Long Trì.\n是 日 黃 龍 見 于 永 光 殿 . [24a*7*17]\nThị nhật Hoàng long hiện vu Vĩnh Quang điện.\n秋 七 月 旱 自 六 月 至 是 尤 甚 . [24a*8*8]\nThu, thất nguyệt, hạn, tự lục nguyệt chí thị vưu thậm.\n六 眸 龜 哯 . [24a*9*1]\nLục mâu quy hiện.\n滛 雨 祈 晴 . [24a*9*5]\nDâm vũ kì tình.\n九 月 占 城 來 貢 . [24a*9*9]\nCửu nguyệt, Chiêm Thành lai cống.\n設 . [24a*9*15]\nThiết..\n",
    "url": "/data/image_dvsk/ban_ky_toan_thu/quyen3/DVSKTT_ban_toan_III_24a.jpg"
  },
  {
    "text": "廣 照 燈 會 于 龍 墀 詔 占 城 使 臣 觀 之 . [24b*1*1]\nQuảng Chiếu đăng hội vu Long Trì, chiếu Chiêm Thành sứ thần quan chi.\n冬 十 一 月 帝 幸 應 豊 行 宫 省 歛 . [24b*1*15]\nĐông, thập nhất nguyệt, đế hạnh Ứng Phong hành cung tỉnh liễm.\n閏 月 遣 令 書 家 嚴 常 御 庫 書 家 徐 延 遺 馴 象 十 及 金 銀 犀 兕 于 宋 謝 擒 莫 賢 也 . [24b*2*9]\nNhuận nguyệt, khiển lệnh thư gia Nghiêm Thường, Ngự khố thư gia Từ Diên di thuần tượng thập cập kim ngân, tê huỷ vu Tống, tạ cầm Mạc Hiền dã.\n常 延 至 桂 府 見 經 畧 司 . [24b*4*2]\nThường, Diên chí Quế phủ kiến Kinh lược ti.\n謂 常 延 曰 金 年 東 京 及 湖 南 鼎 澧 等 處 並 已 調 𭛁 兵 馬 討 金 人 未 審 㱕 期 何 日 . [24b*4*11]\nVị Thường, Diên viết: \"Kim niên Đông Kinh cập Hồ Nam, Đỉnh Lễ đẳng xứ tịnh dĩ điều phát binh mã thảo Kim nhân, vị thẩm quy kì hà nhật.\n此 間 路 地 上 傳 馬 鋪 丁 在 在 更 少 請 使 者 領 還 禮 物 . [24b*6*3]\nThử gian lộ địa thượng truyền mã, phố đinh tại tại canh thiểu, thỉnh sứ giả lĩnh hoàn lễ vật\".\n常 延 乃 還 . [24b*7*4]\nThường, Diên nãi hoàn.\n其 年 金 人 粘 罕 幹 離 不 率 眾 圍 宋 汴 京 虜 宋 帝 徽 宗 欽 宗 北 㱕 . [24b*7*8]\nKì niên Kim nhân Niêm Hãn, Cán Li Bất suất chúng vi Tống Biện Kinh, lỗ Tống đế Huy Tông, Khâm Tông Bắc quy.\n宋 國 大 亂 . [24b*8*13]\nTống quốc đại loạn.\n時 金 主 窝 闊 台 建 國 於 漠 北 建 元 天 會 . [24b*8*17]\n[Thời Kim chủ Oa Khoát Đài kiến quốc ư Mạc Bắc, kiến nguyên Thiên Hội].\n",
    "url": "/data/image_dvsk/ban_ky_toan_thu/quyen3/DVSKTT_ban_toan_III_24b.jpg"
  },
  {
    "text": "丁 未 天 符 慶 壽 原 年 宋 靖 康 二 年 五 月 以 後 高 宗 構 建 炎 元 年 . [25a*1*1]\nĐinh Mùi, Thiên Phù Khánh Thọ nguyên niên, [Tống Tịnh Khang nhị niên, ngũ nguyệt dĩ hậu, Cao Tông Cấu, Kiến Viêm nguyên niên].\n春 正 月 以 御 庫 書 家 范 信 判 清 化 府 事 . [25a*1*25]\nXuân, chính nguyệt, dĩ Ngự khố thư gia Phạm Tín phán Thanh Hoá phủ sự.\n二 月 群 臣 上 尊 號 加 寬 慈 聖 壽 四 字 . [25a*2*13]\nNhị nguyệt, quần thần thượng tôn hiệu gia: Khoan Từ Thánh Thọ tứ tự.\n自 正 月 至 二 月 滛 雨 命 官 祈 晴 . [25a*3*9]\nTự chính nguyệt chí nhị nguyệt dâm vũ, mệnh quan kì tình.\n員 外 郎 阮 義 長 献 三 足 六 眸 龜 . [25a*4*2]\nViên ngoại lang Nguyễn Nghĩa Trường hiến tam túc lục mâu quy.\n三 月 農 州 首 領 楊 彗 進 長 壽 生 金 二 塊 . [25a*4*14]\nTam nguyệt, Nông châu thủ lĩnh Dương Tuệ tiến Trường thọ sinh kim nhị khối.\n夏 四 月 帝 幸 應 豊 行 宫 省 歛 . [25a*5*12]\nHạ, tứ nguyệt, đế hạnh Ứng Phong hành cung tỉnh liễm.\n雨 榖 . [25a*6*5]\nVũ cốc.\n五 月 僧 高 亭 献 白 雀 . [25a*6*7]\nNgũ nguyệt, tăng Cao Đình hiến bạch tước.\n秋 七 月 丁 巳 慶 成 重 興 延 壽 寺 . [25a*6*15]\nThu, thất nguyệt, Đinh Tị, khánh thành Trùng Hưng Diên Thọ tự.\n冬 十 一 月 宋 欽 州 送 還 廣 原 州 叛 黨 莫 七 人 等 . [25a*7*11]\nĐông, thập nhất nguyệt, Tống Khâm Châu tống hoàn Quảng Nguyên châu phản đảng Mạc Thất Nhân đẳng.\n十 二 月 天 狗 星 隕 有 聲 如 雷 . [25a*8*11]\nThập nhị nguyệt, Thiên Cẩu tinh vẫn, hữu thanh như lôi.\n以 延 平 公 主 嫁 富 良 府 首 領 楊 嗣 明 . [25a*9*4]\nDĩ Diên Bình công chúa giá Phú Lương phủ thủ lĩnh Dương Tự Minh.\n",
    "url": "/data/image_dvsk/ban_ky_toan_thu/quyen3/DVSKTT_ban_toan_III_25a.jpg"
  },
  {
    "text": "帝 弗 豫 召 太 尉 劉 慶 覃 受 遺 詔 曰 朕 聞 生 物 之 動 無 有 不 死 . [25b*1*1]\nĐế phất dự, triệu Thái uý Lưu Khánh Đàm thụ di chiếu viết: \"Trẫm văn: sinh vật chi động, vô hữu bất tử.\n死 者 天 地 之 大 數 物 理 當 然 . [25b*2*5]\nTử giả, thiên địa chi đại số, vật lí đương nhiên.\n而 舉 世 之 人 莫 不 榮 生 而 恶 死 . [25b*2*16]\nNhi cử thế chi nhân, mạc bất vinh sinh nhi ố tử.\n厚 塟 以 棄 業 重 服 以 損 性 朕 甚 不 取 焉 . [25b*3*9]\nHậu táng dĩ khí nghiệp, trọng phục dĩ tổn tính, Trẫm thậm bất thủ yên.\n予 既 寡 德 無 以 安 百 性 及 至 殂 落 又 使 元 元 衰 麻 在 身 晨 昏 臨 哭 减 其 飲 食 絶 其 祭 自 以 重 予 過 天 下 其 謂 予 何 朕 悼 早 歲 而 嗣 膺 大 寳 居 王 侯 上 嚴 恭 寅 畏 . [25b*4*5]\nDư ký quả đức, vô dĩ an bách tính, cập chí tồ lạc, hựu sử nguyên nguyên suy ma tại thân, thần hôn lâm khốc, giảm kì ẩm thực, tuyệt kì tế tự, dĩ trọng dư quá, thiên hạ kì vị dư hà! Trẫm điệu tảo tuế nhi tự ưng đại bảo, cư vương hầu thượng, nghiêm cung dần uý.\n五 十 有 六 年 賴 祖 宗 之 靈 皇 天 孚 佑 四 海 無 󰔄 邊 陲 微 警 死 得 列 于 先 君 之 後 幸 矣 何 可 興 哀 . [25b*7*8]\nNgũ thập hữu lục niên, lại tổ tông chi linh, hoàng thiên phù hựu, tứ hải vô ngu, biên thuỳ vi cảnh, tử đắc liệt vu tiên quân chi hậu hạnh hĩ, hà khả hưng ai.\n朕 自 省 歛 以 來 忽 嬰 弗 豫 病 既 彌 留 . [25b*9*6]\nTrẫm tự tỉnh liễm dĩ lai, hốt anh phất dự, bệnh ký di lưu,..\n",
    "url": "/data/image_dvsk/ban_ky_toan_thu/quyen3/DVSKTT_ban_toan_III_25b.jpg"
  },
  {
    "text": "恐 不 及 警 誓 言 嗣 . [26a*1*1]\nkhủng bất cập cảnh thệ ngôn tự.\n而 太 死 陽 焕 年 已 周 紀 多 有 大 度 明 𠃔 篤 誠 忠 庸 恭 懿 可 依 朕 之 舊 典 即 皇 帝 位 . [26a*1*8]\nNhi thái tử Dương Hoán niên dĩ chu kỷ, đa hữu đại độ, minh doãn đốc thành, trung dung cung ý, khả y trẫm chi cựu điển tức hoàng đế vị.\n肆 爾 童 孺 誕 受 厥 命 繼 體 傳 業 多 大 前 功 . [26a*3*2]\nTứ nhĩ đồng nhụ, đản thụ quyết mệnh, kế thể truyền nghiệp, đa đại tiền công.\n仍 仰 爾 臣 󰱃 一 心 弼 亮 . [26a*3*18]\nNhưng ngưỡng nhĩ thần thứ nhất tâm bật lượng.\n咨 爾 伯 玉 實 丈 人 噐 飭 爾 戈 矛 預 僃 不 󰔄 每 替 厥 命 朕 之 瞑 日 無 遺 恨 矣 . [26a*4*9]\nTư nhĩ Bá Ngọc, thực trượng nhân khí, sức nhĩ qua mâu, dự bị bất ngu, mỗi thế quyết mệnh, trẫm chi minh nhật vô di hận hĩ.\n丧 則 三 日 釋 服 宜 止 哀 傷 塟 則 依 漢 文 儉 約 爲 務 無 别 起 墳 陵 宜 侍 先 帝 之 側 . [26a*5*18]\nTang tắc tam nhật thích phục, nghi chỉ ai thương, táng tắc y Hán Văn, kiệm ước vi vụ, vô biệt khởi phần lăng, nghi thị tiên đế chi trắc.\n嗚 呼 桑 榆 欲 逝 寸 晷 難 停 盖 世 噐 辭 千 年 永 訣 . [26a*7*10]\nÔ hô! tang du dục thệ, thốn quỹ nan đình, cái thế khí từ, thiên niên vĩnh quyết.\n爾 宜 誠 意 祗 聽 朕 言 明 吿 王 公 敷 陳 中 外 . [26a*8*10]\nNhĩ nghi thành ý chi thính trẫm ngôn, minh cáo vương công phô trần trung ngoại\".\n丁 卯 帝 崩 于 永 光 殿 . [26a*9*8]\nĐinh Mão, đế băng vu Vĩnh Quang điện.\n",
    "url": "/data/image_dvsk/ban_ky_toan_thu/quyen3/DVSKTT_ban_toan_III_26a.jpg"
  },
  {
    "text": "史 臣 吳 士 連 曰 古 大 順 之 世 人 居 䏻 體 信 達 順 以 𦤶 中 和 於 是 天 不 愛 道 地 不 愛 寳 降 甘 露 出 體 泉 產 芝 草 而 龍 鳯 龜 麟 諸 福 之 物 莫 不 畢 至 . [26b*1*1]\nSử thần Ngô Sĩ Liên viết: \"Cổ đại thuận chi thế, nhân cư năng thể tín đạt thuận, dĩ trí trung hoà, ư thị thiên bất ái đạo, địa bất ái bảo, giáng cam lộ, xuất thể tuyền, sản chi thảo, nhi long, phượng, quy, lân chư phúc chi vật, mạc bất tất chí.\n人 宗 之 世 祥 瑞 一 何 多 耶 盖 由 人 君 所 好 故 人 臣 妄 献 之 也 . [26b*4*1]\nNhân Tông chi thế, tường thuỵ nhất hà đa da? Cái do nhân quân sở hiếu, cố nhân thần vọng hiến chi dã\".\n皇 太 子 即 位 于 柩 前 . [26b*6*1]\nHoàng thái tử tức vị vu cữu tiền.\n令 武 衛 黎 伯 玉 宣 是 王 侯 及 文 武 臣 僚 退 于 大 興 門 外 使 諸 城 吏 閉 门 謹 守 毋 得 徃 來 出 入 . [26b*6*9]\nLệnh vũ vệ Lê Bá Ngọc tuyên thị vương hầu cập văn vũ thần liêu, thoái vu Đại Hưng môn ngoại, sử chư thành lại bế môn cẩn thủ, vô đắc vãng lai xuất nhập.\n仍 命 禁 軍 介 之 以 兵 立 天 安 殿 下 既 而 令 開 右 掖 門 召 群 臣 入 于 龍 墀 使 伯 . [26b*8*9]\nNhưng mệnh cấm quân giới chi dĩ binh, lập Thiên An điện hạ, ký nhi lệnh khai hữu dịch môn, triệu quần thần nhập vu Long Trì, sử Bá..\n",
    "url": "/data/image_dvsk/ban_ky_toan_thu/quyen3/DVSKTT_ban_toan_III_26b.jpg"
  },
  {
    "text": "玉 論 王 侯 及 文 武 臣 僚 曰 不 幸 先 帝 奄 棄 群 臣 天 位 弗 可 久 虚 . [27a*1*1]\nNgọc luận vương hầu cập văn vũ thần liêu viết: \"Bất hạnh tiên đế yểm khí quần thần, thiên vị phất khả cửu hư.\n惟 予 冲 人 黾 勉 嗣 之 卿 等 宜 永 肩 乃 心 夾 輔 王 室 非 特 不 輔 先 帝 注 望 之 意 亦 使 世 世 子 孫 享 其 禄 位 . [27a*2*6]\nDuy dư xung nhân, mãnh miễn tự chi, khanh đẳng nghi vĩnh khiên nãi tâm giáp phụ vương thất, phi đặc bất phụ tiên đế chú vọng chi ý, diệc sử thế thế tử tôn hưởng kì lộc vị\".\n群 臣 皆 拜 賀 慟 哭 . [27a*4*7]\nQuần thần giai bái hạ đỗng khốc.\n使 内 人 杜 善 舍 人 蒲 崇 以 其 事 告 崇 賢 侯 . [27a*4*14]\nSử nội nhân Đỗ Thiện, xá nhân Bồ Sùng dĩ kì sự cáo Sùng Hiền hầu.\n詔 天 夏 諸 鄕 邑 各 依 本 業 如 故 毋 得 藏 匿 迯 亡 盗 賊 及 鬪 敺 殺 人 者 . [27a*5*11]\nChiếu thiên hạ chư hương ấp các y bản nghiệp như cố, vô đắc tàng nặc đào vong đạo tặc, cập đấu ẩu sát nhân giả.\n壬 午 群 臣 上 表 殯 于 壼 天 殿 . [27a*6*18]\nNhâm Ngọ, quần thần thượng biểu tẫn vu Hồ Thiên điện.\n癸 未 群 臣 受 䘮 服 于 永 平 各 外 . [27a*7*11]\nQuý Mùi, quần thần thụ tang phục vu Vĩnh Bình các ngoại.\n甲 申 群 臣 上 表 請 御 正 殿 . [27a*8*4]\nGiáp Thân, quần thần thượng biểu thỉnh ngự chính điện.\n乙 酉 始 御 天 安 殿 視 朝 . [27a*8*14]\nẤt Dậu, thuỷ ngự Thiên An điện thị triều.\n詔 群 臣 除 䘮 服 . [27a*9*4]\nChiếu quần thần trừ tang phục.\n是 日 幸 那 岸 觀 宫 女 上 火 . [27a*9*10]\nThị nhật, hạnh Na Ngạn quan cung nữ thượng hoả..\n",
    "url": "/data/image_dvsk/ban_ky_toan_thu/quyen3/DVSKTT_ban_toan_III_27a.jpg"
  },
  {
    "text": "壇 殉 大 行 皇 帝 . [27b*1*1]\nđàn tuẫn Đại Hành Hoàng Đế.\n黎 文 休 曰 人 子 生 三 年 然 後 出 於 𢙇 抱 而 免 於 父 母 故 自 天 子 至 於 󰱃 人 雖 貴 賎 不 同 而 三 年 哀 慕 之 情 則 一 盖 所 以 報 其 劬 勞 也 . [27b*2*1]\nLê Văn Hưu viết: \"Nhân tử sinh tam niên, nhiên hậu xuất ư hoài bão nhi miễn ư phụ mẫu, cố tự thiên tử chí ư thứ nhân, tuy quý tiện bất đồng, nhi tam niên ai mộ chi tình tắc nhất, cái sở dĩ báo kì cù lao dã.\n矧 神 宗 之 於 仁 宗 鞠 在 宫 中 恩 莫 厚 矣 義 當 慎 終 追 遠 其 報 可 也 . [27b*4*15]\nThẫn Thần Tông chi ư Nhân Tông cúc tại cung trung, ân mạc hậu hĩ, nghĩa đương thận chung truy viễn kì báo khả dã.\n今 未 閲 月 而 遽 命 群 臣 除 服 未 卒 哭 而 迎 两 妃 后 入 宫 不 知 當 時 将 何 以 儀 刑 四 海 表 率 百 官 哉 . [27b*6*4]\nKim vị duyệt nguyệt nhi cự, mệnh quần thần trừ phục, vị tốt khốc nhi nghênh lưỡng phi hậu nhập cung, bất tri đương thời tương hà dĩ nghi hình tứ hải, biểu suất bách quan tai.\n神 宗 雖 幼 弱 而 在 朝 之 臣 亦 幸 其 短 䘮 無 一 言 及 之 者 . [27b*8*5]\nThần Tông tuy ấu nhược, nhi tại triều chi thần, diệc hạnh kì đoản tang, vô nhất ngôn cập chi giả.\n可 謂 朝 無 人 矣 . [27b*9*8]\nKhả vị triều vô nhân hĩ\".\n",
    "url": "/data/image_dvsk/ban_ky_toan_thu/quyen3/DVSKTT_ban_toan_III_27b.jpg"
  }
]