[
  {
    "text": "史 臣 吳 士 連 曰 仁 宗 聖 𭓇 高 明 深 識 子 生 之 故 如 晝 夜 之 必 然 . [28a*1*1]\nSử thần Ngô Sĩ Liên viết: \"Nhân Tông thánh học cao minh, thâm thức tử sinh chi cố, như trú dạ chi tất nhiên.\n遺 詔 所 言 言 造 乎 理 足 以 𮗓 夫 不 皷 缶 𰙔 而 爲 大 耋 之 嗟 者 . [28a*2*7]\nDi chiếu sở ngôn, ngôn tạo hồ lí, túc dĩ giác phu \"bất cổ phẫu ca nhi vi đại điệt chi ta\" giả.\n其 爲 教 遠 矣 雖 然 在 仁 宗 言 之 則 爲 明 道 之 言 在 神 宗 行 之 則 爲 失 孝 之 󰁮 . [28a*3*12]\nKì vi giáo viễn hĩ, tuy nhiên tại Nhân Tông ngôn chi, tắc vi minh đạo chi ngôn; tại Thần Tông hành chi, tắc vi thất hiếu chi cử.\n文 休 論 之 當 也 . [28a*5*5]\nVăn Hưu luận chi đương dã\".\n神 宗 皇 帝 諱 陽 煥 聖 宗 之 孫 仁 宗 之 姪 崇 賢 候 之 子 乃 夫 人 杜 氏 所 生 也 年 方 二 歲 育 于 宫 中 立 爲 皇 太 子 仁 宗 崩 遂 登 太 寳 在 位 十 一 年 壽 二 十 三 歲 崩 于 永 光 帝 之 𥘉 年 猶 有 同 心 及 長 性 資 聪 睿 大 有 爲 修 政 立 事 任 賢 使 能 正 始 正 終 詳 密 欵 曲 無 失 於 正 雖 身 󰞿 恶 疾 尋 有 藥 之 天 意 有 在 也 然 酷 好 祥 瑞 崇 尚 浮 屠 奚 足 . [28a*6*1]\nThần Tông Hoàng Đế [Huý Dương Hoán, Thánh Tông chi tôn, Nhân Tông chi điệt, Sùng Hiền hầu chi tử, nãi phu nhân Đỗ thị sở sinh dã. Niên phương nhị tuế, dục vu cung trung, lập vi hoàng thái tử. Nhân Tông băng, toại đăng thái bảo. Tại vị thập nhất niên, thọ nhị thập tam tuế, băng vu Vĩnh Quang Đế chi sơ niên, do hữu đồng tâm, cập trưởng tính tư thông duệ, đại hữu vi tu chính lập sự, nhiệm hiền sử năng, chính thuỷ chính chung, tường mật khoản khúc, vô thất ư chính. Tuy thân anh ác tật, tầm hữu dược chi, thiên ý hữu tại dã. Nhiên khốc hiếu tường thuỵ, sùng thượng phù đồ, hề túc..\n",
    "url": "/data/image_dvsk/ban_ky_toan_thu/quyen3/DVSKTT_ban_toan_III_28a.jpg"
  },
  {
    "text": "貴 哉 . [28b*1*1]\nquý tai].\n戊 申 天 順 元 年 宋 建 炎 二 年 . [28b*2*1]\nMậu Thân, Thiên Thuận nguyên niên [Tống Kiến Viêm nhị niên].\n春 正 月 丙 戌 朔 改 元 大 赦 . [28b*2*12]\nXuân, chính nguyệt, Bính Tuất, sóc, cải nguyên, đại xá.\n尊 義 母 宸 英 夫 人 爲 皇 太 后 . [28b*3*1]\nTôn nghĩa mẫu Thần Anh phu nhân vi Hoàng thái hậu.\n詔 凡 民 有 没 田 土 于 官 及 籍 申 爲 田 兒 者 悉 還 之 . [28b*3*12]\nChiếu: Phàm dân hữu một điền thổ vu quan, cập tịch thân vi điền nhi giả tất hoàn chi.\n僧 道 百 姓 之 爲 路 翁 者 亦 免 . [28b*4*13]\nTăng đạo bách tính chi vi lộ ông giả diệc miễn.\n賜 六 兵 更 番 㱕 農 遵 古 制 也 . [28b*5*5]\nTứ lục binh canh phiên quy nông, tuân cổ chế dã.\n戊 子 尊 大 行 皇 帝 謚 曰 孝 慈 聖 神 文 武 皇 帝 廟 號 仁 宗 . [28b*5*16]\nMậu Tí, tôn Đại Hành Hoàng Đế thuỵ viết: Hiếu Từ Thánh Thần Văn Vũ Hoàng Đế, miếu hiệu Nhân Tông.\n己 丑 貶 大 僚 班 李 崇 福 以 過 西 陽 城 門 廵 吏 問 而 不 應 也 . [28b*7*1]\nKỉ Sửu, biếm Đại Liêu ban Lí Sùng Phúc dĩ quá Tây Dương Thành môn, tuần lại vấn nhi bất ứng dã.\n辛 卯 詔 國 有 哀 天 下 民 無 得 騎 馬 及 上 藍 輿 巾 車 . [28b*8*5]\nTân Mão, chiếu quốc hữu ai, thiên hạ dân vô đắc kị mã cập thượng lam dư cân xa.\n更 子 帝 𥘉 御 京 筵 . [28b*9*6]\nCanh Tí, đế sơ ngự kinh diên.\n辛 丑 以 内 . [28b*9*13]\nTân Sửu, dĩ Nội..\n",
    "url": "/data/image_dvsk/ban_ky_toan_thu/quyen3/DVSKTT_ban_toan_III_28b.jpg"
  },
  {
    "text": "武 衛 黎 伯 玉 爲 太 尉 陞 侯 秩 内 人 火 頭 劉 波 陽 英 珥 爲 太 傅 爵 大 僚 𤤻 中 丞 牟 俞 都 爲 諫 議 大 夫 迁 諸 衛 秩 内 人 火 頭 李 慶 阮 福 高 依 爲 太 保 爵 内 上 制 内 祗 候 管 甲 李 山 爲 殿 〇 指 揮 使 爵 大 僚 𤤻 伶 人 吳 碎 爲 上 制 御 厙 書 家 徐 延 爲 員 外 郎 . [29a*1*1]\nvũ vệ Lê Bá Ngọc vi Thái uý, thăng Hầu trật; Nội nhân hoả đầu Lưu Ba, Dương Anh Nhĩ vi Thái Phó, tước Đại Liêu ban; Trung thừa Mâu Du Đô vi Gián nghị đại phu, thiên Chư Vệ trật; Nội nhân hoả đầu Lí Khánh, Nguyễn Phúc, Cao Y vi Thái Bảo, tước Nội thượng chế; Nội chi hầu Quản giáp Lí Sơn vi Điện tiền chỉ huy sứ, tước Đại liêu ban; Linh nhân Ngô Toái vi Thượng chế; Ngự khố thư gia Từ Diên vi Viên ngoại lang.\n又 賜 伯 玉 波 俞 都 及 官 職 都 錢 幣 有 差 󰖶 翼 賛 之 功 也 . [29a*5*17]\nHựu tứ Bá Ngọc, Ba Du Đô cập quan chức đô tiền tệ hữu sai, thù dực tán chi công dã.\n壬 寅 使 太 傅 劉 波 諫 議 大 夫 牟 俞 都 賫 仁 宗 賜 崇 賢 侯 禮 物 于 其 家 . [29a*7*1]\nNhâm Dần, sử Thái phó Lưu Ba, Gián nghị đại phu Mâu Du Đô tê Nhân Tông tứ Sùng Hiền Hầu lễ vật vu kì gia.\n癸 卯 遣 和 寨 人 訃 于 宋 及 吿 即 位 時 宋 高 宗 避 金 人 渡 江 都 臨 安 府 . [29a*8*8]\nQuý Mão, khiển Hoà Trại nhân phó vu Tống cập cáo tức vị [Thời Tống Cao Tông tị Kim nhân độ giang đô Lâm An phủ].\n甲 辰 詔 飛 騎 〇 賫 仁 宗 遺 . [29a*9*16]\nGiáp Thìn, chiếu Phi kị đô tê Nhân Tông di..\n",
    "url": "/data/image_dvsk/ban_ky_toan_thu/quyen3/DVSKTT_ban_toan_III_29a.jpg"
  },
  {
    "text": "詔 及 帝 登 極 徃 占 城 . [29b*1*1]\nchiếu cập đế đăng cực vãng Chiêm Thành.\n𭛁 御 厙 金 幣 頒 賜 百 僚 有 差 . [29b*1*9]\nPhát ngự khố kim tệ ban tứ bách liêu hữu sai.\n戊 申 桄 榔 塲 献 宋 商 人 消 船 九 隻 . [29b*2*1]\nMậu Thân, Quang lang trường hiến Tống thương nhân tiêu thuyền cửu chích.\n武 勝 都 郭 卑 献 桃 樹 四 寸 生 花 . [29b*2*14]\nVũ Thắng đô Quách Ti hiến đào thụ tứ thốn sinh hoa.\n己 酉 以 陶 舜 爲 中 書 省 員 外 郎 行 西 上 閤 門 使 尙 書 省 員 外 郎 李 寳 臣 行 東 上 閤 門 使 范 賞 杜 六 孔 原 范 寳 金 吉 李 槩 陶 老 阮 完 爲 尙 书 省 員 外 郎 梁 玖 陶 參 郭 淑 阮 仁 阮 慶 陶 相 郭 巨 尋 阮 淬 爲 中 書 火 李 伍 矯 義 李 箇 阮 貶 阮 僕 阮 寬 陶 六 杜 記 矯 紹 爲 祗 侯 書 家 . [29b*3*8]\nKỉ Dậu, dĩ Đào Thuấn vi Trung thư sảnh Viên ngoại lang hành tây thượng cáp môn sứ, Thượng thư sảnh Viên ngoại lang Lí Bảo Thần hành đông thượng cáp môn sứ; Phạm Thưởng, Đỗ Lục, Khổng Nguyên, Phạm Bảo, Kim Cát, Lí Khái, Đào Lão, Nguyễn Hoàn vi Thượng thư sảnh Viên ngoại lang; Lương Cửu, Đào Sâm, Quách Thục, Nguyễn Nhân, Nguyễn Khánh, Đào Tương, Quách Cự Tầm, Nguyễn Thối vi Trung thư hoả; Lí Ngũ, Kiểu Nghĩa, Lí Cá, Nguyễn Biếm, Nguyễn Bộc, Nguyễn Khoan, Đào Lục, Đỗ Kí, Kiểu Thiệu vi Chi hầu thư gia.\n癸 丑 詔 諫 議 大 夫 牟 俞 都 󰱇 舊 龍 翼 爲 左 右 玉 階 興 聖 廣 成 武 . [29b*8*14]\nQuý Sửu, chiếu Gián nghị đại phu Mâu Du Đô tuyển cựu Long Dực vi tả hữu Ngọc Giai, Hưng Thánh, Quảng Thành, Vũ..\n",
    "url": "/data/image_dvsk/ban_ky_toan_thu/quyen3/DVSKTT_ban_toan_III_29b.jpg"
  },
  {
    "text": "都 . [30a*1*1]\nĐô.\n甲 寅 真 臘 二 萬 餘 人 入 㓂 乂 安 州 波 頭 步 . [30a*1*2]\nGiáp Dần, Chân Lạp nhị vạn dư nhân nhập khấu Nghệ An châu Ba Đầu bộ.\n詔 入 内 太 傅 李 公 平 将 官 職 都 及 乂 安 州 人 討 之 . [30a*1*18]\nChiếu Nhập nội thái phó Lí Công Bình tương quan chức đô, cập Nghệ An châu nhân thảo chi.\n二 月 乙 卯 詔 赦 都 護 府 罪 人 . [30a*3*1]\nNhị nguyệt, Ất Mão, chiếu xá Đô hộ phủ tội nhân.\n壬 戌 詔 免 貶 黜 者 一 百 三 十 人 . [30a*3*12]\nNhâm Tuất, chiếu miễn biếm truất giả nhất bách tam thập nhân.\n癸 亥 李 公 平 敗 真 臘 人 于 波 頭 步 擒 其 主 將 及 士 卒 . [30a*4*5]\nQuý Hợi, Lí Công Bình bại Chân Lạp nhân vu Ba Đầu bộ, cầm kì chủ tướng cập sĩ tốt.\n乙 丑 群 臣 上 尊 號 曰 順 天 廣 運 欽 明 仁 孝 皇 帝 . [30a*5*7]\nẤt Sửu, quần thần thượng tôn hiệu viết: Thuận Thiên Quảng Vận Khâm Minh Nhân Hiếu Hoàng Đế.\n帝 謂 群 臣 曰 朕 以 幼 冲 之 年 嗣 先 聖 洪 業 而 天 下 平 定 海 宇 之 内 咸 畏 其 威 皆 賴 卿 等 力 也 . [30a*6*7]\nĐế vị quần thần viết: \"Trẫm dĩ ấu xung chi niên, tự tiên thánh hồng nghiệp, nhi thiên hạ bình định, hải vũ chi nội, hàm uý kì uy, giai lại khanh đẳng lực dã.\n卿 等 宜 慎 職 守 無 萌 怠 忽 以 輔 朕 之 不 建 也 . [30a*8*4]\nKhanh đẳng nghi thận chức, thú vô manh đãi hốt, dĩ phụ trẫm chi bất kiến dã\".\n立 李 氏 爲 皇 侯 . [30a*9*2]\nLập Lí thị vi Hoàng hậu.\n先 是 遣 員 外 郎 李 慶 臣 及 其 . [30a*9*8]\nTiên thị, khiển Viên ngoại lang Lí Khánh Thần cập kì..\n",
    "url": "/data/image_dvsk/ban_ky_toan_thu/quyen3/DVSKTT_ban_toan_III_30a.jpg"
  },
  {
    "text": "妻 迎 殿 前 指 揮 使 李 山 之 女 員 外 郎 陳 玉 度 及 其 妻 迎 太 尉 黎 伯 玉 姪 黎 昌 之 女 󰀋 立 山 女 爲 儷 天 皇 后 昌 女 爲 明 寳 夫 人 . [30b*1*1]\nthê nghênh Điện tiền chỉ huy sứ Lí Sơn chi nữ, Viên ngoại lang Trần Ngọc Độ cập kì thê nghênh Thái uý Lê Bá Ngọc điệt Lê Xương chi nữ, sách lập Sơn nữ vi Lệ Thiên Hoàng hậu, Xương nữ vi Minh Bảo phu nhân.\n陞 山 寄 侯 秩 知 諒 州 軍 事 賜 昌 爵 大 僚 𤤻 . [30b*3*10]\nThăng Sơn ký hầu trật tri Lạng Châu quân sự, tứ Xương tước Đại liêu ban.\n滛 雨 . [30b*4*7]\nDâm vũ.\n丁 卯 群 臣 上 表 賀 登 極 . [30b*4*9]\nĐinh Mão, quần thần thượng biểu hạ đăng cực.\n天 龍 天 崇 二 寺 幡 無 風 自 動 其 状 如 舞 . [30b*5*1]\nThiên Long, Thiên Sùng nhị tự phướn vô phong tự động kì trạng như vũ.\n車 馬 幸 二 寺 拜 謝 之 . [30b*5*16]\nXa mã hạnh nhị tự bái tạ chi.\n李 公 平 捷 書 至 京 師 . [30b*6*6]\nLí Công Bình tiệp thư chí Kinh sư.\n戊 辰 帝 幸 太 清 景 靈 二 宫 及 城 内 諸 寺 觀 拜 謝 佛 道 冥 祐 公 平 敗 真 臘 人 之 恩 . [30b*6*14]\nMậu Thìn, đế hạnh Thái Thanh, Cảnh Linh nhị cung cập thành nội chư tự quán bái tạ Phật, Đạo minh hựu Công Bình bại Chân Lạp nhân chi ân.\n黎 文 休 曰 夫 運 籌 帷 幄 之 中 决 勝 千 李 之 外 皆 . [30b*9*1]\nLê Văn Hưu viết: \"Phù vận trù duy ốc chi trung, quyết thắng thiên lí chi ngoại, giai..\n",
    "url": "/data/image_dvsk/ban_ky_toan_thu/quyen3/DVSKTT_ban_toan_III_30b.jpg"
  },
  {
    "text": "良 将 臨 戒 制 勝 之 功 也 . [31a*1*1]\nlương tướng lâm giới chế thắng chi công dã.\n太 傅 李 公 平 破 真 臘 之 㓂 於 乂 安 州 遣 人 奏 捷 . [31a*1*10]\nThái phó Lí Công Bình phá Chân Lạp chi khấu ư Nghệ An châu, khiển nhân tấu tiệp.\n神 宗 當 告 捷 于 太 庙 論 功 于 廟 堂 以 賞 公 平 等 克 敵 之 勳 . [31a*2*10]\nThần Tông đương cáo tiệp vu Thái Miếu, luận công vu miếu đường, dĩ thưởng Công Bình đẳng khắc địch chi huân.\n今 乃 㱕 功 於 佛 道 臨 字 觀 而 拜 謝 之 非 所 以 勞 有 功 皷 士 氣 也 . [31a*3*14]\nKim nãi quy công ư Phật Đạo, lâm tự quán nhi bái tạ chi, phi sở dĩ lao hữu công cổ sĩ khí dã\".\n庚 午 帝 御 天 安 殿 觀 國 人 盟 于 龍 墀 . [31a*6*1]\nCanh Ngọ, đế ngự Thiên An điện quan quốc nhân minh vu Long Trì.\n因 詔 𭛁 内 府 衣 服 〇 帛 頒 賜 之 . [31a*6*15]\nNhân chiếu phát Nội phủ y phục tiền bạch ban tứ chi.\n甲 戌 詔 百 官 家 奴 皂 󰒜 不 得 娶 良 民 女 . [31a*7*9]\nGiáp Tuất, chiếu bách quan gia nô tạo lệ bất đắc thú lương dân nữ.\n儷 天 皇 后 明 寶 夫 人 㱕 寕 . [31a*8*6]\nLệ Thiên Hoàng hậu, Minh Bảo phu nhân quy ninh.\n使 諫 議 大 夫 牟 俞 都 如 天 德 府 相 地 起 仁 宗 山 陵 . [31a*8*16]\nSử Gián nghị đại phu Mâu Du Đô như Thiên Đức phủ tương địa, khởi Nhân Tông sơn lăng.\n三 . [31a*9*18]\nTam..\n",
    "url": "/data/image_dvsk/ban_ky_toan_thu/quyen3/DVSKTT_ban_toan_III_31a.jpg"
  },
  {
    "text": "月 李 公 平 軍 還 献 俘 人 百 六 十 九 人 . [31b*1*1]\nnguyệt, Lí Công Bình quân hoàn, hiến phu nhân bách lục thập cửu nhân.\n以 内 令 書 家 費 公 信 爲 奉 議 郎 内 書 家 魏 國 寳 爲 左 司 . [31b*1*15]\nDĩ Nội lệnh thư gia Phí Công Tín vi Phụng nghị lang, Nội thư gia Nguỵ Quốc Bảo vi Tả ti.\n帝 觀 靈 光 大 會 以 公 信 國 寳 爲 内 常 侍 . [31b*2*18]\nĐế quan Linh Quang đại hội, dĩ Công Tín, Quốc Bảo vi Nội thường thị.\n夏 四 月 旱 . [31b*3*14]\nHạ tứ nguyệt, hạn.\n帝 齋 戒 蔬 食 祈 得 雨 . [31b*3*18]\nĐế trai giới sơ thực kì đắc vũ.\n五 月 度 老 兵 都 曹 武 袋 等 四 人 爲 僧 . [31b*4*8]\nNgũ nguyệt, độ lão binh đô tào Vũ Đại đẳng tứ nhân vi tăng.\n詔 宸 英 太 后 族 百 人 于 藉 . [31b*5*4]\nChiếu Thần Anh thái hậu tộc bách nhân vu tịch.\n詔 諸 訟 事 已 經 祖 宗 理 判 者 不 得 復 論 奏 爲 者 罪 之 . [31b*5*14]\nChiếu chư tụng sự dĩ kinh tổ tông lí phán giả bất đắc phục luận, tấu vi giả tội chi.\n六 月 詔 群 臣 及 官 職 都 監 于 大 興 門 外 . [31b*6*17]\nLục nguyệt, chiếu quần thần cập quan chức đô giám vu Đại Hưng môn ngoại.\n欲 行 送 塟 仁 宗 禮 也 . [31b*7*14]\nDục hành tống táng Nhân Tông lễ dã.\n塟 天 德 陵 . [31b*8*3]\nTáng Thiên Đức lăng.\n以 誕 日 爲 天 瑞 節 . [31b*8*7]\nDĩ đản nhật vi Thiên Thuỵ tiết.\n秋 七 月 中 元 節 帝 御 天 安 殿 群 臣 上 表 賀 . [31b*8*14]\nThu, thất nguyệt, Trung nguyên tiết, đế ngự Thiên An điện, quần thần thượng biểu hạ.\n以 薦 仁 宗 盂 蘭 . [31b*9*14]\nDĩ tiến Nhân Tông Vu Lan..\n",
    "url": "/data/image_dvsk/ban_ky_toan_thu/quyen3/DVSKTT_ban_toan_III_31b.jpg"
  },
  {
    "text": "盆 不 設 宴 禮 . [32a*1*1]\nbồn bất thiết yến lễ.\n八 月 詔 劉 慶 覃 牟 俞 都 󰱇 官 職 都 . [32a*1*6]\nBát nguyệt, chiếu Lưu Khánh Đàm, Mâu Du Đô tuyển quan chức đô.\n甲 戌 出 仁 宗 遺 詔 示 群 臣 詔 見 . [32a*2*1]\nGiáp Tuất, xuất Nhân Tông di chiếu thị quần thần [Chiếu kiến tiền].\n真 臘 人 入 㓂 乂 安 州 杜 家 鄕 有 船 七 百 餘 艘 . [32a*2*14]\nChân Lạp nhân nhập khấu Nghệ An châu, Đỗ Gia hương, hữu thuyền thất bách dư sưu.\n詔 清 化 府 阮 河 炎 及 本 州 楊 塢 等 領 兵 擊 敗 之 . [32a*3*13]\nChiếu Thanh Hoá phủ, Nguyễn Hà Viêm, cập bản châu Dương Ổ đẳng lãnh binh kích, bại chi.\n冬 十 一 月 以 太 尉 黎 伯 玉 爲 太 師 改 姓 張 氏 . [32a*4*12]\nĐông, thập nhất nguyệt, dĩ Thái uý Lê Bá Ngọc vi Thái sư, cải tính Trương thị.\n流 廣 原 州 人 于 清 化 府 . [32a*5*11]\nLưu Quảng Nguyên châu nhân vu Thanh Hoá phủ.\n乂 安 州 遞 奏 真 臘 國 書 一 封 請 差 人 徃 使 其 國 不 報 . [32a*6*2]\nNghệ An châu đệ tấu Chân Lạp quốc thư nhất phong, thỉnh sai nhân vãng sử kì quốc, bất báo.\n己 酉 二 年 宋 見 炎 三 年 . [32a*8*1]\nKỉ dậu, nhị niên [Tống Kiến Viêm tam niên].\n春 正 月 入 内 殿 中 李 安 酉 献 白 鹿 . [32a*8*10]\nXuân, chính nguyệt, Nhập nội điện trung Lí An Dậu hiến bạch lộc.\n賜 安 酉 爵 大 僚 𤤻 . [32a*9*2]\nTứ An Dậu tước Đại liêu ban.\n太 尉 楊 英 耳 献 白 六 . [32a*9*9]\nThái uý Dương Anh Nhĩ hiến bạch lộc.\n設 . [32a*9*17]\nThiết..\n",
    "url": "/data/image_dvsk/ban_ky_toan_thu/quyen3/DVSKTT_ban_toan_III_32a.jpg"
  },
  {
    "text": "慶 成 八 萬 四 千 寳 㙮 會 于 天 符 閣 . [32b*1*1]\nkhánh thành bát vạn tứ thiên bảo tháp hội vu Thiên Phù các.\n甲 午 尊 申 生 父 崇 賢 侯 爲 太 上 皇 親 生 母 杜 氏 爲 皇 太 后 居 洞 仁 宫 . [32b*1*14]\nGiáp Ngọ, tôn thân sinh phụ Sùng Hiền hầu vi Thái thượng hoàng, thân sinh mẫu Đỗ thị vi Hoàng thái hậu, cư Động Nhân cung.\n黎 文 休 曰 神 宗 以 宗 室 之 子 仁 宗 育 爲 子 使 繼 大 統 義 當 以 仁 宗 爲 父 而 稱 所 生 父 崇 賢 侯 爲 皇 叔 封 生 母 杜 氏 爲 王 夫 人 如 宋 孝 宗 之 於 秀 安 僖 王 及 夫 人 張 氏 以 一 其 本 可 也 . [32b*4*1]\nLê Văn Hưu viết: \"Thần Tông dĩ tông thất chi tử, Nhân Tông dục vi tử, sử kế đại thống, nghĩa đương dĩ Nhân Tông vi phụ nhi xưng, sở sinh phụ Sùng Hiền hầu vi hoàng thúc, phong sinh mẫu Đỗ thị vi Vương phu nhân, như Tống Hiếu Tông chi ư Tú An Hi Vương cập phu nhân Trương thị, dĩ nhất kì bản khả dã.\n今 乃 封 崇 賢 侯 爲 太 上 皇 杜 氏 爲 皇 太 后 無 乃 二 其 本 乎 盖 神 宗 時 方 幼 冲 而 在 朝 公 卿 如 黎 伯 玉 牟 俞 . [32b*7*15]\nKim nãi phong Sùng Hiền hầu vi Thái thượng hoàng, Đỗ thị vi Hoàng thái hậu, vô nãi nhị kì bản hồ? Cái Thần Tông thời phương ấu xung, nhi tại triều công khanh như Lê Bá Ngọc, Mâu Du..\n",
    "url": "/data/image_dvsk/ban_ky_toan_thu/quyen3/DVSKTT_ban_toan_III_32b.jpg"
  },
  {
    "text": "都 又 無 知 体 者 故 也 . [33a*1*1]\nĐô hựu vô tri thể giả, cố dã\".\n二 月 帝 齋 戒 祈 雨 . [33a*2*1]\nNhị nguyệt, đế trai giới kì vũ.\n親 王 𤤻 李 祿 上 言 傘 圓 山 有 白 鹿 . [33a*2*8]\nThân vương ban Lí Lộc thượng ngôn, Tản Viên sơn hữu bạch lộc.\n帝 使 太 尉 楊 英 珥 徃 捕 得 之 . [33a*3*4]\nĐế sử Thái uý Dương Anh Nhĩ vãng bổ đắc chi.\n賜 祿 爵 大 僚 𤤻 . [33a*3*15]\nTứ Lộc tước Đại liêu ban.\n詔 赦 天 下 罪 人 . [33a*4*2]\nChiếu xá thiên hạ tội nhân.\n史 臣 吳 士 連 曰 仁 宗 嘗 因 設 會 而 赦 罪 人 非 也 然 猶 藉 佛 會 爲 名 也 . [33a*5*1]\nSử thần Ngô Sĩ Liên viết: \"Nhân Tông thường nhân thiết hội nhi xá tội nhân phi dã, nhiên do tịch Phật hội vi danh dã.\n帝 無 事 直 赦 之 耳 . [33a*6*9]\nĐế vô sự trực xá chi nhĩ.\n夫 罪 人 犯 法 有 輕 有 重 五 等 象 刑 有 上 有 下 𡸈 可 直 赦 之 䏧 . [33a*6*16]\nPhù tội nhân phạm pháp hữu khinh, hữu trọng, ngũ đẳng tượng hình hữu thượng, hữu hạ, khởi khả trực xá chi da.\n若 一 槩 赦 之 則 小 人 幸 免 非 君 子 之 福 也 . [33a*8*3]\nNhược nhất khái xá chi, tắc tiểu nhân hạnh miễn, phi quân tử chi phúc dã.\n故 古 之 言 治 者 雖 云 不 可 無 赦 亦 病 於 赦 . [33a*9*1]\nCố cổ chi ngôn trị giả, tuy vân bất khả vô xá, diệc bệnh ư xá.\n赦 過 . [33a*9*17]\nXá quá..\n",
    "url": "/data/image_dvsk/ban_ky_toan_thu/quyen3/DVSKTT_ban_toan_III_33a.jpg"
  },
  {
    "text": "可 也 赦 罪 不 可 也 . [33b*1*1]\nkhả dã, xá tội bất khả dã.\n易 曰 赦 過 宥 罪 書 曰 𤯝 災 肆 赦 怙 終 賊 刑 . [33b*1*8]\nDịch viết: \"Xá quá hựu tội\"; Thư viết: \"Sảnh tai tứ xá, hỗ chung tặc hình\".\n是 也 . [33b*2*6]\nThị dã.\n三 月 李 子 克 上 言 江 底 林 有 白 鹿 . [33b*3*1]\nTam nguyệt, Lí Tử Khắc thượng ngôn, Giang Để lâm hữu bạch lộc.\n帝 使 太 尉 劉 慶 覃 徃 捕 得 之 . [33b*3*14]\nĐế sử Thái uý Lưu Khánh Đàm vãng bổ đắc chi.\n遷 子 克 樞 密 使 列 明 字 秩 冠 七 粱 㓂 . [33b*4*7]\nThiên Tử Khắc Khu mật sứ, liệt minh tự trật, quán thất lương khấu.\n黎 文 休 曰 夫 古 人 所 謂 瑞 者 以 得 贒 與 豊 年 外 此 不 足 爲 瑞 也 . [33b*6*1]\nLê Văn Hưu viết: \"Phù cổ nhân sở vị thuỵ giả, dĩ đắc hiền dữ phong niên, ngoại thử bất túc vi thuỵ dã.\n况 珍 禽 異 獸 不 育 於 國 亦 先 王 之 遺 戒 也 . [33b*7*7]\nHuống chân cầm dị thú bất dục ư quốc, diệc tiên vương chi di giới dã.\n神 宗 因 阮 祿 阮 子 克 祿 子 克 本 姓 李 文 休 避 陳 朝 諱 故 阮 稱 献 白 鹿 以 爲 瑞 物 拜 祿 爲 大 僚 班 子 克 爲 . [33b*8*5]\nThần Tông nhân Nguyễn Lộc, Nguyễn Tử Khắc [Lộc Tử Khắc bản tính Lí Văn Hưu tị Trần Triều huý cố Nguyễn] xưng hiến bạch lộc, dĩ vi thuỵ vật, bái Lộc vi Đại liêu ban, Tử Khắc vi..\n",
    "url": "/data/image_dvsk/ban_ky_toan_thu/quyen3/DVSKTT_ban_toan_III_33b.jpg"
  },
  {
    "text": "明 字 則 賞 者 受 者 皆 非 也 . [34a*1*1]\nMinh tự, tắc thưởng giả thụ giả giai phi dã.\n何 則 神 宗 以 献 獸 拜 官 是 濫 其 賞 也 . [34a*1*11]\nHà tắc? Thần Tông dĩ hiến thú bái quan, thị lạm kì thưởng dã.\n祿 克 以 無 公 受 賞 是 欺 其 君 也 . [34a*2*7]\nLộc, Khắc dĩ vô công thụ thưởng, thị khi kì quân dã\".\n西 農 州 大 首 領 何 文 廣 献 生 金 二 塊 共 重 三 十 三 两 五 銖 . [34a*3*1]\nTây Nông châu đại thủ lĩnh Hà Văn Quảng hiến sinh kim nhị khối, cộng trọng tam thập tam lưỡng ngũ thù.\n夏 六 月 入 内 龍 圖 牟 俞 都 献 駱 馬 四 足 生 距 . [34a*4*5]\nHạ, lục nguyệt, Nhập nội Long đồ Mâu Du Đô hiến lạc mã, tứ túc sinh cự.\n以 内 常 侍 費 公 信 爲 左 司 郎 中 魏 國 寳 爲 員 外 郎 . [34a*5*4]\nDĩ Nội thường thị Phí Công Tín vi Tả ti lang trung; Nguỵ Quốc Bảo vi Viên ngoại lang.\n秋 八 月 造 仁 宗 神 主 于 靈 殿 . [34a*6*4]\nThu, bát nguyệt, tạo Nhân Tông Thần chủ vu Linh Điện.\n青 竹 蛇 蟠 于 寳 扆 . [34a*6*15]\nThanh trúc xà bàn vu bảo ỷ.\n閏 月 壬 午 祔 仁 宗 皇 帝 神 位 于 太 室 . [34a*7*4]\nNhuận nguyệt, Nhâm Ngọ, phụ Nhân Tông Hoàng Đế thần vị vu Thái Thất.\n史 神 吳 士 連 曰 先 王 制 禮 事 亡 如 事 存 故 作 主 以 象 神 則 主 神 之 所 依 也 . [34a*8*1]\nSử thần Ngô Sĩ Liên viết: \"Tiên vương chế lễ sự vong như sự tồn, cố tác chủ dĩ tượng thần, tắc chủ thần chi sở ỷ dã.\n󰔄 而 作 主 練 而 易 主 . [34a*9*11]\nNgu nhi tác chủ, luyện nhi dịch chủ,..\n",
    "url": "/data/image_dvsk/ban_ky_toan_thu/quyen3/DVSKTT_ban_toan_III_34a.jpg"
  },
  {
    "text": "易 主 而 祔 廟 禮 節 也 . [34b*1*1]\ndịch chủ nhi phụ Miếu, lễ tiết dã.\n仁 宗 塟 在 去 年 六 月 至 今 十 四 月 練 寺 又 過 久 矣 而 始 作 主 祔 廟 慢 而 不 敬 甚 矣 . [34b*1*9]\nNhân Tông táng tại khứ niên lục nguyệt, chí kim thập tứ nguyệt, luyện tự hựu quá cửu hĩ, nhi thuỷ tác chủ phụ Miếu, mạn nhi bất kính thậm hĩ\".\n甲 申 洞 仁 宫 陶 甄 人 阮 人 献 六 眸 龜 胷 上 有 譜 樂 二 字 . [34b*4*1]\nGiáp Thân, Động Nhân cung đào chân nhân Nguyễn Nhân hiến lục mâu quy, hung thượng hữu \"phổ nhạc\" nhị tự.\n詔 諸 王 侯 百 官 奴 婢 不 得 依 勢 敺 擊 官 軍 百 姓 犯 者 徒 其 家 主 奴 沒 八 官 . [34b*5*4]\nChiếu chư vương hầu bách quan nô tì bất đắc ỷ thế khu kích quan quân bách tính, phạm giả đồ kì gia chủ, nô một bát quan.\n冬 十 月 遷 左 司 費 公 信 爲 諸 衛 賜 姓 李 . [34b*6*14]\nĐông, thập nguyệt, thiên Tá ti Phí Công Tín vi Chư vệ, tứ tính Lí.\n十 二 月 象 公 朱 會 献 白 龜 . [34b*7*11]\nThập nhị nguyệt, Tượng công Chu Hội hiến bạch quy.\n以 内 常 侍 杜 元 善 爲 參 知 政 事 守 清 化 府 御 厙 書 家 范 信 爲 員 外 郎 . [34b*8*3]\nDĩ Nội thường thị Đỗ Nguyên Thiện vi Tham tri chính sự, thú Thanh Hoá phủ; Ngự khố thư gia Phạm Tín vi Viên ngoại lang.\n",
    "url": "/data/image_dvsk/ban_ky_toan_thu/quyen3/DVSKTT_ban_toan_III_34b.jpg"
  },
  {
    "text": "庚 戌 三 年 宋 建 炎 四 年 . [35a*1*1]\nCanh Tuất, tam niên [Tống Kiến Viêm tứ niên].\n春 正 月 詔 百 官 女 不 得 先 適 人 俟 󰱇 克 掖 庭 後 不 入 󰱇 者 然 後 許 嫁 . [35a*1*10]\nXuân, chính nguyệt, chiếu bách quan nữ bất đắc tiên thích, nhân sĩ tuyển khắc dịch đình hậu, bất nhập tuyển giả nhiên hậu hứa giá.\n黎 文 休 曰 天 生 民 而 作 之 君 使 司 牧 之 非 自 奉 也 . [35a*3*1]\nLê Văn Hưu viết: \"Thiên sinh dân nhi tác chi quân sử ti mục chi, phi tự phụng dã.\n父 母 之 心 誰 不 欲 其 子 之 有 寳 家 聖 人 體 此 心 惟 恐 匹 夫 匹 婦 之 不 得 其 所 . [35a*4*2]\nPhụ mẫu chi tâm, thuỳ bất dục kì tử chi hữu bảo gia, thánh nhân thể thử tâm duy khủng sất phu sất phụ chi bất đắc kì sở.\n故 詩 經 桃 夭 摽 有 梅 美 嫁 之 及 時 與 刺 其 晚 也 . [35a*5*13]\nCố Thi kinh \"Đào yêu\" \"Phiếu hữu mai\" mĩ giá chi cập thì dữ thích kì vãn dã.\n神 宗 詔 百 官 之 女 󰱇 畢 然 後 嫁 此 乃 自 奉 𡸈 爲 民 父 𤙩 之 意 哉 史 臣 吳 士 連 曰 帝 時 年 未 冠 其 出 此 令 盖 欲 󰱇 百 官 女 充 掖 庭 尔 未 爲 甚 過 舉 也 . [35a*6*13]\nThần Tông chiếu bách quan chi nữ, tuyển tất nhiên hậu giá, thử nãi tự phụng, khởi vi dân phụ mẫu chi ý tai?\" Sử thần Ngô Sĩ Liên viết: \"Đế thời niên vị quán, kì xuất thử lệnh cái dục tuyển bách quan nữ sung dịch đình nhĩ, vị vi thậm quá cử dã.\n至 其 勝 敵 而 . [35a*9*14]\nChí kì thắng địch nhi..\n",
    "url": "/data/image_dvsk/ban_ky_toan_thu/quyen3/DVSKTT_ban_toan_III_35a.jpg"
  },
  {
    "text": "㱕 功 於 𫢋 献 鹿 而 滥 爵 與 人 之 𩔗 皆 童 心 之 所 𭛁 而 莫 之 匡 救 . [35b*1*1]\nquy công ư Phật, hiến lộc nhi lạm tước dữ nhân chi loại, giai đồng tâm chi sở phát, nhi mạc chi khuông cứu.\n苟 有 至 誠 以 感 之 巽 言 以 入 之 帝 之 聰 睿 有 素 其 從 之 也 必 矣 . [35b*2*7]\nCẩu hữu chí thành dĩ cảm chi, tốn ngôn dĩ nhập chi, đế chi thông duệ, hữu tố kì tòng chi dã tất hĩ\".\n内 作 管 甲 朱 始 献 金 鯽 魚 . [35b*4*1]\nNội tác quản giáp Chu Thuỷ hiến kim tức ngư.\n以 御 庫 書 家 梁 改 守 清 化 府 . [35b*4*11]\nDĩ Ngự khố thư gia Lương Cải thủ Thanh Hoá phủ.\n三 月 占 城 國 人 雍 麻 勾 來 附 . [35b*5*5]\nTam nguyệt, Chiêm Thành quốc nhân Ung Ma Câu lai phụ.\n五 月 扶 秋 了 管 甲 費 元 献 白 雀 . [35b*5*16]\nNgũ nguyệt, Phù Thu Liễu quản giáp Phí Nguyên hiến bạch tước.\n太 上 皇 崩 謚 曰 恭 皇 . [35b*6*12]\nThái thượng hoàng băng, thuỵ viết Cung Hoàng.\n六 月 旱 祈 雨 . [35b*7*2]\nLục nguyệt, hạn, kì vũ.\n秋 久 月 久 雨 祈 晴 . [35b*7*7]\nThu, cửu nguyệt, cửu vũ, kì tình.\n帝 御 靈 光 殿 觀 兢 舟 . [35b*7*14]\nĐế ngự Linh Quang điện quan cạnh chu.\n詔 赦 都 護 府 囚 . [35b*8*6]\nChiếu xá Đô hộ phủ tù.\n冬 十 月 帝 御 天 靈 殿 大 閲 六 兵 定 等 級 . [35b*8*12]\nĐông, thập nguyệt, đế ngự Thiên Linh điện đại duyệt lục binh, định đẳng cấp.\n宋 賫 寳 印 金 章 封 帝 爲 . [35b*9*10]\nTống tê bảo ấn kim chương phong đế vi..\n",
    "url": "/data/image_dvsk/ban_ky_toan_thu/quyen3/DVSKTT_ban_toan_III_35b.jpg"
  },
  {
    "text": "交 趾 郡 王 . [36a*1*1]\nGiao Chỉ Quận Vương.\n十 一 月 占 城 來 貢 . [36a*1*5]\nThập nhất nguyệt, Chiêm Thành lai cống.\n十 二 月 帝 擊 毬 于 龍 墀 令 占 使 入 侍 觀 之 . [36a*1*12]\nThập nhị nguyệt, đế kích cầu vu Long Trì, lệnh Chiêm sứ nhập thị quan chi.\n設 慶 成 廣 嚴 資 聖 寺 會 . [36a*2*11]\nThiết khánh thành Quảng Nghiêm Tư Thánh tự hội.\n赦 罪 人 . [36a*3*1]\nXá tội nhân.\n遣 員 外 郎 李 奉 恩 令 書 家 尹 英 槩 如 宋 報 聘 . [36a*3*4]\nKhiển Viên ngoại lang Lí Phụng Ân, Lệnh thư gia Doãn Anh Khái như Tống báo sính.\n辛 亥 四 年 宋 紹 興 元 年 . [36a*5*1]\nTân Hợi, tứ niên [Tống Thiệu Hưng nguyên niên].\n春 正 月 起 二 閣 于 延 和 内 . [36a*5*10]\nXuân, chính nguyệt, khởi nhị các vu Diên Hoà nội.\n三 月 皇 弟 星 卒 崇 賢 侯 之 子 也 . [36a*5*21]\nTam nguyệt, Hoàng đệ Tinh tốt [Sùng Hiền hầu chi tử dã].\n夏 四 月 詔 王 侯 公 主 百 官 家 奴 不 得 娶 官 職 都 百 姓 女 . [36a*6*12]\nHạ, tứ nguyệt, chiếu vương hầu công chúa bách quan gia nô bất đắc thú quan chức đô bách tính nữ.\n禁 人 間 女 不 得 效 宫 䯻 粧 樣 . [36a*7*12]\nCấm nhân gian nữ bất đắc hiệu cung kết trang dạng.\n五 月 旱 祈 得 大 雨 . [36a*8*5]\nNgũ nguyệt, hạn, kì đắc đại vũ.\n染 宏 主 都 何 兒 献 白 雀 . [36a*8*12]\nNhiễm hoành Chủ đô Hà Nhi hiến bạch tước.\n起 明 空 大 師 第 . [36a*9*4]\nKhởi Minh Không Đại sư đệ.\n秋 七 月 群 臣 上 表 賀 . [36a*9*10]\nThu, thất nguyệt, quần thần thượng biểu hạ..\n",
    "url": "/data/image_dvsk/ban_ky_toan_thu/quyen3/DVSKTT_ban_toan_III_36a.jpg"
  },
  {
    "text": "豊 年 . [36b*1*1]\nphong niên.\n史 臣 吳 士 連 曰 甚 矣 當 時 朝 臣 之 行 謟 也 五 月 旱 祈 禱 幸 而 得 雨 至 七 月 夏 麥 已 過 秋 禾 未 熟 遽 以 爲 豊 年 上 表 稱 賀 . [36b*2*1]\nSử thần Ngô Sĩ Liên viết: \"Thậm hĩ, đương thời triều thần chi hành xiểm dã! Ngũ nguyệt, hạn, kì đảo hạnh nhi đắc vũ, chí thất nguyệt, hạ mạch dĩ quá thu, hoà vị thục, cự dĩ vi phong niên, thượng biểu xưng hạ.\n倘 至 九 十 月 而 水 旱 虫 蟥 如 表 賀 何 . [36b*4*10]\nThảng chí cửu thập nguyệt nhi thuỷ hạn trùng hoàng, như biểu hạ hà?\".\n九 月 開 寳 花 園 . [36b*6*1]\nCửu nguyệt, khai bảo hoa viên.\n詔 牟 俞 都 知 乂 安 州 . [36b*6*7]\nChiếu Mâu Du Đô tri Nghệ An châu.\n是 月 久 雨 祈 晴 . [36b*6*15]\nThị nguyệt, cửu vũ, kì tình.\n冬 十 月 御 前 指 揮 使 王 吉 奏 有 神 降 跡 于 龍 墀 左 鍾 樓 〇 長 九 寸 五 分 闊 五 寸 . [36b*7*5]\nĐông, thập nguyệt, Ngự tiền chỉ huy sứ Vương Cát tấu hữu thần giáng tích vu Long Trì tả chung lâu tiền, trường cửu thốn ngũ phân, khoát ngũ thốn.\n皇 弟 周 箇 卒 . [36b*8*17]\nHoàng đệ Chu Cá tốt.\n十 二 月 太 平 鄕 阮 買 献 白 鹿 . [36b*9*4]\nThập nhị nguyệt, Thái Bình hương Nguyễn Mãi hiến bạch lộc.\n左 䄔 捷 兵 . [36b*9*15]\nTả Vũ Tiệp binh..\n",
    "url": "/data/image_dvsk/ban_ky_toan_thu/quyen3/DVSKTT_ban_toan_III_36b.jpg"
  },
  {
    "text": "杜 慶 献 黃 色 [ 鯧 䰸 魚 鯧 音 昌 䰸 音 公 即 鯸 魚 也 ] . [37a*1*1]\nĐỗ Khánh hiến hoàng sắc xương công ngư [Xương âm xương, công âm công, tức hầu ngư dã].\n帝 已 爲 瑞 詔 群 臣 稱 賀 . [37a*1*19]\nĐế dĩ vi thuỵ, chiếu quần thần xưng hạ.\n閤 門 使 李 奉 恩 上 言 彼 微 物 爾 而 陛 下 以 爲 瑞 . [37a*2*4]\nCáp môn sứ Lí Phụng Ân thượng ngôn: \"Bỉ vi vật nhĩ nhi bệ hạ dĩ vi thuỵ.\n如 麟 鳯 之 來 則 陛 下 以 爲 何 物 . [37a*3*3]\nNhư lân phượng chi lai tắc bệ hạ dĩ vi hà vật?\".\n帝 善 其 言 . [37a*3*15]\nĐế thiện kì ngôn.\n壬 子 五 年 宋 紹 興 二 年 . [37a*4*1]\nNhâm Tí, ngũ niên [Tống Thiệu Hưng nhị niên].\n夏 四 月 夜 皇 龍 自 永 光 殿 見 于 麗 光 宫 . [37a*4*10]\nHạ, tứ nguyệt, dạ hoàng long tự Vĩnh Quang điện hiện vu Lệ Quang cung.\n五 月 朔 皇 次 長 子 天 祿 生 後 封 明 道 王 閏 月 皇 長 女 生 尋 殤 . [37a*5*4]\nNgũ nguyệt, sóc, Hoàng thứ trưởng tử Thiên Lộc sinh, hậu phong Minh Đạo Vương Nhuận nguyệt, hoàng trưởng nữ sinh, tầm thương.\n是 月 暴 風 覆 延 章 舟 . [37a*6*9]\nThị nguyệt, bạo phong phúc Diên Chương chu.\n秋 七 月 占 城 國 人 具 般 等 逃 㱕 其 國 至 日 麗 寨 人 執 送 京 師 . [37a*7*1]\nThu, thất nguyệt, Chiêm Thành quốc nhân Cụ Bàn đẳng đào quy kì quốc, chí Nhật Lệ trại nhân chấp, tống Kinh sư.\n八 月 真 臘 占 城 㓂 乂 安 州 . [37a*8*5]\nBát nguyệt, Chân Lạp, Chiêm Thành khấu Nghệ An châu.\n左 羽 林 兵 火 頭 杜 廣 献 鯧 䰸 魚 . [37a*8*15]\nTả Vũ Lâm binh Hoả đầu Đỗ Quảng hiến Xương công ngư.\n詔 太 尉 楊 英 珥 領 清 化 . [37a*9*10]\nChiếu Thái uý Dương Anh Nhĩ lĩnh Thanh Hoá..\n",
    "url": "/data/image_dvsk/ban_ky_toan_thu/quyen3/DVSKTT_ban_toan_III_37a.jpg"
  },
  {
    "text": "府 乂 安 州 人 擊 真 臘 占 城 敗 之 . [37b*1*1]\nphủ, Nghệ An châu nhân kích Chân Lạp Chiêm Thành, bại chi.\n真 登 州 牧 黎 法 國 献 玄 祿 . [37b*1*13]\nChân Đăng châu mục Lê Pháp Quốc hiến huyền lộc.\n九 月 奉 衛 都 令 火 頭 丁 牛 献 白 禄 . [37b*2*5]\nCửu nguyệt, Phụng vệ đô Lệnh hoả đầu Đinh Ngưu hiến bạch lộc.\n乂 安 州 令 書 家 陳 留 献 占 城 人 三 . [37b*3*1]\nNghệ An châu Lệnh thư gia Trần Lưu hiến Chiêm Thành nhân tam.\n先 是 其 人 常 伏 險 要 處 據 乂 安 州 人 轉 賣 真 臘 國 留 因 設 伏 於 其 處 擒 之 以 献 . [37b*3*14]\nTiên thị, kì nhân thường phục hiểm yếu xứ, cứ Nghệ An châu nhân chuyển mại Chân Lạp quốc, Lưu nhân thiết phục ư kì xứ, cầm chi dĩ hiến.\n冬 十 月 遣 員 外 郎 李 奉 恩 奉 議 郎 尹 英 槩 如 宋 報 聘 . [37b*5*6]\nĐông, thập nguyệt, khiển Viên ngoại lang Lí Phụng Ân, Phụng nghị lang Doãn Anh Khái như Tống báo sính.\n起 感 靈 殿 奉 天 閣 . [37b*6*8]\nKhởi Cảm Linh điện, Phụng Thiên các.\n十 二 月 帝 迎 春 于 廣 文 亭 . [37b*6*15]\nThập nhị nguyệt, đế nghinh xuân vu Quảng Văn đình.\n慶 成 感 靈 殿 宴 群 臣 . [37b*7*8]\nKhánh thành Cảm Linh điện, yến quần thần.\n尙 書 李 元 坐 罪 死 獄 中 以 其 女 章 英 次 妃 有 過 故 也 . [37b*7*16]\nThượng thư Lí Nguyên toạ tội tử ngục trung, dĩ kì nữ Chương Anh thứ phi hữu quá cố dã.\n宋 封 帝 爲 交 趾 郡 王 . [37b*8*18]\nTống phong đế vi Giao Chỉ Quận Vương.\n",
    "url": "/data/image_dvsk/ban_ky_toan_thu/quyen3/DVSKTT_ban_toan_III_37b.jpg"
  },
  {
    "text": "甲 寅 天 彰 寳 嗣 二 年 [ 宋 紹 興 四 年 . [38a*1*1]\nGiáp Dần, Thiên Chương Bảo Tự nhị niên [Tống Thiệu Hưng tứ niên].\n春 正 月 朔 賜 員 外 郎 魏 國 寳 爵 大 僚 𤤻 . [38a*1*14]\nXuân, chính nguyệt, sóc, tứ Viên ngoại lang Nguỵ Quốc Bảo tước Đại liêu ban.\n二 月 四 諫 議 大 夫 牟 俞 都 爵 内 大 僚 𤤻 . [38a*2*8]\nNhị nguyệt, tứ Gián nghị đại phu Mâu Du Đô tước Nội đại liêu ban.\n起 天 寕 天 成 二 寺 及 塑 帝 釋 像 . [38a*3*5]\nKhởi Thiên Ninh, Thiên Thành nhị tự cập tố Đế Thích tượng.\n帝 臨 幸 觀 之 . [38a*3*17]\nĐế lâm hạnh quan chi.\n令 書 家 阮 美 献 青 頭 桃 花 馬 四 足 生 六 距 [ 两 足 各 一 距 後 两 足 各 二 距 ] . [38a*4*4]\nLệnh thư gia Nguyễn Mĩ hiến thanh đầu đào hoa mã, tứ túc sinh lục cự [Tiền lưỡng túc các nhất cự, hậu lưỡng túc các nhị cự].\n是 月 久 雨 其 晴 . [38a*5*14]\nThị nguyệt cửu vũ, kì tình.\n三 月 帝 幸 五 岳 觀 . [38a*5*20]\nTam nguyệt, đế hạnh Ngũ Nhạc quán.\n夏 四 月 詔 祗 候 内 人 火 頭 不 得 擅 出 外 違 者 寘 之 重 罪 有 公 事 者 先 奏 聞 方 許 出 . [38a*6*4]\nHạ, tứ nguyệt, chiếu chi hầu nội nhân hoả đầu bất đắc thiện xuất ngoại, vi giả trí chi trọng tội, hữu công sự giả, tiên tấu văn phương hứa xuất.\n五 月 慶 成 永 光 殿 重 修 故 也 . [38a*7*17]\nNgũ nguyệt, khánh thành Vĩnh Quang điện trùng tu cố dã.\n乂 安 州 范 信 令 書 家 陳 留 献 白 鹿 . [38a*8*10]\nNghệ An châu Phạm Tín, Lệnh thư gia Trần Lưu hiến bạch lộc.\n右 御 龍 兵 火 頭 郭 司 献 蟾 蜍 珠 状 如 . [38a*9*5]\nHữu Ngự Long binh Hoả đầu Quách Tư hiến thiềm thừ châu, trạng như..\n",
    "url": "/data/image_dvsk/ban_ky_toan_thu/quyen3/DVSKTT_ban_toan_III_38a.jpg"
  },
  {
    "text": "魚 目 . [38b*1*1]\nngư mục.\n帝 曰 此 溦 物 不 足 貴 . [38b*1*3]\nĐế viết: \"Thử vi vật, bất túc quý\".\n却 之 . [38b*1*11]\nKhước chi.\n右 興 武 兵 王 玖 献 六 眸 龜 胷 上 有 籒 文 詔 諸 學 士 及 僧 道 辨 之 成 天 書 下 示 聖 人 萬 歲 八 字 . [38b*1*13]\nHữu Hưng Vũ binh Vương Cửu hiến lục mâu quy, hung thượng hữu Trựu văn, chiếu chư học sĩ cập tăng đạo biện chi, thành \"Thiên thư hạ thị thánh nhân vạn tuế\" bát tự.\n史 臣 吳 士 連 曰 龜 之 爲 靈 以 其 䏻 吿 兆 也 然 世 常 有 之 非 若 龍 鳯 麟 之 罕 見 也 . [38b*4*1]\nSử thần Ngô Sĩ Liên viết: \"Quy chi vi linh, dĩ kì năng cáo triệu dã, nhiên thế thường hữu chi, phi nhược long phượng lân chi hãn kiến dã.\n當 時 乃 以 爲 瑞 而 進 献 之 多 何 哉 至 於 胷 上 有 文 乃 黑 白 相 間 而 見 群 臣 辨 成 文 字 是 希 㫖 作 謟 語 以 爲 䛕 媚 其 軍 耳 𡸈 真 有 文 字 哉 故 人 君 必 謹 好 尙 . [38b*5*13]\nĐương thời nãi dĩ vi thuỵ nhi tiến hiến chi đa hà tai? Chí ư hung thượng hữu văn, nãi hắc bạch tương gian nhi kiến, quần thần biện thành văn tự, thị hi chỉ tác xiểm ngữ, dĩ vi dua mị kì quân nhĩ, khởi chân hữu văn tự tai? Cố nhân quân tất cẩn hiếu thượng\".\n六 月 皇 婆 王 婆 歷 卒 . [38b*9*1]\nLục nguyệt, Hoàng bà Vương Bà Lịch tốt.\n秋 七 月 黄 龍 夜 見 於 永 . [38b*9*9]\nThu, thất nguyệt, hoàng long dạ kiến ư Vĩnh..\n",
    "url": "/data/image_dvsk/ban_ky_toan_thu/quyen3/DVSKTT_ban_toan_III_38b.jpg"
  },
  {
    "text": "光 殿 . [39a*1*1]\nQuang điện.\n冬 十 一 月 修 延 生 殿 五 岳 觀 . [39a*1*3]\nĐông, thập nhất nguyệt, tu Diên Sinh điện Ngũ Nhạc quán.\n十 二 月 成 道 候 [ 鈌 名 ] 卒 . [39a*1*14]\nThập nhị nguyệt, thành đạo hầu [Khuyết danh] tốt.\n群 臣 加 上 尊 號 曰 順 天 睿 武 祥 靈 感 應 寬 仁 廣 孝 皇 帝 . [39a*2*6]\nQuần thần gia thượng tôn hiệu viết: Thuận Thiên Duệ Vũ Tường Linh Cảm Ứng Khoan Nhân Quảng Hiếu Hoàng Đế.\n大 赦 . [39a*3*8]\nĐại xá.\n乙 卯 三 年 宋 紹 興 五 年 . [39a*4*1]\nẤt Mão, tam niên [Tống Thiệu Hưng ngũ niên].\n春 正 月 以 御 庫 書 家 楊 掌 守 清 化 府 . [39a*4*10]\nXuân, chính nguyệt, dĩ Ngự khố thư gia Dương Chưởng thú Thanh Hoá phủ.\n二 月 真 臘 占 城 二 國 來 貢 . [39a*5*3]\nNhị nguyệt, Chân Lạp, Chiêm Thành nhị quốc lai cống.\n三 月 慶 善 候 [ 鈌 名 ] 卒 . [39a*5*13]\nTam nguyệt, Khánh Thiện hầu [khuyết danh] tốt.\n夏 四 月 詔 左 司 郎 中 李 公 信 出 入 禁 中 奏 事 無 得 禁 止 . [39a*6*4]\nHạ, tứ nguyệt, chiếu Tả ti lang trung Lí Công Tín xuất nhập cấm trung tấu sự, vô đắc cấm chỉ.\n帝 幸 五 岳 觀 慶 成 金 銀 三 尊 像 . [39a*7*6]\nĐế hạnh Ngũ Nhạc quán khánh thành Kim ngân tam Tôn tượng.\n以 員 外 郎 魏 國 寳 爲 左 司 郎 中 . [39a*8*1]\nDĩ Viên ngoại lang Nguỵ Quốc Bảo vi Tả ti lang trung.\n自 春 至 夏 後 不 雨 . [39a*8*13]\nTự xuân chí hạ hậu bất vũ.\n五 月 朔 雨 . [39a*9*1]\nNgũ nguyệt, sóc, vũ.\n六 月 祗 候 書 家 李 昌 灌 頂 僧 阮 明 並 . [39a*9*5]\nLục nguyệt, Chi hậu thư gia Lí Xương, Quán Đính tăng Nguyễn Minh tịnh..\n",
    "url": "/data/image_dvsk/ban_ky_toan_thu/quyen3/DVSKTT_ban_toan_III_39a.jpg"
  },
  {
    "text": "白 雀 . [39b*1*1]\nhiến bạch tước.\n詔 諸 賣 田 池 不 得 倍 錢 還 贖 違 者 有 罪 . [39b*1*4]\nChiếu chư mại điền trì bất đắc bồi tiền hoàn thục, vi giả hữu tội.\n秋 七 月 太 師 張 伯 玉 卒 . [39b*2*1]\nThu, Thất nguyệt, Thái sư Trương Bá Ngọc tốt.\n冬 十 二 月 設 度 人 會 迎 𠎣 堂 . [39b*2*10]\nĐông, thập nhị nguyệt, thiết độ nhân hội Nghênh Tiên đường.\n設 慶 成 大 醮 于 延 生 殿 . [39b*3*4]\nThiết khánh thành đại tiếu vu Diên Sinh điện.\n造 日 鼎 清 瀾 延 明 三 舟 . [39b*3*13]\nTạo Nhật Đỉnh, Thanh Lan, Diên Minh tam chu.\n丙 辰 四 年 [ 宋 紹 興 六 年 ] . [39b*5*1]\nBính Thìn, tứ niên [Tống Thiệu Hưng lục niên].\n春 正 月 開 延 光 圜 于 冷 涇 鄕 . [39b*5*10]\nXuân, chính nguyệt, khai Diên Quang viên vu Lãnh Kinh hương.\n洪 鍾 見 . [39b*5*22]\nhồng chung kiến.\n二 月 成 興 候 [ 鈌 名 ] 卒 . [39b*6*3]\nNhị nguyệt, Thành Hưng hầu [Khuyết danh] tốt.\n三 月 太 尉 劉 慶 覃 卒 . [39b*6*11]\nTam nguyệt, Thái uý Lưu Khánh Đàm tốt.\n帝 病 篤 醫 治 不 效 . [39b*7*1]\nĐế bệnh, đốc y trị bất hiệu.\n僧 明 空 治 之 愈 拜 爲 國 師 . [39b*7*8]\nTăng Minh Không trị chi dũ, bái vi quốc sư.\n蠲 户 數 百 [ 世 傳 僧 徐 道 行 将 尸 觧 時 病 中 以 藥 咒 付 弟 子 阮 至 誠 即 明 空 日 後 二 十 年 見 國 王 遭 奇 疾 即 治 之 盖 此 事 由 也 ] . [39b*7*18]\nQuyên hộ sổ bách [Thế truyền tăng Từ Đạo Hạnh tương thi giải, thời bệnh trung dĩ dược chú phó đệ tử Nguyễn Chí Thành tức Minh Không, nhật hậu nhị thập niên kiến quốc vương tao kì tật tức trị chi, cái thử sự do dã].\n夏 四 月 皇 婆 吕 阿 買 病 卒 . [39b*9*10]\nHạ tứ nguyệt, Hoàng Bà Lã A Mãi bệnh tốt.\n",
    "url": "/data/image_dvsk/ban_ky_toan_thu/quyen3/DVSKTT_ban_toan_III_39b.jpg"
  },
  {
    "text": "史 臣 吳 士 連 曰 諸 帝 之 編 未 有 書 皇 󰜏 卒 而 神 宗 之 世 两 見 焉 盖 帝 之 於 保 姆 特 加 恩 賜 之 厚 故 史 從 而 書 之 歟 . [40a*1*1]\nSử thần Ngô Sĩ Liên viết: Chư đế chi biên vị hữu thư Hoàng Bà tốt, nhi Thần Tông chi thế lưỡng kiến yên, cái đế chi ư bảo mẫu đặc gia ân tứ chi, hậu cố sử tòng nhi thư chi dư.\n皇 長 子 天 祚 生 . [40a*4*1]\nHoàng trưởng tử Thiên Tộ sinh.\n群 臣 進 金 銀 錢 幣 上 表 賀 . [40a*4*7]\nQuần thần tiến kim ngân tiền tệ thượng biểu hạ.\n六 月 以 左 司 郎 中 李 公 信 爲 少 師 列 明 字 秩 . [40a*4*17]\nLục nguyệt, dĩ Tả ti lang trung Lí Công Tín vi Thiếu sư, liệt Minh tự trật.\n秋 九 月 諫 議 大 夫 牟 俞 都 󰰾 . [40a*5*17]\nThu cửu nguyệt, Gián nghị đại phu Mâu Du Đô bãi.\n冬 十 月 太 尉 楊 英 珥 卒 . [40a*6*10]\nĐông thập nguyệt, Thái uý Dương Anh Nhĩ tốt.\n十 二 月 立 春 日 帝 御 崇 淵 殿 群 臣 上 表 賀 . [40a*7*1]\nThập nhị nguyệt, lập xuân nhật đế ngự Sùng Uyên điện, quần thần thượng biểu hạ.\n其 日 遇 國 忌 故 復 設 是 禮 . [40a*7*17]\nKì nhật ngộ quốc kị, cố phục thiết thị lễ.\n左 興 聖 都 火 頭 蘇 武 献 神 龜 胷 中 有 籒 文 . [40a*8*9]\nTả Hưng Thánh đô hoả đầu Tô Vũ hiến thần quy hung trung hữu Trựu văn.\n群 臣 辨 之 成 一 天 永 聖 四 字 . [40a*9*6]\nQuần thần biện chi thành \"Nhất Thiên Vĩnh Thánh\" tứ tự.\n帝 幸 . [40a*9*17]\nĐế hạnh..\n",
    "url": "/data/image_dvsk/ban_ky_toan_thu/quyen3/DVSKTT_ban_toan_III_40a.jpg"
  },
  {
    "text": "清 化 府 捕 象 . [40b*1*1]\nThanh Hoá phủ bổ tượng.\n丁 巳 五 年 [ 宋 紹 興 一 年 ] 春 正 月 乂 安 州 驛 奏 真 臘 将 破 蘇 棱 㓂 本 州 . [40b*2*1]\nĐinh Tị ngũ niên [Tống Thiệu Hưng nhất niên] Xuân chính nguyệt, Nghệ An châu dịch tấu Chân Lạp tướng Phá Tô Lăng khấu bản châu.\n詔 太 尉 李 公 平 将 兵 擊 之 . [40b*3*6]\nChiếu Thái uý Lí Công Bình tương binh kích chi.\n二 月 乂 安 州 地 震 江 水 如 血 . [40b*3*16]\nNhị nguyệt, Nghệ An châu địa chấn, giang thuỷ như huyết.\n公 平 差 内 人 火 頭 鄧 慶 鄕 還 京 師 以 状 文 . [40b*4*9]\nCông Bình sai Nội nhân hoả đầu Đặng Khánh Hương hoàn Kinh sư dĩ trạng văn.\n公 平 敗 真 臘 人 . [40b*5*6]\nCông Bình bại Chân Lạp nhân.\n三 月 大 僚 𤤻 阮 公 陶 献 白 龜 . [40b*5*12]\nTam nguyệt, đại liêu ban Nguyễn Công Đào hiến bạch quy.\n帝 幸 報 天 寺 禮 法 雲 佛 祈 雨 是 夜 大 雨 . [40b*6*6]\nĐế hạnh Báo Thiên tự lễ Pháp Vân phật kì vũ thị dạ đại vũ.\n夏 四 月 皇 弟 三 子 [ 鈌 名 ] 生 . [40b*7*3]\nHạ tứ nguyệt, Hoàng đệ tam tử [Khuyết danh] sinh.\n五 月 少 師 李 公 信 献 生 金 一 塊 重 四 十 七 兩 . [40b*7*13]\nNgũ nguyệt, Thiếu sư Lí Công Tín hiến sinh kim nhất khối, trọng tứ thập thất lượng.\n六 月 旱 詔 阮 公 陶 詣 南 雩 𡊨 祈 武 . [40b*8*12]\nLục nguyệt, hạn, chiếu Nguyễn Công Đào nghệ nam Vu Đàn kì vũ.\n秋 九 月 設 慶 成 靈 感 寺 會 赦 天 . [40b*9*7]\nThu, cửu nguyệt, thiết khánh thành Linh Cảm tự hội, xá thiên..\n",
    "url": "/data/image_dvsk/ban_ky_toan_thu/quyen3/DVSKTT_ban_toan_III_40b.jpg"
  },
  {
    "text": "下 罪 人 . [41a*1*1]\nhạ tội nhân.\n詔 京 城 内 外 三 家 爲 寳 察 諸 朝 𤤻 官 職 都 不 得 以 其 子 與 他 人 養 育 倚 托 權 勢 家 . [41a*1*4]\nChiếu: kinh thành nội ngoại tam gia vi bảo, sát chư triều ban quan chức đô bất đắc dĩ kì tử dữ tha nhân dưỡng dục ỷ thác quyền thế gia.\n無 官 蔭 自 犯 者 收 捕 奏 文 不 能 察 者 同 罪 . [41a*2*17]\nVô quan ấm tự phạm giả thu bổ tấu văn bất năng sát giả đồng tội.\n冬 十 月 壬 午 帝 幸 蒞 仁 行 宮 省 歛 . [41a*3*14]\nĐông thập nguyệt, Nhâm Ngọ, đế hạnh Lị Nhân hành cung tỉnh liễm.\n乙 丑 皇 第 二 女 生 候 封 瑞 天 公 主 . [41a*4*10]\nẤt Sửu, hoàng đệ nhị nữ sinh hậu phong Thuỵ Thiên công chúa.\n十 二 月 帝 還 京 師 . [41a*5*6]\nThập nhị nguyệt, đế hoàn kinh sư.\n以 守 清 化 府 御 庫 書 家 楊 掌 爲 員 外 郎 . [41a*5*13]\nDĩ thú Thanh Hoá phủ ngự khố thư gia Dương Chưởng vi Viên ngoại lang.\n戊 午 六 年 [ 十 月 元 年 以 後 英 宗 紹 明 宋 紹 𦥷 八 年 ] . [41a*7*1]\nMậu Ngọ lục niên [Thập nguyệt nguyên niên. dĩ hậu Anh Tông Thiệu Minh Tống Thiệu Hưng bát niên].\n夏 五 月 内 人 火 頭 許 炎 献 生 金 一 塊 重 六 十 六 兩 . [41a*7*20]\nHạ ngũ nguyệt, nội nhân hoả đầu Hứa Viêm hiến sinh kim nhất khối, trọng lục thập lục lượng.\n六 月 旱 使 入 内 左 司 郎 中 魏 國 寳 召 臣 僚 會 議 . [41a*8*13]\nLục nguyệt, hạn, sử Nhập nội tả ti lang trung Nguỵ Quốc Bảo triệu thần liêu hội nghị.\n諸 衛 范 信 言 . [41a*9*14]\nChư vệ Phạm Tín ngôn..\n",
    "url": "/data/image_dvsk/ban_ky_toan_thu/quyen3/DVSKTT_ban_toan_III_41a.jpg"
  },
  {
    "text": "請 赴 雩 壇 祈 雨 從 之 . [41b*1*1]\nthỉnh phó vu đàn kì vũ tòng chi.\n秋 七 月 不 雨 . [41b*1*9]\nThu thất nguyệt, bất vũ.\n帝 命 有 司 祈 于 雩 壇 及 報 天 寺 . [41b*1*14]\nĐế mệnh hữu ti kì vu Vu Đàn cập báo Thiên tự.\n頒 賜 群 臣 冬 衣 . [41b*2*8]\nBan tứ quần thần đông y.\n九 月 帝 弗 豫 . [41b*2*14]\nCửu nguyệt, đế phất dự.\n立 皇 長 子 天 祚 爲 皇 太 子 . [41b*3*2]\nLập hoàng trưởng tử Thiên Tộ vi hoàng thái tử.\n初 帝 既 立 天 祿 爲 嗣 至 是 寝 疾 . [41b*3*12]\nSơ đế ký lập Thiên Lộc vi tự chí thị tẩm tật.\n感 聖 日 奉 奉 聖 三 夫 人 育 改 立 乃 遣 人 賂 參 知 政 事 徐 文 通 曰 如 受 帝 命 草 遺 詔 幸 無 棄 三 夫 人 . [41b*4*6]\nCảm Thánh, Nhật Phụng, Phụng Thánh tam phu nhân dục cải lập, nãi khiển nhân lộ tham tri chính sự Từ Văn Thông viết như thụ đế mệnh thảo di chiếu hạnh vô khí tam phu nhân.\n文 通 許 諾 . [41b*6*5]\nVăn Thông hứa nặc.\n及 帝 疾 篤 命 撰 詔 文 通 雖 受 帝 命 而 志 在 三 夫 人 但 秉 筆 不 書 . [41b*6*9]\nCập đế tật, đốc mệnh soạn chiếu, Văn Thông tuy thụ đế mệnh nhi chí tại tam phu nhân đản bỉnh bút bất thư.\n俄 而 三 夫 人 至 哽 [ 音 粳 悲 塞 也 ] 咽 流 涕 曰 妾 等 聞 之 古 之 嗣 位 立 嫡 不 立 󰱃 . [41b*7*14]\nNga nhi tam phu nhân chí ngạnh [âm canh bi tắc dã] yết lưu thế viết: \"Thiếp đẳng văn chi cổ chi tự vị lập đích bất lập thứ.\n天 祿 嬖 人 之 子 苟 使 嗣 位 其 母 必 僣 則 妬 害 . [41b*9*3]\nThiên Lộc bế nhân chi tử cẩu sử tự vị kì mẫu tất tiếm tắc đố hại..\n",
    "url": "/data/image_dvsk/ban_ky_toan_thu/quyen3/DVSKTT_ban_toan_III_41b.jpg"
  },
  {
    "text": "之 情 生 如 此 則 妾 之 母 子 能 免 於 難 乎 帝 因 下 詔 曰 皇 子 天 祚 年 雖 幼 冲 乃 是 嫡 子 天 下 皆 知 宜 嗣 朕 業 太 子 天 祿 可 封 明 道 王 . [42a*1*1]\nchi tình sinh, như thử tắc thiếp chi mẫu tử năng miễn ư nan hồ? Đế nhân hạ chiếu viết: \"Hoàng Tử Thiên Tộ niên tuy ấu xung, nãi thị đích tử, thiên hạ giai tri, nghi tự trẫm nghiệp, Thái tử Thiên Lộc khả phong Minh Đạo Vương.\n二 十 六 日 帝 崩 于 永 光 殿 殯 于 殿 之 西 陛 . [42a*3*12]\nNhị thập lục nhật, đế băng vu Vĩnh Quang điện, tẫn vu điện chi tây bệ.\n群 臣 上 尊 號 曰 廣 仁 崇 孝 文 武 皇 帝 廟 號 神 宗 . [42a*4*10]\nQuần thần thượng tôn hiệu viết: \"Quảng Nhân Sùng Hiếu Văn Vũ Hoàng Đế, miếu hiệu Thần Tông.\n冬 十 月 朔 皇 太 子 天 祚 即 位 于 柩 〇 年 方 三 歲 改 元 紹 明 元 年 . [42a*5*9]\nĐông thập nguyệt, sóc, Hoàng thái tử Thiên Tộ tức vị vu cữu tiền, niên phương tam tuế cải nguyên Thiệu Minh nguyên niên.\n大 赦 . [42a*6*15]\nĐại xá.\n尊 母 感 聖 夫 人 黎 氏 爲 皇 太 后 . [42a*6*17]\nTôn mẫu Cảm Thánh Phu nhân Lê thị vi Hoàng thái hậu.\n會 國 人 盟 于 龍 墀 . [42a*7*10]\nHội quốc nhân minh vu long trì.\n遣 使 訃 于 宋 . [42a*7*17]\nKhiển sứ phó vu Tống.\n史 臣 吳 士 連 曰 神 宗 乘 盛 業 於 先 王 爲 太 平 之 . [42a*9*1]\nSử thần Ngô Sĩ Liên viết: Thần Tông thừa thịnh nghiệp ư tiên vương, vi thái bình chi..\n",
    "url": "/data/image_dvsk/ban_ky_toan_thu/quyen3/DVSKTT_ban_toan_III_42a.jpg"
  },
  {
    "text": "天 子 其 舍 嫡 長 之 乳 抱 欲 立 庶 孽 之 長 君 盖 懲 日 童 心 之 失 卒 之 志 不 獲 . [42b*1*1]\nthiên tử, kì xá đích trưởng chi nhũ bão, dục lập thứ nghiệt chi trưởng quân, cái trừng tiền nhật đồng tâm chi thất, tốt chi chí bất hoạch.\n遂 者 徐 文 通 之 賂 彰 . [42b*2*12]\nToại giả Từ Văn Thông chi lộ chương.\n三 夫 人 之 辝 直 也 惜 乎 不 立 召 社 稷 大 臣 委 以 托 孤 之 寄 耳 . [42b*3*2]\nTam phu nhân chi từ trực dã, tích hồ bất lập triệu xã tắc đại thần uỷ dĩ thác cô chi ký nhĩ.\n鳴 呼 邪 臣 與 内 庭 交 好 以 致 敗 人 事 者 自 古 有 之 . [42b*4*7]\nMinh hô! tà thần dữ nội đình giao hảo dĩ trí bại nhân sự giả tự cổ hữu chi.\n徐 文 通 三 夫 人 此 事 不 猶 愈 於 教 之 以 衛 王 請 命 耶 雖 然 傳 世 以 嫡 古 今 通 義 苟 得 賢 輔 如 伊 尹 周 公 輔 太 甲 成 王 終 有 辭 於 永 世 矣 . [42b*5*8]\nTừ Văn Thông tam phu nhân thử sự bất do dũ ư giáo chi dĩ Vệ Vương thỉnh mệnh da? Tuy nhiên truyền thế dĩ đích cổ kim thông nghĩa, cẩu đắc hiền phụ như Y Doãn, Chu Công phụ Thái Giáp, Thành Vương chung hữu từ ư vĩnh thế hĩ.\n大 越 史 記 本 紀 全 書 卷 之 三 終 . [42b*9*1]\nĐại Việt sử ký bản kỷ toàn thư quyển chi tam chung.\n",
    "url": "/data/image_dvsk/ban_ky_toan_thu/quyen3/DVSKTT_ban_toan_III_42b.jpg"
  }
]