[
  {
    "text": "大 越 史 記 本 紀 全 書 卷 之 四 . [1a*1*1]\nĐại Việt sử ký bản kỷ toàn thư quyển chi tứ.\n李 紀 . [1a*2*1]\nLí KỶ.\n英 宗 皇 帝 . [1a*3*1]\nAnh Tông hoàng đế.\n[ 諱 天 祚 神 宗 嫡 長 子 也 其 母 黎 氏 皇 后 以 天 彰 宝 嗣 四 年 丙 辰 四 月 誕 生 戊 午 年 九 月 立 爲 皇 太 子 神 宗 崩 遂 登 大 宝 在 位 三 十 七 年 壽 四 十 歲 崩 于 瑞 光 殿 臣 之 廢 立 不 惑 婦 人 之 言 寄 託 能 得 賢 可 謂 無 愧 於 負 荷 矣 然 憸 邪 莫 辨 刑 罰 不 明 所 以 天 災 示 警 㓂 盗 並 興 紀 綱 紊 舛 可 勝 言 哉 ] . [1a*3*5]\n[Huý Thiên Tộ Thần Tông đích trưởng tử dã, Kì mẫu Lê thị hoàng hậu dĩ Thiên Chương Bảo Tự tứ niên, Bính Thìn tứ nguyệt đản sinh Mậu Ngọ niên cửu nguyệt lập vi hoàng thái tử. Thần Tông băng toại đăng đại bảo. Tại vị tam thập thất niên, thọ tứ thập tuế băng vu Thuỵ Quang điện. thần chi Phế lập bất hoặc phụ nhân chi ngôn, ký thác năng đắc hiền khả vị vô quý ư phụ hà hĩ. Nhiên tiêm tà mạc biện, hình phạt bất minh, sở dĩ thiên tai thị cảnh, khấu đạo tịnh hưng, kỷ cương vặn suyễn, khả thắng ngôn tai].\n己 未 紹 明 二 年 [ 宋 紹 興 九 年 宋 封 帝 爲 交 趾 郡 王 . [1a*7*1]\nKỉ Mùi Thiệu Minh nhị niên [Tống Thiệu Hưng cửu niên] Tống phong đế vi Giao Chỉ quận vương.\n庚 申 三 年 [ 二 年 月 以 候 大 定 元 宋 紹 興 十 年 ] 春 正 月 真 登 州 牧 黎 法 圓 献 白 鹿 . [1a*8*1]\nCanh Thân tam niên [Nhị niên. nguyệt dĩ Hậu Đại Định nguyên Tống Thiệu Hưng thập niên] Xuân chính nguyệt Chân Đăng châu mục Lê Pháp Viên hiến bạch lộc.\n二 月 改 元 大 定 元 年 . [1a*9*6]\nNhị nguyệt cải nguyên Đại Định nguyên niên.\n三 月 玉 陛 . [1a*9*14]\nTam nguyệt NGọc bệ..\n",
    "url": "/data/image_dvsk/ban_ky_toan_thu/quyen4/DVSKTT_ban_toan_IV_1a.jpg"
  },
  {
    "text": "員 外 郎 阮 義 明 献 玄 鹿 . [1b*1*1]\nviên ngoại lang Nguyễn Nghĩa Minh hiến huyền lộc.\n以 杜 英 武 爲 宫 殿 令 知 内 外 事 . [1b*1*10]\nDĩ Đỗ Anh Vũ vi cung điện lệnh tri nội ngoại sự.\n英 武 杜 太 后 弟 黎 太 后 親 用 之 故 授 是 職 . [1b*2*4]\nAnh Vũ Đỗ thái hậu đệ, Lê thái hậu thân dụng chi cố thụ thị chức.\n夏 四 月 以 誕 日 爲 壽 寧 節 . [1b*3*1]\nHạ tứ nguyệt dĩ đản nhật vi Thọ Ninh tiết.\n自 春 徂 夏 不 武 . [1b*3*11]\nTự xuân tồ hạ bất vũ.\n五 月 雨 . [1b*3*17]\nNgũ nguyệt vũ.\n冬 十 月 大 熟 . [1b*4*3]\nĐông thập nguyệt đại thục.\n卜 者 申 利 自 謂 仁 宗 子 率 其 黨 與 由 水 路 抵 太 原 州 出 西 農 州 道 過 陸 令 州 入 據 上 原 州 下 農 州 招 納 亡 命 召 募 土 兵 有 眾 八 百 餘 人 同 謀 作 亂 . [1b*4*8]\nBốc giả Thân Lợi tự vị Nhân Tông tử suất kì đảng dữ do thuỷ lộ để Thái Nguyên châu, xuất Tây Nông châu đạo, quá Lục Lệnh châu, nhập cứ Thượng Nguyên châu, Hạ Nông châu chiêu nạp vong mệnh triệu mộ thổ binh hữu chúng bát bách dư nhân đồng mưu tác loạn.\n辛 酉 大 定 二 年 [ 宋 紹 興 十 一 年 ] . [1b*8*1]\nTân Dậu Đại Định nhị niên [Tống Thiệu Hưng thập nhất niên].\n春 正 月 申 利 僣 號 平 王 立 其 妻 妾 爲 皇 后 夫 人 子 爲 王 侯 賜 其 黨 與 官 爵 各 . [1b*8*13]\nXuân chính nguyệt Thân Lợi tiếm hiệu Bình Vương lập kì thê thiếp vi hoàng hậu phu nhân, tử vi vương hầu tứ kì đảng dữ quan tước các..\n",
    "url": "/data/image_dvsk/ban_ky_toan_thu/quyen4/DVSKTT_ban_toan_IV_1b.jpg"
  },
  {
    "text": "有 差 . [2a*1*1]\nhữu sai.\n是 時 申 利 黨 僅 千 餘 人 一 所 至 揚 言 利 善 兵 術 以 脅 邉 鄙 沿 邉 溪 峒 人 皆 震 懾 無 敢 敵 者 . [2a*1*3]\nThị thời Thân Lợi Đảng cẩn thiên dư nhân nhất sở chí dương ngôn Lợi thiện binh thuật dĩ hiếp biên bỉ duyên Biên khê động nhân giai chấn nhiếp vô cảm địch giả.\n二 月 吏 上 書 告 急 詔 諫 議 大 夫 劉 禹 你 領 兵 出 陸 赂 太 傅 許 炎 領 兵 泝 水 道 討 之 . [2a*2*18]\nNhị nguyệt Lại thượng thư cáo cấp chiếu gián nghị đại phu Lưu Vũ Nhĩ lĩnh binh xuất lục lộ, thái phó Hứa Viêm lĩnh binh tố thuỷ đạo thảo chi.\n時 禹 你 使 先 鋒 将 侍 衛 都 蘇 漸 宣 明 寨 主 都 陳 蟾 進 次 博 沱 江 遇 利 水 軍 合 戰 漸 敗 爲 利 所 殺 利 還 㨿 上 原 州 築 隘 于 博 茹 縣 以 拒 官 軍 . [2a*4*11]\nThời Vũ Nhĩ sử tiên phong tướng thị vệ đô Tô Tiềm, Tuyên Minh trại chủ đô Trần Thiềm tiền tiến thứ Bác Đà giang ngộ Lợi, thuỷ quân hợp chiến Tiềm bại vị Lợi sở sát, Lợi hoàn cứ Thượng Nguyên châu trúc ải vu Bác Nhự huyện dĩ cự quan quân.\n禹 你 攻 拔 博 茹 隘 進 至 蒲 汀 遇 利 水 軍 大 戰 禹 你 敗 績 将 士 死 者 過 半 遂 還 . [2a*7*7]\nVũ Nhĩ công bạt Bác Nhự ải tiến chí Bồ Đinh ngộ Lợi thuỷ quân đại chiến Vũ Nhĩ bại tích tướng sĩ tử giả quá bán toại hoàn.\n夏 四 月 戊 辰 禹 你 至 京 師 . [2a*8*17]\nHạ tứ nguyệt Mậu Thìn Vũ Nhĩ chí Kinh sư.\n辛 未 利 出 㨿 西 農 州 使 上 原 . [2a*9*9]\nTân Mùi, Lợi xuất cứ Tây Nông châu sử Thượng Nguyên..\n",
    "url": "/data/image_dvsk/ban_ky_toan_thu/quyen4/DVSKTT_ban_toan_IV_2a.jpg"
  },
  {
    "text": "宣 化 感 化 永 通 人 攻 富 良 府 陷 之 利 㨿 府 治 晝 夜 會 其 黨 與 謀 㓂 京 師 . [2b*1*1]\nTuyên Hoá, Cảm Hoá, Vĩnh Thông nhân công Phú Lương phủ hãm chi Lợi cứ phủ trị chú dạ hội kì đảng dữ mưu khấu Kinh sư.\n己 卯 命 太 尉 杜 英 武 将 兵 討 利 . [2b*2*9]\nKỉ mão mệnh thái uý Đỗ Anh Vũ tương binh thảo Lợi.\n五 月 辛 卯 利 兵 引 㓂 京 師 次 廣 驛 遇 英 武 軍 大 戦 利 兵 敗 死 者 不 可 勝 數 英 武 斬 首 󰦅 道 左 自 平 虜 関 至 南 漢 江 扲 萬 崖 州 首 領 楊 目 金 鷄 洞 首 領 周 愛 檻 送 京 師 利 僅 以 身 免 奔 陸 令 州 . [2b*3*2]\nNgũ nguyệt Tân Mão Lợi binh dẫn khấu kinh sư, thứ Quảng Dịch ngộ Anh Vũ quân đại chiến Lợi binh bại tử giả bất khả thắng sổ Anh Vũ trảm thủ cự đạo tá tự Bình Lỗ quan chí Nam Hán giang cầm Vạn Nhai châu thủ lĩnh Dương Mục, Kim Kê động thủ lĩnh Chu Ái, giám tống kinh sư Lợi cẩn dĩ thân miễn bôn Lục Lệnh châu.\n壬 午 送 目 愛 等 繋 于 本 縣 府 詔 英 武 招 集 利 敗 卒 于 平 虜 関 . [2b*6*16]\nNhâm Ngọ tống Mục, Ái đẳng hệ vu bản huyện phủ Chiếu Anh Vũ chiêu tập Lợi bại tốt vu BÌnh Lỗ quan.\n𭛁 御 府 盐 賜 目 愛 等 . [2b*8*1]\nPhát ngự phủ diêm tứ Mục, Ái đẳng.\n秋 八 月 國 師 明 空 卒 [ 師 長 安 府 嘉 遠 縣 譚 舍 社 人 顯 靈 事 驗 凣 水 旱 災 傷 禱 之 輙 應 今 膠 水 普 賴 等 寺 皆 有 塑 像 奉 事 焉 ] . [2b*8*9]\nThu bát nguyệt Quốc sư Minh Không tốt [Sư Trường An phủ Gia Viễn huyện Đàm Xá xã nhân hiển linh sự nghiệm Phàm thuỷ hạn tai thương đảo chi triếp ứng. Kim Giao Thuỷ Phả Lại đẳng tự giai hữu tố tượng phụng sự yên..\n",
    "url": "/data/image_dvsk/ban_ky_toan_thu/quyen4/DVSKTT_ban_toan_IV_2b.jpg"
  },
  {
    "text": "冬 十 月 朔 又 使 英 武 討 陸 令 州 俘 利 黨 二 千 餘 人 . [3a*1*1]\nĐông thập nguyệt sóc, hựu sử Anh Vũ thảo Lục Lệnh châu phù Lợi đảng nhị thiên dư nhân.\n利 遁 于 諒 州 太 傅 蘇 憲 誠 擒 利 送 英 武 檻 㱕 京 師 . [3a*2*1]\nLợi thuẫn vu Lạng Châu, Thái phó Tô Hiến Thành cầm Lợi tống Anh Vũ giám quy kinh sư.\n使 李 義 林 安 集 其 餘 黨 . [3a*3*1]\nSử Lí Nghĩa Lâm an tập kì dư đảng.\n詔 廷 尉 按 利 罪 . [3a*3*10]\nChiếu Đình uý án Lợi tội.\n獄 成 帝 御 天 慶 殿 洽 判 利 與 其 謀 主 二 十 人 並 斬 餘 皆 以 次 論 原 其 脅 從 者 . [3a*3*16]\nNgục thành đế ngự Thiên KHánh điện hiệp phán Lợi dữ kì mưu chủ nhị thập nhân tịnh trảm, dư giai dĩ thứ luận nguyên kì hiếp tòng giả.\n群 臣 上 表 賀 . [3a*5*7]\nQuần thần thượng biểu hạ.\n劉 禹 你 献 白 鹿 又 献 檳 榔 珠 . [3a*5*12]\nLưu Vũ Nhĩ hiến bạch lộc hựu hiến tân lang châu.\n史 臣 吳 士 連 曰 當 是 時 劉 禹 你 有 失 律 䘮 師 之 罪 反 献 祥 瑞 以 揜 之 而 無 一 人 敢 論 者 可 見 刑 政 之 多 非 . [3a*7*1]\nSử thần Ngô Sĩ Liên viết: Đương thị thời Lưu Vũ Nhĩ hữu thất luật táng sư chi tội phản hiến tường thuỵ dĩ yểm chi, nhi vô nhất nhân cảm luận giả, khả kiến hình chính chi đa phi.\n杜 英 武 強 粱 凌 轢 夫 𡸈 無 所 自 哉 . [3a*9*5]\nĐỗ Anh Vũ cường lương lăng lịch phu khởi vô sở tự tai.\n",
    "url": "/data/image_dvsk/ban_ky_toan_thu/quyen4/DVSKTT_ban_toan_IV_3a.jpg"
  },
  {
    "text": "壬 戌 三 年 [ 宋 紹 興 十 二 年 ] 春 二 月 劉 禹 你 献 舚 蜍 珠 . [3b*1*1]\nNhâm Tuất tam niên [Tống Thiệu Hưng thập nhị niên] Xuân nhị nguyệt Lưu Vũ Nhĩ hiến Thiềm Thừ châu.\n冬 十 月 遣 富 良 府 首 領 楊 嗣 明 如 廣 原 州 招 集 州 人 . [3b*1*21]\nĐông thập nguyệt khiển Phú Lương phủ thủ lĩnh Dương Tự Minh như Quảng Nguyên châu chiêu tập châu nhân.\n十 二 月 詔 諸 典 熟 田 二 十 年 内 咱 贖 相 争 田 土 五 十 年 [ 或 五 年 内 或 十 年 ] 得 奏 訟 有 荒 田 園 爲 人 所 耕 作 者 一 年 内 咱 争 認 過 此 者 禁 之 . [3b*3*1]\nThập nhị nguyệt chiếu chư điển thục điền nhị thập niên nội thính thục; tương tranh điền thổ ngũ thập niên [Hoặc ngũ niên nội hoặc thập niên] đắc tấu tụng, hữu hoang điền viên vị nhân sở canh tác giả nhất niên nội thính tranh nhận, quá thử giả cấm chi.\n違 者 杖 八 十 或 相 争 田 池 以 兵 刃 敺 擊 死 傷 人 者 杖 八 十 徒 罪 以 其 田 池 還 死 傷 者 . [3b*5*13]\nVi giả trượng bát thập hoặc tương tranh điền trì dĩ binh nhận ẩu kích tử thương nhân giả trượng bát thập, đồ tội, dĩ kì điền trì hoàn tử thương giả.\n史 臣 吳 士 連 曰 殺 人 者 死 古 法 也 今 罪 與 人 同 殊 無 差 等 失 輕 重 之 權 衡 矣 . [3b*8*1]\nSử thần Ngô Sĩ Liên viết: Sát nhân giả tử cổ pháp dã, kim tội dữ nhân đồng thù vô sai đẳng thất khinh trọng chi quyền hành hĩ.\n",
    "url": "/data/image_dvsk/ban_ky_toan_thu/quyen4/DVSKTT_ban_toan_IV_3b.jpg"
  },
  {
    "text": "詔 諸 断 賣 荒 熟 田 已 有 栔 券 者 不 得 贖 違 者 杖 八 十 . [4a*1*1]\nChiếu chư đoạn mại hoang thục điền dĩ hữu khế khoán giả bất đắc thục, vi giả trượng bát thập.\n詔 免 利 黨 放 流 罪 . [4a*2*3]\nChiếu miễn Lợi đảng phóng lưu tội.\n癸 亥 四 年 [ 宋 紹 興 十 三 年 ] 春 二 月 詔 天 下 應 今 後 三 家 者 爲 一 保 不 得 私 宰 沙 水 牛 如 有 祭 祀 奏 請 得 㫖 方 許 違 者 寘 之 重 罪 鄰 家 不 吿 罪 同 . [4a*3*1]\nQuý Hợi tứ niên [Tống Thiệu Hưng thập tam niên] Xuân nhị nguyệt chiếu thiên hạ ứng kim hậu tam gia giả vi nhất bảo, bất đắc tư tể sa thuỷ ngưu, như hữu tế tự tấu thỉnh đắc chỉ phương hứa, vi giả trí chi trọng tội, lân gia bất cáo tội đồng.\n自 春 至 夏 旱 帝 親 祈 之 . [4a*5*14]\nTự xuân chí hạ, hạn, đế thân kì chi.\n六 月 丁 丑 雨 . [4a*6*5]\nLục nguyệt Đinh Sửu vũ.\n秋 八 月 詔 楊 嗣 明 勾 管 陸 路 諸 沿 邉 溪 峒 公 事 . [4a*6*10]\nThu bát nguyệ, chiếu Dương Tự Minh câu quản lục lộ chư duyên biên khê động công sự.\n九 月 詔 諸 權 勢 家 有 潭 池 之 外 毋 得 妄 禁 違 者 罪 之 . [4a*7*10]\nCửu nguyệt chiếu chư quyền thế gia hữu đàm trì chi ngoại vô đắc vọng cấm, vi giả tội chi.\n冬 十 月 使 太 傅 皇 義 賢 員 外 郎 孔 長 率 陸 路 諸 沿 邉 溪 峒 軍 淘 金 于 . [4a*8*12]\nĐông thập nguyệt, sử Thái phó Hoàng Nghĩa hiền, Viên ngoại lang Khổng Trưởng suất lục lộ chư duyên biên khê động quân đào kim vu..\n",
    "url": "/data/image_dvsk/ban_ky_toan_thu/quyen4/DVSKTT_ban_toan_IV_4a.jpg"
  },
  {
    "text": "如 箇 等 處 . [4b*1*1]\nnhư Cá đẳng xứ.\n甲 子 五 年 [ 宋 紹 興 十 四 年 ] . [4b*2*1]\nGiáp Tí ngũ niên [Tống Thiệu Hưng thập tứ niên].\n春 二 月 以 韶 容 公 主 嫁 楊 嗣 明 封 嗣 明 爲 駙 馬 郎 . [4b*2*11]\nXuân nhị nguyệt dĩ Thiều Dung công chúa giá Dương Tự Minh phong Tự Minh vi Phò Mã lang.\n五 月 牟 俞 都 献 白 雀 以 牟 俞 都 爲 太 師 遙 領 陸 路 沿 邉 溪 峒 事 . [4b*3*8]\nNgũ nguyệt Mâu Du Đô hiến bạch tước dĩ Mâu Du Đô vi Thái sư dao lĩnh lục lộ duyên biên khê động sự.\n乙 丑 六 年 [ 宋 紹 興 十 五 年 ] . [4b*5*1]\nẤt Sửu lục niên [Tống Thiệu Hưng thập ngũ niên].\n夏 四 月 滛 雨 祈 晴 . [4b*5*11]\nHạ tứ nguyệt, dâm vũ kì tình.\n奉 職 阮 奉 献 六 眸 龟 胷 中 有 籒 文 二 行 群 臣 辨 之 成 王 以 公 法 四 字 . [4b*5*18]\nPhụng chức Nguyễn Phụng hiến lục mâu quy, hung trung hữu trứu văn nhị hàng, quần thần biện chi thành \"Vương dĩ công pháp tứ tự\".\n詔 諸 相 争 田 池 財 物 不 得 托 權 󰟨 家 違 者 杖 八 十 徒 罪 . [4b*7*4]\nChiếu chư tương tranh điền trì tài vật bất đắc thác quyền thế gia vi giả trượng bát thập đồ tội.\n秋 七 月 造 傘 圓 山 神 祠 及 布 盖 翁 嚴 翁 母 等 神 祠 . [4b*8*7]\nThu thất nguyệt tạo Tản Viên sơn thần từ cập Bố Cái, Ông Nghiêm, Ông Mẫu đẳng thần từ.\n八 月 宋 妖 人 譚 友 諒 竄 入 思 . [4b*9*8]\nBát nguyệt Tống yêu nhân đàm Hữu Lượng Chằm nhập tư..\n",
    "url": "/data/image_dvsk/ban_ky_toan_thu/quyen4/DVSKTT_ban_toan_IV_4b.jpg"
  },
  {
    "text": "琅 州 自 號 召 先 生 詐 稱 奉 使 論 安 南 沿 邉 溪 峒 多 從 之 友 諒 遂 率 其 徒 入 㓂 廣 原 州 . [5a*1*1]\nLang châu tự hiệu Triệu tiên sinh trá xưng phụng sứ luận An Nam duyên biên khê động đa tòng chi Hữu Lượng toại suất kì đồ nhập khấu Quảng Nguyên châu.\n時 宋 廣 西 路 經 畧 帥 司 賫 書 請 追 捕 发 諒 . [5a*2*14]\nThời Tống Quảng Tây lộ Kinh lược suý ti tê thư thỉnh truy bổ phát Lượng.\n詔 駙 馬 郎 楊 嗣 明 文 臣 阮 汝 枚 李 義 榮 討 之 . [5a*3*11]\nChiếu phò mã lang Dương Tự Minh, văn thần Nguyễn Nhữ Mai, Lí Nghĩa Vinh thảo chi.\n未 幾 又 命 太 師 牟 俞 都 将 陸 路 沿 邉 溪 峒 諸 軍 繼 之 . [5a*4*9]\nVị cơ hựu mệnh Thái sư Mâu Du Đô tương lục lộ duyên biên khê động chư quân kế chi.\n時 嗣 明 以 拔 通 農 州 隴 堵 隘 擒 友 諒 黨 伯 大 等 二 十 一 人 惟 友 諒 走 脱 竄 山 澤 間 . [5a*5*10]\nThời Tự Minh dĩ bạt Thông Nông châu, Lũng Đổ ải cầm Hữu Lượng đảng Bá Đại đẳng nhị thập nhất nhân, duy Hữu Lượng tẩu thoát Thoán sơn trạch gian.\n詔 管 軍 使 義 榮 管 押 伯 大 等 交 還 于 宋 . [5a*7*3]\nChiếu quản quân sứ Nghĩa Vinh, quản áp Bá Đại đẳng giao hoàn vu Tống.\n先 是 邕 州 假 爲 官 誥 使 以 邀 友 諒 友 諒 以 爲 然 與 思 明 州 首 領 二 十 人 餘 奉 其 銅 印 地 圖 土 物 附 歸 于 宋 . [5a*7*18]\nTiên thị Ung Châu giả vi quan cáo sử dĩ yêu Hữu Lượng, Hữu Lượng dĩ vi nhiên, dữ Tư Minh châu thủ lĩnh nhị thập nhân dư phụng kì đồng ấn, địa đồ, thổ vật phụ quy vu Tống.\n至 . [5a*9*19]\nChí..\n",
    "url": "/data/image_dvsk/ban_ky_toan_thu/quyen4/DVSKTT_ban_toan_IV_5a.jpg"
  },
  {
    "text": "楊 山 寨 邕 州 守 趙 愿 擒 友 諒 及 其 黨 送 帥 司 . [5b*1*1]\nDương Sơn trại Ung Châu thú Triệu Nguyện cầm Hữu Lượng cập kì đảng tống suý ti.\n宋 人 見 其 黨 中 有 楊 於 者 胷 刺 黑 龍 及 蒲 州 首 領 五 人 知 是 我 越 人 皆 還 之 . [5b*1*18]\nTống nhân kiến kì đảng trung hữu Dương ư giả hung thích hắc long cập Bồ Châu thủ lĩnh ngũ nhân tri thị ngã Việt nhân giai hoàn chi.\n營 廣 慈 宫 奉 皇 太 后 居 . [5b*3*10]\nDoanh Quảng Từ cung phụng hoàng thái hậu cư.\n造 永 隆 福 聖 等 寺 . [5b*4*2]\nTạo Vĩnh Long Phúc Thánh đẳng tự.\n禁 百 作 匠 不 得 造 宫 樣 噐 物 擅 賣 民 間 . [5b*4*9]\nCấm bách tác tượng bất đắc tạo cung dạng khí vật thiện mại dân gian.\n丙 寅 七 年 [ 宋 紹 興 十 六 年 ] . [5b*6*1]\nBính Dần thất niên [Tống Thiệu Hưng thập lục niên].\n春 正 月 諒 州 安 忠 侯 [ 鈌 名 ] 献 白 鹿 . [5b*6*11]\nXuân chính nguyệt Lạng châu An Trung hầu [Khuyết danh] hiến bạch lộc.\n三 月 員 外 郎 李 午 献 白 鹿 . [5b*7*2]\nTam nguyệt Viên ngoại lang Lí Ngọ hiến bạch lộc.\n太 師 牟 俞 都 卒 . [5b*7*12]\nThái sư Mâu Dũ Đô tốt.\n夏 四 月 牛 畜 疫 死 . [5b*8*1]\nHạ tứ nguyệt ngưu súc dịch tử.\n旱 祈 得 雨 . [5b*8*8]\nHạn kì đắc vũ.\n彗 星 見 . [5b*8*12]\nTuệ tinh kiến.\n閏 六 月 詔 各 局 决 獄 有 彊 争 不 合 條 制 者 杖 六 十 . [5b*8*15]\nNhuận lục nguyệt Chiếu các cục quyết ngục hữu cường tranh bất hợp điều chế giả trượng lục thập.\n秋 . [5b*9*18]\nThụ.\n",
    "url": "/data/image_dvsk/ban_ky_toan_thu/quyen4/DVSKTT_ban_toan_IV_5b.jpg"
  },
  {
    "text": "七 月 造 天 資 庫 六 所 . [6a*1*1]\nthất nguyệt tạo Thiên tư khố lục sở.\n八 月 詔 百 官 管 甲 主 都 凣 克 補 禁 軍 宜 揀 大 户 不 得 取 孤 獨 人 違 者 罪 之 . [6a*1*9]\nBát nguyệt, chiếu bách quan quản giáp chủ đô phàm khắc bổ cấm quân, nghi giản đại hộ, bất đắc thủ cô độc nhân, vi giả tội chi.\n丁 卯 八 年 [ 宋 紹 興 十 七 年 ] 秋 八 月 造 永 隆 清 闌 二 舟 及 翔 决 奉 先 二 舸 . [6a*3*1]\nĐinh mão bát niên [Tống Thiệu Hưng thập thất niên] Thu bát nguyệt, tạo Vĩnh Long, Thanh Lan nhị chu cập Tường Quyết, Phụng Tiên nhị kha.\n九 月 書 家 李 昭 献 白 鵶 . [6a*4*6]\nCửu nguyệt thư gia Lí Chiêu hiến bạch ác.\n冬 十 月 庚 辰 小 侍 衛 李 崇 献 六 眸 龜 胷 中 有 籒 文 八 字 . [6a*4*15]\nĐông thập nguyệt Canh Thìn tiểu thị vệ Lí Sùng hiến lục mâu quy hung trung hữu trứu văn bát tự.\n造 安 興 寨 行 營 . [6a*6*1]\nTạo An Hưng trại hành dinh.\n詔 杜 英 武 如 富 良 府 考 校 官 僚 及 定 户 籍 數 目 . [6a*6*7]\nChiếu Đỗ Anh Vũ như Phú Lương phủ khảo hiệu quan liêu cập định hộ tịch số mục.\n十 一 月 起 瑞 天 公 主 弟 于 諒 州 . [6a*7*7]\nThập nhất nguyệt khởi Thuỵ Thiên công chúa đệ vu Lạng Châu.\n皇 太 后 杜 氏 崩 謚 曰 昭 李 皇 后 . [6a*8*1]\nHoàng thái hậu Đỗ thị băng thuỵ viết Chiêu Lí Hoàng Hậu.\n戊 辰 九 年 [ 宋 紹 興 十 八 年 ] . [6a*9*1]\nMậu Thìn cửu niên [Tống Thiệu hưng thập bát niên].\n春 二 月 帝 幸 莅 仁 行 宮 耕 藉 田 . [6a*9*11]\nXuân nhị nguyệt đế hạnh Li Nhân hành cung canh tịch điền.\n",
    "url": "/data/image_dvsk/ban_ky_toan_thu/quyen4/DVSKTT_ban_toan_IV_6a.jpg"
  },
  {
    "text": "夏 四 月 設 仁 王 會 于 龍 墀 大 赦 罪 人 . [6b*6*10]\nHạ tứ nguyệt thiết nhân vương hội vu Long trì đại xá tội nhân.\n帝 御 龍 墀 觀 捕 像 . [6b*7*6]\nĐế ngự Long trì quan bổ tượng.\n冬 十 一 月 天 成 公 主 薨 . [6b*7*13]\nĐông thập nhất nguyệt, Thiên Thành công chúa hoăng.\n以 守 富 良 府 中 書 火 阮 權 爲 中 書 舍 人 如 文 州 南 頭 那 䨙 田 會 七 原 州 朝 奉 郎 農 彦 剛 . [6b*8*5]\nDĩ thú Phú Lương phủ trung thư hoả Nguyễn Quyền vi Trung Thư xá nhân, như Văn châu nam đầu Na Dâm điền hội Thất Nguyên châu triều phụng lang Nông Ngạn Cương..\n遂 幸 應 豊 行 宮 . [6b*1*1]\ntoại hạnh Ứng Phong hành cung.\n夏 六 月 詔 禁 大 通 㱕 仁 二 鎮 蛮 里 山 獠 首 領 官 郎 無 故 不 得 赴 京 . [6b*1*7]\nHạ lục nguyệt, chiếu cấm Đại Thông, Quy Nhân nhị trấn Man Lí sơn Liêu thủ lĩnh quan lang vô cố bất đắc phó kinh.\n瑞 天 公 主 㱕 諒 州 . [6b*2*14]\nThuỵ Thiên Công chúa quy Lạng châu.\n冬 十 月 慶 成 廣 自 宮 . [6b*3*3]\nĐông thập nguyệt khánh thành Quảng Từ cung.\n己 巳 十 年 [ 宋 紹 興 十 九 年 ] . [6b*4*1]\nKỉ Tị thập niên [Tống Thiệu Hưng thập cửu niên].\n春 二 月 爪 哇 路 貉 暹 羅 三 國 商 舶 入 海 東 乞 居 住 販 賣 乃 於 海 島 等 處 立 庄 各 雲 屯 買 賣 寳 貨 上 進 方 物 . [6b*4*11]\nXuân nhị nguyệt Trảo Oa lộ Lạc Xiêm La tam quốc thương bạc nhập hải đông khất cư trụ phiến mại nãi ư hải đảo đẳng xứ lập trang các vân đồn mải mại bảo hoá thượng tiến phương vật.\n",
    "url": "/data/image_dvsk/ban_ky_toan_thu/quyen4/DVSKTT_ban_toan_IV_6b.jpg"
  },
  {
    "text": "議 事 以 廣 原 人 虜 七 原 廖 伍 故 也 . [7a*1*1]\nnghị sự dĩ Quảng Nguyên nhân lỗ Thất Nguyên liêu Ngũ cố dã.\n造 莅 仁 行 宫 . [7a*1*14]\nTạo Li Nhân hành cung.\n庚 午 十 一 年 [ 宋 紹 興 二 十 年 ] . [7a*2*1]\nCanh Ngọ thập nhất niên [Tống Thiệu Hưng nhị thập niên].\n春 三 月 旱 . [7a*2*12]\nXuân tam nguyệt hạn.\n秋 七 月 旱 . [7a*2*16]\nThu thất nguyệt hạn.\n九 月 真 臘 人 㓂 乂 安 至 𩅗 濕 山 會 暑 濕 多 瘴 死 遂 自 潰 . [7a*2*20]\nCửu nguyệt Chân Lạp nhân khấu Nghệ An chí Vụ Thấp sơn hội thử thấp đa chướng tử toại tự hội.\n𥘉 帝 幼 冲 政 無 大 小 皆 委 杜 英 武 . [7a*4*1]\nSơ đế ấu xung, chính vô đại tiểu giai uỷ Đỗ Anh Vũ.\n英 武 使 妻 蘇 氏 出 入 宫 禁 事 杜 太 后 以 故 英 武 私 通 黎 太 后 因 此 益 驕 居 朝 廷 則 攘 臂 厲 聲 役 官 吏 則 頤 指 氣 使 眾 皆 則 目 而 莫 敢 言 . [7a*4*14]\nAnh Vũ sử thê Tô thị xuất nhập cung cấm sự Đỗ Thái hậu, dĩ cố Anh Vũ tư thông Lê thái hậu, nhân thử ích kiêu, cư triều đình tắc nhương tí lệ thanh, dịch quan lại tắc di chỉ khí sử, chúng giai tắc mục nhi mạc cảm ngôn.\n殿 都 指 揮 使 武 𢃄 廣 武 都 火 頭 粱 上 箇 玉 階 都 火 頭 同 利 内 侍 杜 乙 與 智 明 王 保 寕 侯 駙 馬 郎 楊 嗣 明 等 謀 牧 捕 英 武 . [7a*7*9]\nĐiện tiền đô chỉ huy sứ Vũ Đái, Quảng Vũ đô hoả đầu Lương Thượng Cá, Ngọc giai đô hoả đầu đồng lợi nội thị Đỗ Ất dữ Trí Minh Vương, Bảo Ninh hầu Phò mã lang Dương Tự Minh đẳng mưu mục bổ Anh Vũ.\n計 定 𢃄 . [7a*9*17]\nKế định Đái..\n",
    "url": "/data/image_dvsk/ban_ky_toan_thu/quyen4/DVSKTT_ban_toan_IV_7a.jpg"
  },
  {
    "text": "等 率 軍 士 詣 越 城 門 外 大 呼 曰 英 武 出 入 禁 庭 恣 行 凶 穢 惡 聲 聞 外 罪 莫 大 焉 . [7b*1*1]\nđẳng suất quân sĩ nghệ việt thành môn ngoại đại hô viết: \"Anh Vũ xuất nhập cấm đình, tứ hành hung uế ố, thanh văn ngoại, tội mạc đại yên.\n臣 等 請 早 除 之 毋 貽 後 患 . [7b*2*12]\nThần đẳng thỉnh tảo trừ chi, vô di hậu hoạn\".\n有 詔 禁 軍 牧 捕 英 武 繋 于 左 興 聖 廊 命 廷 尉 者 按 其 事 . [7b*3*3]\nHữu chiếu cấm quân mục bổ Anh Vũ hệ vu tả Hưng Thánh lang, mệnh Đình uý giả án kì sự.\n太 后 令 人 餽 以 酒 食 密 置 金 于 食 噐 以 賂 𢃄 及 其 監 守 者 . [7b*4*4]\nThái hậu lệnh nhân quỹ dĩ tửu thực, mật trí kim vu thực khí dĩ lộ Đái cập kì giám thú giả.\n左 興 聖 火 頭 阮 楊 曰 汝 等 貪 賂 我 與 汝 必 不 免 於 英 武 之 手 不 如 先 殺 之 以 免 後 禍 . [7b*5*7]\nTá hưng thánh hoả đầu Nguyễn Dương viết: \"Nhữ đẳng tham lộ, ngã dữ nhữ tất bất miễn ư Anh Vũ chi thủ, bất như tiên sát chi dĩ miễn hậu hoạ\".\n乃 執 戈 欲 刺 之 . [7b*7*1]\nNãi chấp qua dục thích chi.\n左 興 都 譚 以 𫎇 抱 楊 奪 其 戈 止 之 曰 殿 謂 英 武 罪 當 死 須 俟 帝 命 不 可 擅 行 楊 怒 詬 [ 音 候 罵 也 ] 之 曰 殿 武 吉 非 是 𢃄 耶 [ 吉 𢃄 方 糞 尿 也 ] 言 . [7b*7*7]\nTả Hưng Đô Đàm Dĩ Mông bão Dương đoạt kì qua chỉ chi viết: \"Điện tiền vị Anh Vũ tội đương tử tu sĩ đế mệnh bất khả thiện hành Dương nộ cấu [Âm hầu mạ dã] chi viết: \"Điện tiền Vũ Cứt phi thị Đái da. [Cát đái phương phẩn niệu dã] ngôn..\n",
    "url": "/data/image_dvsk/ban_ky_toan_thu/quyen4/DVSKTT_ban_toan_IV_7b.jpg"
  },
  {
    "text": "何 貪 人 之 賂 而 不 惜 命 乎 . [8a*1*1]\nHà tham nhân chi lộ nhi bất tích mệnh hồ!\".\n言 訖 知 不 免 遂 赴 井 死 . [8a*1*11]\nNgôn cật tri bất miễn, toại phó tỉnh tử.\n時 帝 聽 英 武 獄 配 英 武 杲 田 兒 . [8a*2*1]\nThời đế thính Anh Vũ ngục, phối Anh Vũ Cảo điền nhi.\n太 后 󰪽 悶 思 所 以 復 英 武 職 任 乃 屢 設 大 會 赦 諸 罪 人 冀 英 武 得 預 焉 . [8a*2*13]\nThái hậu ưu muộn tư sở dĩ phục Anh Vũ chức nhiệm, nãi lũ thiết đại hội xá chư tội nhân, ký Anh Vũ đắc dự yên.\n英 武 累 𫎇 赦 宥 復 爲 太 尉 輔 政 如 故 寵 任 愈 隆 由 是 擅 禍 福 專 生 殺 而 怨 報 之 心 常 交 如 也 猶 恐 軍 吏 追 捕 多 不 如 意 乃 以 指 使 百 餘 人 献 之 以 爲 奉 國 衛 都 有 犯 罪 者 悉 委 奉 國 衛 都 捕 之 . [8a*4*2]\nAnh Vũ luỹ mông xá hựu phục vi Thái uý phụ chính như cố, sủng nhiệm dũ long, do thị thiện hoạ phúc chuyên sinh sát nhi oán báo chi tâm, thường giao như dã do khủng quân lại truy bổ đa bất như ý nãi dĩ chỉ sứ bách dư nhân hiến chi dĩ vi Phụng quốc vệ đô, hữu phạm tội giả tất uỷ Phụng quốc vệ đô bổ chi.\n英 武 密 言 於 帝 曰 徃 者 武 𢃄 等 自 率 禁 軍 突 入 闕 庭 其 罪 莫 大 不 早 懲 之 恐 異 日 變 生 不 可 圖 也 . [8a*7*17]\nAnh Vũ mật ngôn ư đế viết: \"Vãng giả Vũ Đái đẳng tự suất cấm quân đột nhập khuyết đình, kì tội mạc đại, bất tảo trừng chi, khủng dị nhật biến sinh, bất khả đồ dã\".\n帝 莫 之 𮗓 . [8a*9*16]\nĐế mạc chi giác..\n",
    "url": "/data/image_dvsk/ban_ky_toan_thu/quyen4/DVSKTT_ban_toan_IV_8a.jpg"
  },
  {
    "text": "遂 可 其 奏 . [8b*1*1]\ntoại khả kì tấu.\n英 武 命 奉 國 衛 都 逮 捕 𢃄 等 下 獄 治 之 . [8b*1*5]\nAnh Vũ mệnh Phụng quốc vệ đô đãi bổ Đái đẳng hạ ngục trị chi.\n詔 降 智 明 王 爲 侯 保 寕 侯 爲 明 字 保 勝 侯 爲 奉 職 内 侍 杜 乙 等 五 人 上 木 馬 玉 階 火 頭 同 利 等 八 人 斬 于 西 階 市 殿 都 指 揮 武 𢃄 等 二 十 人 󰦅 諸 江 頭 駙 馬 郎 楊 嗣 明 等 三 十 人 流 遠 惡 處 諸 預 謀 者 並 圖 田 宏 󰍁 甲 果 如 楊 言 . [8b*2*1]\nChiếu giáng Trí Minh Vương vi hầu, Bảo Ninh hầu vi Minh tự, Bảo thắng hầu vi phụng chức, Nội thị Đỗ Ất đẳng ngũ nhân thượng mộc mã, Ngọc giai hoả đầu đồng lợi đẳng bát nhân trảm vu Tây Giai thị, Điện tiền đô chỉ huy Vũ Đái đẳng nhị thập nhân ve-chu chư giang đầu, Phò mã lang Dương Tự Minh đẳng tam thập nhân lưu viễn ác xứ, chư dự mưu giả tịnh đồ điền hoành, khao giáp, quả như Dương ngôn.\n黎 文 休 曰 杜 英 武 出 入 禁 庭 私 通 母 后 罪 莫 大 矣 . [8b*7*1]\nLê Văn Hưu viết: Đỗ Anh Vũ xuất nhập cấm đình, tư thông mẫu hậu tội mạc đại hĩ.\n武 𢃄 等 宜 庭 奏 奸 状 牧 捕 繋 獄 而 誅 之 可 也 . [8b*8*2]\nVũ Đái đẳng nghi đình tấu gian trạng, mục bổ hệ ngục nhi tru chi khả dã.\n今 乃 率 眾 人 突 入 越 城 門 驚 脅 幼 主 強 求 詔 㫖 . [8b*9*1]\nKim nãi suất chúng nhân đột nhập việt thành môn, kinh hiếp ấu chúa, cưỡng cầu chiếu chỉ.\n",
    "url": "/data/image_dvsk/ban_ky_toan_thu/quyen4/DVSKTT_ban_toan_IV_8b.jpg"
  },
  {
    "text": "及 捕 獲 英 武 乃 受 太 后 之 金 而 不 用 阮 楊 之 言 後 竟 爲 其 所 殺 累 及 數 十 人 所 謂 養 虎 遺 患 也 . [9a*1*1]\nCập bổ hoạch Anh Vũ nãi thụ thái hậu chi kim, nhi bất dụng Nguyễn Dương chi ngôn, hậu cánh vị kì sở sát, luỵ cập số thập nhân, sở vị dưỡng hổ di hoạn dã.\n史 臣 吳 士 連 曰 英 武 大 惡 . [9a*3*1]\nSử thần Ngô Sĩ Liên viết: Anh Vũ đại ác.\n𢃄 等 既 與 諸 宗 室 協 謀 不 能 揚 于 王 庭 明 正 其 罪 乃 以 兵 驚 脅 幼 主 . [9a*3*11]\nĐái đẳng ký dữ chư tông thất hiệp mưu bất năng dương vu vương đình minh chính kì tội, nãi dĩ binh kinh hiếp ấu chủ.\n兹 時 也 英 武 已 喜 得 所 㨿 以 爲 辝 矣 安 知 不 計 通 太 后 使 重 賂 𢃄 等 . [9a*5*1]\nTư thời dã, Anh Vũ dĩ hỉ đắc sở cứ dĩ vi từ hĩ, an tri bất kế thông thái hậu sứ trọng lộ Đái đẳng.\n苟 免 以 遂 其 報 復 之 心 邪 幸 而 阮 楊 明 吿 之 以 禍 之 . [9a*6*9]\ncẩu miễn dĩ toại kì báo phục chi tâm tà? Hạnh nhi Nguyễn Dương Minh cáo chi dĩ hoạ chi.\n所 在 及 不 見 聽 則 寕 赴 井 以 示 之 猶 不 知 𮗓 其 取 後 禍 将 誰 咎 哉 然 則 太 后 無 罪 乎 曰 罪 極 矣 . [9a*7*11]\nSở tại cập bất kiến thính tắc ninh phó tỉnh dĩ thị chi, do bất tri giác, kì thủ hậu hoạ, tương thuỳ cữu tai? Nhiên tắc thái hậu vô tội hồ? viết: tội cực hĩ.\n非 有 伊 周 之 才 德 權 . [9a*9*11]\nPhi hữu Y, Chu chi tài đức quyền..\n",
    "url": "/data/image_dvsk/ban_ky_toan_thu/quyen4/DVSKTT_ban_toan_IV_9a.jpg"
  },
  {
    "text": "位 而 欲 止 之 難 免 乎 大 貞 凶 之 失 . [9b*1*1]\nvị nhi dục chỉ chi nan miễn hồ đại trinh hung chi thất.\n詔 閹 寺 不 得 擅 入 宫 犯 者 死 罪 . [9b*2*1]\nChiếu yêm tự bất đắc thiện nhập cung, phạm giả tử tội.\n如 不 謹 慎 而 他 人 入 者 罪 如 之 . [9b*2*13]\nNhư bất cẩn thận nhi tha nhân nhập giả tội như chi.\n禁 朝 官 不 得 徃 來 王 侯 家 在 禁 中 不 得 結 會 三 五 人 話 談 非 議 違 者 罪 之 . [9b*3*7]\nCấm triều quan bất đắc vãng lai vương hầu gia, tại cấm trung bất đắc kết hội tam ngũ nhân thoại đàm phi nghị, vi giả tội chi.\n諸 犯 徃 來 奉 國 衛 都 噐 械 廊 地 頭 外 杖 八 十 徒 罪 至 廊 内 者 死 . [9b*4*17]\nChư phạm vãng lai phụng quốc vệ đô khí giới lang địa đầu ngoại trượng bát thập đồ tội; chí lang nội giả tử.\n奉 衛 在 廊 有 詔 㫖 方 得 舉 噐 械 無 詔 㫖 而 擅 舉 過 地 頭 外 死 . [9b*6*3]\nPhụng vệ tại lang hữu chiếu chỉ phương đắc cử khí giới, vô chiếu chỉ nhi thiện cử quá địa đầu ngoại tử.\n辛 未 十 二 年 [ 宋 紹 興 二 十 一 年 ] . [9b*8*1]\nTân Mùi thập nhị niên [Tống Thiệu Hưng nhị thập nhất niên].\n春 正 月 内 人 火 頭 杜 時 献 綠 毛 金 龜 . [9b*8*13]\nXuân chính nguyệt nội nhân hoả đầu Đỗ Thời hiến lục mao kim quy.\n二 月 帝 幸 龍 水 捕 白 象 得 之 群 臣 上 . [9b*9*5]\nNhị nguyệt đế hạnh Long Thuỷ bổ bạch tượng đắc chi quần thần thượng..\n",
    "url": "/data/image_dvsk/ban_ky_toan_thu/quyen4/DVSKTT_ban_toan_IV_9b.jpg"
  },
  {
    "text": "表 賀 . [10a*1*1]\nbiểu hạ.\n夏 四 月 杜 英 雨 献 檳 榔 一 本 二 十 八 莖 . [10a*1*3]\nHạ tứ nguyệt Đỗ Anh Vũ hiến tân lang nhất bản nhị thập bát kinh.\n五 月 杜 英 雨 献 白 鹿 . [10a*1*18]\nNgũ nguyệt Đỗ Anh Vũ hiến bạch lộc.\n秋 八 月 帝 幸 廣 慈 宫 觀 競 舟 冬 十 月 瑞 明 公 主 薨 . [10a*2*8]\nThu bát nguyệt đế hạnh Quảng Từ cung quan cạnh chu Đông thập nguyệt Thuỵ Minh công chúa hoăng.\n十 一 月 皇 長 子 龍 昶 生 于 應 豊 行 宫 尋 󰀋 爲 顯 忠 王 . [10a*3*9]\nThập nhất nguyệt hoàng trưởng tử Long Xưởng sinh vu Ứng Phong hành cung tầm sách vi Hiển Trung Vương.\n造 西 殿 永 清 閣 及 永 耀 清 闌 二 舟 . [10a*4*12]\nTạo Tây điện Vĩnh Thanh các cập Vĩnh Diệu Thanh Lan nhị chu.\n壬 申 十 三 年 [ 宋 紹 興 二 十 二 年 ] . [10a*6*1]\nNhâm Thân thập tam niên [Tống Thiệu Hưng nhị thập nhị niên].\n春 二 月 内 師 翁 李 元 献 三 足 六 眸 龜 胷 上 有 籒 文 羣 臣 辦 之 成 王 以 八 方 四 字 . [10a*6*13]\nXuân nhị nguyệt, nội sư ông Lí Nguyên hiến tam túc, lục mâu quy, hung thượng hữu trứu văn, quần thần biện chi thành \"Vương dĩ bát phương\" tứ tự.\n夏 四 月 地 震 . [10a*8*2]\nHạ tứ nguyệt địa chấn.\n五 月 天 雨 皇 砂 . [10a*8*7]\nNgũ nguyệt thiên vũ hoàng sa.\n伯 大 王 薨 [ 未 詳 ] 秋 七 月 天 雨 皇 砂 . [10a*8*13]\nBá Đại Vương hoăng [Vị tường] Thu thất nguyệt thiên vũ hoàng sa.\n冬 十 月 殿 試 . [10a*9*10]\nĐông thập nguyệt điện thí.\n占 城 國 . [10a*9*15]\nChiêm Thành quốc..\n",
    "url": "/data/image_dvsk/ban_ky_toan_thu/quyen4/DVSKTT_ban_toan_IV_10a.jpg"
  },
  {
    "text": "人 邕 明 些 疊 詣 闕 請 命 爲 王 . [10b*1*1]\nnhân Ung Minh Ta Điệp nghệ khuyết thỉnh mệnh vi vương.\n詔 上 制 李 𫎇 領 清 化 府 乂 安 州 五 千 餘 人 如 占 城 立 邕 明 些 疊 爲 王 . [10b*1*12]\nChiếu thượng chế Lí Mông lĩnh Thanh Hoá phủ Nghệ An châu ngũ thiên dư nhân như Chiêm Thành Lập Ung Minh Ta Điệp vi vương.\n蒙 至 占 城 爲 其 主 制 皮 羅 筆 所 拒 邕 明 些 疊 蒙 等 皆 死 之 . [10b*2*19]\nMông chí Chiêm Thành vị kì chủ Chế Bì La Bút sở cự, Ung Minh Ta Điệp, Mông đẳng giai tử chi.\n癸 酉 十 四 年 [ 宋 紹 興 二 十 三 年 . [10b*5*1]\nQuý Dậu thập tứ niên [Tống Thiệu Hưng nhị thập tam niên].\n造 新 関 門 . [10b*5*13]\nTạo Tân Quan môn.\n甲 戌 十 五 年 [ 宋 紹 興 二 十 四 年 . [10b*6*1]\nGiáp Tuất thập ngũ niên [Tống Thiệu Hưng nhị thập tứ niên].\n春 正 月 安 忠 侯 [ 鈌 名 ] 献 白 麞 . [10b*6*13]\nXuân chính nguyệt An trung hầu [Khuyết danh] hiến bạch chương.\n撞 龍 山 獠 叛 . [10b*7*1]\nChàng Long Sơn Lạo phản.\n徐 寅 献 白 鵶 . [10b*7*6]\nTừ Dần hiến bạch ác.\n二 月 詔 英 武 討 撞 龍 山 獠 降 之 . [10b*7*11]\nNhị nguyệt chiếu Anh Vũ thảo Chàng Long Sơn Lạo hàng chi.\n秋 八 月 大 皇 江 [ 今 長 安 府 是 也 ] 山 獠 首 領 農 可 來 叛 . [10b*8*7]\nThu bát nguyệt Đại Hoàng giang [Kim Trường An phủ thị dã] Sơn Lạo thủ lĩnh Nông Khả lai phản.\n九 月 帝 御 大 羅 城 南 門 觀 築 園 丘 . [10b*9*6]\nCửu nguyệt đế ngự Đại La Thành nam môn quan trúc Viên Khâu..\n",
    "url": "/data/image_dvsk/ban_ky_toan_thu/quyen4/DVSKTT_ban_toan_IV_10b.jpg"
  },
  {
    "text": "壇 . [11a*1*1]\nđàn.\n冬 十 月 占 城 主 制 皮 囉 筆 進 其 女 納 之 . [11a*1*2]\nĐông thập nguyệt, Chiêm Thành chủ Chế Bì La Bút tiến kì nữ, nạp chi.\n黎 文 休 曰 夫 帝 王 之 於 夷 狄 服 則 綏 之 以 德 叛 則 示 之 以 威 . [11a*2*1]\nLê Văn Hưu viết: Phu đế Vương chi ư Di Địch, phục tắc tuy chi dĩ đức, phản tắc thị chi dĩ uy.\n英 宗 使 李 蒙 領 五 千 餘 人 援 立 雍 明 些 疊 爲 占 城 國 王 而 爲 制 皮 囉 筆 所 殺 義 當 興 師 問 罪 擇 立 一 人 代 王 其 國 則 威 加 殊 俗 而 德 在 後 王 . [11a*3*6]\nAnh Tông sử Lí Mông lĩnh ngũ thiên dư nhân viện lập Ung Minh Ta Điệp vi Chiêm Thành quốc vương nhi vị Chế Bì La Bút sở sát, nghĩa đương hưng sư vấn tội, trạch lập nhất nhân đại vương kì quốc tắc uy gia thù tục nhi đức tại hậu vương.\n今 乃 受 其 女 而 不 問 其 罪 可 謂 逸 矣 . [11a*6*5]\nKim nãi thụ kì nữ nhi bất vấn kì tội khả vị dật hĩ.\n其 後 占 城 真 臘 連 年 入 㓂 乂 安 一 路 不 勝 其 弊 英 宗 實 啓 之 也 . [11a*7*1]\nKì hậu Chiêm Thành, Chân Lạp liên niên nhập khấu Nghệ An nhất lộ bất thắng kì tệ Anh Tông thực khải chi dã.\n史 臣 吳 士 連 曰 小 國 之 賴 大 國 以 其 䏻 安 靖 已 . [11a*9*1]\nSử thần Ngô Sĩ Liên viết: Tiểu quốc chi lại đại quốc dĩ kì năng an tịnh dĩ..\n",
    "url": "/data/image_dvsk/ban_ky_toan_thu/quyen4/DVSKTT_ban_toan_IV_11a.jpg"
  },
  {
    "text": "也 . [11b*1*1]\ndã.\n脱 有 不 幸 遭 亂 公 子 出 奔 有 納 之 之 道 然 不 以 正 未 有 能 濟 者 矣 . [11b*1*2]\nThoát hữu bất hạnh tao loạn, công tử xuất bôn hữu nạp chi, chi đạo nhiên bất dĩ chính vị hữu năng tế giả hĩ.\n魯 納 其 子 糾 是 也 . [11b*2*9]\nLỗ nạp kì tử Củ thị dã.\n納 之 知 其 不 正 者 晋 納 捷 菑 是 也 英 宗 之 納 雍 明 些 疊 果 得 正 而 爲 彼 拒 命 冒 殺 耶 問 罪 之 師 不 可 不 󰁮 也 . [11b*2*16]\nNạp chi tri kì bất chính giả Tấn nạp Tiệp Tri thị dã, Anh Tông chi nạp Ung Minh Ta Điệp quả đắc chính nhi vi bỉ cự mệnh mạo sát da? vấn tội chi sư bất khả bất cử dã.\n果 不 正 耶 盍 亦 自 反 其 本 乎 然 事 既 至 此 宜 使 一 介 問 罪 待 其 輪 情 悔 謝 可 也 . [11b*5*3]\nQuả bất chính gia Hạp diệc tự phản kì bản hồ? Nhiên sự ký chí thử nghi sử nhất giới vấn tội, đãi kì luân tình hối tạ, khả dã.\n乃 溺 女 色 之 私 情 忘 國 家 之 大 事 而 肉 食 者 不 以 爲 言 謂 之 何 哉 . [11b*6*15]\nNãi nịch nữ sắc chi tư tình, vong quốc gia chi đại sự, nhi nhục thực giả bất dĩ vi ngôn vị chi hà tai?.\n十 一 月 丁 未 帝 親 征 農 可 來 . [11b*9*1]\nThập nhất nguyệt, Đinh Mùi đế thân chinh Nông Khả lai.\n庚 戌 𭛁 京 師 . [11b*9*12]\nCanh Tuất phát kinh sư.\n甲 寅 . [11b*9*17]\nGiáp Dần..\n",
    "url": "/data/image_dvsk/ban_ky_toan_thu/quyen4/DVSKTT_ban_toan_IV_11b.jpg"
  },
  {
    "text": "克 之 . [12a*1*1]\nkhắc chi.\n丙 辰 𤤻 師 . [12a*1*3]\nBính Thìn ban sư.\n己 未 至 京 . [12a*1*7]\nKỉ Mùi chí Kinh.\n造 應 豊 莅 仁 行 宫 及 永 章 㩧 . [12a*1*11]\nTạo Ứng Phong Li NHân hành cung cập Vĩnh Chương bạc.\n乙 亥 十 六 年 [ 宋 紹 興 二 十 五 年 ] . [12a*3*1]\nẤt Hợi thập lục niên [Tống Thiệu Hưng nhị thập ngũ niên].\n夏 五 月 紹 容 公 主 薨 . [12a*3*14]\nHạ ngũ nguyệt Thiệu Dung Công chủ hoăng.\n秋 八 月 競 舟 . [12a*3*22]\nThu bát nguyệt cạnh chu.\n大 水 . [12a*4*4]\nĐại thuỷ.\n地 震 . [12a*4*6]\nĐịa chấn.\n九 月 徵 夏 田 租 . [12a*4*8]\nCửu nguyệt trưng hạ điền tô.\n冬 十 月 木 星 犯 金 星 . [12a*4*14]\nĐông thập nguyệt Mộc tinh phạm Kim tinh.\n命 匠 起 富 良 弟 . [12a*5*7]\nMệnh tượng khởi Phú Lương đệ.\n十 一 月 占 城 來 貢 . [12a*5*13]\nThập nhất nguyệt Chiêm Thành lai cống.\n十 二 月 地 震 . [12a*6*3]\nThập nhị nguyệt địa chấn.\n造 麗 天 宫 及 龍 慶 朝 覲 廊 . [12a*6*8]\nTạo Lệ Thiên cung cập Long Khánh triều cận lang.\n丙 子 十 七 年 [ 宋 紹 興 二 十 六 年 ] 春 二 月 辛 未 天 雨 皇 砂 . [12a*7*1]\nBính Tí thập thất niên [Tống Thiệu Hưng nhị thập lục niên] Xuân nhị nguyệt Tân Mùi Thiên vũ hoàng sa.\n夏 四 月 詔 起 廣 原 州 弟 . [12a*7*23]\nHạ tứ nguyệt chiếu khởi Quảng Nguyên châu đệ.\n冬 十 二 月 丁 未 夜 御 庫 火 . [12a*8*9]\nĐông thập nhị nguyệt Đinh Mùi Dạ Ngự khố hoả.\n造 御 天 行 宫 瑞 光 殿 暎 雲 閣 清 和 門 儀 鳯 階 . [12a*9*1]\nTạo Ngự Thiên hành cung Thuỵ Quang điện, Ánh Vân các, Thanh Hoà môn, Nghi Phượng giai,..\n",
    "url": "/data/image_dvsk/ban_ky_toan_thu/quyen4/DVSKTT_ban_toan_IV_12a.jpg"
  },
  {
    "text": "延 富 閣 賞 花 亭 玉 花 階 金 蓮 池 明 月 橋 及 御 厨 大 葉 船 宫 内 大 葉 船 . [12b*1*1]\nDiên Phú các Thưởng Hoa đình Ngọc Hoa giai Kim Liên trì Minh Nguyệt kiều cập Ngự Trù đại diệp thuyền cung nội đại diệp thuyền.\n太 傅 李 俞 都 上 章 乞 致 仕 加 太 師 錫 金 歸 田 里 . [12b*2*9]\nThái phó Lí Du Đô thượng chương khất trí sĩ gia Thái sư tích kim quy điền lí.\n建 孔 子 廟 . [12b*3*9]\nKiến Khổng Tử miếu.\n是 歲 大 饑 米 一 升 直 七 十 錢 . [12b*3*13]\nThị tuế đại cơ mễ nhất thăng trực thất thập tiền.\n丁 丑 十 八 年 [ 宋 紹 興 二 十 七 年 ] . [12b*5*1]\nĐinh Sửu thập bát niên [Tống Thiệu Hưng nhị thập thất niên].\n詔 定 律 令 . [12b*5*14]\nChiếu định luật lệnh.\n戊 寅 十 九 年 [ 宋 紹 興 二 十 八 年 . [12b*6*1]\nMậu Dần Thập cửu niên [Tống Thiệu Hưng nhị thập bát niên].\n春 二 月 阮 國 使 宋 回 上 言 臣 到 宋 國 見 庭 中 有 銅 匭 以 受 四 方 章 奏 臣 請 倣 而 行 之 以 達 下 情 帝 從 之 置 匭 于 庭 令 有 言 事 裁 書 投 其 中 時 有 暗 投 匿 名 書 言 英 武 作 亂 搜 之 . [12b*6*14]\nXuân nhị nguyệt Nguyễn Quốc sứ Tống hồi thượng ngôn thần đáo Tống quốc kiến đình trung hữu đồng quỹ dĩ thụ tứ phương chương tấu thần thỉnh phỏng nhi hành chi dĩ đạt hạ tình đế tòng chi trí quỹ vu đình lệnh hữu ngôn sự tài thư đầu kì trung thời hữu ám đầu nặc danh thư ngôn Anh Vũ tác loạn sưu chi.\n",
    "url": "/data/image_dvsk/ban_ky_toan_thu/quyen4/DVSKTT_ban_toan_IV_12b.jpg"
  },
  {
    "text": "不 得 其 人 . [13a*1*1]\nbất đắc kì nhân.\n英 武 誣 國 所 爲 流 國 于 清 化 之 寨 頭 . [13a*1*5]\nAnh Vũ vu quốc sở vi, lưu Quốc vu Thanh Hoá chi trại đầu.\n未 幾 帝 召 國 還 . [13a*1*19]\nVị cơ đế triệu Quốc hoàn.\n英 武 又 送 酖 酒 國 度 不 免 遂 飲 毒 卒 . [13a*2*6]\nAnh Vũ hựu tống chậm tửu Quốc độ bất miễn toại ẩm độc tốt.\n命 少 保 費 公 信 選 民 丁 定 諸 邑 及 充 太 廟 并 山 陵 奉 祠 人 . [13a*3*1]\nMệnh Thiếu bảo Phí Công Tín tuyển dân đinh, định chư ấp cập sung thái miếu tịnh Sơn Lăng phụng từ nhân.\n秋 八 月 杜 英 武 . [13a*4*5]\nThu bát nguyệt, Đỗ Anh Vũ.\n己 卯 二 十 年 [ 宋 紹 興 二 十 九 年 ] . [13a*5*1]\nKỉ Mão nhị thập niên [Tống Thiệu Hưng nhị thập cửu niên].\n春 天 符 寺 柱 流 血 . [13a*5*13]\nXuân Thiên Phù tự trụ lưu huyết.\n牛 吼 國 進 華 象 . [13a*5*21]\nNgưu Hống quốc tiến hoa tượng.\n夏 五 月 牛 吼 哀 牢 叛 . [13a*6*5]\nHạ ngũ nguyệt, Ngưu Hống, Ai Lao phản.\n命 蘇 憲 誠 討 之 獲 人 牛 馬 象 金 銀 珍 寳 甚 多 . [13a*6*13]\nMệnh Tô Hiến Thành thảo chi, hoạch nhân, ngưu, mã, tượng, kim ngân, chân bảo thậm đa.\n拜 憲 誠 太 尉 . [13a*7*12]\nBái Hiến Thành thái uý.\n庚 辰 二 十 一 年 [ 宋 紹 興 三 十 年 ] . [13a*8*1]\nCanh Thìn nhị thập nhất niên [Tống Thiệu Hưng tam thập niên].\n春 正 月 起 二 女 蚩 女 祠 於 布 盖 坊 . [13a*8*13]\nXuân chính nguyệt, khởi Nhị Nữ, Xuy Vưu từ ư Bố Cái phường.\n二 月 命 蘇 憲 誠 費 公 信 選 民 丁 壮 者 充 . [13a*9*4]\nNhị nguyệt mệnh Tô Hiến Thành Phí Công Tín tuyển dân đinh tráng giả sung..\n",
    "url": "/data/image_dvsk/ban_ky_toan_thu/quyen4/DVSKTT_ban_toan_IV_13a.jpg"
  },
  {
    "text": "軍 伍 . [13b*1*1]\nquân ngũ.\n擇 将 校 通 兵 法 諳 武 藝 者 分 管 之 . [13b*1*3]\nTrạch tướng hiệu, thông binh pháp am vũ nghệ giả phân quản chi.\n辛 巳 二 十 二 年 [ 宋 紹 興 三 十 一 年 . [13b*2*1]\nTân Tị nhị thập nhị niên [Tống Thiệu Hưng tam thập nhất niên].\n春 遺 馴 象 于 宋 . [13b*2*14]\nXuân di thuần tượng vu Tống.\n宋 帝 謂 其 大 臣 曰 朕 不 欲 異 獸 勞 遠 人 可 令 帥 臣 詳 諭 今 後 不 必 以 此 入 貢 . [13b*2*21]\nTống đế vị kì đại thần viết: \"Trẫm bất dục dị thú, lao viễn nhân, khả lệnh suý thần tường dụ kim hậu bất tất dĩ thử nhập cống.\n造 古 法 州 法 雲 寺 . [13b*4*8]\nTạo Cổ Pháp châu Pháp Vân tự.\n冬 十 月 太 傅 黃 義 賢 卒 輟 朝 五 日 以 有 夫 日 功 特 加 常 禮 . [13b*4*15]\nĐông thập nguyệt Thái phó Hoàng Nghĩa Hiền tốt, xuyết triều ngũ nhật, dĩ hữu phù nhật công, đặc gia thường lễ.\n十 一 月 帝 命 蘇 憲 誠 爲 都 將 杜 安 頤 副 之 領 兵 二 萬 廵 西 南 海 邉 等 處 以 安 鎮 邉 隅 . [13b*6*1]\nThập nhất nguyệt, đế mệnh Tô hiến Thành vi Đô tướng, Đỗ An Di phó chi, lĩnh binh nhị vạn tuần Tây Nam hải biên đẳng xứ, dĩ an trấn biên ngung.\n帝 親 宋 至 大 安 神 投 [ 今 神 是 也 ] . [13b*7*15]\nĐế thân tống chí Đại An Thần Đầu [Kim Thần thị dã].\n符 海 門 而 還 . [13b*8*8]\nPhù Hải môn nhi hoàn.\n太 尉 劉 慶 譚 卒 . [13b*8*14]\nThái uý Lưu Khánh Đàm tốt.\n壬 午 二 十 三 年 [ 宋 紹 興 三 十 二 年 ] . [13b*9*1]\nNhâm Ngọ nhị thập tam niên [Tống Thiệu Hưng tam thập nhị niên].\n春 正 月 詔 自 閹 者 杖 八 . [13b*9*14]\nXuân chính nguyệt, chiếu tự yêm giả trượng bát..\n",
    "url": "/data/image_dvsk/ban_ky_toan_thu/quyen4/DVSKTT_ban_toan_IV_13b.jpg"
  },
  {
    "text": "十 刺 左 膊 二 十 三 寺 . [14a*1*1]\nthập thích tả bác nhị thập tam tự.\n地 震 . [14a*1*9]\nĐịa chấn.\n二 月 考 課 文 武 臣 僚 考 滿 無 過 犯 者 增 秩 定 爲 常 憲 凣 九 年 爲 一 考 . [14a*1*11]\nNhị nguyệt, khảo khoá văn, vũ thần liêu, khảo mãn vô quá phạm giả tăng trật, định vi thường hiến, phàm cửu niên vi nhất khảo.\n癸 未 政 隆 寳 應 元 年 [ 宋 孝 宗 瑋 隆 興 元 年 ] . [14a*3*1]\nQuý Mùi Chính Long Bảo Ứng nguyên niên [Tống hiếu Tông Vĩ Long Hưng nguyên niên].\n禁 天 下 不 得 用 假 真 珠 . [14a*3*17]\nCấm thiên hạ bất đắc dụng giả chân châu.\n秋 八 月 迯 卒 嘯 聚 爲 羣 刼 掠 陸 路 居 民 命 費 公 信 將 兵 十 萬 討 平 之 . [14a*4*3]\nThu bát nguyệt đào tốt khiếu tụ vi quần kiếp lược lục lộ cư dân mệnh Phí Công Tín tương binh thập vạn thảo bình chi.\n甲 申 二 年 [ 宋 興 隆 二 年 ] . [14a*6*1]\nGiáp Thân nhị niên [Tống Hưng Long nhị niên].\n春 三 月 占 城 來 貢 . [14a*6*10]\nXuân tam nguyệt Chiêm Thành lai cống.\n秋 七 月 大 水 過 常 禾 榖 渰 沒 . [14a*6*18]\nThu thất nguyệt đại thuỷ quá thường hoà cốc yêm một.\n宋 封 帝 爲 安 南 國 王 改 交 趾 爲 安 南 國 . [14a*7*8]\nTống phong đế vi An Nam Quốc Vương, cải Giao Chỉ vi An Nam quốc.\n乙 酉 三 年 [ 宋 乾 道 元 年 ] . [14a*9*1]\nẤt Dậu tam niên Tống Càn Đạo nguyên niên].\n夏 六 月 大 旱 民 大 疾 疫 牛 畜 多 . [14a*9*10]\nHạ lục nguyệt, đại hạn, dân đại tật dịch, ngưu súc đa..\n",
    "url": "/data/image_dvsk/ban_ky_toan_thu/quyen4/DVSKTT_ban_toan_IV_14a.jpg"
  },
  {
    "text": "死 米 價 騰 踊 . [14b*1*1]\ntử mễ giá đằng dũng.\n秋 八 月 試 學 生 . [14b*1*6]\nThu bát nguyệt thí học sinh.\n丙 戌 四 年 [ 宋 乾 道 二 年 . [14b*2*1]\nBính Tuất tứ niên [Tống Càn Đạo nhị niên].\n春 三 月 占 城 使 行 至 烏 里 以 風 水 軍 [ 僧 駕 魔 ] 海 掠 我 瀕 海 小 民 而 還 . [14b*2*10]\nXuân tam nguyệt Chiêm Thành sứ hành chí Ô Lí dĩ phong thuỷ quân [Tăng giá ma] hải lược ngã tần hải tiểu dân nhi hoàn.\n民 有 献 龜 胷 有 天 子 萬 年 四 字 亦 有 献 白 鵶 者 . [14b*3*15]\nDân hữu hiến quy hung hữu \"Thiên Tử Vạn Niên\" tứ tự, diệc hữu hiến bạch ác giả.\n丁 亥 五 年 [ 宋 乾 道 三 年 ] 秋 七 月 命 太 尉 蘇 憲 城 伐 占 城 冬 十 月 占 城 遣 使 進 珍 珠 方 物 請 和 . [14b*5*1]\nĐinh Hợi ngũ niên [Tống Càn Đạo tam niên] Thu thất nguyệt mệnh Thái uý Tô Hiến Thành phạt Chiêm Thành Đông thập nguyệt, Chiêm Thành khiển sứ tiến chân châu phương vật thỉnh hoà.\n詔 憲 誠 𤤻 師 自 是 占 城 執 藩 臣 禮 奉 貢 不 鈌 . [14b*6*15]\nChiếu Hiến Thành ban sư tự thị Chiêm Thành chấp phiên thần lễ phụng cống bất khuyết.\n造 日 龍 舶 . [14b*7*14]\nTạo Nhật Long bạc.\n戊 子 六 年 [ 宋 乾 道 四 年 . [14b*8*1]\nMậu Tí lục niên [Tống Càn Đạo tứ niên].\n秋 八 月 宋 使 來 韃 靼 [ 即 元 使 也 ] 亦 來 . [14b*8*10]\nThu bát nguyệt Tống sứ lai Thát Đát [Tức Nguyên sứ dã] diệc lai.\n俱 誘 以 厚 賞 陰 以 禮 接 之 使 不 相 見 . [14b*9*1]\nCụ dụ dĩ hậu thưởng, âm dĩ lễ tiếp chi sứ, bất tương kiến.\n",
    "url": "/data/image_dvsk/ban_ky_toan_thu/quyen4/DVSKTT_ban_toan_IV_14b.jpg"
  },
  {
    "text": "己 丑 七 年 [ 宋 乾 道 五 年 . [15a*1*1]\nKỉ Sửu thất niên [Tống Càn Đạo ngũ niên].\n春 三 月 望 月 蝕 . [15a*1*10]\nXuân Tam nguyệt, vọng nguyệt thực.\n海 門 魚 子 命 朝 野 寺 觀 僧 尼 道 士 誦 經 祈 禱 太 師 𦤶 仕 李 俞 都 卒 . [15a*1*17]\nHải môn ngư tử mệnh triều dã tự quan tăng ni đạo sĩ tụng kinh kì đảo Thái sư trí sĩ Lí Du Đô tốt.\n夏 四 月 作 清 和 殿 奉 安 先 帝 先 后 神 御 随 時 薦 享 重 修 真 教 寺 . [15a*3*2]\nHạ tứ nguyệt tác Thanh Hoà điện phụng an tiên đế tiên hậu thần ngự tuỳ thời tiến hưởng trùng tu Chân Giáo tự.\n庚 寅 八 年 [ 宋 乾 道 六 年 . [15a*5*1]\nCanh Dần bát niên [Tống Càn Đạo lục niên].\n帝 習 射 騎 于 大 羅 城 南 名 射 庭 令 武 官 曰 習 戦 攻 破 陣 之 法 . [15a*5*10]\nĐế tập xạ kị vu Đại La thành nam, danh Xạ Đình, lệnh vũ quan viết tập chiến công phá trận chi pháp.\n辛 卯 九 年 宋 乾 道 七 年 . [15a*7*1]\nTân Mão cửu niên [Tống Càn Đạo thất niên].\n春 二 月 永 元 殿 無 故 自 動 . [15a*7*10]\nXuân nhị nguyệt, Vĩnh Nguyên điện vô cố tự động.\n脩 文 宣 王 廟 殿 及 后 土 祠 . [15a*7*21]\nTu Văn Tuyên Vương miếu điện cập Hậu Thổ từ.\n帝 巡 幸 海 島 周 覧 山 川 刑 勢 欲 識 民 情 疾 苦 日 程 遠 近 也 . [15a*8*10]\nĐế tuần hạnh hải đảo chu, lãm sơn xuyên hình thế, dục thức dân tình tật khổ nhật trình viễn cận dã.\n",
    "url": "/data/image_dvsk/ban_ky_toan_thu/quyen4/DVSKTT_ban_toan_IV_15a.jpg"
  },
  {
    "text": "壬 辰 十 年 [ 宋 乾 道 八 年 . [15b*1*1]\nNhâm Thìn thập niên [Tống Càn Đạo bát niên].\n春 二 月 帝 又 廵 幸 海 島 南 北 藩 界 圖 記 風 物 而 還 . [15b*1*10]\nXuân nhị nguyệt, đế hựu tuần hạnh hải đảo Nam Bắc phiên, giới đồ ký phong vật nhi hoàn.\n癸 巳 十 一 年 [ 宋 乾 道 九 年 . [15b*3*1]\nQuý Tị thập nhất niên [Tống Càn Đạo cửu niên].\n春 重 修 太 和 橋 . [15b*3*11]\nXuân trùng tu Thái Hoà kiều.\n夏 五 月 二 十 五 日 皇 太 子 龍 󰥤 [ 音 札 ] 生 . [15b*3*18]\nHạ ngũ nguyệt nhị thập ngũ nhật Hoàng thái tử Long Trát [âm trát] sinh.\n秋 造 翫 水 舶 . [15b*4*12]\nThu tạo Ngoạn Thuỷ bạc.\n甲 午 十 二 年 [ 二 月 元 年 以 後 天 感 至 寳 宋 淳 熙 元 年 ] . [15b*5*1]\nGiáp Ngọ thập nhị niên [Nhị nguyệt nguyên niên dĩ Hậu Thiên Cảm Chí Bảo Tống Thuần Hi nguyên niên].\n春 正 月 地 震 . [15b*5*21]\nXuân chính nguyệt địa chấn.\n二 月 改 元 天 感 至 寳 元 年 . [15b*6*1]\nNHị nguyệt cải nguyên Thiên Cảm Chí Bảo Nguyên niên.\n秋 九 月 太 子 龍 昶 有 罪 廢 爲 庶 人 囚 之 . [15b*6*11]\nThu cửu nguyệt, thái tử Long Xưởng hữu tội, phế vi thứ nhân tù chi.\n先 是 龍 昶 烝 于 宫 妃 帝 不 忍 抵 死 故 有 是 命 . [15b*7*8]\nTiên thị Long Xưởng chưng vu cung phi, đế bất nhẫn để tử, cố hữu thị mệnh.\n一 日 帝 召 宰 相 謂 曰 太 子 國 之 大 本 龍 昶 既 爲 不 道 朕 欲 龍 󰥤 繼 承 大 綂 然 彼 猶 少 年 . [15b*8*6]\nNhất nhật đế triệu tể tướng vị viết: \"thái tử quốc chi đại bản, Long Xưởng ký vi bất đạo, trẫm dục Long Trát kế thừa đại thống, nhiên bỉ do thiếu niên..\n",
    "url": "/data/image_dvsk/ban_ky_toan_thu/quyen4/DVSKTT_ban_toan_IV_15b.jpg"
  },
  {
    "text": "恐 未 克 堪 如 俟 其 壮 奈 朕 年 衰 何 時 有 内 人 抱 龍 󰥤 出 見 帝 戴 巾 哭 請 戴 之 帝 未 及 勒 哭 愈 甚 . [16a*1*1]\nkhủng vị khắc kham, như sĩ kì tráng, nại trẫm niên suy hà?\" Thời hữu nội nhân bão Long Trát xuất kiến, đế đái cân khốc thỉnh đái chi, đế vị cập lặc, khốc dũ thậm.\n帝 乃 脱 而 加 之 龍 󰥤 大 笑 . [16a*2*18]\nĐế nãi thoát nhi gia chi, Long Trát đại tiếu.\n帝 益 奇 之 建 儲 之 意 遂 决 . [16a*3*9]\nĐế ích kì chi kiến trữ chi ý toại quyết.\n冬 十 一 月 地 震 . [16a*4*1]\nĐông thập nhất nguyệt địa chấn.\n十 二 月 彗 星 見 南 方 . [16a*4*7]\nThập nhị nguyệt tuệ tinh kiến nam phương.\n乙 未 天 感 至 寳 二 年 [ 宋 淳 二 年 ] . [16a*5*1]\nẤt Mùi Thiên Cảm Chí Bảo nhị niên [Tống Thuần nhị niên].\n熙 春 正 月 󰀋 龍 󰥤 爲 皇 太 子 居 東 宫 . [16a*5*13]\nHi Xuân chính nguyệt, sách Long Trát vi Hoàng thái tử, cư đông cung.\n拜 蘇 憲 誠 入 内 檢 校 太 傅 平 章 軍 國 重 事 王 爵 輔 翼 東 宫 . [16a*6*6]\nBái Tô Hiến Thành Nhập nội kiểm hiệu thái phó bình chương quân quốc trọng sự, vương tước, phụ dực đông cung.\n夏 四 月 帝 弗 豫 力 疾 命 蘇 憲 誠 抱 太 子 攝 政 事 . [16a*7*9]\nHạ tứ nguyệt, đế phất dự lực tật, mệnh Tô Hiến Thành bão thái tử nhiếp chính sự.\n秋 七 月 乙 巳 帝 崩 于 瑞 光 殿 . [16a*8*9]\nThu thất nguyệt, Ất Tị, đế băng vu Thuỵ Quang điện.\n先 是 帝 疾 大 漸 皇 后 復 請 立 龍 昶 帝 曰 爲 人 子 . [16a*9*2]\nTiên thị, đế tật đại tiềm, hoàng hậu phục thỉnh lập Long Xưởng, đế viết: \"Vi nhân tử..\n",
    "url": "/data/image_dvsk/ban_ky_toan_thu/quyen4/DVSKTT_ban_toan_IV_16a.jpg"
  },
  {
    "text": "不 孝 安 治 民 乎 遺 詔 蘇 憲 誠 輔 導 太 子 國 家 事 務 一 遵 成 憲 . [16b*1*1]\nbất hiếu an trị dân hồ\" Di chiếu Tô Hiến Thành phụ đạo thái tử, quốc gia sự vụ nhất tuân thành hiến.\n時 太 后 欲 行 廢 立 恐 憲 誠 不 從 乃 以 金 銀 賂 其 妻 吕 氏 憲 誠 曰 吾 以 大 臣 受 顧 命 輔 幼 主 今 受 賂 而 廢 立 何 見 目 見 先 帝 於 地 下 乎 . [16b*2*5]\nThời thái hậu dục hành phế lập, khủng Hiến Thành bất tòng, nãi dĩ kim ngân lộ kì thê Lã thị, Hiến Thành viết: Ngô dĩ đại thần thụ cố mệnh, phụ ấu chủ, kim thụ lộ nhi phế lập, hà hiện mục kiến tiên đế ư địa hạ hồ?\".\n太 后 又 召 憲 誠 諭 之 百 端 . [16b*4*17]\nThái hậu hựu triệu Hiến Thành dụ chi bách đoan.\n對 曰 不 義 而 富 且 貴 𡸈 忠 臣 義 士 之 所 樂 爲 况 先 帝 言 猶 在 耳 殿 下 𡸈 不 聞 伊 尹 霍 光 之 事 乎 臣 不 敢 奉 詔 . [16b*5*8]\nĐối viết: \"Bất nghĩa nhi phú thả quý, khởi trung thần nghĩa sĩ chi sở lạc vi, huống tiên đế ngôn do tại nhĩ, điện hạ khởi bất văn Y Doãn Hoắc Quang chi sự hồ? Thần bất cảm phụng chiếu.\n事 遂 寝 . [16b*7*11]\nSự toại tẩm.\n史 臣 吳 士 連 曰 英 宗 幼 冲 嗣 位 杜 英 武 之 事 莫 得 而 知 之 也 及 年 踰 弱 冠 命 憲 誠 等 領 兵 廵 邉 . [16b*8*1]\nSử thần Ngô Sĩ Liên viết: Anh Tông ấu xung tự vị, Đỗ Anh Vũ chi sự mạc đắc nhi tri chi dã, cập niên du nhược quán, mệnh Hiến Thành đẳng lĩnh binh tuần biên,..\n",
    "url": "/data/image_dvsk/ban_ky_toan_thu/quyen4/DVSKTT_ban_toan_IV_16b.jpg"
  },
  {
    "text": "又 親 行 周 覧 山 川 形 勢 要 識 民 間 疾 苦 道 理 遠 近 其 保 民 守 國 䂓 模 見 矣 . [17a*1*1]\nhựu thân hành chu lãm sơn xuyên hình thế, yếu thức dân gian tật khổ đạo lí viễn cận, kì bảo dân thủ quốc quy mô kiến hĩ.\n又 置 射 庭 令 武 臣 日 習 戦 攻 之 法 其 詰 戎 講 武 謀 謨 見 矣 . [17a*2*11]\nHựu trí xạ đình lệnh võ thần nhật tập chiến công chi pháp, kì cật nhung giảng vũ mưu mô kiến hĩ.\n太 子 龍 昶 有 罪 廢 之 立 龍 󰥤 爲 儲 副 居 東 宫 使 人 心 有 所 繋 属 . [17a*3*15]\nThái tử Long Xưởng hữu tội phế chi, lập Long Trát vi trữ, phó cư đông cung sử nhân tâm hữu sở hệ thuộc.\n疾 大 漸 皇 后 請 復 立 龍 昶 以 禮 義 折 之 不 惑 於 婦 人 之 言 仍 力 疾 召 憲 誠 受 遺 詔 輔 太 子 攝 政 事 付 托 得 人 以 防 後 患 卒 之 太 后 廢 立 之 謀 終 莫 能 行 上 安 下 順 非 其 力 󰊹 若 夫 高 宗 之 不 肖 當 是 之 時 焉 能 逆 覩 哉 帝 但 順 理 行 之 而 . [17a*5*3]\nTật đại tiềm hoàng hậu thỉnh phục lập Long Xưởng, dĩ lễ nghĩa triết chi, bất hoặc ư phụ nhân chi ngôn, nhưng lực tật triệu Hiến Thành thụ di chiếu phụ thái tử nhiếp chính sự, phó thác đắc nhân dĩ phòng hậu hoạn, tốt chi thái hậu phế lập chi mưu chung mạc năng hành, thượng an hạ thuận, phi kì lực dư? Nhược phù Cao Tông chi bất tiêu đương thị chi thời yên năng nghịch đổ tai? Đế đãn thuận lí hành chi nhi..\n",
    "url": "/data/image_dvsk/ban_ky_toan_thu/quyen4/DVSKTT_ban_toan_IV_17a.jpg"
  }
]