[
  {
    "text": "已 . [17b*1*1]\ndĩ.\n太 子 龍 󰥤 即 位 于 柩 時 方 三 歲 尊 母 杜 氏 爲 昭 天 至 理 皇 太 后 . [17b*2*1]\nThái tử Long Trát tức vị vu cữu tiền, thời phương tam tuế, tôn mẫu Đỗ thị vi Chiêu Thiên Chí Lí hoàng thái hậu.\n以 杜 安 頤 [ 皇 太 后 弟 也 ] . [17b*3*8]\nDĩ Đỗ An Di [Hoàng thái hậu đệ dã].\n爲 太 師 同 平 章 事 蘇 憲 誠 爲 太 尉 . [17b*3*17]\nvi thái sư đồng bình chương sự Tô Hiến Thành vi Thái uý.\n盟 國 人 于 龍 墀 . [17b*4*10]\nMinh quốc nhân vu Long Trì.\n高 宗 皇 帝 [ 諱 龍 󰥤 英 宗 第 六 子 也 其 母 杜 氏 皇 后 以 政 隆 寳 應 十 壹 年 癸 巳 五 月 二 十 五 日 誕 生 天 感 至 寳 二 年 󰀋 立 爲 皇 太 子 英 宗 崩 遂 登 大 寳 在 位 三 十 五 年 壽 三 十 八 歲 崩 于 聖 壽 宮 刑 政 不 明 盗 賊 蜂 起 饑 饉 帝 觀 逰 無 度 臻 李 家 之 業 於 是 乎 衰 矣 . [17b*5*1]\nCao Tông Hoàng Đế [Huý Long Trát Anh Tông đệ lục tử dã. Kì mẫu Đỗ thị hoàng hậu, dĩ Chính Long Bảo Ứng thập nhất niên Quý Tị ngũ nguyệt nhị thập ngũ nhật đản sinh. Thiên Cảm Chí Bảo nhị niên sách lập vi hoàng thái tử. Anh Tông băng toại đăng, Đại Bảo, tại vị tam thập ngũ niên thọ tam thập bát tuế, băng vu Thánh Thọ cung. hình chính bất minh, đạo tặc phong khởi, cơ cận Đế quan du vô độ trăn, lí gia chi nghiệp ư thị hồ suy hĩ].\n丙 申 貞 符 元 年 [ 宋 淳 熙 三 年 ] . [17b*9*1]\nBính Thân Trinh Phù nguyên niên [Tống Thuần Hi tam niên].\n春 正 月 改 元 大 赦 . [17b*9*12]\nXuân chính nguyệt, cải nguyên đại xá.\n",
    "url": "/data/image_dvsk/ban_ky_toan_thu/quyen4/DVSKTT_ban_toan_IV_17b.jpg"
  },
  {
    "text": "史 臣 吳 士 連 曰 高 宗 以 去 年 七 月 即 位 至 是 始 改 元 者 蓋 有 蘇 憲 誠 婦 政 能 復 古 禮 也 . [18a*1*1]\nSử thần Ngô Sĩ Liên viết: Cao Tông dĩ khứ niên thất nguyệt tức vị, chí thị thuỷ cải nguyên giả, cái hữu Tô Hiến Thành phụ chính, năng phục cổ lễ dã.\n丁 酉 二 年 [ 宋 淳 熙 四 年 ] . [18a*3*1]\nĐinh Dậu nhị niên [Tống Thuần Hi tứ niên].\n春 三 月 占 城 㓂 乂 安 州 . [18a*3*10]\nXuân tam nguyệt, Chiêm Thành khấu Nghệ An châu.\n戊 戌 三 年 [ 宋 淳 熙 五 年 ] . [18a*4*1]\nMậu Tuất tam niên [Tống Thuần Hi ngũ niên].\n國 䘮 除 . [18a*4*10]\nQuốc tang trừ.\n昭 靈 皇 太 后 宴 羣 臣 於 別 殿 謂 之 曰 當 今 先 帝 賔 天 嗣 皇 幼 冲 占 城 失 禮 北 人 㓂 邉 . [18a*4*14]\nChiêu Linh Hoàng thái hậu yến quần thần ư biệt điện, vị chi viết: \"Đương kim tiên đế tấn thiên, tự hoàng ấu xung, Chiêm Thành thất lễ bắc nhân khấu biên.\n卿 等 受 國 厚 恩 當 以 國 家 爲 慮 . [18a*6*5]\nKhanh đẳng thụ quốc hậu ân, đương dĩ quốc gia vi lự.\n今 日 之 計 不 如 復 立 太 子 以 延 國 祚 以 安 民 心 . [18a*6*17]\nKim nhật chi kế, bất như phục lập thái tử, dĩ diên quốc tộ, dĩ an dân tâm\".\n羣 臣 咸 拜 于 稽 首 曰 太 傅 受 天 子 明 命 陛 下 既 屢 慰 之 矣 臣 不 敢 違 . [18a*7*16]\nQuần thần hàm bái vu khể thủ viết: \"Thái phó thụ thiên tử minh mệnh, bệ hạ ký lũ uý chi hĩ, thần bất cảm vi\".\n皆 拜 謝 而 退 . [18a*9*4]\nGiai bái tạ nhi thoái.\n憲 誠 領 禁 兵 嚴 號 令 明 賞 罰 . [18a*9*9]\nHiến Thành lĩnh cấm binh, nghiêm hiệu lệnh, minh thưởng phạt..\n",
    "url": "/data/image_dvsk/ban_ky_toan_thu/quyen4/DVSKTT_ban_toan_IV_18a.jpg"
  },
  {
    "text": "天 下 歸 心 . [18b*1*1]\nthiên hạ quy tâm.\n夏 五 月 以 誕 日 爲 乾 興 節 . [18b*1*5]\nHạ ngũ nguyệt, dĩ đản nhật vi Càn Hưng tiết.\n己 亥 四 年 [ 宋 淳 熙 六 年 . [18b*2*1]\nKỉ Hợi tứ niên [Tống Thuần Hi lục niên].\n春 正 月 選 丁 男 壮 者 充 軍 五 . [18b*2*10]\nXuân chính nguyệt, tuyển đinh nam tráng giả sung quân ngũ.\n二 月 地 震 . [18b*3*1]\nnhị nguyệt địa chấn.\n三 月 考 積 居 職 勤 敏 才 幹 不 通 文 字 爲 一 𩔗 有 文 字 才 幹 爲 一 𩔗 年 高 行 純 洞 識 古 今 爲 一 𩔗 以 次 授 職 使 之 治 民 管 軍 以 𦤶 官 無 濫 冗 . [18b*3*5]\nTam nguyệt, khảo tích cư chức cần mẫn tài cán bất thông văn tự vi nhất loại, hữu văn tự tài cán vi nhất loại, niên cao hạnh thuần, động thức cổ kim vi nhất loại, dĩ thứ thụ chức sử chi trị dân quản quân, dĩ trí quan vô lạm nhũng.\n夏 六 月 [ 鈌 日 ] 两 日 並 出 . [18b*6*1]\nHạ lục nguyệt [khuyết nhật] lưỡng nhật tịnh xuất.\n太 尉 蘇 憲 誠 卒 . [18b*6*10]\nThái Uý Tô Hiến Thành tốt.\n帝 减 膳 三 日 輟 朝 六 日 . [18b*6*16]\nĐế giảm thiện tam nhật, xuyết triều lục nhật.\n𥘉 憲 誠 寝 疾 参 知 政 事 武 賛 唐 夙 夜 侍 側 諫 議 大 夫 陳 忠 佐 以 他 故 不 暇 存 問 及 疾 篤 太 后 親 臨 問 曰 如 有 不 諱 誰 可 代 者 對 曰 中 佐 . [18b*7*7]\nSơ Hiến Thành tẩm tật Tham tri chính sự Vũ Tán Đường túc dạ thị Trắc gián nghị đại phu Trần Trung Tá dĩ tha cố bất hạ tồn vấn cập tật đốc Thái hậu thân lâm vấn viết: \"Như hữu bất huý thuỳ khả đại giả\" đối viết: \"Trung Tá..\n",
    "url": "/data/image_dvsk/ban_ky_toan_thu/quyen4/DVSKTT_ban_toan_IV_18b.jpg"
  },
  {
    "text": "可 太 后 曰 賛 唐 日 侍 湯 藥 公 言 不 及 何 也 對 曰 陛 下 問 其 可 代 故 臣 以 忠 佐 對 如 問 侍 養 非 賛 唐 而 誰 . [19a*1*1]\nkhả\" Thái hậu viết: \"Tán Đường nhật thị thang dược, công ngôn bất cập hà dã?\" Đối viết: Bệ hạ vấn kì khả đại cố thần dĩ Trung Tá, đối như vấn thị dưỡng phi Tán Đường nhi thuỳ?\".\n太 厚 嘉 其 忠 而 不 用 其 言 . [19a*3*2]\nThái hậu gia kì trung nhi bất dụng kì ngôn.\n史 臣 吳 士 連 曰 蘇 憲 誠 受 托 孤 之 寄 盡 忠 竭 誠 善 處 于 變 雖 震 撼 擊 撞 而 中 流 屹 乎 砥 柱 卒 使 上 安 下 順 不 愧 古 大 臣 之 風 . [19a*4*1]\nSử thần Ngô Sĩ Liên viết: Tô Hiến Thành thụ thác cô chi kí, tận trung, kiệt thành thiện xử vu biến, tuy chấn hám kích chàng nhi trung lưu ngất hồ chỉ trụ tốt, sử thượng an hạ thuận, bất quý cổ đại thần chi phong.\n况 臨 終 之 際 爲 國 薦 賢 不 以 私 恩 太 后 不 用 其 言 李 氏 之 不 幸 也 . [19a*6*12]\nHuống lâm chung chi tế vị quốc tiến hiền, bất dĩ tư ân, thái hậu bất dụng kì ngôn, Lí thị chi bất hạnh dã.\n詔 禁 鹹 盐 鉄 噐 不 許 往 原 頭 貿 易 . [19a*8*1]\nChiếu cấm hàm diêm thiết khí bất hứa vãng nguyên đầu mậu dịch.\n庚 子 五 年 [ 宋 淳 熙 七 年 ] . [19a*9*1]\nCanh Tí ngũ niên [Tống Thuần Hi thất niên].\n春 定 王 侯 入 朝 例 . [19a*9*10]\nXuân, định vương hầu nhập triều lệ.\n秋 八 月 大 . [19a*9*18]\nThu bát nguyệt, đại..\n",
    "url": "/data/image_dvsk/ban_ky_toan_thu/quyen4/DVSKTT_ban_toan_IV_19a.jpg"
  },
  {
    "text": "水 . [19b*1*1]\nthuỷ.\n永 元 會 僊 二 殿 地 震 . [19b*1*2]\nVĩnh Nguyên Hội Tiên nhị điện địa chấn.\n辛 丑 六 年 [ 宋 淳 熙 八 年 ] . [19b*2*1]\nTân Sửu lục niên [Tống Thuần Hi bát niên].\n春 正 月 故 太 子 龍 昶 率 家 属 奴 󰒜 恣 行 盗 竊 欲 謀 作 亂 . [19b*2*10]\nXuân chính nguyệt cố thái tử Long Xưởng suất gia thuộc nô lệ tứ hành đạo thiết dục mưu tác loạn.\n夏 四 月 熒 惑 入 南 斗 . [19b*3*11]\nHạ tứ nguyệt Huỳnh Hoặc nhập Nam Đẩu.\n大 饑 民 死 幾 半 . [19b*4*2]\nĐại cơ dân tử kỷ bán.\n壬 寅 七 年 [ 宋 淳 熙 九 年 ] . [19b*5*1]\nNhâm Dần thất niên [Tống Thuần Hi cửu niên].\n春 正 月 詔 求 賢 良 . [19b*5*10]\nXuân chính nguyệt chiếu cầu hiền lương.\n築 壇 拜 将 以 吳 履 信 爲 上 将 軍 将 水 步 軍 巡 捕 盗 刼 . [19b*5*18]\nTrúc đàn bái tướng, dĩ Ngô Lí Tín vi thượng tướng quân, tương thuỷ bộ quân tuần bổ đạo kiếp.\n以 李 敬 脩 爲 帝 師 内 則 奉 是 經 幄 外 則 教 民 忠 孝 自 是 昭 靈 太 后 不 敢 萌 異 圖 . [19b*6*18]\nDĩ Lí Kính Tu vi Đế sư, nội tắc phụng thị kinh ốc, ngoại tắc giáo dân trung hiếu, tự thị Chiêu Linh thái hậu bất cảm manh dị đồ.\n禁 天 下 不 得 著 黃 色 服 . [19b*8*12]\nCấm thiên hạ bất đắc trước hoàng sắc phục.\n暹 羅 國 來 貢 . [19b*9*4]\nTiêm La quốc lai cống.\n",
    "url": "/data/image_dvsk/ban_ky_toan_thu/quyen4/DVSKTT_ban_toan_IV_19b.jpg"
  },
  {
    "text": "癸 卯 八 年 [ 宋 淳 熙 十 年 ] . [20a*1*1]\nQuý Mão bát niên [Tống Thuần Hi thập niên].\n春 正 月 以 吳 履 信 爲 督 将 伐 哀 牢 . [20a*1*10]\nXuân chính nguyệt dĩ NGô Lí Tín vi đốc tướng phạt ai lao.\n冬 十 一 月 壬 午 朔 日 食 . [20a*2*2]\nĐông thập nhất nguyệt, Nhâm Ngọ sóc, nhật thực.\n甲 辰 九 年 [ 宋 淳 熙 十 一 年 ] . [20a*3*1]\nGiáp Thìn cửu niên [Tống Thuần Hi thập nhất niên].\n春 三 月 占 城 來 貢 . [20a*3*11]\nXuân Tam nguyệt Chiêm Thành lai cống.\n暹 羅 三 佛 齊 等 國 商 人 入 雲 屯 鎮 進 寳 物 乞 行 買 賣 . [20a*3*18]\nTiêm La Tam Phật Tề đẳng quốc thương nhân nhập Vân Đồn trấn tiến bảo vật khất hành mải mại.\n冬 十 月 思 𫎇 等 󰀋 叛 自 相 攻 擊 . [20a*4*17]\nĐông thập nguyệt Tư Mông đẳng sách phản tự tương công kích.\n乙 巳 十 年 [ 宋 淳 熙 十 二 年 ] . [20a*6*1]\nẤt Tị thập niên [Tống Thuần Hi thập nhị niên].\n春 正 月 試 天 下 士 人 自 十 五 歲 能 通 詩 書 者 侍 學 御 筵 取 裴 國 愾 鄧 嚴 等 三 十 人 其 餘 並 留 學 . [20a*6*11]\nXuân chính nguyệt thí thiên hạ sĩ nhân tự thập ngũ tuế năng thông thi thư giả thị học ngự diên thủ Bùi Quốc Khái Đặng Nghiêm đẳng tam thập nhân kì dư tịnh lưu học.\n秋 七 月 命 建 康 王 龍 益 率 師 討 󰀋 諸 蠻 平 之 . [20a*8*6]\nThu thất nguyệt, mệnh Kiến Khang Vương Long Ích suất sư thảo sách chư Man, bình chi.\n",
    "url": "/data/image_dvsk/ban_ky_toan_thu/quyen4/DVSKTT_ban_toan_IV_20a.jpg"
  },
  {
    "text": "丙 午 十 一 年 七 年 月 以 後 天 資 嘉 瑞 元 宋 淳 熙 十 三 年 . [20b*1*1]\nBính Ngọ thập nhất niên [Thất niên. nguyệt dĩ hậu thiên Tư Gia Thuỵ nguyên Tống Thuần Hi thập tam niên].\n春 正 月 宋 封 帝 爲 安 南 國 王 制 畧 曰 即 樂 國 以 肇 封 既 從 世 襲 極 真 王 而 錫 命 何 待 次 陛 盖 異 禮 也 . [20b*1*22]\nXuân chính nguyệt Tống phong đế vi An Nam Quốc Vương chế lược viết: \"Tức Lạc quốc dĩ triệu phong, ký tòng thế tập cực chân vương nhi tích mệnh, hà đãi thứ bệ, cái dị lễ dã.\n三 月 󰀋 譚 氏 爲 安 全 元 妃 [ 妃 将 軍 時 奉 女 子 也 . [20b*3*15]\nTam nguyệt sách Đàm thị vi An Toàn nguyên phi [Phi tướng quân Thì Phụng nữ tử dã].\n秋 七 月 獲 白 象 賜 名 天 資 詔 改 元 天 資 嘉 瑞 元 年 . [20b*4*15]\nThu thất nguyệt hoạch bạch tượng tứ danh Thiên Tư Chiếu cải nguyên Thiên Tư Gia Thuỵ nguyên niên.\n遣 黎 槐 卿 如 宋 報 聘 . [20b*5*12]\nKhiển Lê Hoè Khanh như Tống báo sính.\n丁 未 天 資 嘉 瑞 元 年 [ 宋 淳 熙 十 四 年 ] . [20b*7*1]\nĐinh Mùi Thiên Tư Gia Thuỵ nguyên niên [Tống Thuần Hi thập tứ niên].\n夏 四 月 雷 震 太 廟 . [20b*7*15]\nHạ tứ nguyệt, lôi chấn thái miếu.\n西 域 僧 來 . [20b*8*1]\nTây Vực tăng lai.\n詔 問 其 所 能 以 䏻 伏 虎 對 試 之 不 驗 . [20b*8*5]\nChiếu vấn kì sở năng dĩ năng phục hổ đối thí chi bất nghiệm.\n戊 申 三 年 [ 宋 淳 熙 十 五 年 ] 夏 五 月 旱 . [20b*9*1]\nMậu Thân tam niên [Tống Thuần HI thập ngũ niên] Hạ ngũ nguyệt hạn.\n帝 親 幸 瀛 婆 法 雲 寺 . [20b*9*15]\nĐế thân hạnh Duềnh Bà Pháp Vân tự..\n",
    "url": "/data/image_dvsk/ban_ky_toan_thu/quyen4/DVSKTT_ban_toan_IV_20b.jpg"
  },
  {
    "text": "祈 雨 因 迎 法 雲 佛 僧 㱕 報 天 寺 [ 今 朝 國 初 猶 乃 舊 俗 ] . [21a*1*1]\nkì vũ nhân nghênh Pháp Vân phật tăng quy Báo Thiên tự [Kim triều quốc sơ do nãi cựu tục].\n六 月 地 震 暴 風 . [21a*1*21]\nLục nguyệt địa chấn bạo phong.\n秋 七 月 甲 子 朔 日 食 . [21a*2*5]\nThu thất nguyệt, Giáp Tí sóc nhật thực.\n太 師 杜 安 頤 卒 以 太 傅 吳 履 信 輔 政 . [21a*2*13]\nThái sư Đỗ An Di tốt, dĩ Thái phó Ngô Lí Tín phụ chính.\n己 酉 四 年 [ 宋 淳 熙 十 六 年 ] . [21a*4*1]\nKỉ Dậu tứ niên [Tống Thuần Hi thập lục niên].\n春 二 月 辛 酉 朔 日 食 日 月 色 赤 如 血 . [21a*4*11]\nXuân nhị nguyệt, Tân Dậu, sóc, nhật thực, nhật nguyệt sắc xích như huyết.\n地 震 . [21a*5*3]\nĐịa chấn.\n三 月 帝 遍 幸 江 山 凣 乘 輿 所 至 有 神 祗 者 皆 賜 封 號 立 廟 享 祀 . [21a*5*5]\nTam nguyệt, đế biến hạnh giang sơn, phàm thừa dư sở chí hữu thần chi giả giai tứ phong hiệu, lập miếu hưởng tự.\n庚 戌 五 年 [ 宋 光 宗 熙 元 年 ] . [21a*7*1]\nCanh Tuất ngũ niên [Tống Quang Tông Hi nguyên niên].\n紹 春 正 月 皇 太 后 杜 氏 崩 . [21a*7*11]\nThiệu Xuân chính nguyệt Hoàng thái hậu đỗ thị băng.\n秋 七 月 太 傅 吳 履 信 卒 以 譚 以 𫎇 爲 太 傅 . [21a*7*21]\nThu thất nguyệt thái phó Ngô Lí Tín tốt, dĩ Đàm Dĩ Mông vi Thái Phó.\n冬 十 月 帝 拜 謁 山 陵 祔 皇 太 后 新 塑 象 . [21a*8*16]\nĐông thập nguyệt đế bái yết Sơn Lăng phụ hoàng thái hậu tân tố tượng.\n造 翫 瑤 舟 . [21a*9*13]\nTạo Ngoạn Dao chu.\n",
    "url": "/data/image_dvsk/ban_ky_toan_thu/quyen4/DVSKTT_ban_toan_IV_21a.jpg"
  },
  {
    "text": "辛 亥 六 年 [ 宋 紹 熙 二 年 ] . [21b*1*1]\nTân Hợi lục niên [Tống Thiệu Hi nhị niên].\n春 真 臘 國 來 貢 . [21b*1*10]\nXuân Chân Lạp quốc lai cống.\n冬 十 二 月 熒 惑 犯 太 白 . [21b*1*17]\nĐông thập nhị nguyệt Huỳnh Hoặc phạm Thái Bạch.\n壬 子 七 年 [ 宋 紹 熙 三 年 ] . [21b*3*1]\nNhâm Tí thất niên [Tống Thiệu Hi tam niên].\n夏 六 月 地 震 . [21b*3*10]\nHạ lục nguyệt địa chấn.\n秋 七 月 雷 震 永 寕 殿 二 處 . [21b*3*16]\nThu thất nguyệt lôi chấn Vĩnh Ninh điện nhị xứ.\n清 化 古 弘 甲 人 叛 命 將 討 平 之 . [21b*4*5]\nThanh Hoá Cổ Hoằng Giáp nhân phản, mệnh tướng thảo bình chi.\n𥘉 甲 人 見 牛 跡 於 菴 蘿 樹 上 觀 之 乃 是 白 牛 良 久 復 由 他 岐 下 本 甲 衛 人 黎 换 占 曰 白 牛 在 下 之 物 却 在 木 上 是 下 在 上 之 象 因 相 率 以 叛 . [21b*4*17]\nSơ Giáp nhân kiến ngưu tích ư Am La thụ thượng quan chi, nãi thị bạch ngưu lương cửu phục do tha kì hạ, bản giáp vệ nhân Lê Hoán chiêm viết: \"Bạch ngưu tại hạ chi vật khước tại mộc thượng thị hạ tại thượng chi tượng, nhân tương suất dĩ phản.\n至 是 草 平 之 . [21b*7*14]\nChí thị thảo bình chi.\n浚 蘇 歴 江 . [21b*8*1]\nTuấn Tô Lịch giang.\n癸 丑 八 年 [ 宋 紹 四 年 . [21b*9*1]\nQuý Sửu bát niên [Tống Thiệu tứ niên].\n熙 考 課 内 外 文 武 官 明 其 黜 陟 . [21b*9*9]\nHi Khảo khoá nội ngoại văn vũ quan minh kì truất trắc.\n",
    "url": "/data/image_dvsk/ban_ky_toan_thu/quyen4/DVSKTT_ban_toan_IV_21b.jpg"
  },
  {
    "text": "試 天 下 士 人 入 侍 御 學 . [22a*1*1]\nThí thiên hạ sĩ nhân nhập thị ngự học.\n甲 寅 九 年 [ 宋 紹 熙 五 年 ] . [22a*2*1]\nGiáp Dần cửu niên [Tống Thiệu Hi ngũ niên].\n秋 七 月 皇 太 子 旵 丑 咸 切 . [22a*2*10]\nThu thất nguyệt Hoàng thái tử Sảm [sửu hàm thiết].\n生 封 譚 元 妃 爲 安 全 皇 侯 . [22a*2*21]\nsinh phong Đàm nguyên phi vi An Toàn hoàng hậu.\n大 赦 天 下 . [22a*3*8]\nĐại xá thiên hạ.\n賜 耆 老 七 十 以 上 帛 各 一 疋 . [22a*3*12]\nTứ kì lão thất thập dĩ thướng bạch các nhất sơ.\n大 酺 二 日 于 廟 . [22a*4*4]\nĐại bô nhị nhật vu miếu.\n冬 十 月 雨 雹 有 大 如 馬 首 者 . [22a*4*10]\nĐông thập nguyệt vũ bạo hữu đại như mã thủ giả.\n造 天 龍 舶 . [22a*5*3]\nTạo Thiên Long bạc.\n乙 卯 十 年 [ 宋 寕 宗 擴 慶 元 元 年 ] . [22a*6*1]\nẤt Mão thập niên [Tống Ninh Tông Khuếch Khánh Nguyên nguyên niên].\n春 二 月 地 震 . [22a*6*13]\nXuân nhị nguyệt địa chấn.\n雷 震 離 明 閣 . [22a*6*18]\nLôi chấn Li Minh các.\n試 三 教 賜 出 申 . [22a*7*1]\nThí tam giáo tứ xuất thân.\n丁 巳 十 二 年 [ 宋 慶 三 年 ] . [22a*8*1]\nĐinh Tị thập nhị niên [Tống Khánh tam niên].\n元 夏 六 月 旱 . [22a*8*10]\nNguyên Hạ lục nguyệt hạn.\n造 迎 舚 宮 . [22a*8*16]\nTạo Nghênh Thiềm cung.\n戊 午 十 三 年 [ 宋 慶 四 年 . [22a*9*1]\nMậu Ngọ thập tam niên [Tống Khánh tứ niên].\n元 春 正 月 詔 沙 汰 僧 徒 從 譚 以 . [22a*9*10]\nNguyên Xuân chính nguyệt, chiếu sa thải tăng đồ, tòng Đàm Dĩ..\n",
    "url": "/data/image_dvsk/ban_ky_toan_thu/quyen4/DVSKTT_ban_toan_IV_22a.jpg"
  },
  {
    "text": "𫎇 之 言 也 . [22b*1*1]\nMông chi ngôn dã.\n秋 七 月 大 水 . [22b*1*5]\nThu thất nguyệt đại thuỷ.\n占 城 使 來 貢 求 封 . [22b*1*10]\nChiêm Thành sứ lai cống cầu phong.\n演 州 髙 舍 鄕 吳 公 李 招 聚 亡 賴 與 大 黄 州 人 稱 先 皇 苗 裔 丁 可 裴 都 者 同 時 作 亂 並 討 平 之 . [22b*2*1]\nDiễn châu Cao Xá hương Ngô Công Lí chiêu tụ vong lại dữ đại hoàng châu nhân xưng Tiên hoàng miêu duệ Đinh khả Bùi Đô giả đồng thời tác loạn tịnh thảo bình chi.\n己 未 十 四 年 宋 慶 五 年 ] . [22b*4*1]\nKỉ Mùi thập tứ niên [Tống Khánh ngũ niên].\n元 秋 七 月 大 水 禾 穀 淹 沒 . [22b*4*10]\nNguyên Thu thất nguyệt đại thuỷ hoà cốc yêm một.\n大 饑 . [22b*4*21]\nĐại cơ.\n冬 十 月 帝 幸 清 化 府 捕 象 仍 遣 使 封 占 城 王 . [22b*5*2]\nĐông thập nguyệt đế hạnh Thanh Hoá phủ bổ tượng nhưng khiển sứ phong Chiêm Thành vương.\n庚 申 十 五 年 [ 宋 慶 元 六 年 ] . [22b*6*1]\nCanh Thân thập ngũ niên [Tống Khánh Nguyên lục niên].\n春 正 月 𭛁 粟 賑 貧 民 . [22b*6*11]\nXuân chính nguyệt phát túc chẩn bần dân.\n秋 七 月 昭 靈 太 后 崩 . [22b*6*20]\nThu thất nguyệt Chiêu Linh thái hậu băng.\n壬 戌 十 七 年 [ 八 月 元 年 以 侯 天 嘉 寳 祐 宋 嘉 泰 二 年 ] 春 三 月 地 震 . [22b*8*1]\nNhâm Tuất thập thất niên [Bát nguyệt nguyên niên. dĩ hậu Thiên Gia Bảo Hựu Tống Gia Thái nhị niên. Xuân tam nguyệt địa chấn.\n秋 八 月 皇 太 子 󰠐 生 改 元 天 嘉 寳 祐 元 年 . [22b*9*1]\nThu bát nguyệt Hoàng thái tử Thầm sinh Cải nguyên Thiên Gia Bảo Hựu Nguyên niên.\n命 樂 . [22b*9*17]\nMệnh nhạc..\n",
    "url": "/data/image_dvsk/ban_ky_toan_thu/quyen4/DVSKTT_ban_toan_IV_22b.jpg"
  },
  {
    "text": "工 制 樂 曲 號 占 城 音 其 聲 清 怨 哀 傷 聞 者 泣 下 . [23a*1*1]\ncông chế nhạc khúc hiệu Chiêm Thành âm kì thanh, thanh oán ai thương văn giả khấp hạ.\n僧 副 阮 常 曰 吳 聞 詩 序 云 亂 國 之 音 怨 而 怒 今 民 亂 國 困 主 上 廵 遊 無 度 朝 正 紊 亂 民 心 乖 離 是 敗 亡 之 兆 也 . [23a*1*19]\nTăng phó Nguyễn Thường viết: \"ngô văn Thi tự vân loạn quốc chi âm oán nhi nộ kim dân loạn quốc khốn chủ thượng tuần du vô độ triều chính vặn loạn dân tâm quai li thị bại vong chi triệu dã.\n癸 亥 天 家 寳 祐 二 年 宗 加 泰 三 年 ] . [23a*5*1]\nQuý Hợi Thiên Gia Bảo Hựu nhị niên [Tống Gia Thái tam niên].\n春 二 月 大 興 土 木 营 諸 宫 殿 . [23a*5*14]\nXuân nhị nguyệt Đại Hưng thổ mộc dinh chư cung điện.\n夏 四 月 敬 天 閣 将 成 有 鵲 巢 其 上 生 雛 群 臣 諫 曰 昔 魏 明 帝 構 凌 霄 閣 有 鵲 巢 焉 髙 堂 隆 諫 曰 臣 聞 維 鵲 有 巢 維 鳩 居 之 今 鵲 巢 宫 闕 臣 愚 以 爲 閣 雖 成 必 有 異 姓 居 之 願 陛 下 審 髙 堂 隆 之 . [23a*6*4]\nHạ tứ nguyệt Kính Thiên các tương thành hữu thước sào kì thượng sinh sồ quần thần gián viết Tích Nguỵ Minh Đế cấu lăng Tiêu các hữu thước sào yên Cao Đường Long gián viết thần văn duy thước hữu sào duy cưu cư chi kim thước sào cung khuyết thần ngu dĩ vi các tuy thành tất hữu dị tính cư chi nguyện bệ hạ thẩm Cao Đường Long chi..\n",
    "url": "/data/image_dvsk/ban_ky_toan_thu/quyen4/DVSKTT_ban_toan_IV_23a.jpg"
  },
  {
    "text": "言 先 務 脩 德 然 侯 興 工 可 也 帝 聽 宦 官 笵 秉 彛 之 言 督 作 愈 急 百 性 苦 之 . [23b*1*1]\nngôn tiên vụ tu đức nhiên hậu hưng công khả dã đế thính hoạn quan Phạm Bỉnh Di chi ngôn đốc tác dũ cấp bách tính khổ chi.\n秋 七 月 殿 指 揮 使 知 乂 安 州 杜 清 州 牧 范 延 奏 曰 占 城 國 主 布 池 爲 其 叔 父 布 田 所 逐 今 載 妻 子 寓 機 羅 海 口 意 欲 求 救 . [23b*2*10]\nThu thất nguyệt điện tiền chỉ huy sứ tri Nghệ An châu Đỗ Thanh châu mục Phạm Diên tấu viết: Chiêm Thành quốc chủ Bố Trì vi kì thúc phụ Bố Điền sở trục, kim tải thê tử ngụ Cơ La hải khẩu, ý dục cầu cứu.\n八 月 帝 命 譚 以 𫎇 杜 安 徃 計 其 事 . [23b*4*19]\nBát nguyệt đế mệnh Đàm Dĩ Mông, Đỗ An vãng kế kì sự.\n将 至 機 羅 杜 安 曰 彼 以 兵 來 虜 情 難 信 . [23b*5*13]\nTương chí Cơ La, Đỗ An viết: Bỉ dĩ binh lai lỗ tình nan tín\".\n諺 云 蟻 孔 潰 堤 寸 煙 燎 屋 . [23b*6*9]\nNgạn vân: \"Nghị khổng hội đê, thốn yên liệu ốc\".\n今 布 池 𡸈 特 蟻 孔 寸 煙 而 已 . [23b*6*19]\nKim Bố Trì khởi đặc nghị khổng, thốn yên nhi dĩ.\n以 𫎇 以 語 清 延 使 爲 之 僃 . [23b*7*11]\nDĩ Mông dĩ ngữ Thanh, Diên sử vi chi bị.\n清 等 曰 彼 以 難 來 求 救 何 必 疑 . [23b*8*2]\nThanh đẳng viết: \"Bỉ dĩ nan lai cầu cứu, hà tất nghi?\".\n以 𫎇 怒 引 軍 還 . [23b*8*14]\nDĩ Mông nộ dẫn quân hoàn.\n清 共 延 謀 襲 布 池 爲 自 全 計 . [23b*9*1]\nThanh cộng Diên mưu tập Bố Trì vi tự toàn kế.\n謀 池 反 爲 所 殺 . [23b*9*12]\nMưu trì phản vi sở sát.\n乂 . [23b*9*18]\nNghệ..\n",
    "url": "/data/image_dvsk/ban_ky_toan_thu/quyen4/DVSKTT_ban_toan_IV_23b.jpg"
  },
  {
    "text": "安 大 潰 子 者 無 筭 . [24a*1*1]\nAn đại hội, tử giả vô toán.\n池 大 掠 而 㱕 . [24a*1*8]\nTrì đại lược nhi quy.\n九 月 大 皇 江 人 又 叛 . [24a*1*13]\nCửu nguyệt Đại Hoàng giang nhân hựu phản.\n初 大 皇 江 人 費 郎 保 良 奏 譚 以 𫎇 󰔦 國 害 民 等 罪 以 𫎇 怒 笞 之 . [24a*2*3]\nSơ Đại Hoàng giang nhân Phí Lang Bảo Lương tấu Đàm Dĩ Mông đố quốc hại dân đẳng tội Dĩ Mông nộ si chi.\n郎 等 由 是 積 怨 因 天 下 愁 苦 向 亂 遂 叛 . [24a*3*8]\nLang đẳng do thị tích oán, nhân thiên hạ sầu khổ hướng loạn toại phản.\n命 祗 侯 陳 令 馨 爲 元 帥 将 兵 討 之 . [24a*4*4]\nMệnh Chi hầu Trần Lệnh Hinh vi nguyên soái tương binh thảo chi.\n仍 遣 尙 書 徐 英 珥 率 清 化 府 同 時 進 討 費 郎 戦 于 路 布 江 口 敗 積 皆 死 之 . [24a*4*17]\nNhưng khiển Thượng thư Từ Anh Nhĩ suất Thanh Hoá phủ đồng thời tiến thảo Phí Lang, chiến vu Lộ Bố giang khẩu, bại tích giai tử chi.\n甲 子 三 年 [ 宋 嘉 泰 四 年 ] . [24a*7*1]\nGiáp Tí tam niên [Tống Gia Thái tứ niên].\n春 正 月 命 杜 敬 脩 討 大 皇 江 叛 人 不 克 . [24a*7*10]\nXuân chính nguyệt mệnh Đỗ KÍnh Tu thảo Đại Hoàng giang phản nhân bất khắc.\n乙 丑 四 年 [ 三 月 元 年 以 後 治 平 龍 應 宋 開 禧 元 年 ] . [24a*9*1]\nẤt Sửu tứ niên [Tam nguyệt nguyên niên. dĩ Hậu Trị Bình Long Ứng Tống Khai Hi nguyên niên].\n春 三 月 改 元 治 平 . [24a*9*20]\nXuân tam nguyệt cải nguyên Trị BÌnh..\n",
    "url": "/data/image_dvsk/ban_ky_toan_thu/quyen4/DVSKTT_ban_toan_IV_24a.jpg"
  },
  {
    "text": "龍 應 元 年 . [24b*1*1]\nLong Ứng nguyên niên.\n宋 人 㓂 邉 我 民 罷 於 奔 命 盗 賊 漸 起 帝 頗 徇 財 貨 羣 臣 多 賣 官 鬻 獄 . [24b*1*5]\nTống nhân khấu biên, ngã dân bãi ư bôn mệnh, đạo tặc tiềm khởi, đế pha tuẫn tài hoá, quần thần đa mại quan dục ngục.\n丙 寅 治 平 龍 應 二 年 [ 宋 開 禧 二 年 ] . [24b*3*1]\nBính Dần Trị Bình Long Ứng nhị niên [Tống Khai Hi nhị niên].\n春 二 月 拜 譚 以 𫎇 爲 太 保 戴 拱 辰 冠 . [24b*3*14]\nXuân nhị nguyệt bái Đàm Dĩ Mông vi Thái Bảo đái củng thần quán.\n時 帝 營 造 不 息 盤 逰 無 度 日 與 宮 女 觀 逰 爲 樂 聞 城 外 有 盗 竊 伴 爲 不 知 又 性 畏 雷 聞 之 輟 驚 . [24b*4*7]\nThời đế doanh tạo bất tức bàn du vô độ nhật dữ cung nữ quan du vi lạc văn thành ngoại hữu đạo thiết bạn vi bất tri hựu tính uý lôi, văn chi chuyết kinh.\n幸 臣 阮 餘 自 言 有 禁 雷 之 述 . [24b*6*6]\nHạnh thần Nguyễn Dư tự ngôn hữu cấm lôi chi thuật.\n會 雷 鳴 使 餘 試 之 餘 仰 天 誦 咒 而 雷 益 厲 . [24b*6*17]\nHội lôi minh, sử Dư thí chi, Dư ngưỡng thiên tụng chú nhi lôi ích lệ.\n帝 詰 之 對 曰 臣 戒 之 久 矣 天 益 髙 而 彼 猶 強 暴 如 此 . [24b*7*14]\nĐế cật chi, đối viết: \"Thần giới chi cửu hĩ, thiên ích cao nhi bỉ do cường bạo như thử.\n丁 卯 三 年 [ 宋 開 禧 三 年 ] . [24b*9*1]\nĐinh Mão tam niên [Tống Khai Hi tam niên].\n春 正 月 盗 賊 蜂 起 . [24b*9*10]\nXuân chính nguyệt, đạo tặc phong khởi.\n詔 選 丁 男 壮 . [24b*9*18]\nchiếu tuyển đinh nam tráng..\n",
    "url": "/data/image_dvsk/ban_ky_toan_thu/quyen4/DVSKTT_ban_toan_IV_24b.jpg"
  },
  {
    "text": "者 充 軍 伍 令 路 官 統 管 收 捕 之 . [25a*1*1]\ngiả sung quân ngũ lệnh lộ quan thống quản thu bổ chi.\n冬 十 月 國 威 州 傘 圓 山 蠻 爲 盗 刼 掠 清 威 鄕 其 眾 甚 盛 不 可 復 制 戊 辰 四 年 [ 宋 家 定 元 年 ] . [25a*1*13]\nĐông thập nguyệt Quốc Oai châu Tản Viên sơn man vi đạo kiếp lược Thanh Oai hương kì chúng thậm thịnh bất khả phục chế Mậu Thìn tứ niên [Tống Gia Định nguyên niên].\n春 正 月 󰀋 皇 子 旵 爲 皇 太 子 居 東 宫 . [25a*3*10]\nXuân chính nguyệt sách Hoàng tử Sảm vi hoàng thái tử cư Đông cung.\n大 饑 饑 莩 相 󰥺 . [25a*4*3]\nĐại cơ cơ phu tương chẩm.\n以 范 猷 知 乂 安 軍 事 猷 遂 反 招 納 亡 命 盗 賊 號 候 人 分 行 刼 掠 . [25a*4*9]\nDĩ Phạm Du tri Nghệ An quân sự Du toại phản, chiêu nạp vong mệnh, đạo tặc, hiệu \"hầu nhân\" phân hành kiếp lược.\n國 威 州 人 亦 率 徒 侣 屯 于 西 結 道 路 爲 之 不 通 . [25a*5*16]\nQuốc Oai châu nhân diệc suất đồ lữ đồn vu Tây Kết, đạo lộ vi chi bất thông.\n帝 命 上 品 奉 御 范 秉 彛 将 藤 州 兵 討 之 . [25a*6*15]\nĐế mệnh Thượng phẩm phụng ngự Phạm Bỉnh Di tương Đằng Châu binh thảo chi.\n己 巳 五 年 [ 宋 嘉 二 年 ] . [25a*8*1]\nKỉ Tị ngũ niên [Tống Gia nhị niên].\n定 春 正 月 范 秉 彛 率 虅 州 快 州 人 攻 猷 . [25a*8*9]\nĐịnh Xuân chính nguyệt, Phạm Bỉnh Di suất Đằng Châu, Khoái châu nhân công Du.\n敗 之 猷 奔 洪 州 . [25a*9*3]\nBại chi, Du bôn Hồng châu.\n秉 彜 籍 其 家 焚 之 . [25a*9*9]\nBỈnh Di tịch kì gia, phần chi.\n猷 怨 愈 深 . [25a*9*16]\nDu oán dũ thâm..\n",
    "url": "/data/image_dvsk/ban_ky_toan_thu/quyen4/DVSKTT_ban_toan_IV_25a.jpg"
  },
  {
    "text": "帝 命 奉 御 徵 猷 回 京 . [25b*1*1]\nđế mệnh phụng ngự trưng Du hồi kinh.\n秋 七 月 秉 彛 回 京 師 将 入 奏 有 止 之 曰 猷 言 先 入 怨 猶 未 解 . [25b*1*9]\nThu thất nguyệt, BỈnh Di hồi kinh sư, tương nhập tấu hữu chỉ chi viết: \"Du ngôn tiên nhập, oán do vị giải\".\n秉 彛 曰 吾 事 上 盡 忠 而 爲 姦 賊 所 譖 耶 况 有 君 命 吳 其 焉 避 遂 入 . [25b*2*14]\nBỉnh Di viết: \"Ngô sự thượng tận trung nhi vi gian tặc sở tiếm da? huống hữu quân mệnh ngô kì yên? tị toại nhập.\n帝 命 執 之 及 其 子 輔 囚 于 水 院 . [25b*4*1]\nĐế mệnh chấp chi, cập kì tử phụ tù vu Thuỷ Viện.\n将 刑 其 将 郭 卜 等 聞 之 将 兵 皷 譟 而 入 至 大 城 門 外 爲 門 者 所 拒 . [25b*4*13]\nTương hình kì tương Quách Bốc đẳng văn chi tương binh cổ táo nhi nhập chí Đại Thành môn ngoại, vi môn giả sở cự.\n斬 關 而 入 帝 聞 事 急 使 召 秉 彛 及 輔 入 金 晶 階 凉 石 䖏 刺 殺 之 . [25b*5*19]\nTrảm quan nhi nhập, đế văn sự cấp sử triệu Bỉnh Di cập Phụ nhập kim tinh giai lương thạch xứ thích sát chi.\n卜 等 突 入 凉 石 以 帝 所 御 車 昇 秉 彛 屍 御 席 裏 輔 屍 由 越 城 門 出 下 東 步 頭 既 而 復 入 萬 延 宫 立 皇 子 󰠐 爲 帝 . [25b*7*5]\nBốc đẳng đột nhập lương thạch dĩ đế sở ngự xa thăng Bỉnh Di thi ngự tịch lí Phụ thi do Việt Thành môn xuất hạ Đông bộ đầu ký nhi phục nhập VẠn Diên cung lập hoàng tử Thầm vi đế.\n譚 以 𫎇 阮 正 賴 皆 受 󰠐 僞 職 . [25b*9*9]\nĐàm Dĩ Mông, Nguyễn Chính Lại giai thụ Thầm nguỵ chức..\n",
    "url": "/data/image_dvsk/ban_ky_toan_thu/quyen4/DVSKTT_ban_toan_IV_25b.jpg"
  },
  {
    "text": "帝 如 㱕 化 江 . [26a*1*1]\nĐế như quy Hoá Giang.\n猪 洞 人 阮 破 鄰 率 其 部 曲 夜 盗 隊 山 官 厙 財 物 . [26a*1*6]\nTrư động nhân Nguyễn Phá Lân suất kì bộ khúc dạ đạo Đội Sơn quan khố tài vật.\n皇 太 子 行 至 海 邑 劉 家 村 聞 陳 李 女 有 姿 色 遂 娶 之 . [26a*2*5]\nHoàng thái tử hành chí Hải ấp Lưu gia thôn văn Trần Lí nữ hữu tư sắc toại thú chi.\n李 家 漁 業 𦤶 富 傍 人 㱕 之 因 有 眾 亦 起 爲 盗 . [26a*3*6]\nLí gia ngư nghiệp trí phú bàng nhân quy chi, nhân hữu chúng diệc khởi vi đạo.\n太 子 既 娶 李 女 授 李 明 字 拜 女 舅 蘇 忠 詞 爲 殿 前 指 揮 使 . [26a*4*4]\nThái tử ký thú Lí nữ, thụ Lí Minh tự bái nữ cữu Tô Trung Từ vi điện tiền chỉ huy sứ.\n史 臣 吳 士 連 曰 太 子 是 行 因 國 亂 而 避 難 也 何 以 縱 滛 于 外 擅 爵 與 人 哉 盖 由 髙 宗 逰 觀 無 度 紀 剛 廢 󰱧 故 也 . [26a*6*1]\nSử thần Ngô Sĩ Liên viết: Thái tử thị hành nhân quốc loạn nhi tị nạn dã, hà dĩ túng dâm vu ngoại, thiện tước dữ nhân tai? Cái do Cao Tông du quan vô độ kỷ cương phế hoại cố dã.\n然 而 李 因 以 亡 陳 因 以 興 天 也 . [26a*8*7]\nNhiên nhi Lí nhân dĩ vong Trần nhân dĩ hưng thiên dã.\n陳 氏 兄 弟 集 鄕 兵 平 其 亂 迎 帝 還 京 乘 輿 反 正 . [26a*9*1]\nTrần thị huynh đệ tập hương binh bình kì loạn, nghênh đế hoàn kinh, thừa dư phản chính..\n",
    "url": "/data/image_dvsk/ban_ky_toan_thu/quyen4/DVSKTT_ban_toan_IV_26a.jpg"
  },
  {
    "text": "討 郭 卜 之 亂 按 罪 有 差 . [26b*1*1]\nthảo Quách Bốc chi loạn, án tội hữu sai.\n庚 午 六 年 [ 宋 嘉 三 年 ] . [26b*2*1]\nCanh Ngọ lục niên [Tống Gia tam niên].\n定 春 三 月 帝 使 上 品 奉 御 杜 廣 将 兵 徃 蘇 忠 詞 家 迎 還 皇 太 子 㱕 京 師 女 還 父 母 家 . [26b*2*9]\nĐịnh Xuân tam nguyệt đế sử thượng phẩm phụng ngự Đỗ Quảng tương binh vãng Tô Trung Từ gia nghênh hoàn, hoàng thái tử quy kinh sư nữ hoàn phụ mẫu gia.\n陳 李 爲 他 盗 所 殺 次 子 陳 自 慶 代 領 其 眾 還 是 爲 順 流 伯 . [26b*4*1]\nTrần Lí vị tha đạo sở sát thứ tử Trần Tự Khánh đại lĩnh kì chúng hoàn thị vi thuận lưu bá.\n秋 七 月 杜 英 徹 數 以 𫎇 罪 曰 汝 爲 大 臣 既 懷 無 君 之 心 私 受 賊 子 之 爵 今 反 與 吾 並 列 吾 雖 不 才 何 面 目 與 汝 相 對 . [26b*5*4]\nThu thất nguyệt, Đỗ Anh Triệt sổ Dĩ Mông tội viết: \"Nhữ vi đại thần ký hoài vô quân chi tâm, tư thụ tặc tử chi tước kim phản dữ ngô tịnh liệt, ngô tuy bất tài hà diện mục dữ nhữ tương đối\".\n以 𫎇 慚 惧 而 退 . [26b*7*11]\nDĩ Mông tàm cụ nhi thoái.\n彗 星 見 . [26b*7*17]\nTuệ tinh hiện.\n冬 十 月 帝 弗 豫 召 杜 敬 脩 受 顧 託 命 . [26b*8*2]\nĐông thập nguyệt, đế phất dự, triệu Đỗ Kính Tu thụ cố thác mệnh.\n二 十 八 日 壬 午 帝 崩 于 聖 壽 宫 . [26b*8*16]\nNhị thập bát nhật Nhâm Ngọ đế băng vu Thánh Thọ cung.\n",
    "url": "/data/image_dvsk/ban_ky_toan_thu/quyen4/DVSKTT_ban_toan_IV_26b.jpg"
  },
  {
    "text": "史 臣 吳 士 連 曰 高 宗 年 幼 嗣 位 昭 靈 懷 廢 立 之 心 帝 躬 幾 乎 岌 岌 . [27a*1*1]\nSử thần Ngô Sĩ Liên viết: Cao Tông niên ấu tự vị Chiêu Linh hoài phế lập chi tâm, đế cung cơ hồ ngập ngập.\n賴 有 蘇 憲 誠 素 有 權 位 受 託 孤 之 寄 盡 心 調 護 大 噐 不 動 天 下 㱕 心 必 有 嘉 猷 嘉 謀 入 吿 我 后 矣 . [27a*2*8]\nLại hữu Tô Hiến Thành tố hữu quyền vị, thụ thác cô chi, ký tận tâm điều hộ, đại khí bất động, thiên hạ quy tâm, tất hữu gia du gia mưu nhập cáo ngã hậu hĩ.\n及 憲 誠 卒 杜 敬 脩 奉 侍 帷 幄 輔 德 𡸈 無 其 人 而 帝 耽 于 逰 觀 滛 于 聲 色 徇 貨 財 興 土 木 以 教 逸 欲 于 有 僚 興 怨 嗟 于 百 姓 使 李 祚 消 剥 以 至 於 亡 . [27a*4*9]\nCập Hiến Thành tốt, Đỗ Kính Tu phụng thị duy ốc phụ đức, khởi vô kì nhân? nhi đế đam vu du quan, dâm vu thanh sắc, tuẫn hoá tài, hưng thổ mộc, dĩ giáo dật dục vu hữu liêu, hưng oán ta vu bách tính, sử Lí tộ tiêu bác dĩ chí ư vong.\n書 曰 内 作 色 荒 外 作 禽 荒 甘 酒 嗜 音 峻 宇 雕 墻 有 一 于 此 未 或 不 亡 . [27a*7*10]\nThư viết: \"Nội tác sắc hoang, ngoại tác cầm hoang, cam tửu, thị âm, tuấn vũ, điêu tường, hữu nhất vu thử vị hoặc bất vong\".\n帝 兼 而 有 之 謂 之 何 哉 . [27a*8*18]\nĐế kiêm nhi hữu chi vị chi hà tai?.\n又 按 舊 史 李 朝 諸 帝 惟 太 . [27a*9*9]\nHựu án cựu sử Lí triều chư đế, duy thái..\n",
    "url": "/data/image_dvsk/ban_ky_toan_thu/quyen4/DVSKTT_ban_toan_IV_27a.jpg"
  }
]