[
  {
    "text": "祖 書 塟 稱 壽 陵 仁 宗 雖 書 塟 而 以 地 名 稱 陵 . [27b*1*1]\ntổ thư táng xưng Thọ Lăng, nhân Tông tuy thư táng nhi dĩ địa danh xưng lăng.\n夫 塟 天 子 國 之 大 事 國 史 𡸈 容 不 書 . [27b*1*18]\nPhu táng thiên tử quốc chi đại sự, quốc sử khởi dung bất thư.\n盖 黎 文 休 以 其 皆 稱 壽 陵 爲 失 禮 削 之 也 然 非 史 法 矣 . [27b*2*14]\nCái Lê Văn Hưu dĩ kì giai xưng Thọ Lăng vi thất lễ tước chi dã, nhiên phi sử pháp hĩ.\n皇 太 子 旵 即 位 于 柩 前 時 方 十 六 歲 . [27b*4*1]\nHoàng thái tử Sảm tức vị vu cữu tiền thời phương thập lục tuế.\n尊 母 譚 氏 爲 皇 太 后 同 聽 政 令 . [27b*4*15]\nTôn mẫu Đàm thị vi Hoàng thái hậu đồng thính chính lệnh.\n又 以 龍 舟 迎 陳 氏 . [27b*5*9]\nHựu dĩ long chu nghênh Trần thị.\n其 兄 陳 嗣 慶 以 時 當 䘮 亂 未 即 送 行 . [27b*5*16]\nKì huynh Trần Tự Khánh dĩ thời đương táng loạn, vị tức tống hành.\n遣 使 訃 于 宋 宋 遣 人 來 吊 祭 . [27b*6*11]\nKhiển sứ phó vu Tống Tống khiển nhân lai điếu tế.\n惠 宗 皇 帝 諱 旵 高 宗 長 子 其 母 譚 氏 皇 后 於 甲 寅 年 七 月 誕 生 治 平 龍 應 四 年 戊 辰 正 月 󰀋 立 爲 皇 太 子 高 宗 崩 遂 登 太 寳 在 位 十 四 年 傳 位 昭 皇 後 爲 陳 守 度 断 . [27b*8*1]\nHuệ Tông Hoàng Đế [Huý Sảm, Cao Tông trưởng tử, kì mẫu Đàm Thị hoàng hậu ư Giáp Dần niên thất nguyệt đản sinh, Trị Bình Long Ứng Tứ niên Mậu Thìn chính nguyệt sách lập vi hoàng thái tử. Cao Tông băng, toại đăng Thái Bảo, tại vị thập tứ niên, truyền vị Chiêu Hoàng, hậu vị Trần Thủ Độ đoạn..\n",
    "url": "/data/image_dvsk/ban_ky_toan_thu/quyen4/DVSKTT_ban_toan_IV_27b.jpg"
  },
  {
    "text": "殺 壽 三 十 三 歲 . [28a*1*1]\nsát, thọ tam thập tam tuế.\n遭 時 䘮 亂 盗 賊 四 行 辛 未 建 嘉 元 年 [ 宋 嘉 定 春 正 月 改 元 二 月 帝 身 嬰 重 疾 不 能 早 求 繼 嗣 李 氏 遂 亡 ] . [28a*1*7]\nTao thời tang loạn, đạo tặc tứ hành, Tân Mùi Kiến Gia nguyên niên [Tống Gia Định Xuân chính nguyệt, cải nguyên. Nhị nguyệt đế thân anh trọng tật, bất năng tảo cầu kế tự, Lí thị toại vong].\n復 使 奉 御 范 布 迎 陳 氏 嗣 四 年 ] . [28a*2*32]\nphục sử Phụng ngự Phạm Bố nghênh TRần thị. Tự tứ niên].\n慶 乃 令 馮 佐 周 等 宋 之 . [28a*3*11]\nKhánh nãi lệnh Phùng Tá Chu đẳng tống chi.\n會 蘇 忠 詞 與 杜 廣 戦 于 朝 東 佐 周 遂 泊 于 大 通 步 . [28a*3*20]\nHội Tô Trung Từ dữ Đỗ Quảng chiến vu Triều Đông, Tá Chu toại bạc vu Đại Thông bộ.\n及 杜 廣 敗 帝 令 布 及 忠 詞 迎 陳 氏 入 宫 立 爲 元 妃 以 忠 詞 爲 太 尉 輔 政 封 順 流 伯 陳 嗣 慶 爲 彰 誠 侯 . [28a*4*18]\nCập Đỗ Quảng bại, đế lệnh Bố cập Trung Từ nghênh Trần thị nhập cung lập vi Nguyên phi; dĩ Trung Từ vi Thái uý phụ chính; phong Thuận Lưu Bá; Trần Tự Khánh vi Chương thành hầu.\n時 承 平 日 久 紀 綱 漸 廢 民 不 之 兵 盗 賊 之 興 不 可 禁 遏 . [28a*6*18]\nThời thừa bình nhật cửu, kỷ cương tiềm phế, dân bất chi binh, đạo tặc chi hưng, bất khả cấm át.\n帝 𥘉 即 位 以 國 事 委 太 尉 譚 以 𫎇 . [28a*8*2]\nĐế sơ tức vị, dĩ quốc sự uỷ Thái uý Đàm Dĩ Mông.\n以 𫎇 不 學 無 術 柔 懦 不 斷 政 事 日 𮥠 . [28a*8*15]\nDĩ Mông bất học vô thuật, nhu nhu bất đoán, chính sự nhật huy.\n",
    "url": "/data/image_dvsk/ban_ky_toan_thu/quyen4/DVSKTT_ban_toan_IV_28a.jpg"
  },
  {
    "text": "壬 申 二 年 [ 宋 嘉 五 年 ] . [28b*1*1]\nNhâm Thân nhị niên [Tống Gia ngũ niên].\n定 春 二 月 命 同 乳 段 尙 募 洪 州 民 捕 盗 . [28b*1*9]\nĐịnh Xuân nhị nguyệt, mệnh đồng nhũ Đoàn Thượng mộ Hồng châu dân bổ đạo.\n時 國 勢 衰 弱 朝 無 善 政 饑 饉 荐 臻 人 民 困 窮 尚 乘 之 擅 作 威 福 人 莫 敢 言 . [28b*2*3]\nThời quốc thế suy nhược, triều vô thiện chính, cơ cận tiến trăn, nhân dân khốn cùng, Thượng Thừa chi thiện tác uy phúc, nhân mạc cảm ngôn.\n後 罪 狀 寝 彰 爲 羣 臣 所 劾 下 獄 按 問 . [28b*3*12]\nHậu tội trạng tẩm chương, vị quần thần sở hặc, hạ ngục án vấn.\n尙 乃 拨 劎 躶 奔 洪 州 嘯 聚 羣 黨 築 城 稱 王 虜 掠 良 民 朝 廷 不 能 制 . [28b*4*7]\nThượng nãi bạt kiếm, loã bôn Hồng châu, khiếu tụ quần đảng trúc thành, xưng vương lỗ lược lương dân, triều đình bất năng chế.\n癸 酉 三 年 [ 宋 嘉 定 六 年 ] . [28b*6*1]\nQuý Dậu tam niên [Tống Gia Định Lục niên].\n春 二 月 陳 嗣 慶 以 兵 犯 闕 請 奉 迎 車 駕 . [28b*6*10]\nXuân nhị nguyệt, Trần Tự Khánh dĩ Binh phạm khuyết thỉnh phụng nghênh xa giá.\n帝 疑 之 詔 𭛁 諸 道 兵 捕 嗣 慶 降 元 妃 爲 御 女 . [28b*7*4]\nĐế nghi chi, chiếu phát chư đạo binh bổ Tự Khánh giáng nguyên phi vi ngự nữ.\n甲 戌 四 年 [ 宋 嘉 定 七 年 ] . [28b*9*1]\nGiáp Tuất tứ niên [Tống Gia Định thất niên].\n春 正 月 陳 嗣 慶 軍 至 朝 東 諸 軍 . [28b*9*10]\nXuân chính nguyệt, Trần Tự Khánh quân chí Triều Đông chư quân..\n",
    "url": "/data/image_dvsk/ban_ky_toan_thu/quyen4/DVSKTT_ban_toan_IV_28b.jpg"
  },
  {
    "text": "門 謝 罪 復 請 迎 車 駕 . [29a*1*1]\nmôn tạ tội, phục thỉnh nghênh xa giá.\n帝 愈 疑 之 乃 與 太 后 及 御 女 如 諒 州 峙 山 . [29a*1*9]\nĐế dũ nghi chi, nãi dữ thái hậu cập ngự nữ như Lạng Châu Trĩ sơn.\n嗣 慶 聞 秉 輿 播 遷 御 女 久 爲 太 后 所 苦 復 𭛁 兵 請 迎 如 初 . [29a*2*8]\nTự Khánh văn Bỉnh Dư bá thiên ngự nữ cửu vi thái hậu sở khổ, phục phát binh thỉnh nghênh như sơ.\n帝 爲 之 信 復 與 太 后 及 御 女 如 兵 合 縣 . [29a*3*13]\nĐế vị chi tín, phục dữ thái hậu cập ngự nữ như Binh Hợp huyện.\n夏 五 月 嗣 慶 擊 丁 可 裴 都 於 大 黃 州 破 之 . [29a*4*10]\nHạ ngũ nguyệt, Tự Khánh kích Đinh Khả, Bùi Đô ư Đại Hoàng châu, phá chi.\n丙 子 六 年 [ 宋 嘉 定 九 年 . [29a*6*1]\nBính Tí lục niên [Tống Gia Định cửu niên].\n春 󰀋 御 女 爲 順 貞 夫 人 . [29a*6*10]\nXuân sách ngự nữ vi Thuận Trinh phu nhân.\n太 后 以 陳 嗣 慶 反 側 屢 指 夫 人 爲 賊 黨 令 帝 斥 去 又 使 人 語 夫 人 令 自 引 分 . [29a*6*20]\nThái hậu dĩ Trần Tự Khánh phản trắc, lũ chỉ phu nhân vi tặc đảng, lệnh đế xích khứ, hựu sử nhân ngữ phu nhân lệnh tự dẫn phân.\n帝 知 而 止 之 . [29a*8*7]\nĐế tri nhi chỉ chi.\n太 后 加 毒 于 夫 人 之 飲 食 . [29a*8*12]\nThái hậu gia độc vu phu nhân chi ẩm thực.\n帝 每 食 分 其 半 賜 夫 人 而 不 使 離 左 右 . [29a*9*2]\nĐế mỗi thực phân kì bán tứ phu nhân nhi bất sử li tả hữu.\n太 后 乃 . [29a*9*17]\nThái hậu nãi..\n",
    "url": "/data/image_dvsk/ban_ky_toan_thu/quyen4/DVSKTT_ban_toan_IV_29a.jpg"
  },
  {
    "text": "使 人 分 持 毒 盃 賜 夫 人 死 . [29b*1*1]\nsử nhân phân trì độc bôi tứ phu nhân tử.\n帝 又 止 之 夜 與 夫 人 微 行 如 嗣 慶 軍 值 天 明 次 于 安 沿 縣 将 軍 黎 覔 家 會 自 慶 将 王 黎 領 舟 師 來 迎 . [29b*1*11]\nĐế hựu chỉ chi, dạ dữ phu nhân vi hành như Tự Khánh quân, trị Thiên Minh thứ vu An Duyên huyện tướng quân Lê Mịch gia, hội Tự Khánh tương Vương Lê lĩnh chu sư lai nghênh.\n帝 乃 次 究 連 洲 宣 嗣 慶 來 朝 . [29b*3*12]\nĐế nãi thứ cứu Liên châu tuyên tự Khánh lai triều.\n夏 六 月 皇 長 女 生 于 九 連 洲 後 封 順 天 公 主 . [29b*4*4]\nHạ lục nguyệt, Hoàng trưởng nữ sinh vu Cửu Liên châu hậu phong Thuận Thiên công chủ.\n冬 十 二 月 󰀋 夫 人 爲 皇 后 拜 嗣 慶 爲 太 尉 輔 政 授 嗣 慶 兄 承 [ 陳 上 皇 ] 爲 内 侍 判 首 . [29b*5*3]\nĐông thập nhị nguyệt, sách phu nhân vi hoàng hậu, bái Tự Khánh vi Thái uý phụ chính, thụ Tự Khánh huynh Thừa [Trần thượng hoàng] vi Nội thị phán thủ.\n嗣 慶 與 上 将 軍 潘 鄰 調 補 軍 五 造 戦 噐 習 武 藝 軍 勢 稍 振 . [29b*6*17]\nTự Khánh dữ thượng tướng quân Phan Lân điều bổ quân ngũ, tạo chiến khí, tập vũ nghệ, quân thế sảo chấn.\n帝 中 風 疾 醫 治 不 驗 未 有 太 子 中 宫 所 生 公 主 而 已 . [29b*7*18]\nĐế trúng phong tật, y trị bất nghiệm, vị hữu thái tử, trung cung sở sinh công chủ nhi dĩ.\n占 城 真 臘 㓂 乂 安 州 州 伯 李 不 染 敗 之 . [29b*9*1]\nChiêm Thành, Chân Lạp khấu Nghệ An châu, châu bá Lí Bất Nhiễm bại chi.\n",
    "url": "/data/image_dvsk/ban_ky_toan_thu/quyen4/DVSKTT_ban_toan_IV_29b.jpg"
  },
  {
    "text": "丁 丑 七 年 [ 宋 嘉 定 十 年 ] . [30a*1*1]\nĐinh Sửu thất niên [Tống Gia Định thập niên].\n春 三 月 帝 漸 𭛁 狂 或 稱 天 将 降 即 持 干 楯 𢮿 小 旗 於 髻 上 戲 舞 自 早 至 晡 不 即 或 罷 復 𭛁 汗 燥 渴 飲 酒 長 睡 后 日 乃 醒 . [30a*1*10]\nXuân tam nguyệt, đế tiềm phát cuồng hoặc xưng thiên tướng giáng, tức trì can thuẫn, quải tiểu kì ư kế thượng, hí vũ tự tảo chí bô bất tức, hoặc bãi phục phát hãn táo khát ẩm tửu trường thuỵ hậu nhật nãi tỉnh.\n政 事 不 决 委 任 陳 慶 嗣 天 下 大 權 漸 移 焉 . [30a*3*15]\nChính sự bất quyết, uỷ nhiệm Trần Khánh tự thiên hạ đại quyền tiềm di yên.\n戊 寅 八 年 [ 宋 嘉 定 十 一 年 ] . [30a*5*1]\nMậu Dần bát niên [Tống Gia Định thập nhất niên].\n春 三 月 地 震 . [30a*5*11]\nXuân Tam nguyệt, địa chấn.\n彗 星 見 西 南 . [30a*5*16]\nTuệ tinh hiện tây nam.\n秋 八 月 照 捕 扶 董 寺 居 士 阮 嫩 以 得 金 璧 不 進 故 也 . [30a*6*1]\nThu bát nguyệt, chiếu bổ Phù Đổng tự cư sĩ Nguyễn Nộn dĩ đắc kim bích bất tiến cố dã.\n九 月 皇 次 女 生 後 封 昭 聖 公 主 . [30a*7*2]\nCửu nguyệt, hoàng thứ nữ sinh hậu phong Chiêu Thánh công chủ.\n冬 十 月 陳 嗣 慶 討 廣 威 蠻 不 克 . [30a*7*14]\nĐông thập nguyệt, Trần Tự Khánh thảo Quảng Oai man bất khắc.\n占 城 真 臘 㓂 乂 安 李 不 染 敗 之 陞 侯 秩 賜 食 邑 七 十 五 百 户 實 封 一 千 五 百 . [30a*8*9]\nChiêm Thành, Chân Lạp khấu Nghệ An, Lí Bất Nhiễm bại chi, thăng hầu trật, tứ thực ấp thất thập ngũ bách hộ, thực phong nhất thiên ngũ bách..\n",
    "url": "/data/image_dvsk/ban_ky_toan_thu/quyen4/DVSKTT_ban_toan_IV_30a.jpg"
  },
  {
    "text": "户 . [30b*1*1]\nhộ.\n己 卯 九 年 [ 宋 嘉 定 十 二 年 ] . [30b*2*1]\nKỉ Mão cửu niên [Tống Gia Định Thập nhị niên].\n春 二 月 陳 嗣 慶 奏 乞 放 阮 嫩 從 軍 擊 賊 以 贖 罪 . [30b*2*11]\nXuân nhị nguyệt, Trần Tự Khánh tấu khất phóng Nguyễn Nộn tòng quân kích tặc dĩ thục tội.\n許 之 . [30b*3*7]\nHứa chi.\n冬 十 月 遣 阮 嫩 帥 師 討 廣 蠻 . [30b*3*9]\nĐông thập nguyệt, khiển Nguyễn Nộn soái sư thảo Quảng Man.\n庚 辰 十 年 [ 宋 嘉 定 十 三 年 ] . [30b*4*1]\nCanh Thìn thập niên [Tống Gia Định thập tam niên].\n春 三 月 阮 嫩 㨿 扶 董 鄕 稱 懷 道 王 奉 表 稱 臣 乞 平 禍 亂 贖 罪 . [30b*4*11]\nXuân tam nguyệt, Nguyễn Nộn cứ Phù Đổng hương xưng Hoài Đạo Vương phụng biểu xưng thần, khất bình hoạ loạn thục tội.\n帝 遣 人 賫 勑 宣 諭 . [30b*5*12]\nĐế khiển nhân tê sắc tuyên dụ.\n然 以 封 疾 不 能 制 . [30b*5*19]\nNhiên dĩ phong tật bất năng chế.\n辛 巳 十 一 年 [ 宋 嘉 十 四 年 ] . [30b*7*1]\ntân Tị thập nhất niên [Tống Gia thập tứ niên].\n定 春 正 月 徧 求 天 下 醫 士 調 治 帝 疾 不 效 帝 深 居 宫 中 盗 賊 怒 行 城 外 生 民 流 離 甚 矣 . [30b*7*11]\nĐịnh Xuân chính nguyệt, biến cầu thiên hạ y sĩ điều trị đế tật, bất hiệu, đế thâm cư cung trung, đạo tặc nộ hành, thành ngoại sinh dân lưu li thậm hĩ.\n",
    "url": "/data/image_dvsk/ban_ky_toan_thu/quyen4/DVSKTT_ban_toan_IV_30b.jpg"
  },
  {
    "text": "壬 午 十 二 年 [ 宋 嘉 十 五 年 ] . [31a*1*1]\nNhâm Ngọ thập nhị niên [Tống Gia thập ngũ niên].\n定 春 二 月 定 天 下 爲 二 十 四 路 路 分 公 主 居 之 用 宏 奴 属 󰒜 及 本 路 軍 人 相 分 爲 甲 . [31a*1*11]\nĐịnh Xuân nhị nguyệt, định thiên hạ vi nhị thập tứ lộ, lộ phân công chủ cư chi, dụng hoành nô thuộc lệ cập bản lộ quân nhân, tương phân vi giáp.\n造 戦 噐 舟 船 廵 捕 道 刼 . [31a*3*2]\nTạo chiến khí chu thuyền tuần bổ đạo kiếp.\n癸 未 十 三 年 [ 宋 嘉 十 六 年 ] 定 冬 十 月 早 蝗 . [31a*4*1]\nQuý Mùi thập tam niên [Tống Gia thập lục niên] Định Đông thập nguyệt, tảo hoàng.\n十 二 月 阮 嫩 軍 聲 益 振 . [31a*4*17]\nThập nhị nguyệt, Nguyễn Nộn quân thanh ích chấn.\n陳 嗣 󰆑 卒 . [31a*5*5]\nTrần Tự Khánh tốt.\n追 封 建 國 大 王 以 陳 承 爲 輔 國 太 尉 賛 拜 不 名 . [31a*5*9]\nTruy phong Kiến Quốc Đại Vương, Dĩ Trần Thừa vi phụ quốc Thái uý tán bái bất danh.\n史 臣 吳 士 連 曰 建 嘉 𥘉 年 盗 賊 兢 起 惠 宗 柔 弱 不 能 討 . [31a*7*1]\nSử thần Ngô Sĩ Liên viết: Kiến Gia sơ niên, đạo tặc cạnh khởi, Huệ Tông nhu nhược, bất năng thảo.\n陳 嗣 慶 以 惠 后 爲 太 后 所 苦 之 故 興 兵 犯 闕 請 奉 迎 乘 輿 . [31a*8*4]\nTrần Tự Khánh dĩ Huệ hậu vi thái hậu sở khổ chi cố hưng binh phạm khuyết, thỉnh phụng nghênh thừa dư.\n當 此 之 時 人 心 不 能 無 疑 惠 . [31a*9*8]\nĐương thử chi thời, nhân tâm bất năng vô nghi, Huệ..\n",
    "url": "/data/image_dvsk/ban_ky_toan_thu/quyen4/DVSKTT_ban_toan_IV_31a.jpg"
  },
  {
    "text": "宗 所 以 有 收 捕 之 令 而 不 克 . [31b*1*1]\nTông sở dĩ hữu thu bổ chi lệnh nhi bất khắc.\n嗣 慶 欲 其 事 之 必 成 而 属 驚 動 乘 輿 播 遷 至 再 罪 皎 然 也 . [31b*1*12]\nTự Khánh dục kì sự chi tất thành nhi thuộc kinh động, thừa dư bá thiên, chí tái tội kiểu nhiên dã.\n然 而 惠 宗 惠 后 卒 依 嗣 慶 以 爲 安 則 其 罪 釋 矣 . [31b*2*16]\nNhiên nhi Huệ Tông Huệ hậu tốt y Tự Khánh dĩ vi an, tắc kì tội thích hĩ.\n跡 非 而 情 順 文 不 與 而 實 與 也 . [31b*3*16]\nTích phi nhi tình thuận, văn bất dữ nhi thực dữ dã.\n不 然 乃 羣 盗 之 尤 耳 . [31b*4*10]\nBất nhiên nãi quần đạo chi vưu nhĩ.\n甲 申 十 四 年 [ 十 月 元 年 以 後 昭 皇 天 彰 有 道 宋 嘉 定 十 七 年 ] 帝 疾 日 滋 無 嗣 繼 承 大 綂 公 主 皆 分 各 路 爲 湯 沐 邑 獨 委 任 指 揮 使 陳 守 度 領 殿 前 諸 軍 扈 衛 禁 庭 . [31b*5*1]\nGiáp Thân thập tứ niên [Thập nguyệt nguyên niên. dĩ Hậu Chiêu Hoàng Thiên Chương Hữu Đạo Tống Gia Định thập thất niên] Đế tật nhật tư vô tự kế thừa đại thống, công chủ giai phân các lộ vi thang mộc ấp, độc uỷ nhiệm chỉ huy sứ Trần Thủ Độ lĩnh Điện tiền chư quân hộ vệ cấm đình.\n冬 十 月 詔 昭 聖 公 主 爲 皇 太 子 以 傳 位 帝 出 家 居 大 内 真 教 禪 寺 . [31b*7*16]\nĐông thập nguyệt, chiếu Chiêu Thánh công chúa vi hoàng thái tử dĩ truyền vị, đế xuất gia, cư Đại Nội Chân Giáo thiền tự.\n昭 聖 即 位 改 元 天 彰 有 道 元 年 尊 號 曰 昭 . [31b*9*4]\nChiêu Thánh tức vị, cải nguyên Thiên Chương Hữu Đạo nguyên niên, tôn hiệu viết: \"Chiêu..\n",
    "url": "/data/image_dvsk/ban_ky_toan_thu/quyen4/DVSKTT_ban_toan_IV_31b.jpg"
  },
  {
    "text": "皇 . [32a*1*1]\nHoàng\".\n史 臣 吳 士 蓮 曰 天 道 有 常 有 變 聖 人 參 天 地 賛 化 育 則 有 處 變 之 道 而 不 失 其 常 焉 . [32a*2*1]\nSử thần Ngô Sĩ Liên viết: Thiên Đạo hữu thường hữu biến, thánh nhân tham thiên địa tán hoá dục tắc hữu xử biến chi đạo nhi bất thất kì thường yên.\n堯 之 子 丹 朱 不 肖 不 足 以 傳 天 下 堯 於 是 薦 舜 於 天 而 天 下 治 . [32a*3*15]\nNghiêu chi tử Đan Chu bất tiêu bất túc dĩ truyền thiên hạ, Nghiêu ư thị tiến Thuấn ư thiên, nhi thiên hạ trị.\n舜 之 子 商 均 不 肖 不 足 以 傳 天 下 舜 於 是 薦 禹 於 天 而 社 稷 安 皆 處 變 而 不 失 常 也 后 世 惟 傳 子 不 傳 賢 無 舜 禹 其 人 也 . [32a*5*3]\nThuấn chi tử Thương quân bất tiêu bất túc dĩ truyền thiên hạ, Thuấn ư thị tiến Vũ ư thiên, nhi xã tắc an, giai xử biến nhi bất thất thường dã, hậu thế duy truyền tử bất truyền hiền, vô Thuấn Vũ kì nhân dã.\n不 幸 無 嗣 則 擇 宗 室 嗣 子 育 爲 已 子 嗣 守 丕 基 亦 處 變 之 道 也 . [32a*7*13]\nBất hạnh vô tự, tắc trạch tông thất tự tử dục vi dĩ tử tự thủ phỉ cơ diệc xử biến chi đạo dã.\n李 仁 宗 以 行 之 也 惠 宗 盍 舉 故 事 而 遵 行 焉 . [32a*9*1]\nLí Nhân Tông dĩ hành chi dã, Huệ Tông hạp cử cố sự nhi tuân hành yên.\n乃 . [32a*9*18]\nNãị.\n",
    "url": "/data/image_dvsk/ban_ky_toan_thu/quyen4/DVSKTT_ban_toan_IV_32a.jpg"
  }
]