[
  {
    "text": "至 疾 病 之 後 立 女 子 爲 嗣 而 傳 位 𡸈 理 也 哉 . [32b*1*1]\nchí tật bệnh chi hậu, lập nữ tử vi tự nhi truyền vị khởi lí dã tai.\n當 時 人 臣 不 爲 社 則 謀 遂 使 馮 佐 周 援 吕 武 爲 説 以 成 昭 皇 禪 陳 之 事 李 氏 之 罪 人 也 . [32b*1*18]\nĐương thời nhân thần bất vi xã tắc mưu, toại sử Phùng Tá Chu viện Lữ, Vũ vi thuyết dĩ thành Chiêu Hoàng thiền Trần chi sự, Lí thị chi tội nhân dã.\n昭 皇 [ 初 諱 𫢋 金 後 改 天 馨 惠 宗 次 女 也 惠 宗 無 嗣 立 爲 皇 太 子 以 傳 位 在 位 二 年 遂 禪 位 于 陳 ] . [32b*4*1]\nChiêu Hoàng [Sơ huý Phật Kim, hậu cải Thiên Hinh, Huệ Tông thứ nữ dã. Huệ Tông vô tự, lập vi hoàng thái tử dĩ truyền vị, tại vị nhị niên toại thiền vị vu Trần].\n乙 酉 天 彰 有 道 二 年 [ 十 二 月 陳 太 宗 建 中 元 年 宋 理 宗 煦 寳 慶 元 年 ] . [32b*6*1]\nẤt Dậu Thiên Chương Hữu Đạo nhị niên [Thập nhị nguyệt Trần Thái Tông Kiến Trung nguyên niên Tống Lí Tông Hú Bảo Khánh nguyên niên].\n冬 十 月 詔 選 内 外 官 員 子 弟 充 内 色 役 六 火 侍 宫 外 祗 侯 内 人 侍 内 日 夜 番 上 侍 從 . [32b*6*27]\nĐông thập nguyệt, chiếu tuyển nội ngoại quan viên tử đệ sung nội sắc dịch Lục hoả thị cung ngoại, Chi hậu, Nội nhân thị nội, nhật dạ phiên thượng thị tòng.\n殿 前 指 揮 使 陳 守 度 知 城 市 内 外 諸 軍 事 . [32b*8*12]\nĐiện tiền chỉ huy sứ Trần Thủ Độ tri thành thị nội ngoại chư quân sự.\n守 度 姪 陳 不 及 爲 近 侍 暑 六 . [32b*9*9]\nThủ Độ điệt Trần Bất Cập vi Cận thị thử lục..\n",
    "url": "/data/image_dvsk/ban_ky_toan_thu/quyen4/DVSKTT_ban_toan_IV_32b.jpg"
  },
  {
    "text": "局 祗 候 陳 僉 爲 祗 應 局 陳 煚 爲 政 首 [ 煚 陳 太 宗 . [33a*1*1]\ncục chi hậu, Trần Thiêm vi Chi ứng cục, Trần Cảnh vi Chính Thủ [Cảnh Trần Thái Tông].\n時 方 八 歲 侍 侯 於 外 . [33a*1*19]\nThời phương bát tuế, thị hầu ư ngoại.\n一 日 當 司 盥 洗 因 入 侍 内 昭 皇 見 而 悅 之 每 夜 逰 召 與 同 逰 見 煚 在 暗 處 即 親 臨 挑 謔 之 或 曳 其 髮 或 立 其 影 . [33a*2*6]\nNhất nhật đương tư quán tẩy, nhân nhập thị nội, Chiêu Hoàng kiến nhi duyệt chi, mỗi dạ du triệu dữ đồng du, kiến Cảnh tại ám xứ tức thân lâm thiểu hước chi hoặc duệ kì phát hoặc lập kì ảnh.\n他 日 煚 捧 水 𠤷 [ 音 移 ] 侍 立 昭 皇 盥 頮 [ 音 以 誨 ] 手 掬 水 濺 煚 靣 而 謔 笑 及 煚 捧 檳 榔 巾 則 以 巾 拋 與 之 . [33a*4*10]\nTha nhật Cảnh bổng thuỷ di [âm di] thị lập Chiêu Hoàng quán hối [âm dĩ hối] thủ cúc thuỷ tiễn Cảnh diện nhi hước tiếu cập Cảnh bổng tân lang cân tắc dĩ cân phao dữ chi.\n煚 不 敢 言 音 以 告 守 度 . [33a*6*8]\nCảnh bất cảm ngôn, âm dĩ cáo Thủ Độ.\n守 度 曰 誠 有 如 此 皇 族 乎 亦 族 乎 . [33a*6*17]\nThủ Độ viết: thành hữu như thử hoàng tộc hồ xích tộc hồ?.\n又 一 日 昭 皇 又 以 檳 榔 巾 拋 與 煚 煚 拜 曰 陛 下 赦 臣 罪 否 臣 願 奉 命 . [33a*7*11]\nHựu nhất nhật Chiêu Hoàng hựu dĩ tân Lang cân phao dữ Cảnh, Cảnh bái viết: Bệ hạ xá thần tội phủ, thần nguyện phụng mệnh\".\n昭 皇 笑 曰 赦 汝 今 汝 已 智 辨 . [33a*8*18]\nChiêu Hoàng tiếu viết: \"Xá nhữ, kim nhữ dĩ trí biện\".\n煚 又 以 吿 守 度 守 度 恐 事 . [33a*9*10]\nCảnh hựu dĩ cáo Thủ Độ Thủ Độ khủng sự..\n",
    "url": "/data/image_dvsk/ban_ky_toan_thu/quyen4/DVSKTT_ban_toan_IV_33a.jpg"
  },
  {
    "text": "泄 併 誅 於 是 自 率 家 属 親 戚 入 禁 中 . [33b*1*1]\ntiết tịnh tru ư thị tự suất gia thuộc thân thích nhập cấm trung.\n守 度 䦕 城 門 及 諸 宫 門 令 人 守 之 百 官 進 朝 不 得 入 . [33b*1*15]\nThủ Độ quan thành môn cập chư cung môn, lệnh nhân thủ chi, bách quan tiến triều bất đắc nhập.\n守 度 徧 吿 曰 陛 下 已 有 尙 矣 群 臣 皆 曰 諾 請 擇 日 朝 見 . [33b*2*16]\nThủ Độ biến cáo viết: \"Bệ hạ dĩ hữu thượng hĩ\" quần thần giai viết nặc, thỉnh trạch nhật triều kiến.\n本 月 二 十 一 日 群 臣 進 朝 拜 賀 . [33b*3*18]\nBản nguyệt, nhị thập nhất nhật, quần thần tiến triều bái hạ.\n下 昭 曰 自 古 南 越 帝 王 治 天 下 者 有 矣 . [33b*4*11]\nHạ chiếu viết: \"Tự cổ Nam Việt đế vương trị thiên hạ giả hữu hĩ.\n惟 我 李 受 天 眷 命 奄 有 四 海 列 聖 相 承 二 百 餘 年 奈 以 上 皇 嬰 疾 承 統 無 人 國 勢 傾 危 命 朕 受 明 詔 勉 強 即 位 自 古 已 來 未 之 有 也 . [33b*5*7]\nDuy ngã Lí thụ thiên quyến mệnh, yểm hữu tứ hải, liệt thánh tương thừa nhị bách dư niên, nại dĩ thượng hoàng anh tật, thừa thống vô nhân, quốc thế khuynh nguy, mệnh trẫm thụ minh chiếu, miễn cưỡng tức vị, tự cổ dĩ lai vị chi hữu dã.\n嗟 朕 惟 爲 女 主 才 德 俱 傾 輔 弼 無 人 盗 賊 蜂 起 安 可 秉 持 神 噐 之 太 重 朕 夙 興 夜 寐 惟 恐 難 堪 每 念 求 . [33b*7*19]\nTa trẫm duy vi nữ chủ, tài đức cụ khuynh, phụ bật vô nhân, đạo tặc phong khởi, an khả bỉnh trì thần khí chi thái trọng? Trẫm túc hưng dạ mị, duy khủng nan kham, mỗi niệm cầu..\n",
    "url": "/data/image_dvsk/ban_ky_toan_thu/quyen4/DVSKTT_ban_toan_IV_33b.jpg"
  },
  {
    "text": "賢 良 君 子 同 輔 政 治 夙 夜 拳 拳 於 斯 極 矣 詩 曰 君 子 好 求 求 之 不 得 寤 寐 思 服 悠 哉 悠 哉 . [34a*1*1]\nhiền lương quân tử đồng phụ chính trị, túc dạ quyền quyền ư tư cực hĩ, Thi viết: Quân tử hảo cầu, cầu chi bất đắc, ngộ mị tư phục, du tai du tai\".\n今 朕 反 覆 獨 筭 惟 得 陳 煚 文 質 彬 彬 誠 賢 人 君 子 之 體 威 儀 抑 抑 有 聖 神 文 武 之 資 雖 漢 高 唐 太 未 之 能 過 . [34a*2*16]\nKim trẫm phản phú độc toán duy đắc Trần Cảnh văn chất bân bân, thành hiền nhân quân tử chi thể, uy nghi ức ức, hữu thánh thần văn vũ chi tư, tuy Hán Cao, Đường Thái vị chi năng quá.\n想 熟 晨 昏 驗 之 有 素 可 遜 大 位 以 慰 天 心 以 副 朕 懷 󰱃 可 同 心 戮 力 共 扶 國 祚 以 享 太 平 之 福 . [34a*4*19]\nTưởng thục thần hôn nghiệm chi hữu tố khả tốn đại vị dĩ uý thiên tâm, dĩ phó trẫm hoài thứ khả đồng tâm lục lực cộng phù quốc tộ dĩ hưởng thái bình chi phúc.\n布 誥 天 下 咸 使 聞 知 . [34a*6*18]\nBố cáo thiên hạ, hàm sử văn tri\".\n十 二 月 十 一 日 戊 寅 昭 皇 設 大 會 于 天 安 殿 御 寳 床 百 官 朝 服 進 朝 拜 于 庭 下 . [34a*7*8]\nThập nhị nguyệt thập nhất nhật Mậu Dần, Chiêu Hoàng thiết đại hội vu Thiên An điện, Ngự bảo sàng, bách quan triều phục tiến triều bái vu đình hạ.\n昭 皇 乃 降 服 勸 進 陳 煚 即 皇 帝 位 . [34a*9*3]\nChiêu Hoàng nãi giáng phục khuyên tiến Trần Cảnh tức Hoàng đế vị.\n改 元 見 . [34a*9*16]\nCải nguyên Kiến..\n",
    "url": "/data/image_dvsk/ban_ky_toan_thu/quyen4/DVSKTT_ban_toan_IV_34a.jpg"
  },
  {
    "text": "中 元 年 大 赦 稱 鱔 皇 尋 改 文 皇 群 臣 上 尊 號 曰 啓 天 立 極 至 仁 彰 孝 皇 帝 . [34b*1*1]\nTrung Nguyên niên, đại xá, xưng Thiện hoàng tầm cải văn hoàng quần thần thượng tôn hiệu viết: \"Khải Thiên Lập Cực Chí Nhân Chương Hiếu Hoàng đế\".\n拜 陳 守 度 爲 國 尙 父 掌 理 天 下 事 . [34b*2*11]\nBái Trần Thủ Độ vi quốc thượng phụ chưởng lí thiên hạ sự.\n守 度 曰 今 盗 賊 並 起 禍 亂 日 滋 . [34b*3*6]\nThủ Độ viết: \"Kim đạo tặc tịnh khởi, hoạ loạn nhật tư.\n段 尙 㨿 東 阮 嫩 㨿 北 廣 威 大 遠 亦 未 削 平 . [34b*3*18]\nĐoàn Thượng cứ đông, Nguyễn Nộn cứ bắc Quảng Oai, Đại Viễn diệc vị tước bình.\n李 家 衰 弱 國 勢 傾 危 昭 皇 女 主 不 克 負 荷 託 以 二 郎 未 諳 國 勢 政 事 多 鈌 國 祚 𥘉 開 民 心 未 服 其 禍 不 小 . [34b*4*16]\nLí gia suy nhược, quốc thế khuynh nguy, Chiêu Hoàng nữ chủ bất khắc phụ hà thác dĩ nhị lang vị am quốc thể, chính sự đa khuyết, quốc tộ sơ khai, dân tâm vị phục, kì hoạ bất tiểu.\n其 雖 叔 父 不 識 文 字 東 馳 西 騖 以 扞 盗 賊 不 如 且 勸 聖 父 權 攝 國 政 爲 上 皇 後 一 二 年 天 下 一 統 復 政 二 郎 . [34b*7*2]\nNgã tuy thúc phụ, bất thức văn tự, đông trì tây vụ, dĩ hãn đạo tặc, bất như thả khuyến thánh phụ quyền nhiếp quốc chính vi thượng hoàng, hậu nhất nhị niên thiên hạ nhất thống phục chính nhị lang\".\n群 臣 稱 善 勸 聖 父 陳 承 居 攝 . [34b*9*7]\nquần thần xưng thiện khuyến thánh phụ Trần Thừa cư nhiếp.\n",
    "url": "/data/image_dvsk/ban_ky_toan_thu/quyen4/DVSKTT_ban_toan_IV_34b.jpg"
  },
  {
    "text": "史 臣 吳 士 連 曰 惠 宗 之 世 天 下 之 蠱 已 深 而 人 君 非 陽 剛 之 主 當 國 以 柔 懦 之 臣 欲 幹 深 弊 之 蠱 其 何 能 濟 . [35a*1*1]\nSử thần Ngô Sĩ Liên viết: Huệ Tông chi thế, thiên hạ chi cổ dĩ thâm, nhi nhân quân phi dương cương chi chủ, đương quốc dĩ nhu nhu chi thần dục cán thâm tệ chi cổ, kì hà năng tế.\n况 帝 嬰 惡 疾 治 之 弗 効 又 無 嗣 子 以 承 大 統 危 亡 之 兆 已 先 見 矣 . [35a*3*6]\nHuống đế anh ác tật, trị chi phất hiệu, hựu vô tự tử dĩ thừa đại thống, nguy vong chi triệu dĩ tiên kiến hĩ.\n世 傳 李 祖 𥘉 得 天 下 車 駕 回 古 法 幸 扶 董 鄕 寺 有 神 人 題 詩 寺 柱 曰 一 鉢 功 德 水 隨 緣 化 世 間 光 光 重 照 燭 没 影 日 登 山 . [35a*4*13]\nThế truyền Lí Tổ sơ đắc thiên hạ, xa giá hồi Cổ Pháp hạnh Phù Đổng hương tự hữu thần nhân đề thi tự trụ viết: \"Nhất bát công đức thuỷ, tuỳ duyên hoá thế gian, quang quang trọng chiếu chúc, một ảnh nhật đăng sơn\".\n自 僧 萬 行 以 其 詩 進 . [35a*7*5]\nTự tăng Vạn Hạnh dĩ kì thi tiến.\n李 祖 覧 之 曰 神 人 之 事 不 可 曉 也 . [35a*7*13]\nLí tổ lãm chi viết: \"Thần nhân chi sự bất khả hiểu dã\".\n世 人 傳 誦 莫 識 所 謂 . [35a*8*8]\nThế nhân truyền tụng, mạc thức sở vị.\n及 李 氏 終 以 詩 爲 驗 . [35a*8*16]\nCập Lí thị chung dĩ thi vi nghiệm.\n盖 自 惠 宗 上 至 太 祖 八 代 而 惠 宗 . [35a*9*6]\nCái tự Huệ Tông thượng chí Thái Tổ bát đại nhi Huệ Tông..\n",
    "url": "/data/image_dvsk/ban_ky_toan_thu/quyen4/DVSKTT_ban_toan_IV_35a.jpg"
  },
  {
    "text": "名 旵 爲 日 登 山 沒 影 也 . [35b*1*1]\ndanh Sảm vi nhật đăng sơn, một ảnh dã.\n然 則 李 氏 之 興 天 也 其 亡 亦 天 也 . [35b*1*10]\nNhiên tắc Lí thị chi hưng thiên dã kì vong diệc thiên dã.\n右 李 朝 九 帝 始 太 祖 庚 戌 終 昭 皇 乙 酉 共 二 百 六 十 年 . [35b*3*1]\nHữu Lí triều cửu đế thuỷ Thái Tổ Canh Tuất chung Chiêu Hoàng Ất Dậu cộng nhị bách lục thập niên.\n大 越 史 記 本 紀 全 書 卷 之 四 終 . [35b*9*1]\nĐại Việt sử ký bản kỷ toàn thư quyển chi tứ chung.\n",
    "url": "/data/image_dvsk/ban_ky_toan_thu/quyen4/DVSKTT_ban_toan_IV_35b.jpg"
  }
]