[
  {
    "text": "大 越 史 記 本 紀 全 書 卷 之 五 . [1a*1*1]\nĐại Việt sử ký bản kỷ toàn thư quyển chi ngũ.\n陳 紀 . [1a*2*1]\nTrần KỶ.\n太 宗 皇 帝 姓 陳 諱 煚 先 諱 蒲 為 李 朝 低 候 正 受 昭 皇 禅 在 位 三 十 三 年 遜 位 十 九 年 壽 六 十 歲 崩 于 萬 壽 宫 塟 昭 陵 〇 . [1a*3*1]\nThái Tông Hoàng Đế [Tính Trần, huý cảnh, tiên huý Bồ, vi Lí triều tí hậu chính thụ Chiêu Hoàng thiền, tại vị tam thập tam niên, tốn vị thập cửu niên, thọ lục thập tuế, băng vu Vạn Thọ cung, táng Chiêu Lăng .\n帝 寬 仁 大 度 有 帝 王 之 量 所 以 䏻 創 業 再 統 立 紀 張 綱 陳 家 之 制 度 偉 矣 然 䂓 畫 國 事 皆 陳 守 度 所 為 閨 門 多 慙 德 矣 初 帝 之 先 世 閩 人 或 曰 桂 林 人 有 名 京 者 求 居 天 長 即 墨 鄕 生 翕 翕 生 李 李 生 承 世 以 漁 為 業 . [1a*4*16]\nĐế khoan nhân đại độ, hữu Đế vương chi lượng, sở dĩ năng sáng nghiệp tái thống lập kỷ trương cương Trần gia chi chế độ vĩ hĩ. Nhiên quy hoạch quốc sự giai Trần Thủ Độ sở vi, khuê môn đa tàm đức hĩ.] Sơ, Đế chi tiên thế Mân nhân [hoặc viết Quế Lâm nhân,] hữu danh Kinh giả cầu cư Thiên Trường, Tức Mặc hương sinh Hấp, Hấp sinh Lí, Lí sinh Thừa, thế dĩ ngư vi nghiệp.\n帝 乃 承 之 次 子 也 母 黎 氏 . [1a*8*3]\nĐế nãi Thừa chi thứ tử dã, mẫu Lê thị.\n以 李 建 嘉 八 年 戊 寅 六 月 十 六 日 誕 生 隆 凖 . [1a*8*13]\nDĩ Lí Kiến Gia bát niên, Mậu Dần, lục nguyệt, thập lục nhật, đản sinh long chuẩn.\n龍 顔 似 . [1a*9*14]\nLong nhan tự..\n",
    "url": "/data/image_dvsk/ban_ky_toan_thu/quyen5/DVSKTT_ban_toan_V_1a.jpg"
  },
  {
    "text": "漢 髙 祖 . [1b*1*1]\nHán Cao Tổ.\n時 大 八 歲 為 李 朝 祗 應 局 祗 候 正 有 從 叔 陳 守 度 為 殿 前 指 揮 使 帝 因 得 入 侍 宫 中 . [1b*1*4]\nThời, đại bát tuế, vi Lí triều chi ứng cục chi hậu chính, hữu tòng thúc Trần Thủ Độ vi Điện tiền chỉ huy sứ, Đế nhân đắc nhập thị cung trung.\n昭 皇 見 而 悅 之 乙 酉 冬 十 二 月 十 二 日 戊 寅 受 昭 皇 禅 即 皇 帝 位 改 元 建 中 . [1b*3*4]\nChiêu Hoàng kiến nhi duyệt chi, Ất Dậu, đông thập nhị nguyệt, thập nhị nhật, Mậu dần, thụ Chiêu Hoàng thiền, tức Hoàng đế vị, cải nguyên Kiến Trung.\n丙 戌 建 中 二 年 宋 寳 慶 二 年 春 正 月 󰀋 昭 皇 為 皇 后 改 昭 聖 封 陳 守 度 為 太 師 綂 國 行 軍 務 征 討 事 . [1b*5*1]\nBính Tuất, Kiến Trung nhị niên, [Tống Bảo Khánh nhị niên] xuân chính nguyệt, sách Chiêu Hoàng vi Hoàng hậu cải Chiêu Thánh, phong Trần Thủ Độ vi Thái sư thống quốc hành quân vụ chinh thảo sự.\n廢 李 上 皇 居 真 教 襌 寺 號 惠 光 大 師 〇 . [1b*6*18]\nPhế Lí thượng hoàng cư Chân Giáo thiền tự, hiệu Huệ Quang đại sư .\n二 月 定 律 令 條 例 〇 . [1b*7*14]\nNhị nguyệt, định luật lệnh, điều lệ .\n遣 陳 守 度 領 軍 討 阮 嫩 段 尚 及 諸 蛮 . [1b*8*3]\nKhiến Trần Thủ Độ lĩnh quân thảo Nguyễn Nộn, Đoàn Thượng cập chư man.\n時 承 李 朝 之 衰 盗 賊 群 聚 傘 圓 山 廣 威 山 . [1b*8*17]\nThời, thừa Lí triều chi suy, đạo tặc quần tụ Tản Viên sơn, Quảng Oai sơn.\n諸 蛮 互 相 侵 擾 . [1b*9*14]\nChư man hỗ tương xâm nhiễu.\n",
    "url": "/data/image_dvsk/ban_ky_toan_thu/quyen5/DVSKTT_ban_toan_V_1b.jpg"
  },
  {
    "text": "阮 嫩 據 北 江 段 尚 據 洪 州 . [2a*1*1]\nNguyễn Nộn cứ Bắc Giang, Đoàn Thượng cứ Hồng châu.\n守 度 調 諸 軍 平 之 . [2a*1*11]\nThủ Độ điều chư quân bình chi.\n時 嫩 尚 兵 勢 猶 強 未 易 降 服 乃 封 嫩 為 懷 道 王 分 北 江 上 下 東 岸 等 縣 𭁈 之 亦 約 尚 以 王 封 刻 期 定 盟 尚 不 至 〇 . [2a*1*18]\nThời, Nộn, Thượng binh thế do cường vị dị hàng phục, nãi phong Nộn vi Hoài Đạo Vương, phân Bắc Giang thượng hạ đông ngạn đẳng huyện, dữ chi diệc ước Thượng dĩ Vương phong khắc kì định minh, Thượng bất chí .\n夏 五 月 封 弟 日 皎 為 欽 天 大 王 時 甫 二 歲 . [2a*4*4]\nHạ ngũ nguyệt, phong đệ Nhật Hiệu vi Khâm Thiên đại vương [thời phủ nhị tuế].\n受 文 武 從 官 品 級 有 差 〇 . [2a*4*20]\nThụ văn võ tòng quan phẩm cấp hữu sai .\n六 月 以 誕 日 為 乾 寕 節 〇 . [2a*5*9]\nLục nguyệt, dĩ đản nhật vi Càn Ninh tiết .\n秋 八 月 十 日 陳 守 度 弑 李 惠 宗 於 真 教 襌 寺 . [2a*5*19]\nThu bát nguyệt, thập nhật, Trần Thủ Độ thích Lí Huệ Tông ư Chân Giáo thiền tự.\n先 是 李 上 皇 嘗 出 逰 東 市 百 姓 爭 趍 見 之 有 慟 哭 者 . [2a*6*17]\nTiên thị Lí thượng hoàng thường xuất du Đông thị, bách tính tranh xu kiến chi, hữu đỗng khốc giả.\n守 度 恐 人 心 懷 舊 生 变 遷 居 真 教 寺 佯 為 奉 事 内 實 謹 守 . [2a*7*18]\nThủ Độ khủng nhân tâm hoài cựu sinh biến, thiên cư Chân Giáo tự dương vi phụng sự nội thực cẩn thủ.\n守 度 嘗 過 寺 前 見 惠 宗 踞 坐 拨 草 守 度 曰 拨 則 . [2a*9*2]\nThủ Độ thường quá tự tiền, kiến Huệ Tông cứ toạ bạt thảo, Thủ Độ viết: Bạt tắc..\n",
    "url": "/data/image_dvsk/ban_ky_toan_thu/quyen5/DVSKTT_ban_toan_V_2a.jpg"
  },
  {
    "text": "拔 深 根 . [2b*1*1]\nbạt thâm căn.\n惠 宗 撥 起 拂 手 曰 爾 之 所 言 我 知 之 矣 . [2b*1*4]\nHuệ Tông bát khởi phất thủ viết: Nhĩ chi sở ngôn, ngã tri chi hĩ.\n至 是 令 人 排 辨 香 花 吿 曰 尚 父 使 臣 來 請 . [2b*1*19]\nChí thị, lệnh nhân bài biện hương hoa, cáo viết: Thượng phụ sử thần lai thỉnh.\n李 上 皇 曰 我 誦 經 罷 當 自 盡 . [2b*2*16]\nLí thượng hoàng viết: Ngã tụng kinh bãi đương tự tận.\n已 而 入 寝 房 祝 曰 我 家 天 下 已 㱕 于 汝 〇 猶 弑 我 . [2b*3*8]\nDĩ nhi nhập tẩm phòng chúc viết: Ngã gia thiên hạ dĩ quy vu nhữ, nhữ do thích ngã.\n今 日 我 死 異 時 汝 之 子 孫 亦 猶 是 也 . [2b*4*8]\nKim nhật ngã tử dị, thời nhữ chi tử tôn diệc do thị dã.\n乃 自 縊 于 寺 後 園 . [2b*5*3]\nNãi tự ải vu tự hậu viên.\n守 度 令 百 官 臨 哭 𮢶 城 南 壁 為 門 時 人 謂 之 剖 門 出 柩 就 安 華 坊 火 化 藏 其 骨 於 寳 光 寺 𡨧 㙮 尊 廟 號 曰 惠 宗 . [2b*5*10]\nThủ Độ lệnh bách quan lâm khốc, tạc thành nam bích vi môn [thời nhân vị chi phẫu môn] xuất cữu tựu An Hoa phường hoả hoá, tàng kì cốt ư Bảo Quang tự tốt tháp, tôn miếu hiệu viết Huệ Tông.\n降 惠 后 為 天 極 公 主 嫁 陳 守 度 以 諒 州 為 湯 沐 邑 . [2b*7*11]\nGiáng Huệ hậu vi Thiên Cực công chúa, giá Trần Thủ Độ, dĩ Lạng châu vi Thang Mộc ấp.\n史 臣 吳 士 連 曰 三 代 之 得 天 下 也 以 仁 . [2b*9*1]\nSử thần Ngô Sĩ Liên viết: Tam Đại chi đắc thiên hạ dã dĩ nhân.\n故 大 德 . [2b*9*16]\nCố, đại đức..\n",
    "url": "/data/image_dvsk/ban_ky_toan_thu/quyen5/DVSKTT_ban_toan_V_2b.jpg"
  },
  {
    "text": "之 君 無 積 惡 之 甚 者 天 末 嘗 遽 絶 之 也 . [3a*1*1]\nchi quân vô tích ác chi thậm giả, thiên mạt thường cự tuyệt chi dã.\n夏 苟 無 桀 商 苟 無 紂 傳 祚 盖 未 𠬠 也 . [3a*1*16]\nHạ câu vô Kiệt, Thương câu vô Trụ, truyền tộ cái vị một dã.\n以 周 之 末 諸 侯 強 僣 而 正 統 之 傳 綿 綿 然 不 絶 者 是 其 祖 宗 深 仁 厚 澤 有 以 及 天 下 後 世 故 也 . [3a*2*12]\nDĩ Chu chi mạt, chư hầu cưỡng tiếm, nhi chính thống chi truyền miên miên nhiên bất tuyệt giả, thị kì tổ tông thâm nhân hậu trạch hữu dĩ cập thiên hạ hậu thế cố dã.\n李 氏 得 國 無 愧 三 代 傳 世 至 惠 宗 無 子 且 嬰 疾 盖 先 王 之 澤 於 是 乎 竭 矣 故 陳 氏 得 以 取 之 . [3a*4*12]\nLí thị đắc quốc vô quý Tam Đại truyền thế, chí Huệ Tông vô tử thả anh tật, cái Tiên vương chi trạch ư thị hồ kiệt hĩ, cố Trần thị đắc dĩ thủ chi.\n既 取 人 國 又 弑 其 君 不 仁 之 甚 也 . [3a*6*11]\nKí thủ nhân quốc, hựu thích kì quân, bất nhân chi thậm dã.\n厥 後 廢 帝 縊 死 元 后 見 弑 出 乎 爾 反 乎 爾 天 道 然 也 . [3a*7*6]\nQuyết hậu Phế Đế ải tử, nguyên hậu kiến thích xuất hồ nhĩ phản hồ nhĩ thiên đạo nhiên dã.\n雖 無 惠 宗 盟 咀 之 言 猶 信 焉 守 度 以 此 為 謀 國 盡 忠 殊 不 知 天 下 後 世 皆 指 . [3a*8*8]\nTuy vô Huệ Tông minh trớ chi ngôn, do tín yên Thủ Độ dĩ thử vi mưu quốc tận trung thù bất tri thiên hạ hậu thế giai chỉ..\n",
    "url": "/data/image_dvsk/ban_ky_toan_thu/quyen5/DVSKTT_ban_toan_V_3a.jpg"
  },
  {
    "text": "為 弑 君 之 賊 况 又 為 狗 彘 之 行 哉 . [3b*1*1]\nvi thích quân chi tặc, huống hựu vi cẩu trệ chi hành tai.\n出 李 惠 宗 宫 人 及 親 戚 女 嫁 諸 蛮 酋 長 〇 . [3b*2*2]\nXuất Lí Huệ Tông cung nhân cập thân thích nữ giá chư man tù trưởng .\n冬 十 月 尊 父 承 為 上 皇 居 左 伴 鶴 橋 坊 附 天 宫 國 有 大 事 則 在 内 聽 决 . [3b*2*18]\nĐông thập nguyệt, tôn phụ Thừa vi Thượng hoàng cư tả bạn Hạc Kiều phường Phụ Thiên cung, quốc hữu đại sự tắc tại nội thính quyết.\n尊 母 黎 氏 為 國 聖 皇 太 后 一 云 保 聖 國 母 〇 . [3b*4*7]\nTôn mẫu Lê thị vi Quốc Thánh Hoàng Thái Hậu [nhất vân Bảo Thánh Quốc Mẫu.] .\n詔 民 間 使 用 省 陌 錢 六 十 九 文 上 供 錢 陌 七 十 文 〇 . [3b*5*2]\nChiếu dân gian sử dụng Tỉnh mạch tiền lục thập cửu văn thượng cung tiền mạch thất thập văn .\n選 天 下 淑 女 充 宫 人 〇 . [3b*6*3]\nTuyển thiên hạ thục nữ sung cung nhân .\n命 輔 國 太 傅 馮 佐 周 權 知 乂 安 府 許 與 人 爵 自 佐 職 舍 人 以 下 詣 闕 奏 聞 . [3b*6*12]\nMệnh Phụ quốc Thái phó Phùng Tá Chu quyền tri Nghệ An phủ, hứa dữ nhân tước tự tá chức, xá nhân dĩ hạ, nghệ khuyết tấu văn.\n史 臣 吳 士 連 曰 予 人 以 爵 天 子 之 權 非 人 臣 所 . [3b*9*1]\nSử thần Ngô Sĩ Liên viết: Dư nhân dĩ tước thiên tử chi quyền, phi nhân thần sở..\n",
    "url": "/data/image_dvsk/ban_ky_toan_thu/quyen5/DVSKTT_ban_toan_V_3b.jpg"
  },
  {
    "text": "得 預 . [4a*1*1]\nđắc dự.\n馮 佐 州 李 朝 舊 臣 非 有 出 疆 利 國 家 安 百 姓 可 專 之 事 而 許 專 之 許 者 聽 者 皆 非 也 . [4a*1*3]\nPhùng Tá Chu Lí triều cựu thần, phi hữu xuất cương, lợi quốc gia an bách tính, khả chuyên chi sự nhi hứa chuyên chi hứa giả, thính giả giai phi dã.\n陳 家 人 臣 知 此 道 者 唯 國 公 興 道 大 王 乎 . [4a*2*17]\nTrần gia nhân thần tri thử đạo giả duy Quốc công Hưng Đạo đại vương hồ.\n聖 宗 以 其 有 大 勳 勞 許 專 與 人 爵 而 未 嘗 與 一 人 爵 . [4a*3*15]\nThánh Tông dĩ kì hữu đại huân lao hứa chuyên dữ nhân tước nhi vị thường dữ nhất nhân tước.\n當 胡 虜 入 寇 之 時 握 兵 專 制 取 粟 於 富 人 以 給 軍 食 然 上 與 為 假 郎 將 不 敢 以 真 郎 將 與 之 丁 亥 三 年 宋 寳 慶 三 年 試 三 教 子 謂 儒 道 釋 名 承 其 業 者 〇 . [4a*4*17]\nĐương Hồ lỗ nhập khấu chi thời ốc binh chuyên chế thủ túc ư phú nhân dĩ cấp quân thực nhiên thượng dữ vi giả lang tướng bất cảm dĩ chân lang tướng dữ chi Đinh Hợi tam niên [Tống Bảo Khánh tam niên] thí tam giáo tử [vị Nho, Đạo, Thích danh thừa kì nghiệp giả.] .\n詔 凣 文 書 狀 契 用 押 手 半 紙 法 〇 . [4a*7*26]\nChiếu phàm văn thư trạng khế dụng áp thủ bán chỉ pháp .\n宣 盟 誓 條 循 李 朝 故 事 始 定 行 之 其 儀 每 年 四 月 四 日 宰 相 百 官 鷄 鳴 . [4a*8*12]\nTuyên minh thệ điều tuần Lí triều cố sự thuỷ định hành chi kì nghi Mỗi niên tứ nguyệt tứ nhật tể tướng bách quan kê minh..\n",
    "url": "/data/image_dvsk/ban_ky_toan_thu/quyen5/DVSKTT_ban_toan_V_4a.jpg"
  },
  {
    "text": "時 詣 城 門 外 昧 爽 進 朝 . [4b*1*1]\nthời nghệ thành môn, ngoại muội sảng tấn triều.\n帝 御 大 明 殿 右 廊 門 百 官 戎 服 再 󰥭 而 退 . [4b*1*10]\nĐế ngự Đại Minh điện Hữu Lang môn bách quan nhung phục tái bái nhi thoái.\n各 具 隊 仗 騶 從 出 城 西 門 至 銅 皷 山 神 祠 會 盟 歃 血 . [4b*2*7]\nCác cụ đội trượng sô tòng xuất thành Tây môn chí Đồng Cổ sơn thần từ hội minh sáp huyết.\n中 書 檢 正 宣 誓 書 云 為 臣 盡 忠 居 官 清 白 有 渝 此 盟 神 明 殛 之 . [4b*3*8]\nTrung Thư kiểm chính tuyên thệ thư vân: Vi thần tận trung, cư quan thanh bạch hữu du thử minh thần minh cức chi.\n宣 訖 宰 相 點 閘 音 鴨 閉 門 也 百 官 欠 者 罰 錢 五 鏹 . [4b*4*13]\nTuyên hất, tể tướng điểm hạp âm áp bế môn dã.] bách quan khiếm giả phạt tiền ngũ cường.\n是 日 四 方 士 女 道 傍 觀 聽 如 堵 以 為 盛 事 . [4b*5*13]\nThị nhật tứ phương sĩ nữ đạo bàng quan thính như đổ dĩ vi thịnh sự.\n戊 子 四 年 宋 紹 定 元 年 春 正 月 拜 欽 天 王 日 皎 為 郡 王 〇 . [4b*7*1]\nMậu Tí tứ niên, [Tống Thiệu Định nguyên niên] xuân chính nguyệt, bái Khâm Thiên vương Nhật Hiệu vi Quận vương .\n二 月 以 簿 頭 格 試 吏 員 〇 . [4b*8*2]\nNhị nguyệt, dĩ Bạ đầu cách thí lại viên .\n秋 八 月 拜 兄 柳 為 太 尉 〇 . [4b*8*12]\nThu bát nguyệt, bái huynh Liễu vi Thái uý .\n閲 定 清 化 府 帳 籍 故 事 每 年 春 首 社 官 今 社 長 . [4b*9*3]\nDuyệt định Thanh Hoá phủ trướng tịch cố sự mỗi niên xuân thủ xã quan [kim xã trưởng]..\n",
    "url": "/data/image_dvsk/ban_ky_toan_thu/quyen5/DVSKTT_ban_toan_V_4b.jpg"
  },
  {
    "text": "開 報 人 口 謂 之 單 數 並 依 帳 籍 為 定 具 出 宗 室 文 官 文 階 武 官 武 階 從 官 軍 人 雜 流 黄 男 癃 老 不 具 附 籍 漂 散 之 類 . [5a*1*1]\nkhai báo nhân khẩu vị chi đơn sổ, tịnh y trướng tịch vi định cụ xuất tông thất, văn quan văn giai, võ quan võ giai, tòng quan, quân nhân, tạp lưu, hoàng nam, lung lão, bất cụ, phụ tịch, phiêu tán chi loại.\n有 官 爵 者 子 孫 承 蔭 方 得 入 仕 富 壮 而 無 爵 者 充 軍 世 為 兵 〇 . [5a*3*7]\nHữu quan tước giả tử tôn thừa ấm phương đắc nhập sĩ, phú tráng nhi vô tước giả sung quân thế vi binh .\n九 月 試 吏 員 以 行 移 公 文 式 謂 之 簿 頭 八 格 者 充 省 院 属 事 在 二 月 〇 . [5a*4*12]\nCửu nguyệt, thí lại viên dĩ hành di công văn thức vị chi Bạ đầu bát cách giả sung tỉnh viện thuộc [sự tại nhị nguyệt.] .\n冬 十 月 占 城 來 貢 〇 . [5a*5*20]\nĐông thập nguyệt, Chiêm Thành lai cống .\n十 二 月 阮 嫩 攻 殺 段 尚 尚 既 破 因 併 其 軍 虜 掠 洪 州 男 女 財 物 牛 馬 . [5a*6*7]\nThập nhị nguyệt, Nguyễn Nộn công sát Đoàn Thượng, Thượng ký phá nhân tính kì quân lỗ lược Hồng châu nam nữ, tài vật, ngưu mã.\n尚 子 文 將 家 属 來 降 . [5a*7*14]\nThượng tử Văn tương gia thuộc lai hàng.\n嫩 威 聲 大 振 . [5a*8*3]\nNộn uy thanh đại chấn.\n守 度 憂 甚 分 軍 守 禦 仍 遣 使 賫 書 稱 賀 加 封 懷 道 孝 武 王 送 玩 蟾 公 主 㱕 之 以 隂 . [5a*8*8]\nThủ Độ ưu thậm, phân quân thủ ngự nhưng khiến sứ tê thư xưng hạ gia phong Hoài Đạo Hiếu Vũ Vương, tống Ngoạn Thiềm công chúa quy chi dĩ âm..\n",
    "url": "/data/image_dvsk/ban_ky_toan_thu/quyen5/DVSKTT_ban_toan_V_5a.jpg"
  },
  {
    "text": "伺 其 動 靜 . [5b*1*1]\ntứ kì động tĩnh.\n嫩 亦 分 衙 帳 以 居 之 公 主 . [5b*1*5]\nNộn diệc phân nha trướng dĩ cư chi công chúa.\n以 是 不 得 通 知 . [5b*1*15]\nDĩ thị bất đắc thông tri.\n己 丑 五 年 宋 紹 定 二 年 〇 . [5b*3*1]\nKỉ Sửu ngũ niên, [Tống Thiệu Định nhị niên .\n元 太 宗 窩 闊 台 元 年 春 三 月 日 有 食 之 〇 . [5b*3*11]\nNguyên Thái Tông Oa Khoát Đài nguyên niên.] xuân tam nguyệt, nhật hữu thực chi .\n阮 嫩 病 死 . [5b*4*1]\nNguyễn Nộn bệnh tử.\n嫩 既 併 尚 軍 自 稱 大 勝 王 宴 樂 無 度 然 知 勢 不 两 立 欲 以 十 月 來 朝 猶 豫 未 决 . [5b*4*5]\nNộn ký tính Thượng quân tự xưng Đại Thắng Vương yến lạc vô độ nhiên tri thế bất lưỡng lập dục dĩ thập nguyệt lai triều, do dự vị quyết.\n及 病 篤 帝 命 内 人 問 疾 . [5b*5*16]\nCập bệnh đốc, Đế mệnh nội nhân vấn tật.\n嫩 強 飱 騎 飛 馬 以 示 健 未 幾 死 . [5b*6*6]\nNộn cưỡng tôn kị phi mã dĩ thị kiện vị cơ tử.\n麾 下 潘 麻 雷 竊 飛 馬 迯 去 不 知 所 之 . [5b*6*18]\nHuy hạ Phan Ma Lôi thiết phi mã đào khứ, bất tri sở chi.\n麻 雷 占 城 人 轉 貿 哀 牢 嫩 收 為 奴 料 敵 制 勝 用 兵 如 神 . [5b*7*13]\nMa Lôi Chiêm Thành nhân, chuyển mậu Ai Lao, Nộn thu vi nô, liệu địch chế thắng, dụng binh như thần.\n嫩 既 死 天 下 㱕 于 一 〇 . [5b*8*15]\nNộn ký tử, thiên hạ quy vu nhất .\n遣 使 聘 于 宋 宋 封 帝 為 𭴣 南 國 王 . [5b*9*5]\nKhiến sứ sính vu Tống, Tống phong Đế vi An Nam quốc vương.\n",
    "url": "/data/image_dvsk/ban_ky_toan_thu/quyen5/DVSKTT_ban_toan_V_5b.jpg"
  },
  {
    "text": "庚 寅 六 年 宋 紹 定 三 年 春 三 月 考 前 代 諸 例 定 為 國 朝 通 制 反 改 刑 律 禮 儀 凣 二 十 卷 〇 . [6a*1*1]\nCanh Dần lục niên, [Tống Thiệu Định tam niên] xuân tam nguyệt, khảo tiền đại chư lệ định vi Quốc triều thông chế, phản cải hình luật lễ nghi, phàm nhị thập quyển .\n定 徒 罪 有 差 中 罪 徒 杲 田 宏 者 刺 靣 六 字 居 杲 社 今 日 杲 社 耕 公 田 每 人 三 畝 每 年 收 粟 三 百 升 . [6a*2*14]\nĐịnh đồ tội hữu sai, trung tội đồ cảo điền hoãng giả, thích diện lục tự cư Cảo xã [kim Nhật Cảo xã] canh công điền, mỗi nhân tam mẫu, mỗi niên thu túc tam bách thăng.\n徒 牢 城 兵 者 刺 項 四 字 雜 除 昇 龍 鳳 城 草 隷 四 廂 軍 〇 . [6a*4*11]\nĐồ lao thành binh giả thích hạng tứ tự, tạp trừ Thăng Long Phụng Thành thảo lệ Tứ sương quân .\n定 京 城 左 右 伴 坊 倣 前 代 為 六 十 一 坊 . [6a*5*13]\nĐịnh kinh thành tả hữu bạn phường phỏng tiền đại vi lục thập nhất phường.\n置 評 泊 司 . [6a*6*9]\nTrí Bình bạc ti.\n或 有 增 加 大 羅 城 外 四 城 門 四 廂 軍 輪 守 〇 . [6a*6*13]\nHoặc hữu tăng gia Đại La thành ngoại tứ thành môn Tứ sương quân luân thủ .\n改 府 路 司 置 安 撫 使 副 二 員 〇 . [6a*7*11]\nCải phủ lộ ti trí An phủ sứ, Phó nhị viên .\n城 内 立 宫 殿 摟 閣 東 西 廊 廡 . [6a*8*4]\nThành nội lập cung điện lâu các đông tây lang vũ.\n左 聖 慈 上 皇 居 之 也 右 官 朝 當 中 御 之 也 編 國 朝 事 務 為 國 朝 常 禮 十 卷 . [6a*8*15]\nTả Thánh Từ [thượng hoàng cư chi dã] hữu Quan Triều [đương trung ngự chi dã] Biên quốc triều sự vụ vi Quốc triều thường lễ, thập quyển..\n",
    "url": "/data/image_dvsk/ban_ky_toan_thu/quyen5/DVSKTT_ban_toan_V_6a.jpg"
  },
  {
    "text": "秋 七 月 詔 凣 獄 監 勾 誦 許 取 脚 力 錢 依 日 程 遠 近 〇 . [6b*1*2]\n.\n九 月 國 聖 皇 太 后 崩 追 尊 順 慈 皇 太 后 . [6b*2*3]\nThu thất nguyệt, chiếu phàm ngục giám cấu tụng hứa thủ cước lực tiền y nhật trình viễn cận .\n辛 卯 七 年 宋 紹 定 四 年 春 正 月 遣 内 明 字 阮 󰘊 榖 宦 官 領 當 府 諸 兵 扭 當 府 乃 其 人 所 領 之 府 兵 扭 猶 言 兵 將 也 浚 沉 濠 諸 港 自 清 化 府 至 演 州 南 界 . [6b*3*1]\nCửu nguyệt, Quốc Thánh hoàng thái hậu băng, truy tôn Thuận Từ Hoàng thái hậu.\n功 成 陞 󰘊 榖 輔 國 上 侯 〇 . [6b*5*9]\nTân Mão thất niên, [Tống Thiệu Định tứ niên] xuân chính nguyệt, khiến Nội minh tự Nguyễn Bang Cốc [hoạn quan] lĩnh đương phủ chư binh nữu [đương phủ nãi kì nhân sở lĩnh chi phủ binh nữu do ngôn binh tướng dã.] tuấn Trầm, Hào chư cảng tự Thanh Hoá phủ chí Diễn châu nam giới.\n秋 八 月 幸 即 墨 行 宫 朝 享 先 廟 宴 鄕 老 賜 帛 有 差 〇 . [6b*5*19]\nCông thành, thăng Bang Cốc Phụ Quốc thượng hầu .\n上 皇 詔 國 中 凣 有 驛 亭 皆 塑 佛 像 事 之 . [6b*7*1]\nThu bát nguyệt, hạnh Tức Mặc hành cung, triều hưởng tiên miếu, yến hương lão, tứ bạch hữu sai .\n先 是 國 俗 以 暑 熱 多 構 亭 子 以 歇 行 人 垔 以 白 粉 號 驛 亭 . [6b*7*16]\nThượng hoàng chiếu quốc trung phàm hữu dịch đình, giai tố phật tượng sự chi.\n上 皇 微 時 嘗 憇 于 此 有 僧 謂 曰 少 年 後 當 大 貴 . [6b*8*19]\nTiên thị quốc tục dĩ thử nhiệt, đa cấu đình tử dĩ hiết hành nhân, yên dĩ bạch phấn, hiệu dịch đình.\n言 訖 . [6b*9*18]\nThượng hoàng vi thời thường khệ vu thử, hữu tăng vị viết: Thiếu niên hậu đương đại quý.\n.\nNgôn hất..\n",
    "url": "/data/image_dvsk/ban_ky_toan_thu/quyen5/DVSKTT_ban_toan_V_6b.jpg"
  },
  {
    "text": "失 僧 所 在 . [7a*1*1]\nthất tăng sở tại.\n及 得 天 下 故 有 此 命 . [7a*1*5]\nCập đắc thiên hạ cố hữu thử mệnh.\n史 臣 吳 士 連 曰 陳 太 宗 此 事 與 李 太 祖 之 萬 行 事 〇 . [7a*2*1]\nSử thần Ngô Sĩ Liên viết: Trần Thái Tông thử sự dữ Lí Thái Tổ chi Vạn Hạnh sự đồng.\n李 陳 崇 佛 之 權 與 也 . [7a*3*3]\nLí Trần sùng phật chi quyền dữ dã.\n夫 有 識 者 凣 事 皆 先 見 奚 足 為 異 哉 . [7a*3*11]\nPhu hữu thức giả phàm sự giai tiên kiến hề túc vi dị tai.\n壬 辰 八 年 七 月 以 後 天 應 政 平 元 年 . [7a*5*1]\nNhâm Thìn bát niên, [thất nguyệt dĩ hậu Thiên Ứng Chính Bình nguyên niên .\n宋 紹 定 五 年 春 正 月 初 定 朝 儀 封 上 皇 子 婆 列 為 懷 德 王 . [7a*5*16]\nTống Thiệu Định ngũ niên.] xuân chính nguyệt, sơ định triều nghi phong thượng hoàng tử Bà Liệt vi Hoài Đức Vương.\n初 上 皇 微 時 娶 婆 列 村 女 在 西 真 縣 有 娠 而 見 踈 及 生 婆 列 上 皇 不 之 認 . [7a*6*11]\nSơ thượng hoàng vi thời thú Bà Liệt thôn nữ [tại Tây Chân huyện] hữu thần nhi kiến sơ, cập sinh Bà Liệt thượng hoàng bất chi nhận.\n年 長 魁 梧 善 武 藝 願 為 交 跌 隊 . [7a*7*20]\nNiên trưởng khôi ngô, thiện vũ nghệ, nguyện vi giao điệt đội.\n一 日 與 隊 人 擊 毬 其 人 交 跌 扼 婆 列 喉 氣 幾 絶 . [7a*8*11]\nNhất nhật dữ đội nhân kích cầu, kì nhân giao điệt ách Bà Liệt hầu, khí cơ tuyệt.\n上 皇 厲 聲 曰 是 我 子 也 . [7a*9*10]\nThượng hoàng lệ thanh viết: Thị ngã tử dã.\n其 . [7a*9*19]\nKì..\n",
    "url": "/data/image_dvsk/ban_ky_toan_thu/quyen5/DVSKTT_ban_toan_V_7a.jpg"
  },
  {
    "text": "人 驚 拜 . [7b*1*1]\nnhân kinh bái.\n即 日 認 為 子 故 有 是 命 〇 . [7b*1*4]\nTức nhật, nhận vi tử cố hữu thị mệnh .\n二 月 試 太 學 生 . [7b*1*14]\nNhị nguyệt, thí Thái học sinh.\n中 第 一 甲 張 亨 劉 琰 第 二 甲 鄧 演 鄭 缶 第 三 甲 陳 周 普 〇 . [7b*2*1]\nTrúng đệ nhất giáp Trương Hanh, Lưu Diễm, đệ nhị giáp Đặng Diễn, Trịnh Phẫu, đệ tam giáp Trần Chu Phổ .\n夏 六 月 頒 國 諱 廟 諱 . [7b*3*4]\nHạ lục nguyệt, phân quốc huý, miếu huý.\n元 祖 諱 李 因 改 李 朝 為 阮 朝 且 絶 民 之 望 李 氏 也 〇 . [7b*3*12]\nNguyên tổ huý Lí, nhân cải Lí triều vi Nguyễn triều, thả tuyệt dân chi vọng Lí thị dã .\n秋 七 月 二 十 二 日 改 元 天 應 政 平 元 年 〇 . [7b*4*13]\nThu thất nguyệt, nhị thập nhị nhật, cải nguyên Thiên Ứng Chính Bình nguyên niên .\n八 月 暴 風 民 間 疫 癘 多 有 死 者 〇 . [7b*5*10]\nBát nguyệt, bạo phong, dân gian dịch lệ đa hữu tử giả .\n陳 守 度 盡 殺 李 氏 宗 室 . [7b*6*4]\nTrần Thủ Độ tận sát Lí thị tông thất.\n時 守 度 專 政 日 久 既 弑 惠 宗 李 家 宗 室 怏 怏 失 望 . [7b*6*13]\nThời Thủ Độ chuyên chính nhật cửu, ký thích Huệ tông, Lí gia tông thất ưởng ưởng thất vọng.\n是 年 冬 諸 李 因 拜 先 后 于 華 林 太 堂 守 度 潜 作 深 坑 築 屋 居 上 候 至 酒 酣 𭛁 機 並 生 埋 之 . [7b*7*13]\nThị niên, đông chư Lí nhân bái tiên hậu vu Hoa Lâm, Thái Đường, Thủ Độ tiềm tác thâm khanh, trúc ốc cư thượng, hậu chí tửu hàm phát cơ tịnh sinh mai chi.\n按 英 宗 時 猶 有 李 家 族 將 且 孚 先 不 書 此 事 未 必 有 也 故 . [7b*9*9]\n[án Anh Tông thời do hữu Lí gia tộc tướng thả Phù Tiên bất thư, thử sự vị tất hữu, dã cố..\n",
    "url": "/data/image_dvsk/ban_ky_toan_thu/quyen5/DVSKTT_ban_toan_V_7b.jpg"
  },
  {
    "text": "有 之 癸 巳 天 應 政 平 二 年 宋 紹 定 六 年 命 馮 佐 周 閲 定 乂 安 府 諸 名 邑 〇 . [8a*1*1]\nhữu\n皇 太 子 鄭 薨 . [8a*3*6]\nchi\n按 史 法 皇 太 子 生 必 以 年 月 日 書 薨 亦 然 此 止 書 薨 者 盖 始 生 而 𣨟 失 其 月 日 也 〇 . [8a*3*11]\n] Quý Tị Thiên Ứng Chính Bình nhị niên, [Tống Thiệu Định lục niên] mệnh Phùng Tá Chu duyệt định Nghệ An phủ chư danh ấp .\n大 水 . [8a*4*16]\nHoàng Thái tử Trịnh hoăng.\n甲 午 三 年 宋 端 平 元 年 春 正 月 十 八 日 上 皇 崩 于 附 天 宫 壽 五 十 一 〇 . [8a*5*1]\n[Án sử pháp Hoàng thái tử sinh tất dĩ niên, nguyệt, nhật, thư hoăng diệc nhiên thử chỉ thư hoăng giả cái thuỷ sinh nhi dị thất kì nguyệt nhật dã.] .\n秋 八 月 二 十 八 日 塟 龍 興 府 壽 陵 陵 在 星 罡 鄕 昭 裕 德 三 陵 同 廟 號 徽 宗 謚 曰 開 運 立 極 弘 人 應 道 純 真 至 德 神 武 聖 文 垂 裕 至 孝 皇 帝 〇 . [8a*6*7]\nĐại thuỷ.\n以 太 尉 柳 輔 政 󰀋 為 顯 皇 . [8a*8*17]\nGiáp Ngọ tam niên, [Tống Đoan Bình nguyên niên] xuân chính nguyệt, thập bát nhật, thượng hoàng băng vu Phụ Thiên cung, thọ ngũ thập nhất .\n.\nThu bát nguyệt, nhị thập bát nhật, táng Long Hưng phủ, Thọ Lăng [lăng tại Tinh Cương hương, Chiêu, Dụ, Đức, tam lăng đồng.] Miếu hiệu Huy Tông thuỵ viết Khai Vận Lập Cực Hoằng Nhân Ứng Đạo Thuần Chân Chí Đức Thần Vũ Thánh Văn Thuỳ Dụ Chí Hiếu Hoàng đế .\n.\nDĩ Thái uý Liễu phụ chính sách vi Hiển Hoàng.\n",
    "url": "/data/image_dvsk/ban_ky_toan_thu/quyen5/DVSKTT_ban_toan_V_8a.jpg"
  },
  {
    "text": "史 臣 吳 士 連 曰 太 宗 之 於 兄 柳 欲 尊 異 之 故 為 是 過 舉 . [8b*1*1]\nSử thần Ngô Sĩ Liên viết: Thái Tông chi ư huynh Liễu dục tôn dị chi, cố vi thị quá cử.\n󰀋 為 顯 皇 名 不 正 矣 . [8b*2*4]\nSách vi Hiển Hoàng, danh bất chính hĩ.\n夫 名 不 正 則 言 不 順 言 不 順 則 事 不 成 . [8b*2*12]\nPhu danh bất chính, tắc ngôn bất thuận, ngôn bất thuận tắc sự bất thành.\n柳 萌 作 乱 之 心 未 必 不 由 乎 此 . [8b*3*9]\nLiễu manh tác loạn chi tâm vị tất bất do hồ thử.\n拜 守 度 為 綂 國 太 師 知 清 化 府 事 〇 . [8b*5*2]\nBái Thủ Độ vi Thống quốc Thái sư, tri Thanh Hoá phủ sự .\n加 封 李 朝 太 尃 馮 佐 周 為 興 仁 王 関 内 侯 范 敬 恩 為 太 尃 封 保 忠 関 内 侯 . [8b*5*16]\nGia phong Lí triều thái phó Phùng tá Chu vi Hưng Nhân vương, quan nội hầu Phạm Kính Ân vi Thái phó phong Bảo Trung quan nội hầu.\n乙 未 四 年 宋 端 平 二 年 春 正 月 雷 震 城 内 三 十 處 〇 . [8b*8*1]\nẤt Mùi tứ niên, [Tống Đoan Bình nhị niên] xuân chính nguyệt, lôi chấn thành nội tam thập xứ .\n大 赦 . [8b*8*22]\nĐại xá.\n",
    "url": "/data/image_dvsk/ban_ky_toan_thu/quyen5/DVSKTT_ban_toan_V_8b.jpg"
  },
  {
    "text": "丙 申 五 年 宋 端 平 元 年 春 正 月 定 内 外 文 武 官 及 宫 殿 陵 廟 名 官 俸 例 分 税 錢 逐 次 頒 給 〇 . [9a*1*1]\nBính Thân ngũ niên, [Tống Đoan Bình nguyên niên] xuân chính nguyệt, định nội ngoại văn võ quan cập cung điện lăng miếu danh, quan bổng lệ, phân thuế tiền trục thứ phân cấp .\n二 月 定 大 臣 官 銜 . [9a*2*15]\nNhị nguyệt, định đại thần quan hàm.\n凣 宗 室 入 政 府 或 太 師 太 傅 太 保 太 尉 或 司 徒 左 右 相 國 皆 兼 授 檢 校 特 進 儀 同 三 司 平 章 事 〇 . [9a*3*3]\nPhàm tông thất nhập chính phủ hoặc Thái sư, Thái phó, Thái bảo, Thái uý, hoặc Tư đồ, Tả hữu tướng quốc, giai kiêm thụ Kiểm Hiệu đặc tiến nghi đồng tam ti bình chương sự .\n夏 六 月 大 水 决 麗 天 宮 . [9a*5*2]\nHạ lục nguyệt, đại thuỷ quyết Lệ Thiên cung.\n時 顯 皇 柳 知 聖 慈 宫 因 大 水 乘 船 入 朝 見 李 朝 舊 妃 逼 通 於 麗 天 宫 . [9a*5*11]\nThời Hiển Hoàng Liễu tri Thánh Từ cung nhân đại thuỷ thừa thuyền nhập triều, kiến Lí triều cựu phi, bức thông ư Lệ Thiên cung.\n廷 臣 劾 奏 因 改 其 宫 為 賞 春 宫 降 顯 皇 為 懷 王 . [9a*6*18]\nĐÌnh thần hạch tấu, nhân cải kì cung vi Thưởng Xuân cung, giáng Hiển Hoàng vi Hoài vương .\n秋 八 月 選 儒 生 中 科 者 入 侍 後 為 定 例 〇 . [9a*7*18]\nThu bát nguyệt, tuyển nho sinh trúng khoa giả nhập thị, hậu vi định lệ .\n冬 十 月 以 范 應 臣 為 尚 書 知 國 子 院 提 調 文 臣 從 臣 子 弟 入 學 . [9a*8*15]\nĐông thập nguyệt, dĩ Phạm Ứng Thần vi Thượng thư tri Quốc tử viện, đề điều văn thần, tụng thần tử đệ nhập học.\n",
    "url": "/data/image_dvsk/ban_ky_toan_thu/quyen5/DVSKTT_ban_toan_V_9a.jpg"
  },
  {
    "text": "加 封 興 仁 王 馮 佐 周 為 大 王 関 内 侯 范 敬 恩 為 太 尉 賜 大 王 冠 服 . [9b*1*2]\n.\n丁 酉 六 年 宋 嘉 熙 元 年 春 正 月 詔 凣 造 嘱 書 文 契 係 田 土 揭 借 債 錢 書 契 証 人 押 手 前 三 行 賣 主 押 手 後 四 行 〇 . [9b*3*1]\nGia phong Hưng Nhân Vương Phùng Tá Chu vi đại vương, Quan nội hầu Phạm Kính Ân vi Thái uý, tứ đại vương quan phục.\n納 兄 懷 王 柳 妻 順 天 公 主 李 氏 為 順 天 皇 后 降 昭 聖 為 公 主 . [9b*5*4]\nĐinh Dậu lục niên, [Tống Gia Hi nguyên niên] xuân chính nguyệt, chiếu phàm tạo chúc thư văn khế, hệ điền thổ yết tá, trái tiền thư khế, chứng nhân áp thủ tiền tam hàng, mại chủ áp thủ hậu tứ hàng .\n時 昭 聖 無 子 而 順 天 懷 娠 國 康 三 月 陳 守 度 與 天 極 公 主 𡧸 謀 於 帝 曰 宜 冒 取 之 以 賴 其 後 故 有 是 命 . [9b*6*8]\nNạp huynh Hoài Vương Liễu thê Thuận Thiên công chúa Lí thị vi Thuận Thiên Hoàng hậu, giáng Chiêu Thánh vi công chúa.\n柳 於 是 聚 眾 下 大 江 作 亂 . [9b*8*9]\nThời Chiêu Thánh vô tử, nhi Thuận Thiên hoài thần Quốc Khang tam nguyệt, Trần Thủ Độ dữ Thiên Cực công chúa mật mưu ư Đế viết nghi mạo thủ chi dĩ lại kì hậu, cố hữu thị mệnh.\n帝 内 不 自 安 夜 出 城 就 安 子 山 孚 雲 國 師 師 太 宗 故 交 也 居 . [9b*8*19]\nLiễu ư thị tụ chúng hạ đại giang tác loạn.\n.\nĐế nội bất tự an, dạ xuất thành tựu Yên tử sơn Phù Vân quốc sư [sư Thái Tông cố giao dã.] cư..\n",
    "url": "/data/image_dvsk/ban_ky_toan_thu/quyen5/DVSKTT_ban_toan_V_9b.jpg"
  },
  {
    "text": "焉 . [10a*1*1]\nyên.\n明 日 守 度 率 群 臣 邀 駕 還 京 師 . [10a*1*2]\nMinh nhật, Thủ Độ suất quần thần yêu giá hoàn kinh sư.\n帝 曰 朕 以 幼 冲 未 堪 重 寄 父 皇 遽 爾 違 背 早 䘮 所 怙 不 敢 宅 帝 位 以 辱 社 稷 . [10a*1*14]\nĐế viết: Trẫm dĩ ấu xung vị kham trọng kí, phụ hoàng cự nhĩ vi bối tảo táng, sở hộ bất cảm trạch Đế vị, dĩ nhục xã tắc.\n守 度 再 三 固 請 未 𫎇 俞 𠃔 乃 謂 眾 曰 凣 乘 興 所 在 即 是 朝 廷 . [10a*3*5]\nThủ Độ tái tam cố thỉnh vị mông dũ doãn, nãi vị chúng viết: Phàm thừa hưng sở tại, tức thị triều đình.\n遂 表 蕝 山 中 此 處 天 安 殿 彼 處 端 明 閣 差 人 營 造 . [10a*4*9]\nToại biểu tuyệt sơn trung thử xứ Thiên An điện, bỉ xứ Đoan Minh các, sai nhân doanh tạo.\n國 師 聞 之 奏 曰 陛 下 宜 速 回 銮 毋 使 𢦤 弟 子 山 林 . [10a*5*9]\nQuốc sư văn chi tấu viết: Bệ hạ nghi tốc hồi loan vô sử tường đệ tử sơn lâm.\n帝 乃 回 京 . [10a*6*9]\nĐế nãi hồi kinh.\n二 旬 柳 自 度 勢 孤 難 以 两 立 潜 乘 獨 木 舟 假 為 漁 者 詣 帝 乞 降 . [10a*6*13]\nNhị tuần, liễu tự độ thế cô, nan dĩ lưỡng lập, tiềm thừa độc mộc chu giả vi ngư giả nghệ Đế khất hàng.\n時 帝 在 舶 與 之 對 泣 . [10a*7*18]\nThời đế tại bách dữ chi đối khấp.\n守 度 聞 之 直 至 御 舶 拨 劎 厲 聲 曰 殺 柳 賊 帝 匿 柳 于 舶 倉 卒 謂 守 度 曰 奉 乾 王 奉 乾 柳 李 . [10a*8*7]\nThủ Độ văn chi, trực chí ngự bách, bạt kiếm lệ thanh viết: Sát Liễu tặc! Đế nặc Liễu vu bách, thảng thốt vị Thủ Độ viết: Phụng Càn vương [Phụng Càn Liễu Lí..\n",
    "url": "/data/image_dvsk/ban_ky_toan_thu/quyen5/DVSKTT_ban_toan_V_10a.jpg"
  },
  {
    "text": "時 舊 號 也 來 降 耳 仍 以 身 當 之 守 度 怒 甚 投 劎 于 江 曰 我 是 走 狗 耳 安 知 爾 兄 弟 之 順 逆 乎 帝 和 解 之 諭 守 度 罷 兵 以 安 阜 安 養 安 生 安 興 安 󰘊 之 地 為 柳 湯 沐 邑 因 封 其 地 號 安 生 王 大 江 亂 兵 伏 誅 潘 孚 先 曰 三 綱 五 常 人 之 大 倫 太 宗 開 基 之 主 固 當 立 法 以 垂 後 世 乃 聽 守 度 之 邪 謀 奪 兄 妻 以 為 后 旡 乃 斁 彛 倫 以 啓 淫 乱 之 端 乎 柳 自 是 生 嫌 隙 敢 於 作 乱 太 宗 養 成 其 惡 也 或 謂 太 宗 不 殺 兄 仁 矣 愚 謂 奪 兄 妻 其 惡 . [10b*1*1]\nthời cựu hiệu dã] lai hàng nhĩ Những dĩ thân đương chi Thủ Độ nộ thậm đầu kiếm vu giang viết Ngã thị tẩu cẩu nhĩ an tri nhĩ huynh đệ chi thuận nghịch hồ Đế hoà giải chi dụ Thủ Độ bãi binh Dĩ Yên Phụ Yên Dưỡng Yên Sinh Yên Hưng Yên Bang chi địa vi Liễu thang mộc ấp nhân phong kì địa hiệu Yên Sinh vương Đại giang loạn binh phục tru Phan Phu Tiên viết Tam cương ngũ thường nhân chi đại luân Thái Tông khai cơ chi chủ cố đương lập pháp dĩ thuỳ hậu thế nãi thính Thủ Độ chi tà mưu đoạt huynh thê dĩ vi hậu vô nãi dịch di luân dĩ khải dâm loạn chi đoan hồ Liễu tự thị sinh hiềm khích cảm ư tác loạn Thái Tông dưỡng thành kì ác dã Hoặc vị Thái Tông bất sát huynh nhân hĩ Ngu vị đoạt huynh thê kì ác..\n",
    "url": "/data/image_dvsk/ban_ky_toan_thu/quyen5/DVSKTT_ban_toan_V_10b.jpg"
  },
  {
    "text": "理 未 滅 耳 烏 得 謂 之 仁 哉 嘗 觀 陳 裕 宗 淫 乱 聚 麀 未 始 不 由 太 宗 啓 之 也 . [11a*1*1]\nlí vị diệt nhĩ, ô đắc vị chi nhân tai! Thường quan Trần Dụ Tông dâm loạn tụ u, vị thuỷ bất do Thái Tông khải chi dã.\n史 臣 吳 士 連 曰 太 宗 冒 取 兄 子 為 己 子 厥 後 裕 宗 憲 慈 皆 以 日 禮 為 恭 肃 子 致 陳 業 幾 墜 其 原 𡸈 無 所 自 哉 〇 . [11a*3*1]\nSử thần Ngô Sĩ Liên viết: Thái Tông mạo thủ huynh tử vi kỷ tử, quyết hậu Dụ Tông, Hiến Từ giai dĩ Nhật Lễ vi Cung Túc tử trí Trần nghiệp cơ truỵ, kì nguyên há vô sở tự tai! .\n群 臣 上 尊 號 曰 綂 天 御 極 隆 功 厚 德 顯 功 佑 順 聖 文 神 武 孝 元 皇 帝 〇 . [11a*6*2]\nQuần thần thượng tôn hiệu viết Thống Thiên Ngự Cực Long Công Hậu Đức Hiển Công Hựu Thuận Thánh Văn Thần Vũ Hiếu Nguyên Hoàng Đế .\n宴 群 臣 於 天 安 殿 〇 . [11a*7*10]\nYến quần thần ư Thiên An điện .\n二 月 移 造 靈 光 殿 於 東 步 頭 號 風 水 殿 . [11a*7*18]\nNhị nguyệt, di tạo Linh Quang điện ư Đông Bộ Đầu, hiệu Phong Thuỷ điện.\n凣 車 駕 所 幸 駐 蹕 於 此 百 官 迎 送 必 献 檳 榔 及 茶 故 俗 呼 茶 殿 . [11a*8*14]\nPhàm xa giá sở hạnh trú tất ư thử, bách quan nghênh tống, tất hiến tân lang cập trà, cố tục hô Trà điện .\n",
    "url": "/data/image_dvsk/ban_ky_toan_thu/quyen5/DVSKTT_ban_toan_V_11a.jpg"
  },
  {
    "text": "夏 五 月 端 午 節 吊 屈 原 及 古 賢 人 如 介 子 推 者 . [11b*1*1]\nHạ ngũ nguyệt, Đoan Ngọ tiết, điếu Khuất Nguyên cập cổ hiền nhân như Giới Tử Thôi giả.\n每 年 是 月 皆 󰁮 行 之 . [11b*1*19]\nMỗi niên thị nguyệt giai cử hành chi.\n戊 戌 七 年 宋 嘉 熙 二 年 春 二 月 命 綂 國 太 師 陳 守 度 定 清 化 府 帳 籍 〇 . [11b*3*1]\nMậu Tuất thất niên, [Tống Gia Hi nhị niên] xuân nhị nguyệt, mệnh Thống Quốc Thái sư Trần Thủ Độ định Thanh Hoá phủ trướng tịch .\n秋 七 月 大 水 决 賞 春 宫 〇 . [11b*4*7]\nThu thất nguyệt, đại thuỷ, quyết Thưởng Xuân cung .\n八 月 定 王 侯 公 主 文 武 群 臣 宗 室 舟 車 之 制 〇 . [11b*4*17]\nBát nguyệt, định vương hầu công chúa, văn võ quần thần, tông thất, chu xa chi chế .\n宴 五 品 之 上 於 八 角 殿 . [11b*5*16]\nYến ngũ phẩm chi thượng ư Bát Giác điện.\n己 亥 八 年 宋 嘉 熙 三 年 春 正 月 復 授 馮 佐 周 入 内 太 傅 遣 㱕 即 墨 鄕 起 造 宫 室 殿 宇 二 . [11b*7*1]\nKỉ Hợi bát niên, [Tống Gia Hi tam niên] xuân chính nguyệt, phục thụ Phùng Tá Chu Nhập nội Thái Phó khiến quy Tức Mặc hương khởi tạo cung thất điện vũ .\n〇 月 試 太 學 生 . [11b*8*13]\nNhị nguyệt, thí Thái học sinh.\n中 第 一 甲 劉 免 王 戞 第 二 甲 吳 克 第 三 甲 王 世 禄 〇 . [11b*8*19]\nTrúng đệ nhất giáp Lưu Miễn, Vương Giát, đệ nhị giáp Ngô Khắc, đệ tam giáp Vương Thế Lộc .\n",
    "url": "/data/image_dvsk/ban_ky_toan_thu/quyen5/DVSKTT_ban_toan_V_11b.jpg"
  },
  {
    "text": "矯 賢 作 乱 〇 . [12a*1*1]\nKiểu Hiền tác loạn .\n三 月 選 丁 壯 為 兵 定 上 中 下 三 等 〇 . [12a*1*6]\nTam nguyệt, tuyển đinh tráng vi binh, định thượng trung hạ tam đẳng .\n秋 八 月 矯 賢 伏 誅 . [12a*2*1]\nthu bát nguyệt, Kiểu Hiền phục tru.\n庚 子 九 年 宋 嘉 熙 四 年 春 正 月 命 馮 佐 周 營 造 清 化 府 行 宫 五 處 〇 . [12a*3*1]\nCanh Tí cửu niên, [Tống Gia Hi tứ niên] xuân chính nguyệt, mệnh Phùng Tá Chu doanh tạo Thanh Hoá phủ hành cung ngũ xứ .\n秋 七 月 暴 風 大 雨 水 地 震 〇 . [12a*4*6]\nThu thất nguyệt, bạo phong đại vũ thuỷ, địa chấn .\n九 月 二 十 五 日 皇 適 長 子 晃 生 立 為 東 宫 皇 太 子 . [12a*4*17]\nCửu nguyệt, nhị thập ngũ nhật, Hoàng thích trưởng tử Hoảng sinh, lập vi Đông cung hoàng thái tử.\n大 赦 〇 . [12a*5*17]\nĐại xá .\n冬 十 月 諒 江 守 臣 驛 奏 所 部 被 北 人 虜 掠 民 間 財 物 . [12a*6*1]\nĐông thập nguyệt, Lạng Giang thủ thần dịch tấu sở bộ bị Bắc nhân lỗ lược dân gian tài vật.\n命 侍 臣 裴 欽 徃 北 邉 申 理 . [12a*7*2]\nMệnh thị thần Bùi Khâm vãng Bắc biên thân lí.\n辛 丑 十 年 宋 淳 祐 元 年 春 二 月 選 有 勇 力 諳 武 藝 者 充 上 都 宿 衛 〇 . [12a*8*1]\nTân Sửu thập niên, [Tống Thuần hựu nguyên niên] xuân nhị nguyệt, tuyển hữu dũng lực am vũ nghệ giả sung Thượng đô túc vệ .\n夏 四 月 旱 各 處 山 崩 椰 市 地 裂 〇 . [12a*9*6]\nHạ tứ nguyệt, hạn các xứ sơn băng, Dừa thị địa liệt .\n秋 . [12a*9*19]\nThụ.\n",
    "url": "/data/image_dvsk/ban_ky_toan_thu/quyen5/DVSKTT_ban_toan_V_12a.jpg"
  },
  {
    "text": "八 月 大 水 〇 . [12b*1*1]\nbát nguyệt, đại thuỷ .\n九 月 詔 諸 司 󰠣 獄 許 取 評 泊 錢 評 即 󰠣 也 前 有 評 司 亦 是 也 〇 . [12b*1*6]\nCửu nguyệt, chiếu chư ti đoán ngục hứa thủ bình bạc tiền [bình tức đoán dã, tiền hữu Bình ti diệc thị dã.] .\n冬 十 月 北 蛮 寇 邉 . [12b*2*10]\nĐông thập nguyệt, Bắc man khấu biên.\n命 督 將 范 敬 恩 討 之 畧 諸 蛮 峒 而 還 〇 . [12b*2*17]\nMệnh Đốc tướng Phạm Kính Ân thảo chi, lược chư man động nhi hoàn .\n皇 第 三 子 光 啓 生 太 子 晃 同 母 弟 也 . [12b*3*9]\nHoàng đệ tam tử Quang Khải sinh, Thái tử Hoảng đồng mẫu đệ dã.\n國 康 其 長 兄 也 後 並 封 大 王 . [12b*4*4]\nQuốc Khang kì trưởng huynh dã, hậu tịnh phong Đại vương.\n次 則 日 永 益 稷 昭 文 並 封 王 又 次 則 封 上 位 侯 . [12b*4*15]\nThứ tắc Nhật Vĩnh, Ích Tắc, Chiêu Văn, tịnh phong vươn, hựu thứ tắc phong thượng vị hầu.\n諸 王 長 子 則 封 王 次 則 封 上 位 侯 永 為 定 制 〇 . [12b*5*14]\nChư vương trưởng tử tắc phong vương, thứ tắc phong thượng vị hầu, vĩnh vi định chế .\n帝 親 征 宋 陵 路 永 安 永 平 等 寨 遂 過 欽 廉 等 州 自 稱 齋 郎 捨 舶 境 内 止 以 金 鳳 日 光 月 光 等 舟 而 徃 . [12b*6*13]\nĐế thân chinh Tống Lăng lộ Vĩnh An, Vĩnh Bình đẳng trại toại quá Khâm, Liêm đẳng châu tự xưng Trai Lang, xá bách cảnh nội chỉ dĩ Kim Phụng, Nhật Quang, Nguyệt Quang đẳng chu nhi vãng.\n州 人 不 知 其 為 帝 皆 驚 走 及 知 之 乃 絙 紩 鎖 於 江 中 以 截 水 路 . [12b*8*13]\nChâu nhân bất tri kì vi Đế giai kinh tẩu, cập tri chi nãi căng thiết toả ư giang trung dĩ tiệt thuỷ lộ.\n帝 遂 . [12b*9*18]\nĐế toại..\n",
    "url": "/data/image_dvsk/ban_ky_toan_thu/quyen5/DVSKTT_ban_toan_V_12b.jpg"
  },
  {
    "text": "返 拔 其 鐵 碇 數 十 以 㱕 〇 . [13a*1*1]\nphản bạt kì thiết đính số thập dĩ quy .\n馮 佐 周 卒 . [13a*1*11]\nPhùng Tá Chu tốt.\n壬 寅 十 一 年 宋 淳 祐 二 年 春 二 月 定 天 下 為 十 二 路 . [13a*2*1]\nNhâm Dần thập nhất niên, [Tống Thuần Hựu nhị niên] xuân nhị nguyệt, định thiên hạ vi thập nhị lộ.\n置 安 撫 鎮 撫 正 副 二 員 以 治 之 . [13a*2*22]\nTrí an phủ, trấn phủ, chính phó nhị viên dĩ trị chi.\n諸 社 󰀋 設 大 小 司 社 五 品 以 上 為 大 司 社 六 品 以 下 為 小 司 社 . [13a*3*12]\nChư xã sách thiết đại tiểu tư xã, ngũ phẩm dĩ thượng vi Đại tư xã, lục phẩm dĩ hạ vi tiểu tư xã.\n或 兼 二 三 四 社 及 社 正 史 監 為 社 官 . [13a*4*17]\nHoặc kiêm nhị tam tứ xã cập xã chính sử giám vi xã quan.\n造 戸 口 單 數 . [13a*5*12]\nTạo hộ khẩu đơn số.\n男 子 大 者 為 大 黄 男 小 者 為 小 黄 男 六 十 歳 為 老 甚 老 爲 癃 老 . [13a*5*17]\nNam tử đại giả vi đại hoàng nam, tiểu giả vi tiểu hoàng nam, lục thập tuế vi lão, thậm lão vi lung lão.\n其 人 丁 有 田 土 則 出 錢 粟 無 田 土 者 全 免 . [13a*7*3]\nKì nhân đinh hữu điền thổ tắc xuất tiền túc, vô điền thổ giả toàn miễn.\n田 一 畝 二 畝 出 錢 一 貫 三 畝 四 畝 出 錢 貳 貫 五 畝 以 上 出 錢 三 貫 . [13a*7*19]\nĐiền nhất mẫu, nhị mẫu xuất tiền nhất quan, tam mẫu, tứ mẫu xuất tiền nhị quan, ngũ mẫu dĩ thượng xuất tiền tam quan.\n田 租 一 畝 出 粟 一 百 升 〇 . [13a*9*6]\nĐiền tô nhất mẫu xuất túc nhất bách thăng .\n夏 四 月 命 . [13a*9*16]\nHạ tứ nguyệt, mệnh..\n",
    "url": "/data/image_dvsk/ban_ky_toan_thu/quyen5/DVSKTT_ban_toan_V_13a.jpg"
  },
  {
    "text": "親 衛 將 軍 陳 閨 擎 將 兵 鎮 守 北 邉 攻 畧 憑 祥 路 地 方 . [13b*1*1]\nThân vệ tướng quân Trần Khuê Kình tương binh trấn thủ Bắc biên, công lược Bằng Tường lộ địa phương.\n初 自 元 太 宗 崩 後 関 再 徃 徃 不 通 . [13b*2*2]\nSơ, tự Nguyên Thái Tông băng hậu, quan tái vãng vãng bất thông.\n如 有 使 命 惟 正 副 二 員 從 人 二 貟 而 已 進 貢 方 物 其 數 若 干 緘 封 送 至 界 首 本 處 土 官 守 𬋩 領 𮞏 送 . [13b*2*15]\nNhư hữu sứ mệnh duy chính phó nhị viên tòng nhân nhị viên nhi dĩ tiến cống, phương vật kì số nhược can giam phong tống chí giới thủ, bản xứ thổ quan thủ quản lĩnh đệ tống.\n使 人 至 京 但 上 具 本 柬 奏 貢 物 無 至 者 . [13b*4*15]\nSứ nhân chí kinh đản thượng cụ bản giản tấu, cống vật vô toàn chí giả.\n至 是 命 將 守 禦 攻 畧 始 得 與 宋 通 好 〇 . [13b*5*12]\nChí thị, mệnh tướng thủ ngự công lược, thuỷ đắc dữ Tống thông hảo .\n五 六 月 旱 録 因 大 赦 〇 . [13b*6*8]\nNgũ lục nguyệt, hạn lục nhân đại xá .\n秋 七 月 雨 免 田 租 之 半 〇 . [13b*6*17]\nThu thất nguyệt, vũ, miễn điền tô chi bán .\n九 月 庚 辰 朔 日 食 〇 . [13b*7*8]\nCửu nguyệt, Canh Thìn sóc, nhật thực .\n冬 十 月 占 城 來 貢 〇 . [13b*7*16]\nĐông thập nguyệt, Chiêm Thành lai cống .\n十 二 月 黄 龍 見 . [13b*8*5]\nThập nhị nguyệt, hoàng long hiện.\n癸 卯 十 二 年 宋 淳 祐 三 年 春 正 月 令 諸 路 官 修 寫 民 簿 . [13b*9*1]\nQuý Mão thập nhị niên, [Tống Thuần Hựu tam niên] xuân chính nguyệt, lệnh chư lộ quan tu tả dân bạ,..\n",
    "url": "/data/image_dvsk/ban_ky_toan_thu/quyen5/DVSKTT_ban_toan_V_13b.jpg"
  },
  {
    "text": "其 二 月 完 畢 〇 . [14a*1*1]\nkì nhị nguyệt hoàn tất .\n二 月 營 城 内 號 龍 鳳 城 及 重 修 國 子 監 〇 . [14a*1*7]\nNhị nguyệt, doanh thành nội, hiệu Long Phụng thành, cập trùng tu Quốc tử giám .\n夏 六 月 命 員 外 郎 張 疋 󰠣 都 衛 府 諸 獄 〇 . [14a*2*4]\nHạ lục nguyệt, mệnh viên ngoại lang Trương Thất đoán Đô vệ phủ chư ngục .\n秋 八 月 大 水 决 大 羅 城 〇 . [14a*3*1]\nThu bát nguyệt, đại thuỷ quyết Đại La Thành .\n冬 十 月 選 補 諸 軍 部 調 役 . [14a*3*11]\nĐông thập nguyệt, tuyển bổ chư quân bộ điều dịch.\n甲 辰 十 三 年 宋 淳 祐 四 年 春 正 月 分 命 文 臣 任 天 下 諸 府 路 . [14a*5*1]\nGiáp Thìn thập tam niên, [Tống Thuần Hựu tứ niên] xuân chính nguyệt, phân mệnh văn thần nhiệm thiên hạ chư phủ lộ.\n凣 十 二 處 府 有 知 府 路 有 通 判 州 有 漕 運 使 副 主 漕 運 使 . [14a*6*3]\nPhàm thập nhị xứ, phủ hữu tri phủ, lộ hữu thông phán, châu hữu tào vận sứ, phó chủ tào vận .\n定 制 律 諸 格 〇 . [14a*7*6]\nĐịnh chế luật chư cách .\n三 月 授 馮 佐 周 父 馮 佐 湯 為 左 街 道 籙 爵 㪚 郎 . [14a*7*12]\nTam nguyệt, thụ Phùng Tá Chu phụ Phùng Tá Thang vi Tả Nhai đạo lục, tước tả Lang.\n時 凣 王 侯 授 僧 道 官 則 呼 左 街 盖 不 使 齒 諸 朝 列 . [14a*8*11]\nThời phàm vương hầu thụ tăng đạo quan tắc hô Tả Nhai, cái bất sử xỉ chư triều liệt.\n左 街 僧 道 之 極 品 . [14a*9*11]\nTả Nhai tăng đạo chi cực phẩm.\n非 通 . [14a*9*18]\nPhi thông..\n",
    "url": "/data/image_dvsk/ban_ky_toan_thu/quyen5/DVSKTT_ban_toan_V_14a.jpg"
  },
  {
    "text": "練 本 教 則 不 妄 與 . [14b*1*1]\nluyện bản giáo tắc bất vọng dữ.\n今 以 命 佐 湯 是 優 禮 也 〇 . [14b*1*8]\nKim dĩ mệnh Tá Thang thị ưu lễ dã .\n冬 十 月 定 百 官 内 外 任 及 宿 衛 官 俸 . [14b*1*18]\nĐông thập nguyệt, định bá quan nội ngoại nhiệm cập túc vệ quan bổng.\n乙 巳 十 四 年 宋 淳 祐 五 年 春 正 月 帝 幸 應 豊 行 宫 今 建 興 府 是 也 〇 . [14b*3*1]\nẤt Tị thập tứ niên, [Tống Thuần Hựu ngũ niên] xuân chính nguyệt, Đế hạnh Ứng Phong hành cung [kim Kiến Hưng phủ thị dã.] .\n秋 八 月 大 水 决 清 潭 堤 〇 . [14b*4*4]\nThu bát nguyệt, đại thuỷ quyết Thanh Đàm đê .\n冬 十 二 月 暴 風 大 雨 三 日 江 水 漲 溢 蛇 魚 多 死 . [14b*4*14]\nĐông thập nhị nguyệt, bạo phong đại vũ tam nhật, giang thuỷ trướng ải xà ngư đa tử.\n丙 午 十 五 年 宋 淳 祐 六 年 元 定 宗 貴 由 元 年 春 二 月 定 諸 軍 選 壮 者 充 四 天 四 聖 四 神 軍 . [14b*6*1]\nBính Ngọ thập ngũ niên, [Tống Thuần Hựu lục niên Nguyên Định Tông Quý Do nguyên niên,] xuân nhị nguyệt, định chư quân tuyển, tráng giả sung Tứ Thiên, Tứ Thánh, Tứ Thần quân.\n天 長 龍 興 等 路 為 内 天 屬 天 剛 章 聖 供 辰 . [14b*7*10]\nThiên Trường, Long Hưng đẳng lộ vi nội Thiên Thuộc, Thiên Cương, Chương Thánh, Củng Thần.\n洪 快 二 路 為 左 右 聖 翊 . [14b*8*7]\nHồng, Khoái nhị lộ vi Tả hữu Thánh Dực.\n長 安 建 昌 等 路 為 聖 翊 神 策 . [14b*8*16]\nTrường Yên, Kiến Xương đẳng lộ vi Thánh Dực, Thần Sách.\n其 餘 充 禁 衛 禁 軍 . [14b*9*8]\nKì dư sung Cấm vệ, Cấm quân.\n三 等 充 掉 兒 . [14b*9*15]\nTam đẳng sung trạo nhi..\n",
    "url": "/data/image_dvsk/ban_ky_toan_thu/quyen5/DVSKTT_ban_toan_V_14b.jpg"
  },
  {
    "text": "團 隊 一 作 鋒 隊 〇 . [15a*1*1]\nđoàn đội [nhất tác phong đội\n三 月 閲 文 武 内 外 各 宫 . [15a*1*8]\n] .\n十 五 年 一 閲 定 十 年 加 爵 一 級 十 五 年 加 聀 一 等 其 官 鈌 員 則 以 正 兼 副 正 副 亦 鈌 則 以 他 官 轄 之 待 考 满 始 授 本 聀 是 . [15a*1*17]\nTam nguyệt, duyệt văn võ nội ngoại các cung.\n時 國 家 無 事 人 民 樂 康 居 官 者 久 於 其 聀 在 舘 閣 者 十 年 出 身 在 省 局 者 十 五 年 出 身 宰 相 則 擇 宗 室 賢 䏻 有 道 藝 通 詩 書 者 為 之 〇 . [15a*4*4]\nThập ngũ niên nhất duyệt định, thập niên gia tước nhất cấp, thập ngũ niên gia chức nhất đẳng, kì quan khuyết viên tắc dĩ chánh kiêm phó, chánh phó diệc khuyết tắc dĩ tha quan hạt chi, đãi khảo mãn thuỷ thụ bản chức thị.\n夏 五 月 龍 隊 山 塔 頽 〇 . [15a*6*17]\nThời, quốc gia vô sự, nhân dân lạc khang, cư quan giả cửu ư kì chức, tại quán các giả thập niên xuất thân, tại tỉnh cục giả thập ngũ niên xuất thân, tể tướng tắc trạch tông thất hiền năng hữu đạo nghệ thông thi thư giả vi chi .\n秋 七 月 定 大 比 進 士 以 七 年 為 凖 〇 . [15a*7*7]\nHạ ngũ nguyệt, Long Đội sơn tháp đồi .\n冬 十 二 月 以 張 𫎇 為 御 史 大 夫 . [15a*8*2]\nThu thất nguyệt, định đại tỉ tiến sĩ dĩ thất niên vi chuẩn .\n𫎇 清 化 有 䧺 才 丁 未 十 六 年 宋 淳 祐 七 年 春 二 月 大 比 取 士 . [15a*8*14]\nĐông thập nhị nguyệt, dĩ Trương Mông vi ngự sử đại phu.\n賜 狀 元 阮 . [15a*9*19]\n[Mông Thanh Hoá nhân hữu hùng tài.] Đinh Mùi thập lục niên, [Tống Thuần Hựu thất niên] xuân nhị nguyệt, đại tỉ thủ sĩ.\n.\nTứ trạng nguyên Nguyễn..\n",
    "url": "/data/image_dvsk/ban_ky_toan_thu/quyen5/DVSKTT_ban_toan_V_15a.jpg"
  },
  {
    "text": "賢 榜 眼 黎 文 休 探 花 即 鄧 麻 羅 . [15b*1*1]\nHiền, bảng nhãn Lê Văn Hưu, thám hoa tức Đặng Ma La.\n太 學 生 四 十 八 名 出 身 有 差 . [15b*1*13]\nThái học sinh tứ thập bát danh xuất thân hữu sai.\n初 壬 辰 己 亥 二 科 惟 以 甲 乙 為 名 未 有 三 魁 之 選 . [15b*2*5]\nSơ, Nhâm Thìn, Kỷ Hợi, nhị khoa duy dĩ Giáp, Ất vi danh, vị hữu tam khôi chi tuyển.\n至 是 始 置 焉 〇 . [15b*3*5]\nChí thị thuỷ trí yên .\n夏 四 月 地 震 〇 . [15b*3*11]\nHạ tứ nguyệt, địa chấn .\n秋 八 月 試 通 三 教 諸 科 . [15b*3*17]\nThu bát nguyệt, thí thông tam giáo chư khoa.\n吳 瀕 茶 路 人 中 甲 科 陶 演 黄 歡 清 化 人 武 渭 父 洪 州 人 等 中 乙 科 . [15b*4*7]\nNgô Tần [Trà Lộ nhân,] trúng giáp khoa, Đào Diễn, Hoàng Hoan [Thanh Hoá nhân,] Vũ Vị Phụ [Hồng châu nhân,] đẳng trúng Ất khoa.\n戊 申 十 七 年 宋 淳 祐 八 年 春 正 月 改 徽 宗 廟 號 曰 太 祖 廟 壽 陵 曰 徽 陵 〇 . [15b*6*1]\nMậu Thân thập thất niên, [Tống Thuần Hựu bát niên] xuân chính nguyệt, cải Huy Tông miếu hiệu viết Thái Tổ miếu, Thọ Lăng viết Huy Lăng .\n三 月 令 諸 路 築 堤 防 水 名 曰 𣇄 耳 自 原 頭 至 海 岸 以 遏 洪 水 漲 溢 . [15b*7*8]\nTam nguyệt, lệnh chư lộ trúc đê phòng thuỷ danh viết đỉnh nhĩ, tự nguyên đầu chí hải ngạn dĩ át hồng thuỷ trướng ải.\n置 河 堤 正 副 使 𬋩 督 之 . [15b*8*14]\nTrí hà đê chánh phó sứ quản đốc chi.\n所 築 之 處 視 民 田 地 度 其 所 築 依 價 還 錢 . [15b*9*4]\nSở trúc chi xứ thị dân điền địa độ kì sở trúc, y giá hoàn tiền.\n",
    "url": "/data/image_dvsk/ban_ky_toan_thu/quyen5/DVSKTT_ban_toan_V_15b.jpg"
  },
  {
    "text": "𣇄 耳 之 築 自 此 始 〇 . [16a*1*1]\nĐỉnh nhĩ chi trúc tự thử thuỷ .\n夏 四 月 造 臨 波 橋 於 真 教 禪 寺 跨 玩 蟾 池 抵 景 靈 宫 太 清 觀 極 其 奢 麗 六 . [16a*1*9]\nHạ tứ nguyệt, tạo Lâm Ba kiều ư Chân Giáo thiền tự, khoá Ngoạn Thiềm trì, để Cảnh Linh cung, Thái Thanh quan, cực kì xa lệ .\n六 月 順 天 皇 后 崩 追 尊 顯 慈 順 天 皇 太 后 〇 . [16a*2*18]\nLục nguyệt, Thuận Thiên hoàng hậu băng, truy tôn Hiển Từ Thuận Thiên Hoàng Thái hậu .\n遣 風 水 者 適 觀 天 下 山 川 有 王 氣 之 處 用 方 術 厭 勝 之 如 清 化 𮢶 婆 醴 江 椎 昭 舶 山 之 類 其 塞 溪 港 開 阡 陌 不 可 殚 紀 . [16a*3*16]\nKhiến phong thuỷ giả thích quan thiên hạ sơn xuyên hữu vương khí chi xứ, dụng phương thuật yếm thắng chi, như Thanh Hoá tạc Bà Lễ giang, truỳ Chiêu Bách sơn chi loại kì tái khê cảng khai thiên mạch bất khả đan KỶ.\n從 陳 守 度 之 言 也 . [16a*6*4]\nTòng Trần Thủ Độ chi ngôn dã.\n史 臣 吳 士 連 曰 自 有 此 天 地 已 有 此 江 山 而 天 氣 之 運 聖 人 之 生 有 其 數 焉 . [16a*7*1]\nSử thần Ngô Sĩ Liên viết: Tự hữu thử thiên địa, dĩ hữu thử giang sơn, nhi thiên khí chi vận, thánh nhân chi sinh hữu kì số yên.\n天 氣 自 此 而 南 終 於 南 則 復 北 . [16a*8*12]\nThiên khí tự thử nhi nam, chung ư nam tắc phục bắc.\n聖 人 百 年 而 生 盈 其 數 而 復 始 . [16a*9*6]\nThánh nhân bách niên nhi sinh, doanh kì số nhi phục thuỷ.\n時 . [16a*9*18]\nThờị.\n",
    "url": "/data/image_dvsk/ban_ky_toan_thu/quyen5/DVSKTT_ban_toan_V_16a.jpg"
  },
  {
    "text": "或 遲 速 踈 數 而 不 齊 大 畧 然 也 何 有 於 江 山 借 曰 江 山 有 厭 勝 之 術 天 氣 之 運 聖 人 之 生 厭 勝 有 何 術 乎 如 秦 始 皇 知 東 南 有 天 子 氣 數 遊 以 厭 之 漢 髙 猶 興 終 不 䏻 勝 也 . [16b*1*1]\nhoặc trì tốc, thơ số nhi bất tề, đại lược nhiên dã, hà hữu ư giang sơn tá? Viết giang sơn hữu yếm thắng chi thuật thiên khí chi vận thánh nhân chi sinh yếm thắng hữu hà thuật hồ? Như Tần Thuỷ Hoàng tri đông nam hữu thiên tử khí, số du dĩ yếm chi, Hán Cao do hưng chung bất năng thắng dã.\n己 酉 十 八 年 宋 淳 祐 九 年 春 正 月 重 修 延 祐 寺 詔 仍 舊 貫 大 赦 〇 . [16b*5*1]\nKỉ Dậu thập bát niên, [Tống Thuần Hựu cửu niên] xuân chính nguyệt, trùng tu Diên Hựu tự, chiếu những cựu quan Đại xá .\n夏 四 月 壬 寅 朔 日 食 〇 . [16b*6*5]\nHạ tứ nguyệt, Nhâm Dần, sóc, nhật thực .\n秋 七 月 大 雨 雹 . [16b*6*14]\nThu thất nguyệt, đại vũ bão.\n庚 戌 十 九 年 宋 淳 祐 十 年 春 三 月 地 震 . [16b*7*1]\nCanh Tuất thập cửu niên, [Tống Thuần Hựu thập niên] xuân tam nguyệt, địa chấn.\n詔 天 下 稱 帝 為 國 家 改 都 衛 府 為 三 司 院 曰 奉 宣 清 肃 憲 正 等 院 . [16b*7*17]\nChiếu thiên hạ xưng Đế vi Quốc gia, cải Đô vệ phủ vi Tam Ti viện viết Phụng Tuyên, Thanh Túc, Hiến Chính, đẳng viện.\n夏 五 月 詔 詞 訟 案 成 與 審 刑 院 官 共 擬 定 罪 〇 . [16b*9*2]\nHạ ngũ nguyệt, chiếu từ tụng án thành dữ thẩm hình viện quan cộng nghĩ định tội .\n",
    "url": "/data/image_dvsk/ban_ky_toan_thu/quyen5/DVSKTT_ban_toan_V_16b.jpg"
  },
  {
    "text": "以 黎 輔 陳 為 御 史 中 相 知 三 司 院 事 〇 . [17a*1*1]\nDĩ Lê Phụ Trần vi Ngự sử trung tướng, tri Tam ti viện sự .\n秋 七 月 以 明 字 劉 免 為 清 化 府 路 安 撫 使 . [17a*1*16]\nThu thất nguyệt, dĩ Minh tự Lưu Miễn vi Thanh hoá phủ lộ an phủ sứ.\n辛 亥 二 十 年 二 月 以 後 元 豊 元 年 宋 淳 祐 十 一 年 元 憲 宗 𫎇 哥 元 年 春 二 月 改 元 元 豊 元 年 〇 . [17a*3*1]\nTân Hợi nhị thập niên, [Nhị nguyệt dĩ hậu, Nguyên Phong nguyên niên, Tống Thuần Hựu thập nhất niên, Nguyên Hiến Tông Mông Kha nguyên niên] xuân nhị nguyệt, cải nguyên Nguyên Phong nguyên niên .\n上 親 寫 銘 文 賜 諸 皇 子 教 以 忠 孝 和 遜 温 良 恭 儉 〇 . [17a*4*8]\nThượng thân tả minh văn tứ chư hoàng tử giáo dĩ trung, hiếu, hoà, tốn, ôn, lương, cung, kiệm .\n以 天 城 長 公 主 嫁 忠 誠 王 . [17a*5*9]\nDĩ Thiên Thành trưởng công chúa giá Trung Thành vương.\n缺 名 安 生 王 子 國 峻 奪 之 . [17a*5*19]\n[khuyết danh.] An Sinh Vương tử Quốc Tuấn đoạt chi.\n公 主 㱕 于 國 峻 . [17a*6*9]\nCông chúa quy vu Quốc Tuấn.\n是 月 十 五 日 帝 設 大 會 七 日 夜 〇 合 䯻 圖 及 百 戲 縱 朝 也 遊 觀 欲 令 天 城 與 忠 誠 合 䯻 . [17a*6*15]\nThị nguyệt thập ngũ nhật Đế thiết đại hội thất nhật dạ trần hợp kết đồ cập bách hí tung triều dã du quan, dục lệnh Thiên Thành dữ Trung Thành hợp kết.\n先 遣 天 城 公 主 居 仁 道 王 第 因 道 王 乃 忠 誠 王 父 國 峻 欲 求 配 而 無 由 夜 間 乃 潜 入 . [17a*8*10]\nTiên khiến Thiên Thành công chúa cư Nhân Đạo Vương đệ [Nhân Đạo vương nãi Trung Thành vương phụ.] Quốc Tuấn dục cầu phối nhi vô do, dạ gian nãi tiềm nhập.\n天 . [17a*9*23]\nThiên..\n",
    "url": "/data/image_dvsk/ban_ky_toan_thu/quyen5/DVSKTT_ban_toan_V_17a.jpg"
  },
  {
    "text": "城 公 主 所 居 通 之 . [17b*1*1]\nThành công chúa sở cư thông chi.\n瑞 婆 公 主 太 宗 姊 國 峻 姑 養 國 峻 為 子 隨 叩 殿 門 告 急 閽 者 馳 奏 . [17b*1*8]\nThuỵ Bà công chúa [Thái Tông tỉ, Quốc Tuấn cô dưỡng Quốc Tuấn vi tử.] tuỳ khấu điện môn cáo cấp, hôn giả trì tấu.\n帝 問 其 故 瑞 婆 曰 不 意 國 峻 狂 妄 夜 入 天 城 所 居 . [17b*2*9]\nĐế vấn kì cố, Thuỵ Bà viết: Bất ý Quốc Tuấn cuồng vọng dạ nhập Thiên Thành sở cư.\n仁 道 已 拘 執 之 矣 . [17b*3*9]\nNhân Đạo dĩ câu chấp chi hĩ.\n恐 遇 害 願 陛 下 下 垂 憐 差 人 救 救 . [17b*3*16]\nKhủng ngộ hại, nguyện bệ hạ hạ thuỳ lân, sai nhân cứu cứu.\n帝 亟 命 内 人 就 仁 道 第 . [17b*4*10]\nĐế cức mệnh nội nhân tựu Nhân Đạo đệ.\n至 寂 然 遂 入 天 城 所 居 見 國 峻 在 焉 . [17b*4*19]\nChí, tịch nhiên, toại nhập Thiên Thành sở cư, kiến Quốc Tuấn tại yên.\n仁 道 方 知 之 . [17b*5*14]\nNhân Đạo phương tri chi.\n明 日 瑞 婆 進 生 金 十 盤 奏 曰 急 遽 不 䏻 供 僃 禮 物 . [17b*5*19]\nMinh nhật Thuỵ Bà tiến sinh kim thập mâm, tấu viết: Cấp cự bất năng cung bị lễ vật.\n帝 不 得 已 以 天 城 公 主 下 嫁 國 峻 以 應 天 田 二 千 頃 還 忠 誠 王 聘 禮 . [17b*6*19]\nĐế bất đắc dĩ dĩ Thiên Thành công chúa hạ giá Quốc Tuấn, dĩ Ứng Thiên điền nhị thiên khoảnh hoàn Trung Thành vương sính lễ.\n史 臣 吳 士 連 曰 王 姬 下 嫁 必 使 同 姓 諸 侯 主 之 . [17b*9*1]\nSử thần Ngô Sĩ liên viết: Vương cơ hạ giá tất sử đồng tính chư hầu chủ chi..\n",
    "url": "/data/image_dvsk/ban_ky_toan_thu/quyen5/DVSKTT_ban_toan_V_17b.jpg"
  },
  {
    "text": "禮 也 . [18a*1*1]\nlễ dã.\n太 宗 以 天 城 公 主 下 嫁 忠 誠 王 而 公 主 㱕 于 興 道 王 婚 姻 不 正 甚 矣 . [18a*1*3]\nThái Tông dĩ Thiên Thành công chúa hạ giá Trung Thành vương, nhi công chúa quy vu Hưng Đạo vương, hôn nhân bất chính thậm hĩ.\n然 則 是 禮 也 無 主 之 者 󰊹 掌 禮 𡸈 容 無 主 . [18a*2*11]\nNhiên tắc thị lễ dã vô chủ chi giả ru, chưởng lễ há dung vô chủ.\n盖 帝 於 夫 婦 之 道 不 正 故 其 臣 子 效 之 也 . [18a*3*9]\nCái Đế ư phu phụ chi đạo bất chính, cố kì thần tử hiệu chi dã.\n且 婚 姻 不 於 異 姓 而 於 同 姓 惟 陳 氏 為 然 失 禮 之 中 失 禮 焉 . [18a*4*7]\nThả, hôn nhân bất ư dị tính nhi ư đồng tính, duy Trần thị vi, nhiên thất lễ chi trung thất lễ yên.\n帝 賜 宴 内 殿 群 臣 皆 預 及 醉 坐 者 皆 起 攔 手 而 𰙔 . [18a*6*2]\nĐế tứ yến nội điện, quần thần giai dự Cập tuý, toạ giả giai khởi dàn thủ nhi ca.\n御 史 中 相 後 改 中 尉 陳 周 普 隨 人 攔 手 然 不 他 𰙔 但 云 史 官 𰙔 云 爾 史 官 𰙔 云 爾 . [18a*7*2]\nNgự sử trung tướng [hậu cải Trung uý] Trần Chu Phổ tuỳ nhân dàn thủ nhiên bất tha ca đản vân: Sử quan ca vân nhĩ, sử quan ca vân nhĩ.\n厥 後 宴 席 有 負 籜 音 託 笋 皮 也 槌 行 酒 令 則 愈 麄 矣 . [18a*8*12]\nQuyết hậu yến tịch hữu phụ thác [âm thác duẫn bì dã.] chuỳ hành tửu lệnh tắc dũ thô hĩ.\n",
    "url": "/data/image_dvsk/ban_ky_toan_thu/quyen5/DVSKTT_ban_toan_V_18a.jpg"
  },
  {
    "text": "史 臣 吳 士 連 曰 觀 此 雖 見 當 時 軍 臣 同 樂 不 拘 禮 法 亦 風 俗 之 简 質 然 無 節 矣 . [18b*1*1]\nSử thần Ngô Sĩ Liên viết: Quan thử tuy kiến đương thời quân thần đồng lạc, bất câu lễ pháp, diệc phong tục chi giản, chất nhiên vô tiết hĩ.\n有 子 曰 知 和 而 知 不 以 禮 節 之 亦 不 可 行 也 . [18b*2*13]\nHữu Tử viết: Tri hoà nhi tri bất dĩ lễ tiết chi diệc bất khả hành dã.\n御 史 諍 臣 聀 當 䋲 紏 不 言 則 己 乃 與 之 同 流 惡 在 其 為 朝 廷 綱 紀 哉 〇 . [18b*3*12]\nNgự sử tránh thần chức đương thằng củ bất ngôn, tắc kỷ nãi dữ chi đồng lưu ác tại kì vi triều đình cương kỷ tai? .\n夏 四 月 安 生 王 柳 卒 年 四 十 一 加 大 王 王 . [18b*6*2]\nHạ tứ nguyệt, An Sinh Vương Liễu tốt, niên tứ thập nhất, gia Đại vương .\n范 敬 恩 卒 . [18b*6*18]\nPhạm Kính Ân tốt.\n敬 恩 舊 李 朝 太 尉 䦕 内 侯 壬 子 元 豊 二 年 宋 淳 祐 十 三 年 春 正 月 帝 親 征 占 城 命 欽 天 大 王 日 皎 為 留 守 . [18b*7*3]\n[Kính Ân cựu Lí triều Thái uý quan nội hầu.] Nhâm Tí Nguyên Phong nhị niên, [Tống Thuần Hựu thập tam niên] xuân chính nguyệt, Đế thân chinh Chiêm Thành, mệnh Khâm Thiên Đại vương Nhật Hiệu vi Lưu thủ.\n占 城 自 李 氏 衰 弱 常 以 輕 舟 . [18b*9*9]\nChiêm Thành tự Lí thị suy nhược, thường dĩ khinh chu..\n",
    "url": "/data/image_dvsk/ban_ky_toan_thu/quyen5/DVSKTT_ban_toan_V_18b.jpg"
  },
  {
    "text": "剽 掠 沿 海 居 民 . [19a*1*1]\nphiêu lược duyên hải cư dân.\n帝 即 位 懷 之 以 德 遣 使 徃 諭 雖 常 入 貢 而 復 乞 故 地 且 有 窺 覦 之 意 . [19a*1*7]\nĐế tức vị, hoài chi, dĩ đức khiến sứ vãng dụ, tuy thường nhập cống, nhi phục khất cố địa, thả hữu khuy du chi ý.\n帝 怒 故 有 親 征 之 役 〇 . [19a*2*14]\nĐế nộ, cố hữu thân chinh chi dịch .\n冬 十 二 月 獲 占 城 主 妻 布 耶 羅 及 其 臣 妾 人 民 而 還 或 云 獲 占 城 主 布 耶 羅 非 也 若 果 然 文 休 作 史 記 何 不 引 與 擒 乍 斗 並 稱 哉 今 從 孚 先 為 是 癸 丑 三 年 宋 寶 祐 元 年 夏 四 月 以 欽 天 大 王 日 皎 為 太 尉 . [19a*3*4]\nĐông thập nhị nguyệt, hoạch Chiêm Thành chủ thê Bố Gia La, cập kì thần thiếp, nhân dân nhi hoàn [Hoặc vân hoạch Chiêm Thành chúa Bố Gia La, phi dã. Nhược, quả nhiên Văn Hưu tác sử ký hà bất dẫn dữ cầm Sạ Đẩu tịnh xưng tai? Kim tòng Phu Tiên vi thị. Quý Sửu tam niên, [Tống Bảo Hựu nguyên niên] hạ tứ nguyệt, dĩ Khâm Thiên đại vương Nhật Hiệu vi Thái uý.\n六 月 立 國 學 院 塑 孔 子 周 公 亞 聖 書 七 十 二 賢 像 奉 事 〇 . [19a*6*2]\nLục nguyệt lập Quốc học viện, tố Khổng tử, Chu Công, Á Thánh, thư thất thập nhị hiền tượng phụng sự .\n秋 八 月 立 講 武 堂 〇 . [19a*7*5]\nThu bát nguyệt, lập Giảng Võ đường .\n九 月 詔 天 下 儒 士 詣 國 子 院 講 四 書 六 經 . [19a*7*13]\nCửu nguyệt, chiếu thiên hạ nho sĩ nghệ Quốc tử viện, giảng tứ thư lục kinh.\n甲 寅 四 年 宋 寶 祐 二 年 夏 五 月 定 宗 室 文 武 百 官 輿 服 . [19a*9*1]\nGiáp Dần tứ niên, [Tống Bảo Hựu nhị niên] hạ ngũ nguyệt, định tông thất, văn võ bá quan, dư phục..\n",
    "url": "/data/image_dvsk/ban_ky_toan_thu/quyen5/DVSKTT_ban_toan_V_19a.jpg"
  },
  {
    "text": "騶 從 有 差 . [19b*1*1]\nsô tòng hữu sai.\n自 宗 室 至 五 品 官 皆 得 轎 馬 紙 . [19b*1*5]\nTự Tông thất chí ngũ phẩm quan, giai đắc kiệu mã chỉ.\n鴉 宗 室 則 鳳 頭 轎 朱 添 . [19b*2*1]\na Tông thất tắc phượng đầu kiệu, chu thiêm.\n相 國 則 鸚 鵡 轎 黑 添 紫 盖 . [19b*2*10]\nTướng quốc tắc anh vũ kiệu, hắc thiêm tử cái.\n三 品 以 上 雲 頭 青 盖 四 品 至 六 品 平 頭 轎 . [19b*3*3]\nTam phẩm dĩ thượng, vân đầu thanh cái, tứ phẩm chí lục phẩm bình đầu kiệu.\n五 品 以 上 青 盖 六 七 品 皂 紙 盖 騶 從 多 者 千 人 少 者 百 人 . [19b*4*4]\nNgũ phẩm dĩ thượng, thanh cái, lục thất phẩm tạo chỉ cái, sô tòng đa giả thiên nhân, thiểu giả bách nhân.\n時 王 侯 多 以 手 搏 及 獨 行 盗 為 勇 . [19b*5*9]\nThời, vương hầu đa dĩ thủ bác cập độc hành đạo vi dũng.\n武 威 王 唯 太 宗 之 子 亦 為 之 . [19b*6*5]\nVũ Uy vương Duy [Thái Tông chi tử,] diệc vi chi.\n一 日 武 威 手 搏 於 東 步 頭 帝 微 行 見 之 曰 肥 而 晢 者 誰 也 捉 來 以 供 使 令 . [19b*6*16]\nNhất nhật, Vũ Uy thủ bác ư Đông Bộ Đầu, Đế vi hành kiến chi viết: Phì nhi triết giả thuỳ dã, tróc lai dĩ cung sử lệnh.\n武 威 聞 之 乃 迯 〇 . [19b*8*8]\nVũ Uy văn chi nãi đào .\n六 月 鬻 官 田 每 一 靣 錢 五 鏹 時 謂 鏹 為 靣 許 民 人 賣 為 私 . [19b*8*15]\nLục nguyệt, chúc quan điền mỗi nhất diện tiền ngũ cường, [Thời vị cưỡng vi diện.] hứa dân nhân mại vi tư.\n",
    "url": "/data/image_dvsk/ban_ky_toan_thu/quyen5/DVSKTT_ban_toan_V_19b.jpg"
  },
  {
    "text": "冬 十 月 賜 范 應 夢 錢 使 自 閹 入 侍 . [20a*1*1]\nĐông thập nguyệt, tứ Phạm Ứng Mộng tiền, sử tự yêm nhập thị.\n初 帝 夢 出 遊 見 神 人 指 一 人 謂 曰 此 人 可 為 行 遣 . [20a*1*14]\nSơ Đế mộng xuất du, kiến thần nhân chỉ nhất nhân vị viết: Thử nhân khả vi hành khiển.\n夢 覺 不 知 何 人 . [20a*2*14]\nMộng giác, bất tri hà nhân.\n一 日 朝 󰰾 幸 城 外 見 一 男 子 從 學 于 城 之 南 門 形 貌 酷 似 所 夢 人 . [20a*3*1]\nNhất nhật, triều bãi hạnh thành ngoại, kiến nhất nam tử tòng học vu thành chi nam môn, hình mạo khốc tự sở mộng nhân.\n召 問 之 應 對 如 夢 中 聞 所 語 . [20a*4*7]\nTriệu vấn chi, ứng đối như mộng trung văn sở ngữ.\n欲 授 以 行 遣 而 難 之 仍 賜 錢 四 百 鏹 使 之 自 閹 . [20a*4*18]\nDục thụ dĩ hành khiển, nhi nan chi, những tứ tiền tứ bách cường, sử chi tự yêm.\n賜 名 應 夢 後 累 遷 為 行 遣 . [20a*5*17]\nTứ danh Ứng Mộng, hậu luỵ thiên vi hành khiển.\n盖 倣 李 朝 用 李 常 傑 李 常 憲 舊 例 也 . [20a*6*8]\nCái phỏng Lí Triều dụng Lí Thường Kiệt, Lí Thường Hiến cựu lệ dã.\n丁 卯 五 年 宋 寶 祐 三 年 春 三 月 命 劉 免 培 築 清 化 名 處 河 堤 〇 . [20a*8*1]\nĐinh mão ngũ niên, [Tống Bảo Hựu tam niên] xuân tam nguyệt, mệnh Lưu Miễn bồi trúc Thanh Hoá danh xứ hà đê .\n夏 四 月 選 散 官 為 諸 路 河 堤 正 副 使 . [20a*9*4]\nHạ tứ nguyệt, tuyển tản quan vi chư lộ hà đê chánh phó sứ.\n農 𨻶 . [20a*9*18]\nNông khích..\n",
    "url": "/data/image_dvsk/ban_ky_toan_thu/quyen5/DVSKTT_ban_toan_V_20a.jpg"
  },
  {
    "text": "督 軍 築 堤 岸 决 滆 渠 以 防 水 旱 〇 . [20b*1*1]\nđốc quân trúc đê ngạn quyết cách cừ dĩ phòng thuỷ hạn .\n皇 弟 六 子 日 燏 生 . [20b*1*14]\nHoàng đệ lục tử Nhật duật sinh.\n先 是 太 清 宫 道 士 名 甚 為 帝 祈 嗣 拜 章 畢 奏 曰 上 帝 既 𠃔 章 奏 即 命 昭 文 童 子 降 生 住 四 紀 矣 . [20b*2*2]\nTiên thị Thái Thanh cung đạo sĩ danh Thậm vi Đế kì tự, bái chương tất, tấu viết: Thượng Đế ký bãi chương tấu, tức mệnh Chiêu Văn Đồng tử giáng sinh, trú tứ kỷ hĩ.\n已 而 後 宫 有 娠 果 生 男 两 膊 有 文 曰 昭 文 童 子 字 頗 明 顯 . [20b*3*19]\nDĩ nhi hậu cung hữu thần, quả sinh nam lưỡng bác hữu văn viết Chiêu Văn đồng tử, tự pha minh hiển.\n因 以 昭 文 為 號 . [20b*5*3]\nNhân dĩ Chiêu Văn vi hiệu.\n即 日 燏 年 長 其 文 始 消 . [20b*5*9]\n[tức Nhật duật] Niên trưởng, kì văn thuỷ tiêu.\n至 四 十 八 歳 卧 病 月 餘 . [20b*5*19]\nChí tứ thập bát tuế, ngoạ bệnh nguyệt dư.\n諸 子 為 之 設 樵 請 减 己 壽 以 延 久 齡 . [20b*6*7]\nChư tử vi chi thiết tiều thỉnh giảm kỷ thọ dĩ diên cửu linh.\n道 士 拜 章 畢 起 曰 上 帝 覧 章 笑 曰 何 乃 恋 俗 久 留 乎 . [20b*7*2]\nĐạo sĩ bái chương tất, khởi viết: Thượng Đế lãm chương tiếu viết: Hà nãi luyến tục cửu lưu hồ.\n然 其 子 誠 孝 何 𠃔 再 與 二 紀 . [20b*8*3]\nNhiên kì tử thành hiếu hà doãn tái dữ nhị KỶ.\n病 乃 瘳 . [20b*8*14]\nBệnh nãi sưu.\n後 日 燏 卒 年 七 十 七 則 周 六 紀 有 五 年 矣 . [20b*8*17]\nHậu Nhật duật tốt, niên thất thập thất, tắc chu lục kỷ hữu ngũ niên hĩ.\n",
    "url": "/data/image_dvsk/ban_ky_toan_thu/quyen5/DVSKTT_ban_toan_V_20b.jpg"
  },
  {
    "text": "史 臣 吳 士 連 曰 道 士 𥬉 嗣 之 事 以 為 信 然 耶 則 天 道 遠 不 可 得 而 . [21a*1*1]\nSử thần Ngô Sĩ Liên viết: Đạo sĩ cầu tự chi sự dĩ vi tín nhiên gia? Tắc thiên đạo viễn bất khả đắc nhi.\n知 以 為 不 然 耶 則 誠 心 所 感 無 遠 而 弗 届 . [21a*2*8]\nTri dĩ vi bất nhiên gia? Tắc thành tâm sở cảm vô viễn nhi phất giới.\n然 道 士 於 伏 拜 侯 命 之 時 天 或 形 於 夢 寐 以 告 之 也 . [21a*3*6]\nNhiên đạo sĩ ư phục bái hậu mệnh chi thời, thiên hoặc hình ư mộng mị dĩ cáo chi dã.\n夫 理 數 相 倚 理 生 於 數 數 亦 未 水 不 生 於 理 命 之 脩 短 數 也 心 之 孝 誠 理 也 . [21a*4*8]\nPhu lí số tương ỷ, lí sinh ư số, số diệc vị thuỷ bất sinh ư lí, mệnh chi tu đoản số dã, tâm chi hiếu thành lí dã.\n或 曰 道 士 䏻 攝 性 飛 昇 愚 未 之 信 也 . [21a*6*1]\nHoặc viết: Đạo sĩ năng nhiếp tính phi thăng, ngu vị chi tín dã.\n五 月 種 菴 蘿 五 百 丈 自 洪 洼 至 狗 神 𣇄 耳 〇 . [21a*7*2]\nNgũ nguyệt, chủng yêm la ngũ bách trượng [tự Hồng oa chí Cẩu Thần đỉnh nhĩ.] .\n秋 八 月 大 水 上 遊 西 湖 〇 . [21a*7*19]\nThu bát nguyệt, đại thuỷ, thượng du Tây Hồ .\n冬 十 月 幸 天 長 府 行 宫 . [21a*8*6]\nĐông thập nguyệt, hạnh Thiên Trường phủ hành cung.\n丙 辰 六 年 宋 寶 祐 四 年 春 二 月 大 比 取 士 . [21a*9*1]\nBính Thìn lục niên, [Tống Bảo Hựu tứ niên] xuân nhị nguyệt, đại tỉ thủ sĩ.\n賜 京 状 元 陳 . [21a*9*18]\nTứ kinh trạng nguyên Trần..\n",
    "url": "/data/image_dvsk/ban_ky_toan_thu/quyen5/DVSKTT_ban_toan_V_21a.jpg"
  },
  {
    "text": "國 扐 寨 状 元 張 燦 榜 眼 朱 馨 探 花 郎 陳 淵 太 學 生 四 十 三 名 京 人 四 十 二 名 寨 人 一 名 出 身 有 差 . [21b*1*1]\nQuốc lặc, trại trạng nguyên Trương Xán, bảng nhãn Chu Hinh, thám hoa lang Trần Uyên, thái học sinh tứ thập tam danh [kinh nhân tứ thập nhị danh, trại nhân nhất danh\n國 𥘉 󰁮 人 未 分 京 寨 中 魁 者 賜 状 元 . [21b*2*19]\n] xuất thân hữu sai.\n至 是 分 清 化 乂 安 為 寨 故 有 京 寨 之 别 殿 . [21b*3*9]\nQuốc sơ, cử nhân vị phân kinh trại trung khôi giả tứ trạng nguyên.\n閏 三 月 鑄 鍾 三 百 三 十 口 〇 . [21b*4*6]\nChí thị phân Thanh Hoá, Nghệ An vi trại, cố hữu kinh trại chi biệt .\n夏 五 月 雷 震 天 安 殿 又 震 太 清 宫 天 尊 像 仆 地 折 一 指 . [21b*4*17]\nNhuận tam nguyệt, chú chung tam bách tam thập khẩu .\n浚 蘇 歷 江 〇 . [21b*6*1]\nHạ ngũ nguyệt, lôi chấn Thiên An điện, hựu chấn Thái Thanh cung, Thiên Tôn tượng bộc địa triết nhất chỉ .\n秋 七 月 武 成 王 尹 挈 家 出 亡 宋 . [21b*6*6]\nTuấn Tô Lịch giang .\n思 明 府 土 官 黄 炳 執 送 㱕 我 . [21b*6*18]\nThu thất nguyệt, Vũ Thành vương Doãn khiết gia xuất vong Tống.\n尹 安 生 王 子 顯 慈 所 生 也 安 生 有 釁 於 國 家 及 顯 慈 崩 失 勢 故 亡 之 此 國 帝 賞 炳 金 帛 . [21b*7*10]\nTư Minh phủ thổ quan Hoàng Bính chấp, tống quy ngã.\n由 是 関 隘 益 加 嚴 謹 . [21b*8*14]\n[Doãn An Sinh vương tử, Hiển Từ sở sinh dã. An Sinh hữu hấn ư quốc gia, cập Hiển Từ băng, thất, thế cố vong chi thử quốc.] Đế thưởng Bính kim bạch.\n丁 巳 七 年 宋 寶 祐 五 年 春 二 月 黄 炳 挈 家 詣 闕 進 其 女 . [21b*9*1]\nDo thị quan ải ích gia nghiêm cẩn.\n.\nĐinh Tị thất niên, [Tống Bảo Hựu ngũ niên] xuân nhị nguyệt, Hoàng Bính khiết gia nghệ khuyết, tiến kì nữ..\n",
    "url": "/data/image_dvsk/ban_ky_toan_thu/quyen5/DVSKTT_ban_toan_V_21b.jpg"
  },
  {
    "text": "納 之 󰀋 為 惠 肃 夫 人 〇 . [22a*1*1]\nNạp chi, sách vi Huệ Túc phu nhân .\n秋 八 月 㱕 化 寨 主 何 屈 驛 奏 元 使 來 〇 . [22a*1*10]\nThu bát nguyệt, Quy Hoá trại chủ Hà Khuất dịch tấu, Nguyên Sứ lai .\n九 月 詔 左 右 将 軍 将 水 步 軍 禦 邉 受 國 峻 節 制 〇 . [22a*2*6]\nCửu nguyệt, chiếu tả hữu tướng quân tương thuỷ bộ quân ngự biên, thụ Quốc Tuấn tiết chế .\n冬 十 一 月 令 天 下 脩 繕 噐 械 〇 . [22a*3*6]\nĐông thập nhất nguyệt, lệnh thiên hạ tu thiện khí giới .\n十 二 月 十 二 日 元 将 兀 良 合 䚟 多 切 改 犯 平 厲 源 . [22a*3*18]\nThập nhị nguyệt, thập nhị nhật, Nguyên tướng Ngột Lương Hợp Đải [đa thiết] cải phạm Bình Lệ Nguyên.\n帝 自 将 督 戰 前 󰱆 矢 石 . [22a*4*19]\nĐế tự tướng đốc chiến, tiền cốt thỉ thạch.\n官 軍 少 却 帝 顧 左 右 惟 黎 輔 陳 即 黎 秦 單 騎 出 入 賊 陣 顔 色 自 若 . [22a*5*7]\nQuan quân thiểu khước, Đế cố tả hữu duy Lê Phụ Trần [tức Lê Tần,] đơn kị xuất nhập tặc trận, nhan sắc tự nhược.\n時 有 勸 帝 駐 驛 視 戰 者 . [22a*6*13]\nThời, hữu khuyên Đế trú dịch thị chiến giả.\n輔 陳 力 諫 曰 今 陛 下 特 一 孤 注 耳 宜 避 之 𡸈 可 輕 信 人 言 哉 帝 於 是 退 次 瀘 江 . [22a*7*2]\nPhụ Trần lực gián viết: Kim Bệ hạ đặc nhất cô chủ nhĩ, nghi tị chi há khả khinh tín nhân ngôn tai! Đế ư thị thoái, thứ Lô Giang.\n輔 陳 為 殿 賊 兵 亂 射 . [22a*8*13]\nPhụ Trần vi điện, tặc binh loạn xạ.\n輔 陳 以 舟 板 翼 之 得 免 . [22a*9*2]\nPhụ Trần dĩ chu phản dực chi, đắc miễn.\n虜 勢 甚 盛 又 退 保 天 幕 . [22a*9*11]\nLỗ thế thậm thịnh, hựu thoái bảo Thiên Mạc..\n",
    "url": "/data/image_dvsk/ban_ky_toan_thu/quyen5/DVSKTT_ban_toan_V_22a.jpg"
  },
  {
    "text": "江 從 帝 議 及 機 密 人 鮮 有 知 之 者 . [22b*1*1]\ngiang, tòng Đế nghị cập cơ mật, nhân tiên hữu tri chi giả.\n帝 御 小 舟 就 太 尉 日 皎 船 問 計 . [22b*1*14]\nĐế ngự tiểu chu tựu Thái Uý Nhật Hiệu thuyền vấn kế.\n日 皎 方 靠 船 坐 不 䏻 起 惟 以 手 指 點 水 寫 入 宋 二 字 於 船 舷 . [22b*2*7]\nNhật Hiệu phương kháo thuyền, toạ bất năng khởi, duy dĩ thủ chỉ điểm thuỷ tả Nhập Tống nhị tự ư thuyền huyền.\n帝 問 星 罡 軍 何 在 星 罡 日 皎 所 領 軍 對 曰 徵 不 至 矣 . [22b*3*11]\nĐế vấn Tinh cang quân hà tại? [Tinh cang Nhật Hiệu sở lĩnh quân.] Đối viết: Trưng bất chí hĩ.\n帝 即 移 舟 問 太 師 陳 守 度 . [22b*4*11]\nĐế tức di chu vấn Thái sư Trần Thủ Độ.\n對 曰 臣 首 未 至 地 陛 下 無 煩 他 慮 . [22b*4*21]\nĐối viết Thần: thủ vị chí địa, Bệ hạ vô phiền tha lự.\n史 臣 吳 士 連 曰 日 皎 同 姓 大 臣 冦 至 怯 驛 無 扞 禦 之 策 又 導 其 君 以 出 寓 之 方 将 焉 用 彼 相 哉 . [22b*6*1]\nSử thần Ngô Sĩ Liên viết: Nhật Hiệu đồng tính đại thần, khấu chí khiếp dịch, vô cản ngự chi sách, hựu đạo kì quân dĩ xuất ngụ chi phương, tương yên dụng bỉ tướng tai? .\n二 十 四 日 帝 及 太 子 御 樓 船 進 軍 東 步 頭 逆 戰 大 破 之 . [22b*8*2]\nNhị thập tứ nhật, Đế cập Thái tử ngự lâu thuyền, tiến quân Đông Bộ Đầu nghịch chiến, đại phá chi.\n元 軍 遁 㱕 至 㱕 化 寨 . [22b*9*4]\nNguyên quân độn quy chí Quy Hoá trại.\n寨 主 何 俸 招 集 蛮 人 . [22b*9*12]\nTrại chủ Hà Bổng chiêu tập man nhân..\n",
    "url": "/data/image_dvsk/ban_ky_toan_thu/quyen5/DVSKTT_ban_toan_V_22b.jpg"
  },
  {
    "text": "襲 擊 又 大 破 之 . [23a*1*1]\ntập kích, hựu đại phá chi.\n時 元 人 新 取 雲 南 游 兵 畧 之 無 攻 取 意 當 時 謂 之 𫢋 賊 . [23a*1*7]\nThời Nguyên nhân tân thủ Vân Nam, du binh lược chi vô công thủ ý, đương thời vị chi Phật tặc.\n賊 退 賜 俸 侯 爵 〇 . [23a*2*9]\nTặc thoái, tứ Bổng hầu tước .\n免 小 校 黄 巨 陀 罪 . [23a*2*16]\nMiễn tiểu hiệu Hoàng Cự Đà tội.\n初 帝 賜 左 右 食 菴 蘿 不 及 巨 陀 . [23a*3*4]\nSơ, Đế tứ tả hữu thực yêm la, bất cập Cự Đà.\n及 元 軍 至 東 步 頭 巨 陀 乘 輕 舟 遁 去 . [23a*3*16]\nCập Nguyên quân chí Đông Bộ Đầu, Cự Đà thừa khinh chu độn khứ.\n至 黄 江 遇 皇 太 子 逆 流 而 上 巨 陀 󰘌 岸 避 之 . [23a*4*11]\nChí Hoàng giang, ngộ Hoàng Thái tử nghịch lưu nhi thượng, Cự Đà cách ngạn tị chi.\n船 勢 甚 急 官 軍 大 呼 問 元 軍 何 在 巨 陀 應 曰 不 知 汝 等 當 問 食 菴 蘿 者 . [23a*5*9]\nThuyền thế thậm cấp, quan quân đại hô vấn: Nguyên quân hà tại? Cự Đà ứng viết: Bất tri, nhữ đẳng đương vấn thực yêm la giả.\n至 是 太 子 請 寘 之 極 刑 以 懲 人 臣 之 不 忠 者 . [23a*6*17]\nChí thị, Thái tử thỉnh trí chi cực hình dĩ trừng nhân thần chi bất trung giả.\n帝 曰 巨 陀 罪 甘 赤 族 然 古 者 有 羊 斟 不 預 羊 肉 至 敗 鄭 師 . [23a*7*15]\nĐế viết: Cự Đà tội cam xích tộc, nhiên cổ giả hữu Dương Châm bất dự dương nhục chí bại Trịnh sư.\n巨 陀 之 事 予 之 過 也 免 死 許 擊 賊 贖 罪 〇 . [23a*8*18]\nCự Đà chi sự dư chi quá dã, miễn tử, hứa kích tặc chuộc tội .\n時 帝 親 率 六 . [23a*9*15]\nThời, Đế thân suất lục..\n",
    "url": "/data/image_dvsk/ban_ky_toan_thu/quyen5/DVSKTT_ban_toan_V_23a.jpg"
  },
  {
    "text": "師 禦 冦 . [23b*1*1]\nsư ngự khấu.\n掌 印 官 倉 卒 藏 宝 玺 於 大 明 殿 梁 上 但 帶 内 密 印 隨 行 . [23b*1*4]\nChưởng ấn quan thương tốt tàng bảo tỉ ư Đại Minh điện lương thượng, đản đái nội mật ấn tuỳ hành.\n途 中 印 又 亡 . [23b*2*6]\nĐồ trung ấn hựu vong.\n軍 中 文 書 無 印 帝 命 工 刻 木 為 之 . [23b*2*11]\nQuân trung văn thư vô ấn, Đế mệnh công khắc mộc vi chi.\n及 駕 回 京 又 有 進 亡 印 者 所 藏 宝 玺 依 然 猶 在 . [23b*3*5]\nCập giá hồi kinh, hựu hữu tiến vong ấn giả, sở tàng bảo tỉ y nhiên do tại.\n戊 午 八 年 三 月 以 後 聖 宗 紹 隆 元 年 宋 寶 祐 六 年 春 正 月 朔 帝 御 正 殿 朝 百 官 . [23b*5*1]\nMậu Ngọ bát niên, [Tam nguyệt dĩ hậu Thánh Tông Thiệu Long nguyên niên, Tống Bảo Hựu lục niên,] xuân chính nguyệt, sóc, Đế ngự chính điện triều bách quan.\n百 姓 安 堵 如 故 . [23b*6*5]\nBách tính an đổ như cố.\n定 功 行 封 授 黎 輔 陳 御 史 大 夫 仍 以 昭 聖 公 主 㱕 之 . [23b*6*11]\nĐịnh công, hành phong thụ Lê Phụ Trần Ngự sử đại phu, những dĩ Chiêu Thánh công chúa quy chi.\n曰 朕 非 卿 𡸈 復 有 今 日 . [23b*7*12]\nViết: Trẫm phi khanh há phục hữu kim nhật.\n卿 其 勉 之 共 成 厥 終 . [23b*8*2]\nKhanh kì miễn chi cộng thành quyết chung.\n史 臣 吳 士 連 曰 陳 朝 君 臣 瀆 夫 婦 之 偷 又 於 斯 . [23b*9*1]\nSử thần Ngô Sĩ Liên viết: Trần triều quân thần độc phu phụ chi thâu hựu ư tư..\n",
    "url": "/data/image_dvsk/ban_ky_toan_thu/quyen5/DVSKTT_ban_toan_V_23b.jpg"
  },
  {
    "text": "見 之 矣 . [24a*1*1]\nkiến chi hĩ.\n遣 使 通 好 于 宋 〇 . [24a*2*2]\nKhiến sứ thông hảo vu Tống .\n遣 黎 輔 陳 周 博 覽 如 元 . [24a*2*9]\nKhiến Lê Phụ Trần, Chu Bác Lãm như Nguyên.\n時 元 使 來 索 歲 幣 增 其 職 貢 紛 紜 不 定 . [24a*2*18]\nThời Nguyên sứ lai sách tuế tệ, tăng kì chức cống, phân vân bất định.\n帝 命 輔 陳 徃 以 博 覽 副 之 . [24a*3*14]\nĐế mệnh Phụ Trần vãng dĩ Bác Lãm phó chi.\n卒 定 三 年 一 貢 為 常 例 〇 . [24a*4*5]\nTốt, định tam niên nhất cống vi thường lệ .\n二 月 二 十 四 日 帝 傳 位 于 皇 太 子 晃 遜 居 北 宫 . [24a*4*15]\nNhị nguyệt nhị thập tứ nhật, Đế truyền vị vu Hoàng thái tử Hoảng, tốn cư Bắc Cung.\n太 子 即 皇 帝 位 改 元 紹 隆 元 年 . [24a*5*14]\nThái tử tức Hoàng đế vị cải nguyên Thiệu Long nguyên niên.\n大 赦 . [24a*6*7]\nĐại xá.\n稱 仁 皇 尊 上 皇 曰 顯 堯 聖 壽 太 上 皇 帝 . [24a*6*9]\nXưng Nhân Hoàng, tôn thượng hoàng viết Hiển Nghiêu Thánh Thọ Thái Thượng Hoàng Đế.\n史 臣 吳 士 連 曰 自 夏 禹 傳 子 之 後 父 崩 子 繼 兄 殁 弟 乘 未 為 常 法 . [24a*8*1]\nSử thần Ngô Sĩ Liên viết: Tự Hạ Vũ truyền tử chi hậu, phụ băng tử kế, huynh một đệ thừa, vị vi thường pháp.\n陳 氏 家 法 乃 異 於 是 子 既 長 . [24a*9*8]\nTrần thị gia pháp nãi dị ư, thị tử ký trưởng..\n",
    "url": "/data/image_dvsk/ban_ky_toan_thu/quyen5/DVSKTT_ban_toan_V_24a.jpg"
  },
  {
    "text": "即 使 承 正 位 而 父 退 居 聖 慈 宫 以 上 皇 稱 同 聽 政 其 實 但 傳 大 噐 以 定 後 事 僃 倉 卒 爾 事 皆 取 决 於 上 皇 . [24b*1*1]\ntức sử thừa chính, vị nhi phụ thoái cư Thánh Từ cung, dĩ Thượng Hoàng xưng, đồng thính chính, kì thực đản truyền đại khí dĩ định hậu sự bị thương tốt, nhĩ sự giai thủ quyết ư Thượng Hoàng.\n嗣 主 無 異 於 皇 太 子 也 然 則 於 道 得 乎 盖 取 乾 退 居 西 北 而 震 進 出 東 方 之 意 . [24b*3*5]\nTự chủ vô dị ư Hoàng Thái Tử dã, nhiên tắc ư đạo đắc hồ? Cái thủ Càn thoái cư Tây Bắc nhi Chấn tiến xuất Đông phương chi ý.\n然 未 至 於 耄 期 倦 勒 不 可 也 . [24b*4*17]\nNhiên vị chí ư mạo kì quyện lặc bất khả dã.\n曷 若 繼 承 如 三 王 以 正 其 始 終 之 為 愈 . [24b*5*10]\nHạt nhược kế thừa như Tam vương dĩ chính kì thuỷ chung chi vi dũ.\n孟 子 曰 遵 先 王 之 法 而 過 也 未 之 有 也 . [24b*6*7]\nMạnh tử viết: Tuân tiên vương chi pháp nhi quá dã vị chi hữu dã.\n群 臣 上 尊 號 曰 憲 天 體 道 大 明 光 孝 皇 帝 〇 . [24b*8*2]\nQuần thần thượng tôn hiệu viết Hiến Thiên Thể Đạo Đại Minh Quang Hiếu Hoàng Đế .\n秋 八 月 暴 風 報 天 㙮 頂 落 〇 . [24b*8*19]\nThu bát nguyệt, bạo phong, Báo Thiên tháp đỉnh lạc .\n納 安 生 王 弟 五 女 韶 為 . [24b*9*11]\nNạp An Sinh Vương đệ ngũ nữ, Thiều, vi..\n",
    "url": "/data/image_dvsk/ban_ky_toan_thu/quyen5/DVSKTT_ban_toan_V_24b.jpg"
  }
]