[
  {
    "text": "天 感 夫 人 尋 󰀋 為 后 〇 . [25a*1*1]\nThiên Cảm phu nhân tầm sách vi hậu .\n冬 十 一 月 十 一 日 皇 長 子 昑 生 昑 丘 錦 切 封 弟 光 啓 為 昭 明 大 王 . [25a*1*10]\nĐông thập nhất nguyệt, thập nhất nhật, Hoàng trưởng tử khâm sinh [khâm khâu Cẩm thiết] phong đệ Quang Khải vi Chiêu Minh Đại vương.\n聖 宗 皇 帝 諱 晃 太 宗 適 長 子 也 母 顯 慈 順 天 皇 太 后 李 氏 因 太 宗 夢 上 帝 授 以 寶 劎 后 遂 有 娠 以 天 應 正 平 九 年 庚 子 九 月 二 十 五 日 午 時 誕 生 尋 立 為 皇 太 子 太 宗 遜 位 遂 𡸈 大 寶 在 位 二 十 一 年 遜 位 十 年 壽 五 十 一 歲 崩 于 仁 壽 宫 塟 裕 陵 . [25a*3*1]\nThánh Tông Hoàng Đế [Huý Hoảng, Thái Tông thích trưởng tử dã. Mẫu Hiển Từ Thuận Thiên Hoàng thái hậu Lí thị. Nhân Thái Tông mộng Thượng Đế thụ dĩ bảo kiếm, hậu toại hữu thần. Dĩ Thiên Ứng Chính BÌnh cửu niên, Canh Tí cửu nguyệt, nhị thập ngũ nhật, ngọ thời đản sinh, tầm lập vi Hoàng Thái tử. Thái Tông tốn vị, toại khởi đại bảo, tại vị nhị thập nhất niên, tốn vị thập niên, thọ ngũ thập nhất tuế, băng vu Nhân Thọ cung, táng Dụ Lăng .\n帝 三 忠 孝 人 恕 尊 賢 重 道 父 作 於 前 子 述 扵 後 陳 定 基 業 固 矣 然 優 游 三 昧 探 . [25a*5*32]\nĐế tam trung hiếu nhân thứ, tôn hiền trọng đạo, phụ tác ư tiền, tử thuật ư hậu, Trần, định cơ nghiệp cố hĩ. Nhiên ưu du tam muội, thám trách nhất thừa, phi đế vương chi thiện trị dã. Kỷ Mùi Thiệu Long nhị niên, [Tống Khai Khánh nguyên niên] xuân chính nguyệt, Trần Thủ Độ phu nhân Linh Từ Quốc Mẫu Trần thị hoăng.\n? 一 乘 非 帝 王 之 善 治 也 紀 未 紹 隆 二 年 宋 開 慶 元 年 春 正 月 陳 守 度 夫 人 靈 慈 國 母 陳 氏 薨 陳 氏 稱 國 母 者 本 前 吳 夫 人 號 即 后 . [25a*9*6]\nTrần thị xưng Quốc mẫu giả, bản tiền Ngô phu nhân hiệu tức hậu..\n",
    "url": "/data/image_dvsk/ban_ky_toan_thu/quyen5/DVSKTT_ban_toan_V_25a.jpg"
  },
  {
    "text": "也 . [25b*1*1]\ndã.\n太 宗 以 靈 慈 嘗 為 李 惠 宗 后 不 忍 以 公 主 稱 故 封 為 國 母 亦 后 之 别 . [25b*1*2]\nThái Tông dĩ Linh Từ thường vi Lí Huệ Tông hậu, bất nhẫn dĩ Công chúa xưng, cố phong vi Quốc mẫu diệc hậu chi biệt.\n各 其 輿 服 僕 御 視 后 . [25b*2*9]\nCác kì dư phục bộc ngự thị hậu.\n史 臣 吳 士 連 曰 靈 慈 𥘉 㱕 李 惠 宗 非 正 也 後 㱕 陳 守 度 失 節 也 . [25b*3*1]\nSử thần Ngô Sĩ Liên viết: Linh Từ sơ quy Lí Huệ Tông phi chính dã, hậu quy Trần Thủ Độ thất tiết dã.\n然 而 其 女 昭 皇 禪 陳 順 天 又 為 太 宗 后 生 聖 宗 . [25b*4*7]\nNhiên nhi kì nữ Chiêu Hoàng thiền Trần, Thuận Thiên hựu vi Thái Tông hậu, sinh Thánh Tông.\n安 生 與 太 宗 生 釁 靈 慈 調 之 使 和 再 為 兄 弟 如 𥘉 . [25b*5*7]\nAn Sinh dữ Thái Tông sinh hấn, Linh Từ điều chi sử hoà tái vi huynh đệ như sơ.\n及 元 人 間 道 入 冦 京 城 失 守 靈 慈 在 黄 江 保 眾 皇 太 子 宫 嬪 妃 主 及 諸 將 妻 子 免 於 盗 賊 又 按 驗 諸 家 舟 船 之 匿 車 噐 者 盡 送 于 軍 . [25b*6*8]\nCập Nguyên nhân gian đạo nhập khấu, kinh thành thất thủ, Linh Từ tại Hoàng giang bảo chúng hoàng Thái tử, cung tần phi chủ, cập chư tướng thê tử, miễn ư đạo tặc, hựu án nghiệm chư gia chu thuyền chi nặc xa khí giả tận tống vu quân.\n其 相 陳 家 内 治 之 功 為 多 而 報 李 氏 則 . [25b*9*4]\nKì tương Trần gia nội trị chi công vi đa, nhi báo Lí thị tắc..\n",
    "url": "/data/image_dvsk/ban_ky_toan_thu/quyen5/DVSKTT_ban_toan_V_25b.jpg"
  },
  {
    "text": "蔑 如 也 . [26a*1*1]\nmiệt như dã.\n是 知 天 之 生 靈 慈 乃 所 以 啓 陳 跡 似 𡍼 山 興 夏 而 德 則 非 也 . [26a*1*4]\nThị tri thiên chi sinh Linh Từ nãi sở dĩ khải Trần tích, tự đồ Sơn hưng Hạ, nhi đức tắc phi dã.\n天 之 變 道 有 如 此 者 微 哉 〇 . [26a*2*9]\nThiên chi biến đạo hữu như thử giả, vi tai! .\n夏 六 月 以 阮 介 勳 為 大 行 遣 尚 書 左 輔 黎 輔 陳 為 水 軍 大 将 軍 〇 . [26a*3*2]\nHạ lục nguyệt, dĩ Nguyễn Giới Huân vi Đại hành khiển Thượng thư tả phụ, Lê Phụ Trần vi thuỷ quân đại tướng quân .\n秋 七 月 拜 謁 山 陵 . [26a*4*8]\nThu thất nguyệt, bái yết sơn lăng.\n置 山 陵 官 及 封 先 帝 宫 嬪 以 奉 祀 〇 . [26a*4*15]\nTrí sơn lăng quan, cập phong tiên đế cung tần dĩ phụng tự .\n九 月 以 誕 日 為 興 天 節 〇 . [26a*5*10]\nCửu nguyệt, dĩ đản nhật vi Hưng Thiên tiết .\n冬 十 月 四 日 上 皇 御 北 宫 即 聖 慈 宫 百 官 朝 賀 . [26a*6*1]\nĐông thập nguyệt, tứ nhật, Thượng hoàng ngự Bắc cung, [tức Thánh Từ cung.] bách quan triều hạ.\n庚 申 三 年 宋 景 定 元 年 元 世 祖 忽 必 烈 中 綂 元 年 春 三 月 戊 辰 朔 日 食 二 十 五 日 日 重 暈 内 經 黄 色 . [26a*7*1]\nCanh Thân tam niên, [Tống Cảnh Định nguyên niên, Nguyên Thế Tổ Hốt tất Liệt Trung Thống nguyên niên,] xuân tam nguyệt, Mậu Thìn, sóc, nhật thực, nhị thập ngũ nhật, nhật trùng vựng nội kinh hoàng sắc.\n辛 酉 四 年 宋 景 定 二 年 元 中 綂 二 年 春 正 月 選 諸 路 丁 壮 為 兵 . [26a*9*1]\nTân Dậu tứ niên [Tống Cảnh Định nhị niên, Nguyên Trung Thống nhị niên,] xuân chính nguyệt, tuyển chư lộ đinh tráng vi binh,..\n",
    "url": "/data/image_dvsk/ban_ky_toan_thu/quyen5/DVSKTT_ban_toan_V_26a.jpg"
  },
  {
    "text": "餘 𠑽 各 省 院 局 色 役 及 各 府 路 縣 選 鋒 隊 〇 . [26b*1*1]\ndư xung các tỉnh viện cục sắc dịch, cập các phủ lộ huyện tuyển phong đội .\n試 吏 員 以 書 筭 中 者 𠑽 内 令 史 掾 吏 太 醫 太 祝 各 司 考 試 精 通 本 藝 者 除 本 職 〇 . [26b*1*18]\nThí lại viên dĩ thư toán, trúng giả xung Nội lệnh sử duyên lại, Thái y thái chúc các ti khảo thí tinh thông bản nghệ giả, trừ bản chức .\n夏 六 月 元 遣 禮 步 郎 中 孟 甲 員 外 郎 李 文 俊 齎 書 來 諭 . [26b*3*11]\nHạ lục nguyệt, Nguyên khiến Lễ Bộ Lang trung Mạnh Giáp, viên ngoại lang Lí Văn Tuấn, tê thư lai dụ.\n其 畧 曰 安 南 官 僚 士 󰱃 凣 衣 冠 禮 樂 風 俗 百 事 一 依 本 國 舊 例 不 須 更 改 况 髙 麗 國 北 遣 使 來 請 已 下 詔 悉 例 此 例 除 戒 雲 南 边 将 不 得 𢫔 興 兵 甲 侵 撂 疆 埸 撓 乱 人 民 宴 尔 國 官 僚 士 . [26b*4*13]\n[Kì Lược viết: An Nam quan liêu sĩ thứ phàm y quan lễ lạc phong tục bách sự nhất y bản quốc cựu lệ, bất tu canh cải. Huống Cao Li quốc Bắc khiến sứ lai thỉnh, dĩ hạ chiếu tất lệ thử lệ. Trừ giới Vân Nam biên tướng bất đắc chen hưng binh giáp, xâm lược cương dịch, nhiễu loạn nhân dân, Yến nhĩ quốc quan liêu sĩ thứ các nghi an trị như cố .] Mạnh Giáp đẳng vu Thánh Từ cung, khiến Thông thị đại phu Trần Phụng Công, chư vệ ký ban Nguyễn Thám, viên ngoại lang Nguyễn Diễn tê thư như Nguyên thông hảo.\n? 各 宜 安 治 如 故 孟 甲 等 于 聖 慈 宫 遣 通 侍 大 夫 陳 奉 公 諸 衛 寄 班 阮 琛 貟 外 郎 阮 演 齎 書 如 元 通 好 . [26b*8*8]\nNguyên phong Đế vi An Nam quốc vương, tứ dĩ tây cẩm tam, kim thục cẩm lục .\n元 封 帝 為 安 南 國 王 賜 以 西 錦 三 金 熟 錦 六 〇 . [26b*9*7]\nDĩ Chiêu Minh đại vương Quang Khải vi Thái uý.\n以 昭 明 大 王 光 啓 為 太 尉 時 帝 兄 . [26b*9*17]\nThời Đế huynh..\n",
    "url": "/data/image_dvsk/ban_ky_toan_thu/quyen5/DVSKTT_ban_toan_V_26b.jpg"
  },
  {
    "text": "國 康 年 長 然 乃 常 才 故 相 光 啓 . [27a*1*1]\nQuốc Khang niên trưởng nhiên nãi thường tài, cố tướng Quang Khải.\n史 臣 吳 士 連 曰 陳 家 之 制 王 侯 皆 居 鄕 第 朝 覲 赴 京 事 畢 還 第 如 國 峻 之 於 萬 刼 守 度 之 於 玃 鄕 國 頊 之 於 至 靈 是 也 . [27a*2*1]\nSử thần Ngô Sĩ Liên viết: Trần gia chi chế, vương hầu giai cư hương đệ, triều cận phó kinh sự, tất hoàn đệ, như Quốc Tuấn chi ư Vạn Kiếp, Thủ Độ chi ư quắc Hương, Quốc Chẩn chi ư Chí Linh thị dã.\n及 入 為 相 始 總 天 下 事 . [27a*4*10]\nCập nhập vi tướng, thuỷ tổng thiên hạ sự.\n然 但 持 大 綱 權 㱕 行 遣 . [27a*5*1]\nNhiên đản trì đại cương, quyền quy hành khiển.\n輕 者 反 重 而 重 者 反 輕 然 而 不 重 煩 以 事 亦 保 全 之 意 . [27a*5*10]\nKhinh giả phản trọng, nhi trọng giả phản khinh, nhiên nhi bất trùng phiền, dĩ sự diệc bảo toàn chi ý.\n且 如 元 豊 丁 巳 胡 虜 入 冦 王 侯 亦 率 家 僮 及 鄕 兵 土 豪 為 勤 王 之 師 . [27a*6*13]\nThả như Nguyên Phong Đinh Tị hồ lỗ nhập khấu, vương hầu diệc suất gia đồng cập hương binh, thổ hào, vi cần vương chi sư.\n天 定 之 变 又 率 村 庄 人 為 龍 袋 之 迎 亦 壮 維 城 之 勢 也 . [27a*8*3]\nThiên ĐỊnh chi biến, hựu suất thôn trang nhân vi long đại chi nghênh diệc tráng duy thành chi thế dã.\n",
    "url": "/data/image_dvsk/ban_ky_toan_thu/quyen5/DVSKTT_ban_toan_V_27a.jpg"
  },
  {
    "text": "壬 戌 五 年 宋 景 定 三 年 元 中 綂 三 年 春 二 月 上 皇 御 即 墨 行 宫 . [27b*1*1]\nNhâm Tuất ngũ niên, [Tống Cảnh Định tam niên, Nguyên Trung Thống tam niên] xuân nhị nguyệt, Thượng hoàng ngự Tức Mặc hành cung.\n大 酺 鄕 老 自 六 十 歲 以 上 各 賜 爵 二 資 婦 人 絹 二 疋 . [27b*2*1]\nĐại bồ hương lão tự lục thập tuế dĩ thượng, các tứ tước nhị tư, phụ nhân quyến nhị thất.\n改 即 墨 鄕 為 天 長 府 宫 曰 重 光 宫 又 别 構 嗣 君 來 朝 所 御 之 宫 曰 重 華 宫 . [27b*3*2]\nCải Tức Mặc hương vi Thiên Trường phủ, cung viết Trùng Quang cung, hựu biệt cấu tự quân lai triều sở ngự chi, cung viết Trùng Hoa cung.\n又 建 佛 寺 于 重 光 之 西 曰 普 明 寺 . [27b*4*11]\nHựu kiến phật tự vu Trùng Quang chi Tây, viết PHổ Minh tự.\n是 後 諸 帝 遜 位 皆 御 是 宫 因 置 两 宫 色 役 以 僃 供 奉 又 置 留 守 官 掌 之 〇 . [27b*5*5]\nThị hậu chư Đế tốn vị giai ngự thị cung, nhân trí lưỡng cung sắc dịch dĩ bị cung phụng, hựu trí lưu thủ quan chưởng chi .\n三 月 詔 諸 軍 造 戰 噐 戰 船 水 陸 習 陣 于 白 鶴 江 九 浮 沙 〇 . [27b*6*14]\nTam nguyệt, chiếu chư quân tạo chiến khí, chiến thuyền, thuỷ lục tập trận vu Bạch Hạc giang cửu phù sa .\n秋 九 月 錄 囚 北 冦 來 時 降 元 者 不 原 〇 . [27b*7*17]\nThu cửu nguyệt, lục tù Bắc khấu lai thời hàng Nguyên giả, bất nguyên .\n占 城 來 貢 〇 . [27b*8*13]\nChiêm Thành lai cống .\n冬 十 一 月 元 使 馬 合 部 等 十 人 來 問 慶 賀 禮 〇 . [27b*8*18]\nĐông thập nhất nguyệt, Nguyên sứ Mã Hợp Bộ đẳng thập nhân lai vấn khánh hạ lễ .\n十 二 月 . [27b*9*17]\nThập nhị nguyệt,..\n",
    "url": "/data/image_dvsk/ban_ky_toan_thu/quyen5/DVSKTT_ban_toan_V_27b.jpg"
  },
  {
    "text": "大 風 雨 . [28a*1*1]\nđại phong vũ.\n癸 亥 六 年 宋 景 定 四 年 元 中 綂 四 年 春 正 月 遣 殿 前 指 揮 使 范 巨 地 陳 喬 如 元 . [28a*2*1]\nQuý Hợi lục niên, [Tống Cảnh Định tứ niên, Nguyên Trung Thống tứ niên] xuân chính nguyệt, khiến Điện tiền chỉ huy sứ Phạm Cự Địa, Trần Kiều như Nguyên.\n元 帝 優 詔 許 三 年 一 貢 〇 . [28a*3*7]\nNguyên Đế ưu chiếu, hứa tam niên nhất cống .\n二 月 雨 雹 〇 . [28a*3*17]\nNhị nguyệt, vũ bão .\n三 月 大 震 天 安 殿 〇 . [28a*4*3]\nTam nguyệt, đại chấn Thiên An điện .\n夏 四 月 以 黎 居 為 清 化 寨 主 〇 . [28a*4*11]\nHạ tứ nguyệt, dĩ Lê Cư vi Thanh Hoá trại chủ .\n秋 七 月 守 度 廵 諒 山 江 元 九 . [28a*5*4]\nThu thất nguyệt, Thủ Độ tuần Lạng Sơn giang nguyên .\n九 月 疫 作 〇 . [28a*5*15]\nCửu nguyệt, dịch tác .\n冬 十 二 月 暴 風 大 雨 〇 . [28a*6*1]\nĐông thập nhị nguyệt, bạo phong đại vũ .\n宋 思 明 府 土 官 黄 炳 進 方 物 仍 将 部 属 千 二 人 來 附 . [28a*6*10]\nTống Tư Minh phủ thổ quan Hoàng Bính tiến phương vật, những tương bộ thuộc thiên nhị nhân lai phụ.\n甲 子 七 年 宋 景 定 五 年 元 至 元 元 年 春 正 月 太 師 陳 守 度 卒 . [28a*8*1]\nGiáp Tí thất niên, [Tống Cảnh ĐỊnh ngũ niên, Nguyên Chí Nguyên nguyên niên,] xuân chính nguyệt, Thái sư Trần Thủ Độ tốt.\n年 七 十 一 贈 尚 父 太 師 忠 武 大 王 . [28a*8*24]\nNiên thất thập nhất.] Tặng Thượng phụ Thái sư Trung vũ Đại vương.\n守 度 𨿽 無 學 問 然 才 畧 . [28a*9*12]\nThủ Độ tuy vô học vấn, nhiên tài lược..\n",
    "url": "/data/image_dvsk/ban_ky_toan_thu/quyen5/DVSKTT_ban_toan_V_28a.jpg"
  },
  {
    "text": "過 人 仕 李 朝 為 眾 所 推 . [28b*1*1]\nquá nhân sĩ Lí triều vi chúng sở suy.\n太 宗 之 得 天 下 者 皆 其 謀 力 也 . [28b*1*10]\nThái Tông chi đắc thiên hạ giả, giai kì mưu lực dã.\n故 為 國 倚 重 權 移 人 主 . [28b*2*3]\nCố vi quốc ỷ, trọng quyền di nhân chủ.\n時 有 劾 之 者 見 太 宗 垂 涕 曰 陛 下 幼 冲 而 守 度 權 移 人 主 将 如 社 稷 何 太 宗 即 命 駕 幸 守 度 第 仍 執 劾 者 從 具 以 所 言 諭 之 . [28b*2*12]\nThời, hữu hặc chi giả kiến Thái Tông thuỳ thế viết: Bệ hạ ấu xung, nhi Thủ Độ quyền di nhân chủ, tương như xã tắc hà? Thái Tông tức mệnh giá hạnh Thủ Độ đệ, những chấp hặc giả tòng, cụ dĩ sở ngôn dụ chi.\n守 度 對 曰 誠 如 所 言 . [28b*5*2]\nThủ Độ đối viết: Thành như sở ngôn.\n即 以 錢 帛 與 之 . [28b*5*10]\nTức dĩ tiền bạch dữ chi.\n靈 慈 國 母 嘗 坐 肩 輿 過 禁 階 為 軍 校 所 遏 . [28b*5*16]\nLinh Từ Quốc mẫu thường toạ khiên dư quá cấm giai, vi quân hiệu sở át.\n回 第 泣 謂 守 度 曰 媪 為 公 婦 而 軍 校 輕 慢 如 此 . [28b*6*13]\nHồi đệ khấp vị Thủ Độ viết: Ẩu vi công phụ, nhi quân hiệu khinh mạn như thử.\n守 度 怒 令 捉 之 . [28b*7*12]\nThủ Độ nộ lệnh tróc chi.\n軍 校 以 為 必 死 . [28b*7*18]\nQuân hiệu dĩ vi tất tử.\n及 至 守 度 靣 詰 之 . [28b*8*5]\nCập chí, Thủ Độ diện cật chi.\n軍 校 具 以 實 對 . [28b*8*12]\nQuân hiệu cụ dĩ thực đối.\n守 度 曰 汝 居 卑 職 而 䏻 守 法 我 有 何 言 . [28b*8*18]\nThủ Độ viết: Nhữ cư ti chức nhi năng thủ pháp, ngã hữu hà ngôn.\n賞 以 金 帛 而 遣 . [28b*9*14]\nThưởng dĩ kim bạch, nhi khiến..\n",
    "url": "/data/image_dvsk/ban_ky_toan_thu/quyen5/DVSKTT_ban_toan_V_28b.jpg"
  },
  {
    "text": "之 . [29a*1*1]\nchi.\n嘗 定 戶 口 國 母 私 求 一 丁 為 勾 當 守 度 頷 之 户 感 切 以 頭 點 應 也 識 其 姓 名 貫 址 . [29a*1*2]\nThường định hộ khẩu, Quốc mẫu tư cầu nhất đinh vi câu đương, Thủ Độ hàm chi, [hộ cảm thiết dĩ đầu điểm ứng dã.] thức kì tính danh quán chỉ.\n及 閲 定 其 社 問 某 何 在 其 人 欣 然 趍 進 . [29a*2*13]\nCập duyệt định kì xã, vấn mỗ hà tại, kì nhân hân nhiên xu tiến.\n守 度 曰 汝 以 公 主 故 得 為 勾 當 非 他 勾 當 可 比 當 則 一 足 趾 使 與 他 别 . [29a*3*6]\nThủ Độ viết: Nhữ dĩ công chúa cố đắc vi câu đương, phi tha câu đương khả tỉ, đương tắc nhất túc chỉ sử dữ tha biệt.\n其 人 哀 呼 請 辝 久 之 乃 釋 . [29a*4*14]\nKì nhân ai hô thỉnh từ, cửu chi nãi thích.\n自 是 無 敢 私 謁 者 . [29a*5*5]\nTự thị vô cảm tư yết giả.\n太 宗 嘗 欲 以 守 度 兄 安 國 為 相 . [29a*5*12]\nThái Tông thường dục dĩ Thủ Độ huynh An Quốc vi tướng.\n守 度 曰 安 國 臣 兄 也 如 以 為 賢 則 臣 請 𦤶 仕 如 以 臣 賢 於 安 國 則 安 國 不 可 󰁮 . [29a*6*5]\nThủ Độ viết: An Quốc thần huynh dã, như dĩ vi hiền tắc thần thỉnh trí sĩ, như dĩ thần hiền ư An Quốc, tắc An Quốc bất khả cử.\n若 兄 弟 並 相 則 朝 廷 之 事 将 如 之 何 乃 止 . [29a*7*16]\nNhược huynh đệ tịnh tướng tắc triều đình chi sự tương như chi hà? Nãi chỉ.\n守 度 𨿽 為 宰 相 而 凣 事 罔 不 加 意 . [29a*8*13]\nThủ Độ tuy vi Tể tướng, nhi phàm sự võng bất gia ý.\n以 此 䏻 輔 成 王 業 而 令 終 也 . [29a*9*7]\nDĩ thử năng phụ thành vương nghiệp, nhi lệnh chung dã.\n太 宗 . [29a*9*18]\nThái Tông..\n",
    "url": "/data/image_dvsk/ban_ky_toan_thu/quyen5/DVSKTT_ban_toan_V_29a.jpg"
  },
  {
    "text": "嘗 製 生 祠 碑 文 以 寵 異 之 . [29b*1*1]\nthường chế sinh từ bi văn, dĩ sủng dị chi.\n然 而 弑 君 烝 后 之 罪 難 逃 於 後 世 矣 〇 . [29b*1*11]\nNhiên nhi thích quân chừng hậu chi tội nan đào ư hậu thế hĩ .\n二 月 彗 星 見 東 北 〇 . [29b*2*7]\nNhị nguyệt, tuệ tinh hiện Đông Bắc .\n三 月 以 欽 天 大 王 日 皎 為 相 國 太 尉 總 天 下 事 . [29b*2*15]\nTam nguyệt, dĩ Khâm Thiên đại vương Nhật Hiệu vi Tướng quốc thái uý, tổng thiên hạ sự.\n時 帝 拜 日 皎 太 師 固 辝 不 受 盖 慙 寫 船 舷 之 事 也 . [29b*3*14]\nThời, Đế bái Nhật Hiệu Thái sư, cố từ bất thụ, cái tàm tả thuyền huyền chi sự dã.\n帝 𨿽 𠃔 其 辝 太 師 之 請 而 加 相 國 二 字 為 相 國 太 尉 〇 . [29b*4*14]\nĐế tuy doãn kì từ Thái sư chi thỉnh, nhi gia tướng quốc nhị tự vi Tướng quốc Thái uý .\n秋 七 月 六 日 上 皇 宴 群 臣 於 延 賢 殿 . [29b*5*16]\nThu thất nguyệt, lục nhật, thượng hoàng yến quần thần ư Diên Hiền điện.\n宴 未 終 忽 有 彗 星 見 東 北 長 竟 天 . [29b*6*11]\nYến vị chung, hốt hữu tuệ tinh hiện Đông Bắc, trường cánh thiên.\n上 皇 出 視 之 曰 予 觀 其 光 芒 甚 大 其 尾 甚 長 非 我 國 之 灾 . [29b*7*5]\nThượng hoàng xuất thị chi viết: Dư quan kì quang mang thậm đại, kì vĩ thậm trường, phi ngã quốc chi tai.\n復 命 終 宴 . [29b*8*8]\nPhục mệnh chung yến.\n是 年 冬 十 月 宋 帝 崩 . [29b*8*12]\nThị niên, đông thập nguyệt, Tống đế băng.\n乙 酉 八 年 宋 度 宗 禥 󰦭 淳 元 年 元 至 元 二 年 春 二 月 占 城 國 遣 使 . [29b*9*1]\nẤt Dậu bát niên, [Tống Độ Tông cơ Hàm Thuần nguyên niên, Nguyên Chí Nguyên nhị niên,] xuân nhị nguyệt, Chiêm Thành quốc khiến sứ..\n",
    "url": "/data/image_dvsk/ban_ky_toan_thu/quyen5/DVSKTT_ban_toan_V_29b.jpg"
  },
  {
    "text": "來 貢 〇 . [30a*1*1]\nlai cống .\n三 月 改 京 師 評 泊 司 曰 大 安 撫 使 . [30a*1*4]\nTam nguyệt, cải Kinh sư bình bạc ti viết Đại An phủ sứ.\n𥘉 制 安 撫 使 歷 任 各 路 满 考 則 入 為 天 長 安 撫 使 又 餘 考 則 餘 帶 審 刑 院 事 水 得 為 京 師 安 撫 使 〇 . [30a*1*17]\nSơ chế, An Phủ sứ lịch nhiệm các lộ mãn khảo, tắc nhập vi Thiên Trường An phủ sứ, hựu dư khảo tắc dư đái thẩm hình viện sự, thuỷ đắc vi Kinh sư An phủ sứ .\n秋 七 月 大 水 决 機 舍 坊 . [30a*3*17]\nThu thất nguyệt, đại thuỷ, quyết Cơ Xá phường.\n人 畜 多 溺 死 . [30a*4*7]\nNhân súc đa nịch tử.\n大 赦 〇 . [30a*4*12]\nĐại xá .\n皇 子 德 曄 生 . [30a*4*15]\nHoàng tử Đức Diệp sinh.\n丙 寅 九 年 宋 󰦭 淳 二 年 元 至 元 三 年 春 正 月 占 城 使 臣 布 星 布 弘 布 突 來 貢 〇 . [30a*5*1]\nBính Dần cửu niên, [Tống Hàm Thuần nhị niên, Nguyên Chí Nguyên tam niên] xuân chính nguyệt, Chiêm Thành sứ thần Bố Tinh, Bố Hoằng, Bố Đột, lai cống .\n二 月 元 遣 耨 剌 丁 來 吿 曰 吾 昔 遣 使 通 好 執 事 迷 而 不 反 . [30a*6*7]\nNhị nguyệt, Nguyên khiến Nậu Lạt Đinh lai cáo viết: Ngô tích khiến sứ thông hảo chấp sự mê nhi bất phản.\n我 是 以 有 徃 年 之 師 . [30a*7*10]\nNgã thị dĩ hữu vãng niên chi sư.\n帝 遣 楊 安 養 武 桓 如 元 報 聘 〇 . [30a*7*18]\nĐế khiến Dương An Dưỡng, Võ Hoàn như Nguyên báo sính .\n三 月 大 比 取 士 . [30a*8*11]\nTam nguyệt, đại tỉ thủ sĩ.\n賜 京 状 元 陳 固 寨 状 元 白 遼 榜 眼 缺 姓 名 探 花 郎 夏 儀 太 學 . [30a*8*17]\nTứ Kinh trạng nguyên Trần Cố, trại trạng nguyên Bạch Liêu, bảng nhãn [khuyết tính danh] thám hoa lang Hạ Nghi, thái học..\n",
    "url": "/data/image_dvsk/ban_ky_toan_thu/quyen5/DVSKTT_ban_toan_V_30a.jpg"
  },
  {
    "text": "生 四 十 七 名 出 身 有 差 . [30b*1*1]\nsinh tứ thập thất danh, xuất thân hữu sai.\n遼 乂 安 人 性 明 敏 強 記 讀 書 千 行 俱 下 . [30b*1*10]\nLiêu, Nghệ An nhân, tính minh mẫn, cường kí, độc thư thiên hàng cụ hạ.\n時 上 相 光 啓 𬋩 乂 安 遼 為 門 客 竟 不 仕 〇 . [30b*2*6]\nThời, thượng tướng Quang Khải quản Nghệ An, Liêu vi môn khách, cánh bất sĩ .\n二 月 東 海 路 水 軍 廵 邉 在 烏 雷 山 因 知 元 來 侵 之 期 〇 . [30b*3*3]\nNhị nguyệt, Đông Hải lộ thuỷ quân tuần biên tại Ô Lôi sơn, nhân tri Nguyên lai xâm chi kì .\n冬 十 月 詔 土 侯 公 主 駙 馬 帝 姬 召 集 漂 散 無 産 人 為 奴 婢 開 墾 荒 閑 田 立 為 田 庄 . [30b*4*5]\nĐông thập nguyệt, chiếu thổ hầu, công chúa, phò mã, đế cơ, triệu tập phiêu tán vô sản nhân vi nô tì khai khẩn hoang nhàn điền, lập vi điền trang.\n王 侯 有 庄 貫 自 此 始 . [30b*5*17]\nVương hầu hữu trang quán tự thử thuỷ.\n丁 卯 十 年 宋 󰦭 淳 三 年 元 至 元 四 年 春 二 月 占 城 來 貢 〇 . [30b*7*1]\nĐinh Mão thập niên, [Tống Hàm Thuần tam niên, Nguyên Chí Nguyên tứ niên] xuân nhị nguyệt, Chiêm Thành lai cống .\n三 月 定 皇 宗 王 侯 公 主 正 派 玉 牒 封 𦹥 號 金 枝 玉 葉 三 世 孫 得 封 侯 郡 王 四 世 孫 賜 爵 明 自 五 世 孫 上 品 . [30b*7*23]\nTam nguyệt, định hoàng tông, vương hầu, công chúa, chính phái ngọc điệp, phong ấm hiệu kim chi ngọc diệp, tam thế tôn đắc phong hầu, quận vương, tứ thế tôn tứ tước minh tự, ngũ thế tôn thượng phẩm,..\n",
    "url": "/data/image_dvsk/ban_ky_toan_thu/quyen5/DVSKTT_ban_toan_V_30b.jpg"
  },
  {
    "text": "爵 依 五 服 圖 〇 . [31a*1*1]\ntước y ngũ phục đồ .\n夏 四 月 選 用 儒 生 能 文 者 𡍼 〇 閣 省 院 . [31a*1*7]\nHạ tứ nguyệt, tuyển dụng nho sinh năng văn giả, xung quán, các, sảnh, viện.\n時 鄧 繼 為 翰 林 院 𭓇 士 杜 國 佐 為 中 書 省 中 書 令 皆 文 𭓇 之 士 也 . [31a*2*3]\nThời, Đặng Kế vi Hàn lâm viện học sĩ, Đỗ Quốc Tá vi Trung thư sảnh trung thư lệnh, giai văn học chi sĩ dã.\n舊 制 非 内 人 不 得 為 行 遣 未 嘗 用 文 𭓇 之 士 . [31a*3*9]\nCựu chế, phi nội nhân bất đắc vi hành khiển, vị thường dụng văn học chi sĩ.\n文 𭓇 得 柄 用 自 此 始 〇 . [31a*4*7]\nVăn học đắc bính dụng tự thử thuỷ .\n五 月 封 弟 益 稷 為 昭 國 王 . [31a*4*16]\nNgũ nguyệt, phong đệ Ích Tắc vi Chiêu Quốc vương.\n益 稷 上 皇 次 子 聰 明 好 𭓇 通 經 史 六 藝 文 章 冠 世 . [31a*5*7]\nÍch Tắc thượng hoàng thứ tử, thông minh hiếu học, thông kinh sử lục nghệ, văn chương quán thế.\n𨿽 小 技 如 蹴 毬 圍 碁 無 不 精 諳 . [31a*6*7]\ntuy tiểu kĩ như xúc cầu, vi kì, vô bất tinh am.\n嘗 開 𭓇 堂 于 第 之 右 集 四 方 文 士 習 𭓇 給 以 衣 食 造 就 成 才 如 旁 河 莫 挺 之 洪 州 裴 放 等 二 十 人 皆 資 用 於 世 〇 . [31a*6*19]\nThường khai học đường vu đệ chi, hữu tập tứ phương văn sĩ tập học, cấp dĩ y thực, tạo tựu thành tài như Bàng Hà Mạc Đĩnh Chi, Hồng Châu Bùi Phóng đẳng, nhị thập nhân giai tư dụng ư thế .\n秋 八 月 詔 定 軍 伍 軍 三 十 都 都 人 十 人 . [31a*9*5]\nThu bát nguyệt, chiếu định quân ngũ, quân tam thập đô, đô nhân thập nhân..\n",
    "url": "/data/image_dvsk/ban_ky_toan_thu/quyen5/DVSKTT_ban_toan_V_31a.jpg"
  },
  {
    "text": "選 宗 室 通 武 藝 明 兵 法 者 管 之 封 . [31b*1*1]\ntuyển tông thất thông võ nghệ minh binh pháp giả quản chi .\n封 弟 日 燏 為 昭 文 王 〇 . [31b*1*14]\nPhong đệ Nhật duật vi Chiêu Văn vương .\n楊 安 養 等 自 元 還 順 齎 元 帝 回 答 禮 物 壬 辰 十 一 年 宋 󰦭 淳 四 年 元 至 元 五 年 春 正 月 帝 嘗 謂 宗 室 曰 天 〇 者 祖 宗 之 天 下 承 祖 宗 之 業 者 當 與 宗 室 兄 弟 同 享 富 貴 𨿽 外 以 天 下 奉 一 人 之 尊 而 内 則 與 卿 等 骨 肉 同 胞 憂 則 共 憂 樂 則 共 樂 卿 等 當 以 此 語 傳 之 子 孫 使 久 勿 忘 則 宗 社 萬 年 之 福 也 至 是 詔 宗 室 王 侯 朝 󰰾 入 殿 内 及 蘭 亭 與 之 飲 食 或 日 暮 不 出 則 設 長 󰥺 大 被 連 床 同 宿 以 篤 发 愛 之 情 . [31b*2*4]\nDương An Dưỡng đẳng tự Nguyên hoàn thuận tê Nguyên đế hồi đáp lễ vật Nhâm Thìn thập nhất niên [Tống Hàm Thuần tứ niên Nguyên Chí Nguyên ngũ niên] xuân chính nguyệt Đế thường vị tông thất viết Thiên hạ giả tổ tông chi thiên hạ thừa tổ tông chi nghiệp giả đương dữ tông thất huynh đệ đồng hưởng phú quý tuy ngoại dĩ thiên hạ phụng nhất nhân chi tôn nhi nội tắc dữ khanh đẳng cốt nhục đồng bào Ưu tắc cộng ưu lạc tắc cộng lạc khanh đẳng đương dĩ thử ngữ truyền chi tử tôn sử cửu vật vong tắc tông xã vạn niên chi phúc dã Chí thị chiếu tông thất vương hầu triều bãi nhập điện nội cập lan đình dữ chi ẩm thực hoặc nhật mộ bất xuất tắc thiết trường chẩm đại bị liên sàng đồng túc dĩ đốc phát ái chi tình..\n",
    "url": "/data/image_dvsk/ban_ky_toan_thu/quyen5/DVSKTT_ban_toan_V_31b.jpg"
  },
  {
    "text": "至 於 朝 賀 賓 客 宴 筵 大 禮 則 正 位 次 尊 卑 等 級 . [32a*1*1]\nChí ư triều hạ, tân khách, yến diên, đại lễ tắc chính vị thứ tôn ti đẳng cấp.\n是 以 當 時 王 侯 莫 不 和 睦 敬 畏 無 狎 昵 驕 矜 之 失 〇 . [32a*1*19]\nThị dĩ, đương thời vương hầu mạc bất hoà mục, kính uý, vô hạp nặc kiêu căng chi thất .\n夏 六 月 大 旱 . [32a*3*1]\nHạ lục nguyệt, đại hạn.\n外 戚 李 吉 犯 坐 天 安 殿 寶 座 . [32a*3*6]\nNgoại thích Lí Cát phạm toạ Thiên An điện bảo toà.\n鞠 治 有 狂 疾 杖 而 釋 之 〇 . [32a*3*17]\nCúc trị hữu cuồng tật, trượng nhi thích chi .\n秋 七 月 大 水 〇 . [32a*4*8]\nThu thất nguyệt, đại thuỷ .\n相 國 太 尉 日 皎 卒 年 四 十 四 贈 相 國 太 師 〇 . [32a*4*14]\nTướng quốc Thái uý Nhật Hiệu tốt, niên tứ thập tứ, tặng Tướng quốc Thái sư .\n冬 十 月 帝 與 兄 靖 國 大 王 國 康 戲 於 上 皇 前 . [32a*5*12]\nĐông thập nguyệt, Đế dữ huynh Tịnh Quốc đại vương Quốc Khang hí ư Thượng hoàng tiền.\n上 皇 著 白 木 綿 服 . [32a*6*10]\nThượng hoàng trước bạch mộc miên phục.\n靖 國 作 胡 人 舞 上 皇 解 衣 與 之 . [32a*6*17]\nTịnh Quốc tác Hồ nhân vũ, Thượng hoàng giải y dữ chi.\n帝 亦 作 胡 人 舞 以 請 . [32a*7*10]\nĐế diệc tác Hồ nhân vũ dĩ thỉnh.\n靖 國 曰 最 貴 者 皇 帝 之 位 下 臣 不 與 二 郎 爭 . [32a*7*18]\nTịnh Quốc viết: Tối quý giả hoàng đế chi vị, hạ thần bất dữ nhị lang tranh.\n今 至 尊 賜 臣 微 物 而 二 郎 欲 奪 之 乎 上 皇 大 笑 曰 汝 視 帝 位 . [32a*8*16]\nKim, chí tôn tứ thần vi vật, nhi nhị lang dục đoạt chi, hồ? Thượng hoàng đại tiếu viết: Nhữ thị Đế vị..\n",
    "url": "/data/image_dvsk/ban_ky_toan_thu/quyen5/DVSKTT_ban_toan_V_32a.jpg"
  },
  {
    "text": "與 賤 服 不 相 . [32b*1*1]\ndữ tiện phục bất tương.\n上 下 賛 羡 久 之 乃 與 靖 國 其 父 子 兄 弟 之 間 和 樂 如 此 〇 . [32b*1*6]\nThượng hạ tán tạn cửu chi, nãi dữ Tịnh Quốc kì phụ tử, huynh đệ chi gian hoà lạc như thử .\n大 饑 . [32b*2*9]\nĐại cơ.\n己 巳 十 二 年 宋 咸 淳 五 年 元 至 元 六 年 春 二 月 占 城 進 白 象 〇 . [32b*3*1]\nKỉ Tị thập nhị niên, [Tống Hàm Thuần ngũ niên, Nguyên chí Nguyên lục niên,] xuân nhị nguyệt, Chiêm Thành tiến bạch tượng .\n夏 五 月 地 裂 星 流 〇 . [32b*4*1]\nHạ ngũ nguyệt, địa liệt, tinh lưu .\n六 月 旱 . [32b*4*9]\nLục nguyệt, hạn.\n綠 囚 . [32b*4*12]\nLục tù.\n雨 . [32b*4*14]\nVũ.\n至 秋 七 月 民 始 得 耕 種 〇 . [32b*4*15]\nChí thu thất nguyệt, dân thuỷ đắc canh chủng .\n八 月 大 水 〇 . [32b*5*6]\nBát nguyệt, đại thuỷ .\n九 月 󰥭 靖 國 大 王 國 康 為 望 江 驃 騎 都 上 将 軍 〇 . [32b*5*11]\nCửu nguyệt, bái Tịnh Quốc đại vương Quốc Khang vi Vọng Giang phiêu kị đô thượng tướng quân .\n冬 十 月 少 熟 〇 . [32b*6*11]\nĐông thập nguyệt, thiểu thục .\n十 二 月 元 使 籠 海 牙 來 諭 邉 事 . [32b*6*17]\nThập nhị nguyệt, Nguyên sứ Lung Hải Nha lai dụ biên sự.\n帝 遣 黎 陀 丁 拱 垣 如 元 . [32b*7*10]\nĐế khiến Lê Đà, Đinh Củng Viên như Nguyên.\n庚 午 十 三 年 宋 咸 淳 六 年 元 至 元 七 年 春 三 月 靖 國 大 王 國 康 起 第 於 演 州 廊 廡 周 廻 壮 麗 過 常 . [32b*8*1]\nCanh Ngọ thập tam niên, [Tống Hàm Thuần lục niên, Nguyên Chí Nguyên thất niên,] xuân tam nguyệt, Tịnh Quốc đại vương Quốc Khang khởi đệ ư Diễn Châu, lang vũ châu hồi tráng lệ quá thường.\n帝 聞 之 使 人 徃 . [32b*9*14]\nĐế văn chi, sử nhân vãng..\n",
    "url": "/data/image_dvsk/ban_ky_toan_thu/quyen5/DVSKTT_ban_toan_V_32b.jpg"
  },
  {
    "text": "觀 . [33a*1*1]\nquan.\n靖 國 惧 乃 塑 佛 像 居 之 今 桶 寺 是 〇 . [33a*1*2]\nTịnh Quốc cụ, nãi tố Phật tượng cư chi [kim Thông tự thị.] .\n夏 四 月 占 城 來 貢 〇 . [33a*1*16]\nHạ tứ nguyệt, Chiêm Thành lai cống .\n秋 七 月 大 水 . [33a*2*3]\nThu thất nguyệt, đại thuỷ.\n京 師 街 巷 多 以 舟 筏 行 . [33a*2*8]\nKinh sư nhai hạng đa dĩ chu phiệt hành.\n九 月 帝 幸 天 長 行 宫 辛 未 十 四 年 宋 咸 淳 七 年 元 至 元 八 年 春 正 月 綠 囚 〇 . [33a*2*17]\nCửu nguyệt, Đế hạnh Thiên Trường hành cung, Tân Mùi thập tứ niên, [Tống Hàm Thuần thất niên, Nguyên Chí Nguyên bát niên,] xuân chính nguyệt, lục tù .\n二 月 朔 地 震 〇 . [33a*4*22]\nNhị nguyệt, sóc, địa chấn .\n三 月 拜 昭 明 大 王 光 啓 為 相 國 太 尉 總 天 下 事 〇 . [33a*5*4]\nTam nguyệt, bái Chiêu Minh đại vương Quang Khải vi Tướng quốc Thái uý, tổng thiên hạ sự .\n是 歲 𫎇 古 建 國 號 曰 大 元 遣 使 來 諭 帝 入 朝 . [33a*6*4]\nThị tuế, Mông Cổ kiến quốc, hiệu viết Đại Nguyên, khiến sứ lai dụ Đế nhập triều.\n帝 辝 以 疾 不 行 . [33a*7*2]\nĐế từ dĩ tật bất hành.\n壬 申 十 五 年 宋 咸 淳 八 年 元 至 元 九 年 春 正 月 翰 林 院 學 士 兼 國 史 院 監 脩 黎 文 休 奉 勑 編 成 大 越 史 記 自 趙 武 . [33a*8*1]\nNhâm Thân thập ngũ niên [Tống Hàm Thuần bát niên, Nguyên Chí Nguyên cửu niên,] xuân chính nguyệt, Hàn Lâm viện học sĩ kiêm Quốc sử viện giám tu Lê Văn Hưu phụng sắc biên thành Đại Việt sử ký, tự Triệu Vũ..\n",
    "url": "/data/image_dvsk/ban_ky_toan_thu/quyen5/DVSKTT_ban_toan_V_33a.jpg"
  },
  {
    "text": "帝 至 李 昭 皇 凣 三 十 卷 上 進 . [33b*1*1]\nđế chí Lí Chiêu Hoàng, phàm tam thập quyển, thượng tiến.\n詔 加 奬 諭 〇 . [33b*1*12]\nChiếu gia tưởng dụ .\n夏 四 月 元 使 兀 良 來 諭 問 銅 柱 舊 界 . [33b*1*17]\nHạ tứ nguyệt, Nguyên sứ Ngột Lương lai dụ vấn đồng trụ cựu giới.\n帝 命 貟 外 郎 黎 敬 夫 會 勘 . [33b*2*12]\nĐế mệnh viên ngoại lang Lê Kính Phu hội khám.\n言 馬 援 所 立 銅 柱 歲 久 埋 没 泯 無 蹤 跡 〇 . [33b*3*3]\nNgôn: Mã Viện sở lập đồng trụ, tuế cửu mai một, mẫn vô tung tích .\n六 月 二 十 三 日 未 時 日 盪 〇 . [33b*3*19]\nLục nguyệt, nhị thập tam nhật, Mùi thời, nhật đãng .\n遣 童 子 杜 野 木 如 元 〇 . [33b*4*11]\nKhiến Đồng Tử, Đỗ Dã Mộc như Nguyên .\n冬 十 月 詔 求 賢 良 明 經 者 為 國 子 監 司 業 能 講 諭 四 書 五 經 之 義 入 侍 經 幄 . [33b*5*1]\nĐông thập nguyệt, chiếu cầu hiền lương minh kinh giả vi Quốc tử giám ti nghiệp, năng giảng dụ tứ thư ngũ kinh chi nghĩa nhập thị kinh ốc.\n癸 酉 寶 符 元 年 宋 咸 淳 九 年 元 至 元 十 年 春 正 月 朔 改 元 〇 . [33b*7*1]\nQuý Dậu Bảo Phù nguyên niên, [Tống Hàm Thuần cửu niên, Nguyên Chí Nguyên thập niên,] xuân chính nguyệt, sóc, cải nguyên .\n三 月 十 九 日 雷 震 大 興 門 外 七 處 〇 . [33b*7*24]\nTam nguyệt, thập cửu nhật, lôi chấn Đại Hưng môn ngoại thất xứ .\n冬 十 一 月 以 仁 肃 王 鑽 為 入 内 判 大 宗 正 府 大 宗 正 . [33b*8*14]\nĐông thập nhất nguyệt, dĩ Nhân Túc Vương Toản vi Nhập nội phán đại tông chính phủ đại tông chính.\n",
    "url": "/data/image_dvsk/ban_ky_toan_thu/quyen5/DVSKTT_ban_toan_V_33b.jpg"
  },
  {
    "text": "甲 戌 二 年 宋 咸 淳 十 年 〇 元 至 元 十 一 年 秋 七 月 大 水 〇 . [34a*1*1]\nGiáp Tuất nhị niên, [Tống Hàm Thuần thập niên, Nguyên Chí Nguyên thập nhất niên,] thu thất nguyệt, đại thuỷ .\n冬 十 月 宋 人 來 附 . [34a*1*23]\nĐông thập nguyệt, Tống nhân lai phụ.\n先 是 宋 國 〇 居 江 南 元 人 徃 〇 侵 伐 至 是 以 海 船 三 十 艘 装 載 財 物 及 妻 子 浮 海 來 蘿 葛 原 至 十 二 月 引 赴 京 安 置 于 街 𡟱 坊 自 號 回 鷄 盖 我 國 呼 宋 國 為 鷄 國 以 宋 有 段 子 藥 材 等 物 置 賣 為 市 故 也 國 . [34a*2*4]\n[Tiên thị, Tống quốc thiên cư Giang Nam, Nguyên nhân vãng vãng xâm phạt. Chí thị dĩ hải thuyền tam thập tao, trang tải tài vật cập thê tử, phù hải lai La Cát Nguyên. Chí thập nhị nguyệt, dẫn phó kinh an trí vu Nhai tuân phường, tự hiệu Hồi kê. Cái ngã quốc hô Tống quốc vi kê quốc, dĩ Tống hữu đoạn tử, dược tài đẳng vật trí mại vi thị cố dã .\n十 二 月 󰀋 皇 長 子 昑 丘 錦 切 為 皇 太 子 納 興 道 王 長 女 為 太 子 妃 〇 . [34a*4*8]\nThập nhị nguyệt, sách Hoàng trưởng tử khâm [khâu cẩm thiết] vi Hoàng thái tử, nạp Hưng Đạo vương trưởng nữ vi thái tử phi .\n選 天 下 儒 學 有 德 行 者 入 侍 東 宫 〇 . [34a*5*11]\nTuyển thiên hạ nho học hữu đức hạnh giả nhập thị Đông cung .\n以 黎 輔 陳 為 少 師 兼 儲 宫 教 授 . [34a*6*6]\nDĩ Lê Phụ Trần vi Thiếu sư kiêm Trừ cung giáo thụ.\n以 阮 聖 訓 阮 士 固 等 𠑽 内 侍 學 士 輔 陳 愛 州 人 上 親 寫 詩 以 訓 皇 子 并 制 貽 後 綠 二 卷 . [34a*6*18]\nDĩ Nguyễn Thánh Huấn, Nguyễn Sĩ Cố đẳng xung Nội thị học sĩ [Phụ Trần Ái châu nhân] Thượng thân tả thi dĩ huấn hoàng tử, tịnh chế Di hậu lục nhị quyển.\n乙 亥 三 年 宋 恭 帝 顯 德 祐 元 年 元 至 元 十 二 年 春 二 月 大 比 取 士 . [34a*9*1]\nẤt Hợi tam niên, [Tống Cung Đế Hiển Đức Hựu nguyên niên, Nguyên Chí Nguyên thập nhị niên,] xuân nhị nguyệt, đại tỉ thủ sĩ.\n",
    "url": "/data/image_dvsk/ban_ky_toan_thu/quyen5/DVSKTT_ban_toan_V_34a.jpg"
  },
  {
    "text": "賜 状 元 陶 椒 榜 眼 缺 姓 名 探 花 郎 郭 忍 太 學 生 二 十 七 名 出 身 有 差 . [34b*1*1]\nTứ Trạng nguyên Đào Tiêu, Bảng nhãn [khuyết tính danh] Thám hoa lang Quách Nhẫn, thái học sinh nhị thập thất danh, xuất thân hữu sai.\n前 丙 辰 丙 寅 二 科 分 京 寨 状 元 至 是 又 併 為 一 〇 . [34b*2*7]\nTiền, Bính Thìn, Bính Dần nhị khoa phân kinh trại trạng nguyên, chí thị hựu tịnh vi nhất .\n夏 六 月 庚 子 朔 日 有 食 之 既 〇 . [34b*3*7]\nHạ lục nguyệt, Canh Tí, sóc, nhật hữu thực chi ký .\n冬 十 一 月 北 邉 将 臣 驛 奏 元 人 廵 邉 相 視 地 勢 〇 . [34b*3*19]\nĐông thập nhất nguyệt, Bắc biên tướng thần dịch tấu Nguyên nhân tuần biên tương thị địa thế .\n遣 黎 克 復 黎 粹 金 如 元 . [34b*4*19]\nKhiến Lê Khắc Phục, Lê Tuý Kim như Nguyên.\n丙 子 四 年 宋 德 祐 二 年 五 月 以 後 宋 端 春 宗 景 炎 元 年 . [34b*6*1]\nBính Tí tứ niên, [Tống Đức Hựu nhị niên, ngũ nguyệt dĩ hậu Tống Đoan xuân Tông Cảnh Viêm nguyên niên .\n元 至 元 十 三 年 二 月 遣 陶 世 光 徃 龍 州 以 買 藥 探 元 人 情 状 〇 . [34b*6*23]\nNguyên Chí Nguyên thập tam niên,] nhị nguyệt, khiến Đào Thế Quang vãng Long châu, dĩ mãi dược, thám Nguyên nhân tình trạng .\n三 月 日 中 有 黑 子 如 鷄 卵 大 相 盪 久 之 〇 . [34b*7*16]\nTam nguyệt, nhật trung hữu hắc tử, như kê noãn đại tương đãng cửu chi .\n有 星 鬪 于 中 天 一 星 隕 〇 . [34b*8*14]\nHữu tinh đấu vu trung thiên, nhất tinh vẫn .\n夏 四 月 元 世 祖 平 江 南 遣 合 散 兒 海 牙 . [34b*9*5]\nHạ tứ nguyệt, Nguyên Thế Tổ bình Giang Nam, khiến Hợp Tán Nhi Hải Nha..\n",
    "url": "/data/image_dvsk/ban_ky_toan_thu/quyen5/DVSKTT_ban_toan_V_34b.jpg"
  },
  {
    "text": "來 諭 以 調 民 助 兵 等 六 事 . [35a*1*1]\nlai dụ, dĩ điều dân, trợ binh đẳng lục sự.\n帝 皆 不 咱 〇 . [35a*1*11]\nĐế giai bất thính .\n秋 九 月 十 七 日 皇 長 孫 烇 七 遠 歹 生 立 為 皇 太 孫 未 幾 立 為 東 宫 皇 太 子 . [35a*1*16]\nThu cửu nguyệt, thập thất nhật, hoàng trưởng tôn thuyên [thất viễn ngạt,] sinh lập vi Hoàng thái tôn, vị cơ lập vi Đông cung Hoàng thái tử.\n丁 丑 五 年 宋 景 炎 二 年 元 至 元 十 四 年 春 二 月 帝 親 征 稔 󰜏 羅 洞 蠻 獠 生 擒 部 黨 千 餘 人 而 還 〇 . [35a*4*1]\nĐinh Sửu ngũ niên, [Tống Cảnh Viêm nhị niên. Nguyên Chí Nguyên thập tứ niên,] xuân nhị nguyệt, Đế thân chinh Nẫm Bà La động Man, Lạo, sinh cầm bộ đảng thiên dư nhân nhi hoàn .\n夏 四 月 朔 上 皇 崩 于 萬 壽 宫 . [35a*5*14]\nHạ tứ nguyệt, sóc, Thượng hoàng băng vu Vạn Thọ cung.\n先 是 上 皇 如 御 堂 忽 見 蜈 蚣 綠 御 衣 . [35a*6*6]\nTiên thị Thượng hoàng như ngự đường, hốt kiến ngô công lục ngự y.\n上 皇 驚 以 手 拂 之 墜 地 鏗 然 有 聲 視 之 乃 鉄 釘 也 占 之 曰 是 乃 丁 年 之 兆 . [35a*7*1]\nThượng hoàng kinh dĩ thủ phất chi, truỵ địa keng nhiên hữu thanh, thị chi nãi thiết đinh dã, chiêm chi viết thị nãi Đinh niên chi triệu.\n又 嘗 戲 命 明 字 阮 墨 老 内 觀 驗 其 休 𠧨 . [35a*8*10]\nHựu thường hí mệnh Minh tự Nguyễn Mặc Lão nội quan nghiệm kì hưu cữu.\n墨 老 明 日 奉 曰 見 一 方 函 四 邉 皆 有 . [35a*9*6]\nMặc lão minh nhật phụng viết: kiến nhất phương hàm, tứ biên giai hữu..\n",
    "url": "/data/image_dvsk/ban_ky_toan_thu/quyen5/DVSKTT_ban_toan_V_35a.jpg"
  },
  {
    "text": "月 字 函 上 有 一 針 一 梳 . [35b*1*1]\nnguyệt tự, hàm thượng hữu nhất châm, nhất sơ.\n上 皇 又 占 曰 函 棺 也 四 邉 月 字 是 四 月 也 針 能 入 物 是 入 棺 也 梳 踈 也 . [35b*1*10]\nThượng hoàng hựu chiêm viết: Hàm quan dã, tứ biên nguyệt tự thị tứ nguyệt dã, châm năng nhập vật thị nhập quan dã, sơ sơ dã.\n是 與 汝 等 相 踈 也 . [35b*2*18]\nThị dữ nhữ đẳng tương sơ dã.\n又 時 當 偎 𠐞 俳 謔 每 有 速 至 初 一 日 番 代 之 語 上 皇 又 占 曰 是 初 一 日 晏 駕 也 . [35b*3*6]\nHựu thời, đương ổi trỗi bài hước mỗi hữu \"Tốc chí sơ nhất nhật phiên đại\" chi ngữ, Thượng hoàng hựu chiêm viết: Thị sơ nhất nhật yến giá dã.\n前 年 上 皇 忽 一 日 謂 左 右 曰 明 年 四 月 予 必 死 . [35b*4*17]\nTiền niên, Thượng hoàng hốt nhất nhật vị tả hữu viết: Minh niên tứ nguyệt dư tất tử.\n至 是 果 然 . [35b*5*16]\nChí thị, quả nhiên.\n史 臣 吳 士 連 曰 禎 祥 妖 孽 唯 誠 者 為 䏻 先 知 故 易 大 傳 言 象 事 知 噐 占 事 知 來 . [35b*6*1]\nSử thần Ngô Sĩ Liên viết: Trinh tường yêu nghiệt duy thành giả vi năng tiên tri Cố dịch Đại truyện ngôn: Tượng sự tri khí, chiêm sự tri lai.\n必 在 説 諸 心 研 諸 慮 之 後 太 宗 之 知 來 日 占 事 也 . [35b*7*13]\nTất tại thuyết chư tâm, nghiên chư lự chi hậu, Thái Tông chi tri lai nhật chiêm sự dã.\n苟 非 理 明 心 誠 而 因 事 臆 度 焉 . [35b*8*14]\nCâu phi lí minh tâm thành nhi nhân sự ức độ yên.\n以 取 必 未 有 不 取 禍 於 其 後 . [35b*9*8]\nDĩ thủ tất vị hữu bất thủ hoạ ư kì hậu..\n",
    "url": "/data/image_dvsk/ban_ky_toan_thu/quyen5/DVSKTT_ban_toan_V_35b.jpg"
  },
  {
    "text": "也 . [36a*1*1]\ndã.\n此 讖 記 術 数 之 學 所 以 有 異 於 聖 賢 𩿨 學 也 󰊹 五 月 大 水 . [36a*1*2]\nThử sấm ký thuật số chi học sở dĩ hữu dị ư Thánh hiền chi học dã ru! Ngũ nguyệt đại thuỷ.\n地 裂 七 丈 未 祥 其 處 畜 産 魚 虫 多 死 〇 . [36a*3*5]\nĐịa liệt thất trượng, [vị tường kì xứ,] súc sản, ngư trùng đa tử .\n冬 十 月 四 日 塟 昭 陵 廟 號 太 宗 謚 曰 綂 天 御 極 隆 功 荗 德 顯 和 佑 順 神 文 聖 武 元 孝 皇 帝 . [36a*4*1]\nĐông thập nguyệt, tứ nhật, táng Chiêu Lăng, miếu hiệu Thái Tông, thuỵ viết Thống Thiên Ngự Cực Long Công mậu Đức Hiển Hoà Hựu Thuận Thần Văn Thánh Vũ Nguyên Hiếu Hoàng Đế.\n史 臣 吳 士 連 曰 裕 宗 賛 太 宗 詩 曰 唐 越 開 基 两 太 宗 彼 稱 貞 觀 我 元 豊 建 成 誅 死 安 生 在 廟 號 𨿽 同 德 不 同 . [36a*6*1]\nSử thần Ngô sĩ Liên viết: Dụ Tông tán Thái Tông thi viết Đường Việt khai cơ lưỡng Thái Tông, bỉ xưng Trinh Quán, ngã Nguyên Phong Kiến Thành, tru tử An Sinh tại, miếu hiệu tuy đồng, đức bất đồng.\n太 宗 之 德 所 以 至 是 者 𨿽 其 孝 发 出 於 天 性 亦 靈 慈 國 母 調 . [36a*8*10]\nThái Tông chi đức sở dĩ chí thị giả, tuy kì hiếu phát xuất ư thiên tính, diệc Linh Từ quốc mẫu điều..\n",
    "url": "/data/image_dvsk/ban_ky_toan_thu/quyen5/DVSKTT_ban_toan_V_36a.jpg"
  },
  {
    "text": "和 之 也 . [36b*1*1]\nhoà chi dã.\n其 奪 兄 之 妻 亦 出 於 靈 慈 與 守 度 自 陷 過 𠧨 既 有 以 導 之 而 隱 忍 安 全 又 有 以 導 之 者 . [36b*1*4]\nKì đoạt huynh chi thê diệc xuất ư Linh Từ dữ Thủ Độ tự hãm quá cữu ký hữu dĩ đạo chi nhi ẩn nhẫn an toàn hựu hữu dĩ đạo chi giả.\n盖 其 有 天 資 之 羙 而 未 𭓇 者 也 . [36b*3*4]\nCái kì hữu thiên tư chi mĩ nhi vị học giả dã.\n及 春 秋 髙 而 理 明 德 進 其 有 得 於 聖 𭓇 者 也 󰊹 上 皇 崩 之 日 韶 陽 公 主 上 皇 次 女 名 翠 也 方 坐 蓐 忽 聞 鐘 聲 連 響 曰 得 非 不 諱 耶 左 右 紿 之 不 聽 乃 慟 哭 長 號 瞑 目 而 逝 . [36b*3*16]\nCập xuân thu cao nhi lí minh đức tiến, kì hữu đắc ư thánh học giả dã ru? Thượng hoàng băng chi nhật, Thiều Dương công chúa [thượng hoàng thứ nữ danh Thuý dã,] phương toạ nhục, hốt văn chung thanh liên hưởng, viết: Đắc phi bất huý gia? Tả hữu đãi chi, bất thính nãi đỗng khốc, trường hiệu, minh mục nhi thệ.\n先 是 上 皇 弗 豫 公 主 時 已 嫁 上 位 文 興 侯 缺 名 數 遣 人 問 起 居 左 右 皆 以 平 復 無 事 對 . [36b*7*6]\nTiên thị, Thượng hoàng phất dự, Công chúa thời dĩ giá Thượng vị Văn Hưng hầu [khuyết danh,] số khiến nhân vấn khởi, cư tả hữu giai dĩ bình phục vô sự đối.\n及 聞 鐘 聲 慟 哭 長 號 而 逝 . [36b*8*20]\nCập văn chung thanh, đỗng khốc trường hiệu nhi thể.\n國 人 傷 之 . [36b*9*10]\nQuốc nhân thương chi .\n時 威 文 王 . [36b*9*15]\nThời, Uy Văn Vương..\n",
    "url": "/data/image_dvsk/ban_ky_toan_thu/quyen5/DVSKTT_ban_toan_V_36b.jpg"
  },
  {
    "text": "遂 尚 尚 皇 女 瑞 寶 公 主 . [37a*1*1]\nToại thượng thượng hoàng nữ Thuỵ Bảo công chúa.\n好 學 䏻 詩 . [37a*1*10]\nhảo học năng thi.\n有 詩 句 云 頗 笠 五 湖 荣 佩 印 桑 麻 󰰿 野 勝 封 侯 自 號 岑 樓 有 岑 樓 集 行 于 世 帝 嘗 問 官 家 字 義 封 曰 五 帝 官 天 下 三 王 家 天 下 故 曰 官 家 帝 嘉 其 博 識 不 幸 早 卒 年 二 十 四 國 人 惜 之 戊 寅 六 年 宋 景 炎 三 年 五 月 以 後 帝 昺 祥 興 元 年 元 至 元 十 五 年 春 二 月 民 多 疹 痘 死 〇 . [37a*1*14]\n[Hữu thi câu vân [tra] lạp ngũ hồ vinh bội ấn, Tang ma tế dã thắng phong hầu.] tự hiệu Sầm Lâu hữu Sầm Lâu tập hành vu thế Đế thường vấn Quan gia tự nghĩa phong viết: Ngũ đế quan thiên hạ, tam Vương gia thiên hạ cố viết Quan gia Đế gia kì bác thức Bất hạnh tảo tốt [niên nhị thập tứ.] Quốc nhân tích chi Mậu Dần lục niên [Tống Cảnh Viêm tam niên ngũ nguyệt dĩ hậu Đế bính Tường Hưng nguyên niên, Nguyên Chí Nguyên thập ngũ niên,] xuân nhị nguyệt dân đa chẩn đậu tử .\n時 京 城 民 家 常 夜 失 火 . [37a*6*6]\nThời, kinh thành dân gia thường dạ thất hoả.\n帝 出 城 觀 救 火 内 書 家 段 穹 從 之 . [37a*6*15]\nĐế xuất thành quan cứu, hoả Nội thư gia Đoàn Khung tòng chi.\n帝 命 點 視 救 火 且 檢 其 先 至 . [37a*7*9]\nĐế mệnh điểm thị cứu hoảm thả kiểm kì tiên chí.\n者 穹 皆 按 其 頭 目 史 坐 . [37a*8*1]\ngiả Khung giai án kì đầu mục sử toạ.\n點 畢 奏 曰 某 先 至 某 後 至 . [37a*8*10]\nĐiểm tất, tấu viết mỗ tiên chí, mỗ hậu chí.\n帝 曰 何 以 知 之 對 曰 臣 按 其 頭 有 汗 濡 髮 而 塵 灰 . [37a*9*1]\nĐế Viết: Hà dĩ tri chi? Đối viết: Thần án kì đầu, hữu hãn nhu phát nhi trần khôi..\n",
    "url": "/data/image_dvsk/ban_ky_toan_thu/quyen5/DVSKTT_ban_toan_V_37a.jpg"
  },
  {
    "text": "匿 者 是 先 至 而 力 救 者 也 . [37b*1*1]\nnặc giả thị tiên chí nhi lực cứu giả dã.\n頭 髮 無 汗 而 塵 灰 揚 者 是 後 至 不 及 救 者 也 . [37b*1*11]\nĐầu phát vô hãn nhi trần khôi dương giả thị hậu chí bất cập cứu giả dã.\n是 以 知 之 . [37b*2*9]\nThị dĩ tri chi.\n帝 以 為 䏻 遂 有 意 擢 用 英 宗 時 穹 為 檢 法 官 凣 准 獄 英 宗 問 故 事 穹 必 引 舊 獄 為 証 多 至 五 六 案 英 宗 嘉 其 聰 敏 而 強 記 寄 . [37b*2*13]\nĐế dĩ vi năng toại hữu ý trạc dụng [Anh Tông thời, Khung vi Kiểm pháp quan. Phàm chuẩn ngục Anh Tông vấn cố sự, Khung tất dẫn cựu ngục vi chứng đa chí ngũ lục án Anh Tông gia kì thông mẫn nhi cường kí.] .\n封 次 子 德 曄 為 佐 天 大 王 〇 . [37b*4*6]\nPhong thứ tử Đức Việp vi Tá Thiên đại vương .\n三 月 黎 輔 陳 夫 人 昭 聖 公 主 李 氏 薨 . [37b*4*17]\nTam nguyệt, Lê Phụ Trần phu nhân Chiêu Thánh công chúa Lí thị hoăng.\n昭 聖 下 嫁 輔 陳 二 十 餘 年 生 男 上 位 侯 宗 女 應 瑞 公 主 珪 . [37b*5*10]\nChiêu Thánh hạ giá Phụ Trần nhị thập dư niên, sinh nam Thượng vị hầu Tông, nữ Ứng Thuỵ công chúa Khuê.\n至 是 年 六 十 一 薨 〇 . [37b*6*13]\nChí thị, niên lục thập nhất, hoăng .\n夏 田 禾 不 熟 〇 . [37b*7*2]\nHạ, điền hoà bất thục .\n六 月 有 大 星 南 流 隕 海 中 小 星 千 餘 遀 之 聲 如 雷 數 刻 乃 已 〇 . [37b*7*8]\nLục nguyệt, hữu đại tinh Nam lưu vẫn hải, trung tiểu tinh thiên dư tuỳ chi, thanh như lôi số khắc nãi dĩ .\n秋 八 月 地 震 三 度 牛 畜 死 〇 . [37b*8*13]\nThu bát nguyệt, địa chấn tam độ, ngưu súc tử .\n冬 十 月 二 十 二 日 帝 禅 位 于 皇 太 子 昑 . [37b*9*5]\nĐông thập nguyệt, nhị thập nhị nhật, Đế thiền vị vu Hoàng Thái tử khâm..\n",
    "url": "/data/image_dvsk/ban_ky_toan_thu/quyen5/DVSKTT_ban_toan_V_37b.jpg"
  }
]