[
  {
    "text": "昑 即 皇 帝 位 稱 孝 皇 尊 上 皇 號 曰 光 堯 慈 孝 太 上 皇 帝 尊 天 感 皇 后 為 元 聖 天 感 皇 太 后 . [38a*1*1]\nkhâm tức Hoàng đế vị xưng Hiếu Hoàng, tôn Thượng hoàng hiệu viết Quang Nghiêu Từ Hiếu Thái thượng hoàng đế, tôn Thiên Cảm hoàng hậu vi Nguyên Thánh Thiên Cảm Hoàng thái hậu.\n羣 臣 上 尊 號 曰 法 天 御 極 英 烈 武 聖 明 仁 皇 帝 〇 . [38a*2*16]\nQuần thần thượng tôn hiệu viết Pháp Thiên Ngự Cực Anh Liệt Vũ Thánh Minh Nhân Hoàng Đế .\n元 帝 聞 太 宗 崩 意 欲 圖 我 遣 禮 部 尚 書 柴 椿 即 柴 荘 鄕 來 . [38a*3*16]\nNguyên đế văn Thái Tông băng, ý dục đồ ngã, khiến Lễ bộ thượng thư Sài Xuân [tức Sài Trang Hương,] lai.\n時 我 國 使 黎 克 復 回 遇 元 兵 平 宋 道 由 湖 廣 還 國 . [38a*4*19]\nThời ngã quốc sứ Lê Khắc Phục hồi ngộ Nguyên binh bình Tống đạo do Hồ Quảng hoàn quốc.\n椿 𭁈 之 偕 來 托 以 帝 不 請 命 而 自 立 為 辝 諭 使 入 朝 . [38a*5*17]\nXuân dữ chi giai lai thác dĩ Đế bất thỉnh mệnh nhi tự lập vi từm dụ sử nhập triều.\n帝 不 咱 遣 鄭 廷 瓚 杜 國 計 如 元 . [38a*6*18]\nĐế bất thính, khiến Trịnh Đình Toản, Đỗ Quốc Kế như Nguyên.\n元 留 廷 瓚 不 遣 還 . [38a*7*11]\nNguyên lưu Đình Toản bất khiến hoàn.\n仁 宗 皇 帝 諱 昑 聖 宗 長 子 母 元 聖 天 感 皇 太 后 以 元 豊 八 年 戊 午 十 一 月 十 一 日 誕 生 得 聖 人 之 精 道 貌 之 粹 紫 磨 疑 色 体 質 輝 全 神 氣 光 彩 两 宫 奇 之 命 曰 金 仙 . [38a*8*1]\nNhân Tông Hoàng Đế [Huý khâm Thánh Tông trưởng tử, mẫu Nguyên Thánh Thiên Cảm Hoàng thái hậu. Dĩ Nguyên Phong bát niên, Mậu Ngọ, thập nhất nguyệt, thập nhất nhật đản sinh. Đắc thánh nhân chi tinh, đạo mạo chi tuý, tử ma nghi sắc thể chất huy toàn, thần khí quang thái. Lưỡng cung kì chi, mệnh viết Kim Tiên..\n",
    "url": "/data/image_dvsk/ban_ky_toan_thu/quyen5/DVSKTT_ban_toan_V_38a.jpg"
  },
  {
    "text": "童 子 在 肩 上 有 點 痣 故 䏻 擔 當 大 事 焉 在 位 十 四 年 遜 位 五 年 出 家 八 年 壽 五 十 一 歲 崩 于 安 子 山 卧 雲 庵 㱕 塟 德 陵 〇 . [38b*1*1]\nđồng tử\n帝 仁 慈 和 易 固 結 民 心 重 興 事 業 有 光 前 古 真 陳 家 之 賢 君 也 然 游 心 釋 典 𨿽 曰 超 詣 而 非 聖 人 中 庸 之 道 也 己 卯 紹 寶 元 年 宋 祥 興 二 年 元 至 元 十 六 年 春 正 月 朔 改 元 . [38b*2*15]\nTại khiên thượng hữu điểm chí, cố năng đảm đương đại sự yên\n大 赦 〇 . [38b*4*25]\nTại vị thập tứ niên, tốn vị ngũ niên, xuất gia bát niên, thọ ngũ thập nhất tuế, băng vu Yên Tử sơn, Ngoạ Vân am, quy táng Đức Lăng .\n占 城 使 制 䏻 吒 葉 來 貢 . [38b*5*3]\nĐế nhân từ, hoà dị, cố kết dân tâm, trùng hưng sự nghiệp hữu quang tiền cổ. Chân Trần gia chi hiền quân dã. Nhiên du tâm thích điển tuy viết siêu nghệ nhi phi Thánh nhân trung dung chi đạo dã.] Kỷ Mão, Thiệu Bảo nguyên niên, [Tống Tường Hưng nhị niên, Nguyên Chí Nguyên thập lục niên,] xuân chính nguyệt, sóc, cải nguyên.\n制 䏻 等 願 留 為 内 臣 . [38b*5*12]\nĐại xá .\n不 納 〇 . [38b*6*1]\nChiêm Thành sử Chế Năng, Tra Diệp lai cống.\n立 妃 陳 氏 為 皇 后 〇 . [38b*6*4]\nChế Năng đẳng nguyện lưu vi nội thần.\n原 人 襲 宋 軍 于 厓 山 . [38b*6*12]\nBất nạp .\n敗 之 宋 左 丞 相 陸 秀 夫 負 宋 帝 入 海 死 後 宫 諸 臣 從 死 者 甚 眾 . [38b*7*1]\nLập phi Trần thị vi hoàng hậu .\n越 七 日 屍 浮 海 上 者 十 餘 萬 人 . [38b*8*6]\nNguyên nhân tập Tống quân vu Nhai Sơn.\n宋 帝 屍 在 焉 . [38b*8*18]\nBại chi, Tống tả thừa tướng Lục Tú Phu phụ Tống đế nhập hải tử, hậu cung, chư thần tòng tử giả thậm chúng.\n星 隕 于 海 之 應 也 . [38b*9*4]\nViệt thất nhật, thi phù hải thượng giả thập dư vạn nhân.\n是 歳 宋 亡 . [38b*9*11]\nTống đế thi tại yên.\n.\nTinh vẫn vu hải chi ứng dã.\n.\nThị tuế Tống vong.\n",
    "url": "/data/image_dvsk/ban_ky_toan_thu/quyen5/DVSKTT_ban_toan_V_38b.jpg"
  },
  {
    "text": "史 臣 吳 士 連 曰 天 地 之 間 陰 陽 二 氣 爾 . [39a*1*1]\nSử thần Ngô Sĩ Liên viết: Thiên địa chi gian, âm dương nhị khí nhĩ.\n人 君 𦤶 中 和 則 天 地 立 焉 萬 物 育 焉 而 其 氣 和 . [39a*1*16]\nNhân Quân trí trung hoà, tắc thiên địa lập yên, vạn vật dục yên, nhi kì khí hoà.\n苟 或 陰 氣 盛 而 妄 于 陽 則 天 地 必 為 之 示 變 焉 . [39a*2*16]\nCâu hoặc âm khí thịnh nhi vọng vu dương, tắc thiên địa tất vi chi thị biến yên.\n故 變 示 於 前 而 徵 應 於 後 . [39a*3*16]\nCố, biến thị ư tiền nhi trưng ứng ư hậu.\n當 是 時 也 日 食 日 盪 地 裂 雨 雹 星 流 皆 陰 盛 于 陽 之 氣 . [39a*4*8]\nĐương thị thời dã, nhật thực, nhật đãng, địa liệt vũ bão, tinh lưu, giai âm thịnh vu dương chi khí.\n非 臣 子 謀 君 父 則 夷 狄 侵 中 國 之 兆 . [39a*5*11]\nPhi thần tử mưu quân phụ, tắc di địch xâm Trung quốc chi triệu.\n凣 有 國 者 謹 天 戒 盡 人 事 回 天 变 之 道 也 . [39a*6*7]\nPhàm hữu quốc giả cẩn thiên giới, tận nhân sự, hồi thiên biến chi đạo dã.\n宋 既 天 变 不 可 回 而 我 越 尋 有 胡 虜 之 侵 幸 而 君 臣 協 謀 兵 民 戮 力 卒 除 北 冦 而 成 大 定 之 功 . [39a*7*5]\nTống ký thiên biến, bất khả hồi, nhi ngã Việt tầm hữu Hồ lỗ chi xâm, hạnh nhi quân thần hiệp mưu, binh dân lục lực, tốt trừ Bắc khấu, nhi thành đại định chi công.\n故 曰 謹 天 戒 盡 人 事 回 天 变 之 道 也 . [39a*9*5]\nCố viết cẩn thiên giới, tận nhân sự, hồi thiên biến chi đạo dã.\n",
    "url": "/data/image_dvsk/ban_ky_toan_thu/quyen5/DVSKTT_ban_toan_V_39a.jpg"
  },
  {
    "text": "冬 十 月 以 誕 日 為 壽 天 節 . [39b*1*2]\n.\n庚 辰 二 年 元 至 十 七 年 元 春 正 月 分 木 又 絹 尺 同 一 樣 〇 . [39b*2*1]\nĐông thập nguyệt, dĩ đản nhật vi Thọ Thiên tiết.\n二 月 閲 定 天 下 帳 籍 及 諸 色 役 〇 . [39b*3*1]\nCanh Thìn nhị niên, [Nguyên Chí thập thất niên,] Nguyên xuân chính nguyệt, phân mộc hựu quyến xích đồng nhất dạng .\n冬 十 月 大 熟 . [39b*3*14]\nNhị nguyệt, duyệt định thiên hạ trướng tịch, cập chư sắc dịch .\n快 路 茶 橋 田 禾 两 穗 杜 . [39b*3*19]\nĐông thập nguyệt, đại thục.\n杜 克 終 弟 杜 天 覷 七 虚 切 與 人 訟 情 理 俱 屈 . [39b*4*9]\nKhoái Lộ, Trà Kiều điền hoà lưỡng tuệ .\n其 人 邀 駕 陳 訴 . [39b*5*6]\nĐỗ Khắc Chung đệ Đỗ Thiên thứ [thất hư thiết,] dữ nhân tụng tình lí cụ khuất.\n帝 問 獄 官 . [39b*5*12]\nKì nhân yêu giá trần tố.\n對 曰 獄 案 已 成 但 刑 官 退 託 不 准 定 耳 . [39b*5*16]\nĐế vấn ngục quan.\n帝 曰 此 畏 避 克 終 也 . [39b*6*12]\nĐối viết: Ngục án dĩ thành, đản hình quan thoái thác bất chuẩn định nhĩ.\n即 於 道 上 使 内 書 火 正 掌 陳 䧺 韜 兼 檢 法 官 准 定 天 覷 果 曲 . [39b*7*1]\nĐế viết: Thử uý tị Khắc Chung dã.\n青 衫 青 衫 宦 官 之 稱 檢 法 自 䧺 韜 始 . [39b*8*5]\nTức ư đạo thượng, sử nội thư hoả chính chưởng Trần Hùng Thao kiêm kiểm pháp quan chuẩn định Thiên thứ quả khúc.\n史 臣 吳 士 連 曰 訟 人 有 屈 得 輕 易 陳 訴 刑 官 滯 . [39b*9*1]\nThanh sam [thanh sam hoạn quan chi xưng,] kiểm pháp tự Hùng Thao thuỷ.\n.\nSử thần Ngô Sĩ Liên viết: Tụng nhân hữu khuất đắc khinh dị trần tố, hình quan đái..\n",
    "url": "/data/image_dvsk/ban_ky_toan_thu/quyen5/DVSKTT_ban_toan_V_39b.jpg"
  },
  {
    "text": "訟 不 聞 詰 責 之 言 宦 侍 内 臣 濫 冒 法 官 之 隽 帝 之 此 舉 三 失 隨 之 然 而 民 情 得 以 上 達 御 . [40a*1*1]\ntụng, bất văn cật trách chi ngôn, hoạn thị nội thần lạm mạo pháp quan chi tuyển, Đế chi thử cử tam thất tuỳ chi, nhiên nhi dân tình đắc dĩ thượng đạt ngự.\n下 寕 失 於 寬 滯 訟 得 以 决 遣 亦 見 其 忠 厚 之 意 焉 . [40a*2*17]\nHạ ninh thất ư khoan đái tụng đắc dĩ quyết khiến diệc kiến kì trung hậu chi ý yên.\n沱 江 道 鄭 角 密 叛 . [40a*4*1]\nĐà Giang đạo Trịnh Giác Mật phản.\n命 昭 文 王 日 燏 諭 行 之 . [40a*4*8]\nMệnh Chiêu Văn vương Nhật duật dụ hàng chi.\n時 日 燏 領 沱 江 道 密 及 所 属 軍 至 鄭 角 密 使 人 詣 營 𦤶 疑 曰 密 不 敢 違 命 . [40a*4*17]\nThời, Nhật duật lĩnh Đà Giang đạo Mật cập sở thuộc quân chí Trịnh Giác Mật sử nhân nghệ doanh trí nghi viết: Mật bất cảm vi mệnh.\n倘 恩 主 以 單 騎 來 則 密 降 矣 . [40a*6*7]\nThảng ân chủ dĩ đơn kị lai tắc Mật hàng hĩ.\n日 燏 從 之 以 五 六 小 童 同 行 . [40a*6*18]\nNhật duật tòng chi, dĩ ngũ lục tiểu đồng đồng hành.\n軍 士 止 之 . [40a*7*10]\nQuân sĩ chỉ chi.\n日 燏 曰 彼 若 背 我 則 朝 廷 猶 有 他 王 來 . [40a*7*14]\nNhật duật viết: Bỉ nhược bối ngã, tắc triều đình do hữu tha vương lai.\n及 至 砦 蠻 人 列 圍 數 十 重 並 持 刀 鎗 内 向 . [40a*8*10]\nCập chí trại, man nhân liệt vi số thập trùng, tịnh trì đao thương nội hướng.\n日 燏 直 入 登 砦 . [40a*9*7]\nNhật duật trực nhập, đăng trại.\n密 延 坐 . [40a*9*13]\nMật diên toạ.\n日 燏 通 諸 . [40a*9*16]\nNhật duật thông chư..\n",
    "url": "/data/image_dvsk/ban_ky_toan_thu/quyen5/DVSKTT_ban_toan_V_40a.jpg"
  },
  {
    "text": "國 語 各 諳 其 俗 與 密 手 食 鼻 飲 . [40b*1*1]\nquốc ngữ, các am kì tục, dữ Mật thủ thực tị ẩm.\n蠻 人 大 喜 . [40b*1*13]\nMan nhân đại hỉ.\n日 燏 還 營 密 率 家 属 諸 營 降 . [40b*1*17]\nNhật duật hoàn doanh, Mật suất gia thuộc chư doanh hàng.\n眾 皆 悅 服 不 遣 一 鏃 而 沱 江 平 . [40b*2*9]\nChúng giai duyệt phục bất khiển nhất thốc nhi Đà Giang bình.\n及 還 闕 以 密 及 其 妻 子 見 帝 . [40b*3*2]\nCập hoàn, khuyết dĩ Mật cập kì thê tử kiến đế.\n甚 嘉 之 既 而 許 密 回 家 留 其 子 在 京 . [40b*3*13]\nThậm gia chi, ký nhi hứa Mật hồi gia, lưu kì tử tại kinh.\n日 燏 深 加 愛 撫 為 請 爵 于 朝 賜 上 品 入 侍 養 魚 池 . [40b*4*8]\nNhật duật thâm gia ái phủ vi thỉnh tước vu triều tứ thượng phẩm nhập thị dưỡng ngư trì.\n後 亦 許 回 家 . [40b*5*8]\nHậu diệc hứa hồi gia.\n辛 巳 三 年 元 至 元 十 八 年 春 正 月 二 十 九 日 皇 子 國 頊 生 . [40b*6*1]\nTân Tị tam niên, [Nguyên Chí Nguyên thập bát niên,] xuân chính nguyệt, nhị thập cửu nhật, Hoàng tử Quốc Chẩn sinh.\n遣 從 叔 陳 遺 愛 即 陳 隘 螠 黎 目 黎 荀 如 元 . [40b*7*1]\nKhiến tòng thúc Trần Di Ái [tức Trần Ải,] cập Lê Mục, Lê Tuân như Nguyên.\n元 立 遺 愛 為 老 侯 授 目 為 翰 林 學 士 荀 為 尙 書 復 . [40b*7*18]\nNguyên lập Di Ái vi lão hầu, thụ Mục vi Hàn Lâm học sĩ, Tuân vi Thượng thư phục.\n使 柴 椿 以 兵 千 人 護 送 還 國 . [40b*8*16]\nSử Sài Xuân dĩ binh thiên nhân hộ tống hoàn quốc.\n椿 踞 傲 無 禮 騎 馬 直 入 𦍌 明 . [40b*9*8]\nXuân cứ ngạo, vô lễ, kị mã trực nhập Dương Minh..\n",
    "url": "/data/image_dvsk/ban_ky_toan_thu/quyen5/DVSKTT_ban_toan_V_40b.jpg"
  },
  {
    "text": "門 . [41a*1*1]\nmôn.\n天 長 軍 士 止 之 椿 以 馬 鞭 擊 傷 其 首 . [41a*1*2]\nThiên Trường quân sĩ chỉ chi, Xuân dĩ mã tiên kích thương kì thủ.\n至 集 賢 殿 見 帷 帳 張 設 方 下 馬 焉 . [41a*1*16]\nChí Tập Hiền điện, kiến duy trướng trương thiết, phương hạ mã yên.\n上 命 光 啓 詣 舘 疑 見 椿 髙 卧 不 出 . [41a*2*10]\nThượng mệnh Quang Khải nghệ quán nghi kiến Xuân cao ngoạ bất xuất.\n光 啓 直 入 房 内 亦 不 為 起 . [41a*3*4]\nQuang Khải trực nhập phòng nội, diệc bất vi khởi.\n興 道 王 國 峻 聞 之 奏 請 詣 舘 觀 彼 所 為 . [41a*3*14]\nHưng Đạo Vương Quốc Tuấn văn chi, tấu thỉnh nghệ quán quan bỉ sở vi.\n時 國 峻 以 剪 髮 服 布 衣 矣 . [41a*4*10]\nThời, Quốc Tuấn dĩ tiện phát, phục bố y hĩ.\n至 舘 入 房 椿 起 揖 延 坐 . [41a*5*1]\nChí quán, nhập phòng, Xuân khởi ấp diên toạ.\n人 皆 驚 異 殊 不 知 剪 髮 布 衣 乃 北 和 尚 状 也 . [41a*5*10]\nNhân giai kinh dị, thù bất tri tiện phát bố y nãi Bắc hoà thượng trạng dã.\n坐 定 𣼕 茗 𣼕 音 藥 出 之 也 音 酩 晚 取 者 茗 與 之 飲 . [41a*6*8]\nToạ định, dược mính [dược âm dược xuất chi dã, âm mính vãn thủ giả.] mính dữ chi ẩm.\n椿 從 者 執 箭 立 國 峻 後 鑽 其 首 流 血 . [41a*7*3]\nXuân tòng giả chấp tiễn, lập Quốc Tuấn hậu, toản kì thủ lưu huyết.\n國 峻 色 不 變 . [41a*7*17]\nQuốc Tuấn sắc bất biến.\n及 回 椿 出 門 送 之 〇 . [41a*8*3]\nCập hồi, Xuân xuất môn tống chi .\n立 學 于 天 長 府 禁 天 属 鄕 人 不 得 入 學 . [41a*8*11]\nLập học vu Thiên Trường phủ, cấm Thiên Thuộc hương nhân bất đắc nhập học.\n陳 家 舊 例 天 属 軍 士 不 得 習 文 藝 恐 氣 力 餒 也 . [41a*9*7]\n[Trần gia cựu lệ Thiên Thuộc quân sĩ bất đắc tập văn nghệ, khủng khí lực nỗi dã.]..\n",
    "url": "/data/image_dvsk/ban_ky_toan_thu/quyen5/DVSKTT_ban_toan_V_41a.jpg"
  },
  {
    "text": "壬 午 四 年 元 至 元 十 九 年 春 二 月 占 城 遣 布 婆 麻 各 一 百 人 來 進 白 象 〇 . [41b*1*1]\nNhâm Ngọ tứ niên, [Nguyên Chí Nguyên thập cửu niên,] xuân nhị nguyệt, Chiêm Thành khiến Bố Bà Ma Các nhất bách nhân lai tiến bạch tượng .\n夏 四 月 陳 遺 愛 等 使 回 〇 . [41b*2*7]\nHạ tứ nguyệt, Trần Di Ái đẳng sứ hồi .\n六 月 治 判 首 陳 隘 等 罪 徒 . [41b*2*17]\nLục nguyệ,t trị phán thủ Trần Ải đẳng tội đồ.\n隘 天 長 󰏴 甲 兵 黎 荀 徒 宋 兵 〇 . [41b*3*8]\nẢi Thiên Trường khao giáp binh, Lê Tuân đồ Tống binh .\n秋 八 月 諒 江 守 臣 梁 蔚 驛 奏 元 右 丞 相 唆 都 領 兵 五 十 萬 聲 言 假 道 征 占 城 實 則 來 侵 〇 . [41b*4*1]\nThu bát nguyệt, Lạng Giang thủ thần Lương Uý dịch tấu, Nguyên hữu thừa tướng Toa Đô lĩnh binh ngũ thập vạn, thanh ngôn giả đạo chinh Chiêm Thành, thực tắc lai xâm .\n時 有 鱷 魚 至 瀘 江 帝 命 刑 部 尚 書 阮 詮 為 文 投 之 江 中 . [41b*5*16]\nThời hữu ngạc ngư chí Lô Giang, Đế mệnh hình bộ Thượng thư Nguyễn Thuyên vi văn đầu chi giang trung.\n鱷 魚 自 去 . [41b*6*18]\nNgạc ngư tự khứ.\n帝 以 其 事 𩔗 韓 愈 賜 姓 韓 詮 . [41b*7*3]\nĐế dĩ kì sự loại Hàn Dũ, tứ tính Hàn Thuyên.\n又 䏻 國 語 賦 詩 . [41b*7*14]\nHựu năng quốc ngữ, phú thi.\n我 國 賦 詩 多 用 國 語 實 自 此 始 〇 . [41b*8*1]\nNgã quốc phú thi đa dụng quốc ngữ thực tự thử thuỷ .\n冬 十 月 帝 幸 平 灘 駐 蹕 陳 舍 灣 會 王 侯 百 官 議 攻 守 之 策 及 分 守 . [41b*8*14]\nĐông thập nguyệt, Đế hạnh Bình Than, trú tất Trần Xá, loan, hội vương hầu bá quan nghị công thủ chi sách, cập phân thủ..\n",
    "url": "/data/image_dvsk/ban_ky_toan_thu/quyen5/DVSKTT_ban_toan_V_41b.jpg"
  },
  {
    "text": "要 害 . [42a*1*1]\nyếu hại.\n以 仁 惠 王 陳 󰆑 餘 為 副 都 将 軍 . [42a*1*3]\nDĩ Nhân Huệ Vương Trần Khánh Dư vi phó đô tướng quân.\n𥘉 元 人 入 冦 仁 惠 王 陳 󰆑 餘 乘 間 襲 擊 上 皇 嘉 其 智 畧 立 為 天 子 義 男 . [42a*1*15]\nSơ Nguyên nhân nhập khấu, Nhân Huệ vương Trần Khánh Dư thừa gian tập kích, Thượng hoàng gia kì trí lược, lập vi Thiên tử nghĩa nam.\n後 討 山 蠻 大 㨗 拜 骠 騎 大 将 軍 . [42a*3*4]\nHậu, thảo sơn man đại tiệp, bái Phiêu kị đại tướng quân.\n驃 騎 将 軍 非 皇 子 不 得 󰆑 餘 以 天 子 義 男 故 有 是 命 . [42a*3*16]\nPhiêu kị tướng quân phi hoàng tử bất đắc, Khánh Dư dĩ Thiên tử nghĩa nam, cố hữu thị mệnh.\n仍 自 侯 秩 累 遷 紫 服 上 位 侯 權 為 判 守 . [42a*4*17]\nNhững tự hầu trật luỵ thiên tử phục thượng vị hầu, quyền vi phán thủ.\n與 天 瑞 公 主 私 通 . [42a*5*13]\nDữ thiên Thuỵ công chúa tư thông.\n時 興 武 王 𪩘 以 國 峻 之 子 尚 天 瑞 公 主 且 有 戦 功 . [42a*6*1]\nThời Hưng Vũ vương nghiễn dĩ Quốc Tuấn chi tử thượng Thiên Thuỵ công chúa, thả hữu chiến công.\n上 恐 巻 國 峻 意 乃 使 人 杖 殺 󰆑 餘 於 西 湖 又 戒 毋 大 痛 使 不 至 死 . [42a*7*1]\nThượng khủng tuấn Quốc Tuấn ý, nãi sử nhân trượng sát Khánh Dư ư Tây hồ, hựu giới vô đại thống sử bất chí tử.\n尋 詔 奪 官 爵 没 其 貲 産 不 一 撮 遺 . [42a*8*7]\nTầm, chiếu đoạt quan tước, một kì ti sản, bất nhất toát di.\n至 灵 州 本 上 相 陳 傅 説 物 故 󰆑 餘 保 焉 . [42a*9*1]\nChí Linh châu bản Thượng tướng Trần Phó Thuyết vật, cố Khánh Dư bảo yên.\n󰆑 餘 退 居 . [42a*9*16]\nKhánh Dư thoái cư..\n",
    "url": "/data/image_dvsk/ban_ky_toan_thu/quyen5/DVSKTT_ban_toan_V_42a.jpg"
  },
  {
    "text": "至 灵 與 賤 卑 賣 炭 為 業 時 上 舶 住 平 灘 度 潮 退 風 急 有 大 船 載 木 炭 其 舟 師 戴 草 笠 穿 短 褐 上 指 謂 侍 臣 曰 彼 非 人 惠 王 乎 即 命 小 船 追 至 大 灘 港 口 及 之 軍 校 曰 舟 師 帝 命 召 汝 󰆑 餘 曰 老 翁 是 買 賣 人 何 事 見 召 軍 校 還 具 以 實 聞 上 曰 是 仁 惠 也 知 常 人 必 不 敢 語 此 又 命 内 侍 召 之 󰆑 餘 著 短 褐 戴 草 笠 上 曰 男 兒 到 此 極 矣 詔 免 罪 󰆑 餘 上 船 拜 謝 上 賜 御 服 坐 次 諸 王 下 公 侯 上 同 論 公 事 多 脗 合 至 是 十 月 復 以 󰆑 餘 為 副 将 軍 然 竟 不 䏻 改 前 愆 . [42b*1*1]\nChí Linh dữ tiện ti mại than vi nghiệp Thời Thượng bách trú Bình Than độ triều thoái phong cấp hữu đại thuyền tải mộc than kì chu sư đái thảo lạp xuyên đoản hạt Thượng chỉ vị thị thần viết Bỉ phi Nhân Huệ vương hồ Tức mệnh tiểu thuyền truy chí Đại Than cảng khẩu cập chi Quân hiệu viết Chu sư Đế mệnh triệu nhữ Khánh Dư viết Lão ông thị mãi mại nhân hà sự kiến triệu Quân hiệu hoàn cụ dĩ thực văn Thượng viết Thị Nhân Huệ dã Tri thường nhân tất bất cảm ngữ thử Hựu mệnh nội thị triệu chi Khánh Dư trước đoản hạt đái thảo lạp Thượng viết Nam nhi đáo thử cực hĩ Chiếu miễn tội Khánh Dư thượng thuyền bái tạ Thượng tứ ngự phục toạ thứ chư vương hạ công hầu thượng đồng luận công sự đa vẫn hợp Chí thị thập nguyệt phục dĩ Khánh Dư vi Phó tướng quân Nhiên cánh bất năng cải tiền khiên.\n",
    "url": "/data/image_dvsk/ban_ky_toan_thu/quyen5/DVSKTT_ban_toan_V_42b.jpg"
  },
  {
    "text": "又 時 帝 以 𢙇 文 侯 國 瓚 𢙇 仁 王 𡺅 並 年 幼 不 許 預 議 . [43a*1*1]\nHựu thời, Đế dĩ Hoài Văn hầu Quốc Toản, Hoài Nhân vương kiến tịnh niên ấu, bất hứa dự nghị.\n國 瓚 内 自 𢙇 愧 憤 手 握 柑 子 不 覺 碎 爛 . [43a*2*2]\nQuốc Toản nội tự hoài quý phẫn, thủ ốc cam tử bất giác toái lạn.\n及 退 率 家 奴 及 親 属 得 千 餘 人 脩 戰 噐 戰 船 題 破 強 敵 報 皇 恩 六 字 于 旗 . [43a*2*17]\nCập thoái, suất gia nô, cập thân thuộc đắc thiên dư nhân, tu chiến khí, chiến thuyền, đề Phá cường địch báo hoàng ân lục tự vu kì.\n後 與 賊 對 陣 身 先 士 卒 賊 見 之 退 避 無 敢 當 其 鋒 者 . [43a*4*7]\nHậu, dữ tặc đối trận, thân tiên sĩ tốt tặc kiến chi thoái tị, vô cảm đương kì phong giả.\n及 卒 帝 深 歎 惜 親 為 文 祭 之 又 加 贈 封 以 王 爵 〇 . [43a*5*8]\nCập tốt, Đế thâm thán, tích thân vi văn tế chi, hựu gia tặng phong dĩ vương tước .\n以 太 尉 光 啓 為 上 相 太 師 . [43a*6*8]\nDĩ Thái Uý Quang Khải vi Thượng tướng Thái sư.\n仃 拱 垣 為 翰 林 學 士 奉 旨 . [43a*6*18]\nĐinh Củng Viên vi Hàn Lâm học sĩ phụng chỉ.\n癸 未 五 年 元 至 元 二 十 年 春 正 月 靖 國 大 王 國 康 進 金 龜 状 如 大 𧕚 背 上 有 七 星 胷 有 宂 字 腹 有 王 字 〇 . [43a*8*1]\nQuý Mùi ngũ niên, [Nguyên Chí Nguyên nhị thập niên,] xuân chính nguyệt, Tịnh Quốc đại vương Quốc Khang tiến kim quy, trạng như đại trai, bối thượng hữu thất tinh, hung hữu nhũng tự, phục hữu vương tự .\n二 . [43a*9*19]\nNhị..\n",
    "url": "/data/image_dvsk/ban_ky_toan_thu/quyen5/DVSKTT_ban_toan_V_43a.jpg"
  },
  {
    "text": "月 治 上 位 侯 陳 老 罪 咱 老 贖 罪 錢 一 千 關 鏹 徒 為 兵 陵 遲 老 家 奴 獷 古 猛 切 於 東 市 以 作 匿 名 書 誹 謗 國 家 也 〇 . [43b*1*1]\nnguyệt, trị Thượng vị hầu Trần lão tội, thính Lão chuộc tội tiền nhất thiên quan cưỡng đồ, vi binh Lăng trì Lão gia nô quánh [cổ mãnh thiết,] ư Đông thị, dĩ tác nặc danh thư phỉ báng quốc gia dã .\n大 雨 雹 〇 . [43b*3*4]\nĐại vũ bão .\n夏 六 月 水 晶 池 魚 死 〇 . [43b*3*8]\nHạ lục nguyệt, Thuỷ tinh trì ngư tử .\n秋 七 月 遣 中 品 黃 於 令 内 書 家 阮 章 如 元 會 遇 太 子 阿 台 平 章 阿 剌 於 湖 廣 會 各 處 兵 五 十 萬 期 明 年 入 冦 〇 . [43b*3*17]\nThu thất nguyệt, khiến Trung phẩm Hoàng Ư Lệnh, Nội thư gia Nguyễn Chương như Nguyên hội ngộ thái tử A Thai, Bình Chương A Lạt ư Hồ Quảng, hội các xứ binh ngũ thập vạn, kì minh niên nhập khấu .\n冬 十 月 帝 親 率 王 侯 調 水 步 軍 習 戰 〇 . [43b*6*1]\nĐông thập nguyệt, Đế thân suất vương hầu điều thuỷ bộ quân tập chiến .\n進 封 興 道 王 國 峻 為 國 公 節 制 統 領 天 下 諸 軍 使 檡 軍 校 有 将 才 者 分 統 部 伍 . [43b*6*16]\nTiến phong Hưng Đạo vương Quốc Tuấn vi Quốc công tiết chế, thống lĩnh thiên hạ chư quân, sử trạch quân hiệu hữu tướng tài giả phân thống bộ ngũ.\n甲 申 六 年 元 至 元 二 十 一 年 春 正 月 浚 蘇 歴 江 〇 . [43b*9*1]\nGiáp Thân lục niên, [Nguyên Chí Nguyên nhị thập nhất niên,] xuân chính nguyệt, tuấn Tô Lịch giang .\n二 月 社 . [43b*9*21]\nNhị nguyệt, xã..\n",
    "url": "/data/image_dvsk/ban_ky_toan_thu/quyen5/DVSKTT_ban_toan_V_43b.jpg"
  },
  {
    "text": "𡊨 地 裂 長 七 夬 廣 四 寸 深 不 可 測 秋 . [44a*1*1]\nđàn địa liệt, trường thất quyết, quảng tứ thốn, thâm bất khả trắc .\n秋 八 月 興 道 王 調 王 侯 諸 軍 大 閲 於 東 步 頭 分 軍 就 平 灘 等 處 屯 守 要 衝 〇 . [44a*1*15]\nThu bát nguyệt, Hưng Đạo vương điều vương hầu chư quân đại duyệt ư Đông Bộ Đầu, phân quân tựu Bình Than đẳng xứ, đồn thủ yếu xung .\n九 月 四 日 月 與 金 星 晝 見 西 南 方 相 離 夬 許 〇 . [44a*3*6]\nCửu nguyệt, tứ nhật, nguyệt dữ kim tinh trú kiến Tây Nam phương tương li quyết hứa .\n冬 十 一 月 遣 陳 甫 如 元 荆 湖 行 省 求 緩 師 〇 . [44a*4*5]\nĐông thập nhất nguyệt, khiến Trần Phủ như Nguyên Kinh Hồ hành tỉnh, cầu hoãn sư .\n十 二 月 陳 甫 自 元 回 言 元 帝 遣 太 子 鎮 南 王 脱 驩 綱 目 作 歡 平 章 阿 剌 及 阿 里 海 牙 等 領 兵 托 以 假 道 征 占 城 分 道 入 冦 . [44a*5*3]\nThập nhị nguyệt, Trần Phủ tự Nguyên hồi, ngôn Nguyên đế khiến Thái tử Trấn Nam Vương Thoát Hoan [Cương mục tác Hoan,] Bình Chương A Lạt, cập A Lí Hải Nha đẳng lĩnh binh thác dĩ giả đạo chinh Chiêm Thành, phân đạo nhập khấu.\n上 皇 召 天 下 父 老 會 于 延 洪 堦 賜 食 問 計 . [44a*7*9]\nThượng hoàng triệu thiên hạ phụ lão hội vu Diên Hồng giai tứ thực, vấn kế.\n皆 曰 戰 萬 人 同 辝 如 出 一 口 . [44a*8*6]\nGiai viết: Chiến! Vạn nhân đồng từ, như xuất nhất khẩu.\n史 臣 吳 士 連 曰 胡 虜 入 冦 國 之 大 难 也 . [44a*9*1]\nSử thần Ngô Sĩ Liên viết: Hồ lỗ nhập khấu quốc chi đại nạn dã.\n二 帝 合 . [44a*9*16]\nNhị đế hợp..\n",
    "url": "/data/image_dvsk/ban_ky_toan_thu/quyen5/DVSKTT_ban_toan_V_44a.jpg"
  },
  {
    "text": "謀 群 臣 會 議 𡸈 無 禦 之 之 策 奚 侍 於 宴 父 老 問 計 哉 聖 宗 盖 欲 以 察 下 民 愛 戴 之 誠 且 使 聞 論 問 而 感 激 奮 發 也 . [44b*1*1]\nmưu quần thần hội nghị há vô ngự chi chi sách hề? Thị ư yến phụ lão vấn kế tai, Thánh Tông cái dục dĩ sát hạ dân ái đái chi thành, thả sử văn luận vấn nhi cảm kích phấn phát dã.\n古 人 養 老 乞 言 之 義 存 焉 . [44b*3*8]\nCổ nhân dưỡng lão khất ngôn chi nghĩa tồn yên.\n二 十 六 日 賊 犯 永 州 内 旁 鉄 略 支 棱 等 関 . [44b*4*2]\nNhị thập lục nhật, tặc phạm Vĩnh Châu, Nội Bàng, Thiết Lược, Chi Lăng đẳng quan.\n官 軍 與 戰 不 利 退 屯 萬 刼 津 . [44b*4*18]\nQuan quân dữ chiến bất lợi, thoái đồn Vạn Kiếp tân.\n時 帝 御 輕 舟 幸 海 東 日 晚 未 朝 食 . [44b*5*10]\nThời, Đế ngự khinh chu hạnh Hải Đông, nhật vãn vị triều thực.\n有 小 卒 陳 來 者 捧 糲 飯 以 進 . [44b*6*4]\nHữu tiểu tốt Trần Lai giả phủng lệ phạn dĩ tiến.\n帝 嘉 其 忠 賜 爵 上 品 兼 白 藤 右 朝 門 社 小 司 社 〇 . [44b*6*15]\nĐế gia kì trung, tứ tước Thượng phẩm kiêm Bạch Đằng hữu triều môn xã tiểu tư xã .\n興 道 王 奉 命 調 海 東 雲 茶 巴 點 等 路 軍 民 󰱇 其 勇 者 為 前 鋒 過 海 南 來 軍 勢 稍 振 . [44b*7*15]\nHưng Đạo vương phụng mệnh điều Hải Đông, Vân Trà, Ba Điểm đẳng lộ quân dân, tuyển kì dũng giả vi tiền phong quá hải Nam lai Quân thế sảo chấn.\n諸 軍 聞 之 莫 不 來 集 . [44b*9*8]\nChư quân văn chi, mạc bất lai tập.\n帝 作 詩 題 . [44b*9*16]\nĐế tác thi đề..\n",
    "url": "/data/image_dvsk/ban_ky_toan_thu/quyen5/DVSKTT_ban_toan_V_44b.jpg"
  },
  {
    "text": "船 尾 曰 會 󰏲 舊 事 君 須 記 驩 演 猶 存 十 萬 兵 〇 . [45a*1*1]\nthuyền vĩ viết: Cối Kê cựu sự quân tu kí, Hoan Diễn do tồn thập vạn binh .\n興 武 王 𪩘 明 憲 王 蔚 興 讓 王 顙 興 智 王 現 督 旁 河 那 岑 茶 鄕 安 生 龍 眼 等 處 軍 二 十 萬 來 會 萬 刼 聽 興 道 王 節 度 以 拒 元 人 . [45a*1*19]\nHưng Vũ vương nghiễn Minh Hiến Vương Uấtm Hưng Nhượng vương Tảngm Hưng Trí vương Hiệnm đốc Bàng Hàm Na Sầmm Trà Hương Yên Sinhm Long Nhãn đẳng xứ quân nhị thập vạn lai hội Vạn Kiếp, thính Hưng Đạo vương tiết độ, dĩ cự Nguyên nhân.\n𥘉 興 道 王 有 奴 野 象 歇 驕 待 之 甚 厚 . [45a*4*9]\nSơ, Hưng Đạo vương hữu nô Dã Tượng, Yết Kiêu đãi chi thậm hậu.\n及 元 兵 至 歇 驕 守 船 于 擺 津 野 象 從 行 . [45a*5*4]\nCập Nguyên binh chí, Yết Kiêu thủ thuyền vu Bãi Tân, Dã Tượng tòng hành.\n及 官 軍 失 利 舟 師 皆 散 王 欲 從 山 脚 行 . [45a*5*19]\nCập quan quân thất lợi, chu sư giai tán, Vương dục tòng sơn cước hành.\n野 象 曰 歇 驕 未 見 大 王 必 不 移 船 . [45a*6*15]\nDã Tượng viết: Yết Kiêu vị kiến Đại vương tất bất di thuyền.\n王 趍 擺 津 惟 歇 驕 船 尚 在 . [45a*7*9]\nVương xu Bãi Tân, duy Yết Kiêu thuyền thượng tại.\n王 喜 曰 夫 鴻 鵠 髙 飛 必 資 六 翮 縱 . [45a*7*19]\nVương hỉ viết: Phu hồng hộc cao phi tất tư lục cách tung.\n無 六 翮 乃 凣 鳥 耳 . [45a*8*13]\nVô lục cách nãi phàm điểu nhĩ.\n言 訖 開 船 . [45a*9*1]\nNgôn hất khai thuyền.\n賊 騎 躡 後 不 及 . [45a*9*5]\nTặc kị niếp hậu bất cập.\n王 至 萬 刼 分 軍 屯 㨿 北 . [45a*9*11]\nVương chí Vạn Kiếp, phân quân đồn cứ Bắc..\n",
    "url": "/data/image_dvsk/ban_ky_toan_thu/quyen5/DVSKTT_ban_toan_V_45a.jpg"
  },
  {
    "text": "江 . [45b*1*1]\nGiang.\n命 翰 林 奉 㫖 丁 供 垣 攝 北 宫 内 察 院 事 . [45b*1*2]\nMệnh Hàn Lâm phụng chỉ Đinh Củng Viên nhiếp Bắc Cung nội sát vện sự.\n乙 酉 七 年 九 月 以 後 重 興 元 年 元 至 元 二 十 二 年 春 正 月 六 日 元 烏 馬 兒 犯 萬 刼 普 頼 山 等 處 . [45b*2*1]\nẤt Dậu thất niên, [cửu nguyệt dĩ hậu, Trùng Hưng nguyên niên, Nguyên Chí Nguyên nhị thập nhị niên,] xuân chính nguyệt, lục nhật, Nguyên Ô Mã nhi phạm Vạn Kiếp, Phả Lại sơn đẳng xứ.\n官 軍 奔 潰 〇 . [45b*3*11]\nQuan quân bôn hội .\n十 二 日 賊 犯 嘉 林 武 寕 東 岸 獲 我 軍 皆 墨 刺 殺 韃 二 字 於 臂 大 怒 殺 之 甚 眾 . [45b*3*16]\nThập nhị nhật, tặc phạm Gia Lâm, Vũ Ninh, Đông Ngàn, hoạch ngã quân, giai mặc thích Sát Thát nhị tự ư tí, đại nộ sát chi thậm chúng.\n遂 至 東 步 頭 建 大 旗 . [45b*5*7]\nToại, chí Đông Bộ Đầu kiến đại kì.\n帝 欲 使 人 覘 賊 虛 實 而 未 得 其 人 . [45b*5*15]\nĐế dục sử nhân siêm tặc hư thực nhi vị đắc kì nhân.\n祗 候 局 首 杜 克 終 趍 進 曰 臣 卑 賤 不 才 請 行 帝 喜 之 曰 安 識 盐 車 有 此 騏 驥 . [45b*6*9]\nChi hậu, cục thủ Đỗ Khắc Chung xu tiến viết: Thần ti tiện bất tài, thỉnh hành Đế hỉ chi, viết: An thức diêm xa hữu thử kì kí.\n遣 奉 書 請 行 城 . [45b*7*19]\nKhiến phụng thư thỉnh hành thành.\n烏 馬 兒 問 曰 國 王 無 禮 令 人 墨 刺 殺 韃 字 欺 侮 天 兵 . [45b*8*6]\nÔ Mã Nhi vấn viết: Quốc vương vô lễ, lệnh nhân mặc thích Sát Thát, tự khi vũ thiên binh.\n其 過 大 矣 . [45b*9*7]\nKì quá đại hĩ.\n克 終 應 曰 家 狗 吠 人 非 . [45b*9*11]\nKhắc Chung ứng viết: Gia cẩu phệ nhân phi..\n",
    "url": "/data/image_dvsk/ban_ky_toan_thu/quyen5/DVSKTT_ban_toan_V_45b.jpg"
  },
  {
    "text": "其 主 也 . [46a*1*1]\nkì chủ dã.\n忠 憤 之 心 彼 自 刺 耳 . [46a*1*4]\nTrung phẫn chi tâm bỉ tự thích nhĩ.\n國 王 不 之 知 . [46a*1*12]\nQuốc vương bất chi tri.\n我 是 近 臣 何 事 獨 無 乃 攘 其 臂 示 之 . [46a*1*17]\nNgã thị cận thần hà sự độc vô? Nãi nhưỡng kì tí thị chi.\n馬 兒 曰 大 軍 遠 來 尔 國 何 不 倒 戈 偕 來 相 見 却 乃 拒 命 螳 臂 當 轍 将 如 之 何 克 終 曰 賢 将 不 𨂻 韓 信 平 燕 之 策 駐 軍 界 首 先 達 信 書 如 不 通 好 是 其 過 也 . [46a*2*12]\nMã Nhi viết: Đại quân viễn lai nhĩ quốc hà bất đảo qua giai lai tương kiến, khước nãi cự mệnh đường tí đương triệt tương như chi hà? Khắc Chung viết: Hiền tướng bất thao Hàn Tín bình Yên chi sách, trú quân giới thủ tiên đạt tín thư như bất thông hảo thị kì quá dã.\n今 乃 相 逼 所 謂 獸 󰠃 則 摶 鳥 󰠃 則 󰂉 况 於 人 乎 馬 兒 曰 大 軍 假 道 以 征 占 城 . [46a*5*13]\nKim nãi tương bức, sở vị thú cùng tắc đoàn, điểu cùng tắc chác huống ư nhân hồ? Mã Nhi viết: Đại quân giả đạo dĩ chinh Chiêm Thành.\n國 王 若 來 相 見 則 境 内 晏 然 秋 毫 無 犯 . [46a*7*4]\nQuốc vương nhược lai tương kiến, tắc cảnh nội yến nhiên, thu hào vô phạm.\n苟 或 執 迷 則 󰟸 刻 之 間 山 川 将 為 平 地 君 臣 将 為 腐 草 矣 . [46a*7*19]\nCâu hoặc chấp mê, tắc khoảnh khắc chi gian, sơn xuyên tương vi bình địa, quân thần tương vi hủ thảo hĩ.\n克 終 既 回 馬 而 謂 諸 将 曰 此 人 當 威 制 之 際 . [46a*9*3]\nKhắc Chung ký hồi Mã Nhi vị chư tướng viết: Thử nhân đương uy chế chi tế..\n",
    "url": "/data/image_dvsk/ban_ky_toan_thu/quyen5/DVSKTT_ban_toan_V_46a.jpg"
  },
  {
    "text": "辝 氣 自 若 不 卑 主 為 跖 不 諂 我 為 堯 . [46b*1*1]\ntừ khí tự nhược, bất ti chủ vi chích, bất siểm ngã vi Nghiêu.\n但 曰 家 犬 吠 人 善 於 應 對 . [46b*1*15]\nĐản viết gia khuyển phệ nhân, thiện ư ứng đối.\n可 謂 不 辱 君 命 . [46b*2*6]\nKhả vị bất nhục quân mệnh.\n彼 國 有 人 未 易 圖 也 . [46b*2*12]\nBỉ quốc hữu nhân, vị dị đồ dã.\n使 人 追 之 不 及 〇 . [46b*3*1]\nSử nhân truy chi, bất cập .\n十 三 日 卯 時 克 終 自 元 軍 回 . [46b*3*8]\nThập tam nhật, Mão thời, Khắc Chung tự Nguyên quân hồi.\n賊 躡 至 與 官 軍 相 敵 敵 . [46b*3*19]\nTặc niếp chí dữ quan quân tương địch .\n二 十 八 日 興 道 王 議 請 上 相 太 師 光 󰧉 禦 唆 都 元 帥 軍 于 乂 安 二 . [46b*4*9]\nNhị thập bát nhật, Hưng Đạo vương nghị thỉnh Thượng tướng Thái sư Quang Khải ngự Toa Đô nguyên soái quân vu Nghệ An .\n二 月 甲 辰 朔 靖 國 大 王 國 康 庶 子 上 位 彰 憲 侯 鍵 及 僚 属 黎 崱 土 力 切 等 挈 家 降 元 . [46b*5*15]\nNhị nguyệt, Giáp Thìn, sóc, Tịnh Quốc đại vương Quốc Khang thứ tử Thượng vị Chương Hiến hầu Kiện cập liêu thuộc Lê trắc [thổ lực thiết đẳng khiết gia hàng Nguyên.\n唆 都 送 鍵 等 㱕 燕 京 . [46b*7*10]\nToa Đô tống Kiện đẳng quy Yên Kinh.\n諒 江 土 豪 阮 世 祿 阮 領 等 攻 之 于 麻 六 寨 . [46b*7*18]\nLạng Giang thổ hào Nguyễn Thế Lộc, Nguyễn Lĩnh đẳng công chi vu Ma Lục trại.\n興 道 家 奴 阮 地 爐 射 鍵 殺 之 崱 把 鍵 屍 上 馬 宵 遁 馳 數 十 里 至 丘 温 . [46b*8*13]\nHưng Đạo gia nô Nguyễn Địa Lô xạ Kiện sát chi, trắc bả Kiện thi thượng mã tiêu độn trì số thập lí, chí Khâu Ôn..\n",
    "url": "/data/image_dvsk/ban_ky_toan_thu/quyen5/DVSKTT_ban_toan_V_46b.jpg"
  },
  {
    "text": "塟 之 〇 . [47a*1*1]\ntáng chi .\n遣 人 送 安 姿 公 主 聖 宗 季 妹 于 脱 驩 欲 舒 國 難 也 〇 . [47a*1*4]\nKhiến nhân tống An Tư công chúa [Thánh Tông quý muội,] vu Thoát Hoan, dục thư quốc nạn dã .\n保 義 王 陳 平 仲 王 黎 大 行 之 後 瑞 宝 公 主 醮 也 祖 父 於 太 宗 時 賜 姓 再 與 賊 戰 於 拖 幙 洲 即 天 幕 今 幔 幬 洲 是 死 之 . [47a*2*3]\nBảo Nghĩa vương Trần Bình Trọng [vương Lê Đại Hành chi hậu, Thuỵ bảo công chúa tiếu dã Tổ phụ ư Thái Tông thời tứ tính.] tái dữ tặc chiến ư Đà Mạc châu [tức Thiên Mạc kim Mạn Trù châu thị,] tử chi.\n時 王 被 擒 不 食 . [47a*3*18]\nThời, Vương bị cầm, bất thực.\n賊 詰 國 事 不 答 . [47a*4*1]\nTặc cật quốc sự, bất đáp.\n曰 為 北 王 乎 王 厲 聲 曰 寕 為 南 鬼 不 為 北 王 . [47a*4*7]\nViết Vi Bắc vương hồ? Vương lệ thanh viết\" Ninh vi Nam quỷ, bất vi Bắc vương.\n遂 遇 害 . [47a*5*5]\nToại ngộ hại.\n賊 兵 勢 逼 二 帝 潜 御 小 舟 行 三 峙 元 . [47a*5*8]\nTặc binh thế bức nhị Đế tiềm ngự tiểu chu hạnh Tam Trĩ nguyên.\n命 引 御 舶 出 玉 山 以 疑 賊 情 . [47a*6*3]\nMệnh dẫn ngự bách xuất Ngọc Sơn dĩ nghi tặc tình.\n時 乘 輿 播 遷 而 國 峻 素 負 奇 才 又 有 安 生 王 夙 釁 眾 多 猜 疑 國 峻 扈 從 手 持 木 杖 末 有 錞 音 純 形 如 鍾 有 舌 人 皆 側 目 睨 之 . [47a*6*14]\nThời, thừa dư bá thiên, nhi Quốc Tuấn tố phụ kì tài, hựu hữu An Sinh Vương túc hấn Chúng đa sai nghi, Quốc Tuấn hộ tòng thủ trì mộc trượng mạt hữu thuần [âm thuần hình như chung hữu thiệt,] nhân, giai trắc mục nghễ chi.\n國 峻 抽 其 錞 投 之 但 持 空 杖 而 行 . [47a*9*1]\nQuốc Tuấn trừu kì thuần đầu chi, đản trì không trượng nhi hành.\n又 凡 事 多 類 此 . [47a*9*14]\nHựu phàm sự đa loại thử.\n",
    "url": "/data/image_dvsk/ban_ky_toan_thu/quyen5/DVSKTT_ban_toan_V_47a.jpg"
  },
  {
    "text": "史 臣 吳 士 連 曰 大 臣 處 危 疑 之 地 必 誠 意 交 孚 明 晢 善 處 如 隨 之 九 四 然 後 能 保 名 譽 成 事 功 不 然 取 禍 必 矣 . [47b*1*1]\nSử thần Ngô Sĩ Liên viết: Đại thần xứ nguy nghi chi địa, tất thành ý giao phù minh triết, thiện xử, như Tuỳ chi cửu tứ, nhiên hậu năng bảo danh dự, thành sự công bất nhiên thủ hoạ tất hĩ.\n唐 之 郭 子 儀 陳 之 陳 國 峻 有 焉 . [47b*3*7]\nĐường chi Quách Tử Nghi Trần chi Trần Quốc Tuấn hữu yên.\n三 月 甲 戌 朔 二 帝 捨 舟 而 從 步 至 水 注 取 舟 出 南 趙 江 即 水 棠 縣 逾 大 旁 海 幸 清 化 〇 . [47b*4*2]\nTam nguyệt, Giáp Tuất, sóc, nhị Đế xá chu nhi tòng bộ chí Thuỷ Chú, thủ chu xuất Nam Triệu giang, [tức Thuỷ Đường huyện,] du Đại Bàng hải, hạnh Thanh Hoá .\n上 位 文 昭 侯 弄 行 于 脱 驩 既 而 昭 國 王 益 稷 及 范 巨 地 黎 演 鄭 隆 等 皆 挈 家 降 元 . [47b*5*16]\nThượng vị Văn Chiêu hầu Lộng hàng vu Thoát Hoan, ký nhi Chiêu Quốc vương Ích Tắc, cập Phạm Cự Địa, Lê Diễn, Trịnh Long đẳng giai khiết gia hàng Nguyên.\n𥘉 益 稷 未 生 時 太 宗 夢 見 臣 人 有 三 眼 從 天 而 下 言 於 太 宗 曰 臣 為 上 帝 所 責 願 託 於 帝 . [47b*7*7]\nSơ, Ích tắc vị sinh thời, Thái Tông mộng kiến thần nhân hữu tam nhãn, tòng thiên nhi hạ, ngôn ư Thái Tông viết: Thần vi Thượng đế sở trách, nguyện thác ư Đế.\n後 乃 北 㱕 . [47b*9*3]\nHậu nãi Bắc quy.\n及 益 稷 生 額 中 有 文 隱 然 如 眼 形 . [47b*9*7]\nCập Ích Tắc sinh, ngạch trung hữu văn ẩn, nhiên như nhãn hình..\n",
    "url": "/data/image_dvsk/ban_ky_toan_thu/quyen5/DVSKTT_ban_toan_V_47b.jpg"
  },
  {
    "text": "貌 似 所 夢 之 人 . [48a*1*1]\nmạo tự sở mộng chi nhân.\n年 十 五 聰 明 過 人 . [48a*1*7]\nNiên thập ngũ, thông minh quá nhân.\n通 書 史 及 諸 技 術 潜 有 奪 嫡 之 心 . [48a*1*14]\nthông thư sử, cập chư kĩ thuật, tiềm hữu đoạt đích chi tâm.\n嘗 挾 私 書 寄 雲 屯 商 客 乞 元 師 南 下 . [48a*2*8]\nThường hiệp tư thư ký Vân Đồn thương khách, khất Nguyên sư Nam hạ.\n至 是 元 人 入 冦 遂 降 之 冀 有 其 國 . [48a*3*3]\nChí thị, Nguyên nhân nhập khấu, toại hàng chi ký hữu kì quốc.\n元 封 為 安 南 國 王 及 元 敗 衂 心 懷 愧 卒 于 北 地 〇 . [48a*3*16]\nNguyên phong vi An Nam quốc vương, cập Nguyên bại, nục tâm hoài quý, tốt vu Bắc địa .\n唆 都 元 帥 領 兵 五 十 萬 由 雲 南 經 老 檛 直 至 占 城 與 元 人 會 于 烏 里 州 尋 冦 驩 愛 進 駐 西 結 期 以 三 年 削 平 我 國 . [48a*4*16]\nToa Đô nguyên soái lĩnh binh ngũ thập vạn, do Vân Nam kinh Lão oa trực chí Chiêm Thành dữ Nguyên nhân hội vu Ô Lí châu, tầm khấu Hoan Ái, tiến trú Tây Kết, kì dĩ tam niên tước bình ngã quốc.\n帝 與 群 臣 議 曰 賊 眾 積 年 遠 行 萬 里 輜 重 勢 必 疲 弊 . [48a*7*2]\nĐế dữ quần thần nghị viết: Tặc chúng tích niên viễn hành vạn lí, truy trọng thế tất bì tệ.\n以 逸 待 勞 先 奪 其 氣 破 之 必 矣 . [48a*8*3]\nDĩ dật đãi lao, tiên đoạt kì khí, phá chi tất hĩ.\n夏 四 月 帝 命 昭 成 王 缺 名 懷 文 侯 國 瓚 将 軍 阮 蒯 等 領 㨗 兵 逆 賊 . [48a*8*15]\nHạ tứ nguyệt, Đế mệnh Chiêu Thành vương [khuyết danh,] Hoài Văn hầu Quốc Toản, tướng quân Nguyễn Khoái, đẳng lĩnh tiệp binh nghịch tặc..\n",
    "url": "/data/image_dvsk/ban_ky_toan_thu/quyen5/DVSKTT_ban_toan_V_48a.jpg"
  },
  {
    "text": "于 西 結 步 頭 . [48b*1*1]\nvu Tây Kết bộ đầu.\n官 軍 與 元 人 交 戰 于 𬺍 子 關 諸 軍 󰦭 在 . [48b*1*6]\nQuan quân dữ Nguyên nhân giao chiến vu Hàm Tử quan, chư quân hàm tại.\n惟 昭 文 王 日 燏 軍 有 宋 人 衣 宋 衣 執 弓 矢 以 戰 . [48b*2*2]\nDuy Chiêu Văn vương Nhật duật quân hữu Tống nhân, y Tống y, chấp cung thỉ dĩ chiến.\n上 皇 恐 諸 軍 或 不 䏻 辨 使 人 諭 之 曰 此 昭 文 韃 也 當 審 識 之 . [48b*3*1]\nThượng hoàng khủng chư quân hoặc bất năng biện, sử nhân dụ chi viết: Thử Chiêu Văn Thát dã, đương thẩm thức chi.\n盖 宋 與 韃 聲 音 衣 服 相 似 元 人 見 之 皆 驚 曰 有 宋 人 來 助 因 此 敗 北 . [48b*4*5]\nCái Tống dữ Thát thanh âm y phục tương tựm Nguyên nhân kiến chi giai kinh viết hữu Tống nhân lai trợ, nhân thử bại bắc.\n𥘉 宋 亡 其 人 㱕 我 . [48b*5*12]\nSơ, Tống vong, kì nhân quy ngã.\n日 燏 納 之 有 趙 忠 者 為 家 将 . [48b*5*19]\nNhật duật nạp chi, hữu Triệu Trung giả vi gia tướng.\n故 敗 元 之 功 日 燏 居 多 . [48b*6*11]\nCố bại Nguyên chi công, Nhật duật cư đa.\n五 月 三 日 二 帝 敗 賊 於 長 安 府 斬 馘 無 算 . [48b*7*1]\nNgũ nguyệt, tam nhật, nhị Đế bại tặc ư Trường Yên phủ, trảm quắc vô toán.\n七 日 諜 報 云 唆 都 自 清 化 來 〇 . [48b*7*17]\nThất nhật, điệp báo vân Toa Đô tự Thanh Hoá lai .\n十 日 有 自 賊 處 逃 赴 御 營 奏 報 云 上 相 光 啓 懷 文 侯 國 瓚 及 陳 聰 阮 可 臘 與 . [48b*8*10]\nThập nhật, hữu tự tặc xứ đào phó ngự doanh tấu báo vân: Thượng tướng Quang Khải, Hoài Văn hầu Quốc Toản, cập Trần Thông, Nguyễn Khả Lạp dữ..\n",
    "url": "/data/image_dvsk/ban_ky_toan_thu/quyen5/DVSKTT_ban_toan_V_48b.jpg"
  },
  {
    "text": "弟 阮 傳 率 諸 路 民 兵 敗 賊 于 京 城 章 陽 等 處 . [49a*1*1]\nđệ Nguyễn Truyền suất chư lộ dân binh bại tặc vu Kinh thành, Chương Dương đẳng xứ.\n賊 軍 大 潰 . [49a*1*18]\nTặc quân đại hội.\n太 子 脱 驩 平 章 阿 剌 等 奔 過 瀘 江 . [49a*2*3]\nThái tử Thoát Hoan, Bình Chương A Lạt đẳng bôn quá Lô giang.\n十 五 日 二 帝 󰥭 謁 龍 興 諸 陵 . [49a*2*16]\nThập ngũ nhật, nhị Đế bái yết Long Hưng chư lăng.\n十 七 日 唆 都 與 烏 馬 兒 自 海 再 來 犯 天 幕 江 . [49a*3*8]\nThập thất nhật, Toa Đô dữ Ô Mã Nhi tự hải tái lai, phạm Thiên Mạc giang.\n欲 會 兵 京 師 相 為 援 . [49a*4*6]\nDục hội binh kinh sư tương vi viện.\n游 兵 至 扶 寕 縣 本 縣 輔 導 子 何 特 上 峙 山 固 守 . [49a*4*14]\nDu binh chí Phù Ninh huyện, bản huyện phụ đạo tử Hà Đặc thượng Trĩ sơn cố thủ.\n賊 屯 巨 陀 洞 . [49a*5*13]\nTặc đồn Cự Đà động.\n特 以 竹 編 作 大 人 形 衣 以 衣 暮 夜 引 出 入 又 䥽 大 樹 取 大 箭 𢮿 入 其 中 使 賊 疑 射 力 之 貫 . [49a*5*18]\nĐặc dĩ trúc biên tác đại nhân hình y dĩ y mộ dạ dẫn xuất nhập, hựu toản đại thụ thủ đại tiễn quải nhập kì trung, sử tặc nghi xạ lực chi quán.\n賊 惧 不 敢 與 戰 . [49a*7*14]\nTặc cụ, bất cảm dữ chiến.\n我 軍 遂 奪 擊 破 之 . [49a*8*1]\nNgã quân toại đoạt kích, phá chi.\n特 追 戰 至 阿 臘 為 浮 橋 渡 江 酣 戰 死 之 . [49a*8*8]\nĐặc truy chiến chí A Lạp vi phù kiều độ giangm hàm chiến tử chi.\n弟 彰 為 賊 所 獲 盗 得 賊 旗 幟 衣 服 迯 回 以 . [49a*9*4]\nĐệ Chương vi tặc sở hoạch, đạo đắc tặc kì xí y phục, đào hồi dĩ..\n",
    "url": "/data/image_dvsk/ban_ky_toan_thu/quyen5/DVSKTT_ban_toan_V_49a.jpg"
  },
  {
    "text": "之 上 進 請 用 彼 旗 假 為 賊 軍 就 賊 營 . [49b*1*1]\nchi thượng tiến, thỉnh dụng bỉ kì giả vi tặc quân tựu tặc doanh.\n賊 不 意 我 軍 遂 大 破 之 . [49b*1*15]\nTặc bất ý ngã quân, toại đại phá chi.\n二 十 日 二 帝 進 次 大 忙 步 元 總 管 張 顯 降 是 日 敗 賊 于 西 結 殺 傷 甚 眾 斬 元 帥 唆 都 首 . [49b*2*5]\nNhị thập nhật, nhị Đế tiến thứ Đại Mang Bộ Nguyên tổng quản Trương Hiển hàng Thị nhật bại tặc vu Tây Kết sát thương thậm chúng, trảm nguyên soái Toa Đô thủ.\n夜 半 烏 馬 兒 遁 過 清 化 江 口 . [49b*3*19]\nDạ bán, Ô Mã Nhi độn quá Thanh Hoá giang khẩu.\n二 帝 追 之 不 及 󰱐 其 餘 黨 五 萬 餘 以 㱕 . [49b*4*11]\nNhị Đế truy chi, bất cập, hoạch kì dư đảng ngũ vạn dư dĩ quy.\n烏 馬 兒 僅 以 單 舸 駕 海 得 脱 . [49b*5*7]\nÔ Mã Nhi cẩn dĩ đơn kha giá hải đắc thoát.\n興 道 王 又 與 脱 驩 李 恒 戰 于 萬 刼 . [49b*5*18]\nHưng Đạo vương hựu dữ Thoát Hoan, Lí Hằng, chiến vu Vạn Kiếp.\n敗 之 溺 死 甚 眾 . [49b*6*12]\nBại chi, nịch tử thậm chúng.\n李 恒 以 兵 𧗱 脱 驩 還 思 明 . [49b*6*18]\nLí Hằng dĩ binh về Thoát Hoan hoàn Tư Minh.\n我 軍 以 藥 矢 射 中 恒 左 膝 死 . [49b*7*9]\nNgã quân dĩ dược thỉ xạ trúng Hằng tả tất tử.\n裨 将 李 󰱤 𠬧 餘 卒 五 萬 人 以 銅 噐 匿 脱 驩 其 中 北 遁 . [49b*8*1]\nTì tướng Lí quán thu dư tốt ngũ vạn, nhân dĩ đồng khí nặc Thoát Hoan kì trung, Bắc độn.\n至 思 明 興 武 王 追 之 以 藥 矢 射 中 李 󰱤 死 . [49b*9*2]\nChí Tư Minh Hưng Vũ vương truy chi, dĩ dược thỉ xạ trúng Lí quán tử.\n元 兵 . [49b*9*18]\nNguyên binh..\n",
    "url": "/data/image_dvsk/ban_ky_toan_thu/quyen5/DVSKTT_ban_toan_V_49b.jpg"
  },
  {
    "text": "大 潰 . [50a*1*1]\nđại hội.\n帝 見 唆 都 首 級 惻 然 曰 為 人 臣 當 如 是 也 . [50a*1*3]\nĐế kiến Toa Đô thủ cấp, trắc nhiên viết: Vi nhân thần đương như thị dã.\n解 御 衣 命 有 司 歛 塟 之 潜 以 其 首 油 浸 以 示 戒 以 唆 都 三 年 假 道 入 我 國 故 也 . [50a*1*19]\nGiải ngự y, mệnh Hữu ti liệm táng chi, tiềm dĩ kì thủ du tẩm dĩ thị giới, dĩ Toa Đô tam niên giả đạo nhập ngã quốc cố dã.\n史 臣 吳 士 連 曰 嗚 呼 帝 之 此 言 真 帝 王 之 言 哉 明 其 大 義 使 萬 世 人 臣 知 有 忠 君 死 事 之 榮 𨿽 死 不 朽 其 所 關 也 大 矣 . [50a*4*1]\nSử thần Ngô Sĩ Liên viết: Ô hô, Đế chi thử ngôn chân Đế vương chi ngôn tai! Minh kì đại nghĩa, sử vạn thế nhân thần tri hữu trung quân tử sự chi vinh, tuy tử bất hủ, kì sở quan dã đại hĩ.\n况 又 解 衣 使 之 歛 塟 乎 其 䏻 奮 士 氣 以 勦 強 冦 也 . [50a*6*10]\nHuống, hựu giải y sử chi liệm táng, hồ kì năng phấn sĩ khí, dĩ tiễu cường khấu dã.\n宜 哉 〇 . [50a*7*11]\nNghi tai! .\n六 月 六 日 二 帝 駕 回 京 師 . [50a*8*2]\nLục nguyệt, lục nhật, nhị Đế giá hồi kinh sư.\n上 将 光 啓 作 詩 曰 奪 矟 章 陽 度 擒 胡 𬺍 子 關 太 平 須 𦤶 力 萬 古 此 江 山 . [50a*8*12]\nThượng tướng Quang Khải tác thi viết: Đoạt sóc Chương Dương độ, Cầm hồ Hàm Tử quan, Thái bình tu trí lực, Vạn cổ thử giang san.\n",
    "url": "/data/image_dvsk/ban_ky_toan_thu/quyen5/DVSKTT_ban_toan_V_50a.jpg"
  },
  {
    "text": "是 日 大 水 〇 . [50b*1*2]\n.\n命 中 品 奉 御 鄧 㬰 之 送 占 城 宰 臣 婆 漏 󰏲 那 連 等 三 十 人 還 國 以 從 唆 都 而 被 擒 也 . [50b*1*7]\nThị nhật, đại thuỷ .\n秋 八 月 命 左 僕 射 劉 剛 介 宣 封 功 臣 有 差 . [50b*3*2]\nMệnh Trung phẩm phụng ngự Đặng du Chi tống Chiêm Thành tể thần Bà Lậu, Kê Na Liên, đẳng tam thập nhân hoàn quốc, dĩ tòng Toa Đô nhi bị cầm dã.\n及 治 降 賊 者 罪 〇 . [50b*3*18]\nThu bát nguyệt, mệnh Tả bộc xạ Lưu Cương Giới tuyên phong công thần hữu sai.\n九 月 改 元 重 興 元 年 . [50b*4*6]\nCập trị hàng tặc giả tội .\n大 赦 〇 . [50b*4*14]\nCửu nguyệt, cải nguyên Trùng Hưng nguyên niên.\n報 天 寺 碑 折 為 二 杲 山 崩 〇 . [50b*4*17]\nĐại xá .\n十 二 日 加 尊 先 帝 先 后 徽 號 〇 . [50b*5*9]\nBáo Thiên tự bi triết vi nhị cảo, sơn băng .\n冬 十 月 詔 定 天 下 户 口 . [50b*6*2]\nThập nhị nhật, gia tôn tiên đế, tiên hậu huy hiệu .\n朝 臣 諫 以 為 民 方 勞 苦 定 户 口 誠 非 急 務 . [50b*6*11]\nĐông thập nguyệt, chiếu định thiên hạ hộ khẩu.\n帝 曰 秖 可 以 此 時 定 户 口 無 或 窺 我 民 淍 弊 . [50b*7*8]\nTriều thần gián, dĩ vi dân phương lao khổ định hộ khẩu thành phi cấp vụ.\n群 臣 皆 称 服 . [50b*8*6]\nĐế viết: kì khả dĩ thử thời định hộ khẩu vô hoặc khuy ngã dân chu tệ.\n丙 戌 重 興 二 年 元 至 元 二 十 三 年 春 正 月 放 元 軍 還 國 〇 . [50b*9*1]\nQuần thần giai xưng phục.\n.\nBính Tuất Trùng Hưng nhị niên, [Nguyên Chí Nguyên nhị thập tam niên,] xuân chính nguyệt, phóng Nguyên quân hoàn quốc .\n",
    "url": "/data/image_dvsk/ban_ky_toan_thu/quyen5/DVSKTT_ban_toan_V_50b.jpg"
  },
  {
    "text": "二 月 元 使 合 撒 兒 海 牙 來 〇 . [51a*1*1]\nNhị nguyệt, Nguyên sứ Hợp Tán Nhi Hải Nha lai .\n三 月 元 帝 勑 尙 書 省 奥 魯 赤 平 章 事 烏 馬 兒 大 将 帳 文 虎 調 兵 五 十 萬 . [51a*1*12]\nTam nguyệt, Nguyên đế sắc Thượng thư tỉnh Áo Lỗ Xích, Bình Chương sự Ô Mã Nhi, Đại tướng Trương Văn Hổ điều binh ngũ thập vạn.\n令 湖 廣 造 海 船 三 百 艘 期 以 八 月 會 欽 廉 州 乃 命 江 浙 湖 廣 江 西 三 行 省 兵 南 侵 假 送 降 人 陳 益 稷 還 國 立 為 安 南 國 王 〇 . [51a*3*1]\nLệnh Hồ Quảng tạo hải thuyền tam bách sưu, kì dĩ bát nguyệt hội Khâm, Liêm châu, nãi mệnh Giang Chiết, Hồ Quảng, Giang Tây, tam hành tỉnh binh Nam xâm, giả tống hàng nhân Trần Ích Tắc hoàn quốc, lập vi An Nam quốc vương .\n夏 六 月 命 王 侯 宗 七 各 募 兵 統 領 其 属 . [51a*5*10]\nHạ lục nguyệt, mệnh Vương hầu tông thất các mộ binh, thống lĩnh kì thuộc.\n帝 問 興 道 王 國 峻 曰 今 年 賊 世 何 如 對 曰 我 國 太 平 日 九 民 不 知 兵 . [51a*6*6]\nĐế vấn Hưng Đạo vương Quốc Tuấn viết: Kim niên tặc thế hà như? Đối viết: Ngã quốc thái bình nhật cửu, dân bất tri binh.\n是 以 前 年 元 人 入 冦 或 有 降 避 頼 祖 宗 威 灵 陛 下 神 武 克 清 胡 塵 彼 若 又 來 我 士 習 於 攻 戰 彼 軍 憚 於 遠 行 且 懲 恒 󰱤 . [51a*7*13]\nThị dĩ tiền niên Nguyên nhân nhập khấu, hoặc hữu hàng tị lại Tổ tông uy linh, Bệ hạ thần võ, khắc thanh Hồ trần, bỉ nhược hựu lai, ngã sĩ tập ư công chiến, bỉ quân đạn ư viễn hành, thả trừng Hằng quán..\n",
    "url": "/data/image_dvsk/ban_ky_toan_thu/quyen5/DVSKTT_ban_toan_V_51a.jpg"
  },
  {
    "text": "之 敗 無 有 關 心 . [51b*1*1]\nchi bại vô hữu quan tâm.\n以 臣 觀 之 破 彼 必 矣 . [51b*1*7]\nDĩ thần quan chi, phá bỉ tất hĩ.\n乃 命 興 道 王 總 督 諸 王 侯 宗 室 調 兵 造 噐 械 及 舟 船 〇 . [51b*1*15]\nNãi mệnh Hưng Đạo vương tổng đốc chư vương hầu tông thất, điều binh tạo khí giới, cập chu thuyền .\n冬 十 月 點 習 所 調 兵 〇 . [51b*2*17]\nĐông thập nguyệt, điểm tập sở điều binh .\n丁 供 垣 辝 免 攝 内 密 院 事 . [51b*3*7]\nĐinh Củng Viên từ miễn Nhiếp nội mật viện sự.\n許 之 賜 内 明 字 爵 . [51b*3*17]\nHứa chi tứ Nội Minh tự tước.\n丁 亥 三 年 元 至 元 二 十 四 年 春 二 月 元 聖 天 感 皇 太 后 崩 . [51b*5*1]\nĐinh Hợi tam niên, [Nguyên Chí Nguyên nhị thập tứ niên,] xuân nhị nguyệt, Nguyên Thánh Thiên Cảm Hoàng Thái Hậu băng.\n二 月 海 鰍 錮 涸 死 于 白 藤 江 長 二 丈 六 尺 厚 六 尺 . [51b*6*2]\nNhị nguyệt, hải thu cố hạc tử vu Bạch Đằng giang, trường nhị trượng lục xích, hậu lục xích.\n元 𭛁 江 淮 江 襾 胡 廣 三 行 省 𫎇 古 漢 南 軍 及 雲 南 兵 海 外 四 州 黎 兵 分 道 入 寇 . [51b*7*2]\nNguyên phát Giang Hoài, Giang Tây, Hồ Quảng, tam hành tỉnh Mông Cổ, Hán Nam quân cập Vân Nam binh hải ngoại tứ châu, Lê binh phân đạo nhập khấu.\n令 萬 户 張 文 虎 等 海 道 運 粮 七 十 萬 石 隨 之 . [51b*8*13]\nLệnh Vạn Hộ Trương Văn Hổ đẳng hải đạo vận lương, thất thập vạn thạch tuỳ chi.\n仍 置 征 交 趾 行 尚 書 省 . [51b*9*11]\nNhững trí Chinh Giao Chỉ hành thượng thư tỉnh..\n",
    "url": "/data/image_dvsk/ban_ky_toan_thu/quyen5/DVSKTT_ban_toan_V_51b.jpg"
  },
  {
    "text": "以 奧 魯 尺 平 章 事 烏 馬 兒 樊 楫 參 知 政 事 總 之 並 受 鎮 南 王 節 制 〇 . [52a*1*1]\ndĩ Áo Lỗ Xích, Bình Chương sự Ô Mã Nhi, Phàn Tiếp tham tri chính sự, tổng chi tịnh thụ Trấn Nam Vương tiết chế .\n執 政 請 󰱇 壮 充 軍 增 多 其 數 . [52a*2*8]\nChấp chính thỉnh tuyển tráng sung quân tăng đa kì số.\n興 道 王 曰 兵 貴 精 不 貴 多 . [52a*2*19]\nHưng Đạo vương viết: Binh quý tinh bất quý đa.\n縱 知 符 堅 百 萬 亦 何 為 哉 〇 . [52a*3*10]\nTung tri Phù Kiên bách vạn diệc hà vi tai? .\n三 月 赦 〇 . [52a*4*2]\nTam nguyệt xá .\n夏 四 月 以 佐 天 大 王 德 曄 權 相 國 事 閲 兵 . [52a*4*6]\nHạ tứ nguyệt dĩ tá Thiên Đại vương Đức Việp quyền tướng quốc sự Duyệt binh.\n断 獄 . [52a*5*3]\nĐoán ngục.\n定 諸 名 邑 〇 . [52a*5*5]\nĐịnh chư danh ấp .\n冬 十 月 朔 日 食 〇 . [52a*5*10]\nĐông thập nguyệt, sóc, nhật thực .\n十 一 月 十 一 日 未 時 日 盪 成 四 角 〇 . [52a*5*17]\nThập nhất nguyệt, thập nhất nhật, Mùi thời, nhật đãng thành tứ giác .\n十 四 日 鄭 闡 奏 元 太 子 阿 台 犯 富 良 關 . [52a*6*12]\nThập tứ nhật, Trịnh Xiển tấu Nguyên Thái tử A Thai phạm Phú Lương quan.\n帝 問 興 道 王 賊 至 如 何 . [52a*7*8]\nĐế vấn Hưng Đạo vương tặc chí như hà.\n對 曰 今 年 賊 閑 閑 猶 言 易 也 二 十 四 日 令 禁 軍 守 冷 涇 關 興 德 侯 󰱤 将 兵 逆 戰 以 毒 矢 射 賊 死 傷 甚 眾 . [52a*7*17]\nĐối viết: Kim niên tặc nhàn [nhàn do ngôn. dị dã.] Nhị thập tứ nhật, lệnh cấm quân thủ Lãnh Kinh quan, Hưng Đức hầu quán tương binh nghịch chiến, dĩ độc thỉ xạ tặc tử thương thậm chúng.\n賊 退 屯 武 . [52a*9*16]\nTặc thoái, đồn Vũ..\n",
    "url": "/data/image_dvsk/ban_ky_toan_thu/quyen5/DVSKTT_ban_toan_V_52a.jpg"
  },
  {
    "text": "髙 關 〇 . [52b*1*1]\nCao quan .\n二 十 八 日 判 首 上 位 仁 德 侯 璇 以 舟 師 戰 於 多 某 灣 . [52b*1*4]\nNhị thập bát nhật, Phán thủ thượng vị Nhân Đức hầu Toàn dĩ chu sư chiến ư Đa Mỗ loan.\n賊 溺 死 甚 眾 󰱐 四 十 人 及 舟 船 馬 疋 噐 械 以 献 〇 . [52b*2*5]\nTặc nịch tử thậm chúng, hoạch tứ thập nhân, cập chu thuyền, mã, thất, khí giới dĩ hiến .\n十 二 月 十 六 日 詔 明 字 阮 識 将 聖 翊 勇 義 軍 就 興 道 王 守 大 灘 口 . [52b*3*5]\nThập nhị nguyệt, thập lục nhật, chiếu Minh tự Nguyễn Thức tương Thánh Dực dũng nghĩa quân tựu Hưng Đạo Vương thủ Đại Than khẩu.\n二 十 六 日 遇 賊 戰 . [52b*4*11]\nNhị thập lục nhật, ngộ tặc chiến.\n敗 之 . [52b*4*18]\nBại chi.\n三 十 日 元 太 子 阿 台 與 烏 馬 兒 會 兵 三 十 萬 犯 萬 刼 既 而 順 流 東 下 巴 點 旁 河 人 皆 降 〇 . [52b*5*1]\nTam thập nhật, Nguyên Thái tử A Thai dữ Ô Mã Nhi hội binh tam thập vạn, phạm Vạn Kiếp, ký nhi thuận lưu đông hạ Ba Điểm, Bàng Hà, nhân giai hàng .\n時 元 舟 師 犯 雲 屯 興 道 王 一 以 邉 務 委 雲 屯 副 将 仁 惠 王 慶 餘 . [52b*6*16]\nThời, Nguyên chu sư phạm Vân Đồn, Hưng Đạo vương nhất dĩ biên vụ uỷ Vân Đồn phó tướng Nhân Huệ vương Khánh Dư.\n慶 餘 戰 失 利 . [52b*8*2]\nKhánh Dư chiến thất lợi.\n上 皇 聞 之 遣 中 使 鎖 慶 餘 問 闕 . [52b*8*7]\nThượng hoàng văn chi khiển Trung sứ toả Khánh Dư vấn khuyết.\n慶 餘 謂 中 使 曰 以 軍 憲 論 甘 受 罪 譴 願 假 二 三 日 以 . [52b*8*19]\nKhánh Dư vị Trung sứ viết: Dĩ quân hiến luận cam thụ tội, khiến nguyện giả nhị tam nhật, dĩ..\n",
    "url": "/data/image_dvsk/ban_ky_toan_thu/quyen5/DVSKTT_ban_toan_V_52b.jpg"
  },
  {
    "text": "圖 後 效 㱕 伏 斧 鑕 未 晚 . [53a*1*1]\nđồ, hậu hiệu quy phục phủ chất vị vãn.\n中 使 從 其 請 . [53a*1*10]\nTrung sứ tòng kì thỉnh.\n慶 餘 料 知 虜 師 已 過 運 船 必 在 後 乃 将 集 殘 卒 待 之 . [53a*1*15]\nKhánh Dư liệu tri lỗ sư dĩ quá, vận thuyền tất tại hậu, nãi tương tập tàn tốt đãi chi.\n少 󰟸 運 船 果 至 . [53a*2*16]\nThiểu khoảnh, vận thuyền quả chí.\n擊 敗 之 󰱐 虜 軍 糧 噐 械 不 可 勝 計 俘 虜 亦 甚 多 . [53a*3*3]\nKích bại chi, hoạch lỗ quân lương, khí giới, bất khả thắng kế; phù lỗ diệc thậm đa.\n即 馳 書 以 聞 上 皇 釋 前 罪 不 問 . [53a*4*2]\nTức trì thư, dĩ văn, Thượng hoàng thích tiền tội bất vấn.\n曰 元 兵 所 資 者 粮 草 噐 械 今 既 為 我 󰱐 恐 彼 未 知 猶 或 陸 梁 . [53a*4*14]\nViết Nguyên binh sở tư giả lương thảo khí giới, kim ký vi ngã hoạch, khủng bỉ vị tri do, hoặc lục lương.\n乃 縱 其 所 󰱐 人 至 元 營 具 告 . [53a*5*18]\nNãi tung kì sở hoạch nhân chí Nguyên doanh cụ cáo.\n元 人 果 退 . [53a*6*10]\nNguyên nhân quả thoái.\n故 是 年 百 姓 瘡 痍 非 前 年 之 慘 . [53a*6*14]\nCố, thị niên bách tính thương di phi tiền niên chi thảm.\n慶 餘 預 有 功 焉 . [53a*7*7]\nKhánh Dư dự hữu công yên.\n慶 餘 𥘉 鎮 雲 屯 . [53a*7*13]\nKhánh Dư sơ trấn Vân Đồn.\n其 俗 以 商 販 為 生 業 飲 食 衣 服 皆 仰 北 客 . [53a*7*19]\nKì tục dĩ thương phán vi sinh nghiệp, ẩm thực y phục giai ngưỡng Bắc khách.\n故 服 用 習 北 俗 慶 餘 閲 諸 庄 軍 令 曰 雲 屯 鎮 軍 所 以 防 遏 胡 . [53a*8*16]\nCố phục dụng tập Bắc tục, Khánh Dư duyệt chư trang quân lệnh viết: Vân Đồn trấn quân sở dĩ phòng át Hồ..\n",
    "url": "/data/image_dvsk/ban_ky_toan_thu/quyen5/DVSKTT_ban_toan_V_53a.jpg"
  },
  {
    "text": "虜 不 可 戴 北 笠 倉 卒 之 際 難 於 辨 别 . [53b*1*1]\nlỗ, bất khả đái Bắc lạp, thương tốt chi tế, nan ư biện biệt.\n宜 戴 麻 雷 笠 麻 雷 洪 路 鄕 名 善 織 青 皮 竹 為 笠 故 以 名 笠 違 者 必 罰 . [53b*1*15]\nNghi đái Ma Lôi, lạp [Ma Lôi Hồng Lộ hương danh thiện chức thanh bì trúc vi lạp cố dĩ danh lạp.] Vi giả tất phạt.\n而 󰆑 餘 先 以 令 家 人 買 麻 雷 笠 船 載 泊 于 港 内 矣 . [53b*2*23]\nNhi Khánh Dư tiên dĩ lệnh gia nhân mãi Ma Lôi lạp thuyền tải bạc vu cảng nội hĩ.\n既 下 令 使 人 潜 告 庄 人 曰 昨 見 前 灣 有 麻 雷 笠 船 拋 泊 . [53b*3*14]\nKí hạ lệnh sử nhân tiềm cáo trang nhân viết: Tạc kiến tiền loan hữu Ma Lôi lạp thuyền phao bạc.\n由 是 庄 人 爭 買 継 重 相 接 𥘉 買 不 過 錢 一 陌 後 貴 價 賣 之 一 笠 直 布 一 匹 所 得 布 匹 以 千 計 北 客 賀 詩 有 雲 屯 鷄 犬 亦 皆 驚 之 句 盖 託 以 驚 服 威 名 而 實 隂 諷 之 也 . [53b*4*16]\nDo thị, trang nhân tranh mãi, kế trùng tương tiếp, sơ mãi bất quá tiền nhất mạch, hậu quý giá mại chi nhất lạp trực bố nhất thất, sở đắc bố thất dĩ thiên kế, Bắc khách hạ thi hữu: Vân Đồn kê khuyển diệc giai kinh, chi câu cái thác dĩ kinh phục uy danh, nhi thực âm phúng chi dã.\n慶 餘 性 貪 鄙 凣 所 領 鎮 𬋩 内 皆 惡 之 . [53b*8*2]\nKhánh Dư tính tham bỉ, phàm sở lĩnh trấn quản nội, giai ác chi.\n仁 宗 持 惜 其 有 將 才 不 忍 棄 置 爾 . [53b*8*16]\nNhân Tông trì, tích kì hữu tướng tài, bất nhẫn khí trí nhĩ.\n",
    "url": "/data/image_dvsk/ban_ky_toan_thu/quyen5/DVSKTT_ban_toan_V_53b.jpg"
  },
  {
    "text": "壬 子 四 年 元 至 元 二 十 五 年 春 正 月 烏 馬 兒 犯 龍 興 府 . [54a*1*1]\nNhâm Tí tứ niên, [Nguyên Chí Nguyên nhị thập ngũ niên,] xuân chính nguyệt, Ô Mã Nhi phạm Long Hưng phủ.\n八 日 官 軍 會 戰 于 大 旁 海 外 󰱐 哨 船 三 百 艘 首 級 十 顆 . [54a*1*23]\nBát nhật, quan quân hội chiến vu Đại Bàng hải ngoại, hoạch tiếu thuyền tam bách sưu, thủ cấp thập khoả.\n元 人 多 溺 死 〇 . [54a*3*2]\nNguyên nhân đa nịch tử .\n二 月 十 九 日 烏 馬 兒 犯 安 興 寨 . [54a*3*8]\nNhị nguyệt, thập cửu nhật, Ô Mã Nhi phạm An Hưng trại.\n三 月 八 日 元 軍 會 白 藤 江 迎 張 文 虎 等 粮 船 . [54a*4*1]\nTam nguyệt, bát nhật, Nguyên quân hội Bạch Đằng giang, nghênh Trương Văn Hổ đẳng lương thuyền.\n不 遇 . [54a*4*18]\nBất Ngộ.\n興 道 王 擊 敗 之 . [54a*5*1]\nHưng Đạo vương kích bại chi.\n先 是 王 已 植 樁 於 白 藤 襨 叢 草 其 上 . [54a*5*7]\nTiên thị, Vương dĩ thực thung ư Bạch Đằng, phức tùng thảo kì thượng.\n是 日 乘 潮 漲 時 挑 戰 佯 北 賊 眾 來 追 . [54a*6*2]\nThị nhật, thừa triều trướng thời, khiêu chiến dương Bắc tặc chúng lai truy.\n我 軍 力 戰 . [54a*6*16]\nNgã quân lực chiến.\n水 落 賊 船 盡 膠 . [54a*7*1]\nThuỷ lạc, tặc thuyền tận giao.\n阮 蒯 領 聖 翊 勇 義 軍 與 賊 戰 擒 平 章 奥 魯 赤 . [54a*7*7]\nNguyễn Khoái lĩnh Thánh Dực dũng nghĩa quân dữ tặc chiến, cầm Bình Chương Áo Lỗ Xích.\n二 帝 相 軍 継 至 縱 兵 大 戰 . [54a*8*5]\nNhị Đế tương quân kế chí tung binh đại chiến.\n元 人 溺 死 不 可 勝 計 . [54a*8*15]\nNguyên nhân nịch tử bất khả thắng kế.\n江 水 為 之 盡 赤 . [54a*9*4]\nGiang thuỷ vi chi tận xích.\n及 文 虎 至 两 岸 伏 兵 奮 擊 . [54a*9*10]\nCập Văn Hổ chí, lưỡng ngạn phục binh phấn kích..\n",
    "url": "/data/image_dvsk/ban_ky_toan_thu/quyen5/DVSKTT_ban_toan_V_54a.jpg"
  },
  {
    "text": "又 敗 之 . [54b*1*1]\nhựu bại chi.\n潮 退 甚 急 文 虎 粮 船 閣 樁 上 傾 襨 殆 盡 . [54b*1*4]\nTriều thoái thậm cấp, Văn Hổ lương thuyền các thung thượng khuynh phức đãi tận.\n元 溺 死 甚 眾 󰱐 哨 船 四 百 餘 艘 . [54b*1*19]\nNguyên nịch tử thậm chúng, hoạch tiếu thuyền tứ bách dư sưu.\n内 明 字 杜 衡 󰱐 烏 馬 兒 昔 戾 基 玉 献 于 上 皇 . [54b*2*12]\nNội minh tự Đỗ Hành hoạch Ô Mã Nhi, Tích Lệ Cơ Ngọc, hiến vu Thượng hoàng.\n上 皇 命 引 登 御 舶 同 坐 與 語 歡 飲 之 酒 . [54b*3*10]\nThượng hoàng mệnh dẫn đăng ngự bách, đồng toạ dữ ngữ hoan ẩm chi tửu.\n脱 驩 及 阿 台 領 眾 遁 㱕 思 明 . [54b*4*6]\nThoát Hoan cập A Thai lĩnh chúng độn quy Tư Minh.\n土 官 黃 詣 擒 之 以 献 . [54b*4*17]\nThổ quan Hoàng Nghệ cầm chi dĩ hiến.\n二 帝 駕 回 龍 興 府 . [54b*5*6]\nNhị đế giá hồi Long Hưng phủ.\n十 七 日 俘 賊 将 昔 戾 基 玉 元 帥 烏 馬 兒 參 政 岑 段 焚 接 田 元 帥 萬 戶 千 戶 献 捷 于 昭 陵 . [54b*5*13]\nThập thất nhật, phù tặc tướng Tích Lệ Cơ Ngọc, Nguyên soái Ô Mã Nhi, Tham chính Sầm Đoàn, Phàn Tiếp, Điền nguyên soái Vạn hộ, Thiên hộ hiến tiệp vu Chiêu Lăng.\n𥘉 元 人 嘗 𭛁 昭 陵 欲 󰱧 之 而 梓 宫 不 犯 . [54b*7*8]\nSơ, Nguyên nhân thường phát Chiêu Lăng, dục hoại chi nhi tử cung, bất phạm.\n及 賊 敗 石 馬 之 足 皆 沾 泥 盖 神 靈 陰 相 也 . [54b*8*4]\nCập tặc bại, thạch mã chi túc giai triêm nê, cái thần linh âm tương dã.\n帝 進 謁 時 有 詩 云 社 稷 两 回 勞 石 馬 山 河 千 古 奠 . [54b*9*1]\nĐế tiến yết thời hữu thi vân: Xã tắc lưỡng hồi lao thạch mã, Sơn hà thiên cổ điện..\n",
    "url": "/data/image_dvsk/ban_ky_toan_thu/quyen5/DVSKTT_ban_toan_V_54b.jpg"
  },
  {
    "text": "金 甌 〇 . [55a*1*1]\nkim âu .\n二 十 七 日 二 帝 車 駕 還 京 師 〇 . [55a*1*4]\nNhị thập thất nhật, nhị Đế xa giá hoàn kinh sư .\n夏 四 月 上 皇 御 侍 衛 廊 宫 殿 時 為 賊 所 焚 故 也 大 赦 天 下 凣 經 兵 焚 掠 去 處 免 租 役 全 分 其 餘 蠲 免 有 差 〇 . [55a*1*16]\nHạ tứ nguyệt, Thượng hoàng ngự Thị vệ lang, [cung điện thời vi tặc sở phàn cố dã.] Đại xá thiên hạ Phàm kinh binh phàn lược khứ xứ miễn tô dịch toàn phần, kì dư quyên miễn hữu sai .\n帝 諭 行 遣 司 交 好 翰 林 院 . [55a*3*15]\nĐế dụ hành khiển ti giao hảo Hàn Lâm viện.\n故 事 凣 宣 德 音 則 翰 林 預 送 詔 藁 于 行 遣 使 先 肄 習 至 宣 讀 時 兼 講 音 義 令 凡 󰱃 易 曉 者 以 . [55a*4*6]\nCố sự, phàm tuyên đức âm tắc Hàn Lâm dự tống chiếu cảo vu Hành khiển, sử tiên dị tập chí tuyên độc thời kiêm giảng âm nghĩa, lệnh phàm thứ dị hiểu giả dĩ.\n行 遣 專 用 中 官 故 也 . [55a*6*3]\nHành khiển chuyên dụng trung quan cố dã.\n時 黎 從 教 為 左 輔 與 翰 林 奉 旨 丁 拱 垣 素 不 相 懾 . [55a*6*11]\nThời, Lê Tòng Giáo vi Tả phụ dữ Hàn Lâm phụng chỉ Đinh Củng Viên tố bất tương nhiếp.\n宣 示 德 音 有 日 矣 供 垣 故 不 送 藁 . [55a*7*11]\nTuyên thị Đức âm hữu nhật hĩ, Củng Viên cố bất tống cảo.\n從 教 屡 素 求 竟 不 䏻 得 . [55a*8*5]\nTòng Giáo lũ tố cầu, cánh bất năng đắc.\n是 日 駕 方 出 宫 拱 垣 始 送 藁 . [55a*8*14]\nThị nhật, giá phương xuất cung, Củng Viên thuỷ tống cảo.\n從 教 宣 讀 大 赦 不 通 音 義 遂 默 然 帝 . [55a*9*6]\nTòng Giáo tuyên độc đại xá, bất thông âm nghĩa, toại mặc nhiên Đế..\n",
    "url": "/data/image_dvsk/ban_ky_toan_thu/quyen5/DVSKTT_ban_toan_V_55a.jpg"
  },
  {
    "text": "召 拱 垣 立 後 開 是 音 義 . [55b*1*1]\ntriệu Củng Viên lập hậu, khai thị âm nghĩa.\n從 教 頗 有 慙 色 . [55b*1*10]\nTòng Giáo pha hữu tàm sắc.\n拱 垣 指 示 聲 轉 大 而 從 教 聲 反 低 朝 中 但 聞 拱 垣 聲 . [55b*1*16]\nCủng Viên chỉ thị thanh chuyển đại, nhi Tòng Giáo thanh phản đê, triều trung đản văn Củng Viên thanh.\n帝 還 内 詔 從 教 論 曰 拱 垣 士 人 也 爾 中 官 也 何 不 相 懾 至 是 耶 爾 為 天 長 留 守 土 蝦 黄 橘 投 贈 徃 還 何 傷 乎 自 是 從 教 拱 垣 交 好 更 篤 . [55b*2*17]\nĐế hoàn nội, chiếu Tòng Giáo luận viết: Củng Viên sĩ nhân dã, nhĩ trung quan dã, hà bất tương nhiếp, chí thị gia? Nhĩ vi Thiên Trường lưu thủ, thổ hà hoàng quất, đầu tặng vãng hoàn hà thương hồ? Tự thị, Tòng Giáo, Củng viên giao hảo cánh đốc.\n史 臣 吳 士 連 曰 帝 教 臣 下 投 贈 交 好 得 非 啓 人 臣 私 交 之 弊 乎 曰 交 好 與 私 交 跡 似 而 情 非 也 . [55b*6*1]\nSử thần Ngô Sĩ Liên viết: Đế giáo thần hạ đầu tặng giao hảo, đắc phi khải nhân thần tư giao chi tệ hồ? Viết: Giao hảo dữ tư giao tích tự nhi, tình phi dã.\n夫 以 私 心 隂 結 者 私 交 也 . [55b*8*1]\nPhu dĩ tư tâm âm kết giả, tư giao dã.\n春 秋 義 蔡 伯 之 求 是 也 . [55b*8*11]\nXuân Thu nghĩa Thái Bá chi cầu thị dã.\n以 情 好 交 歡 者 非 私 交 也 . [55b*9*2]\nDĩ tình hảo giao hoan giả, phi tư giao dã.\n詩 人 詠 瓜 李 之 投 . [55b*9*12]\nThi nhân vịnh qua lí chi đầu..\n",
    "url": "/data/image_dvsk/ban_ky_toan_thu/quyen5/DVSKTT_ban_toan_V_55b.jpg"
  },
  {
    "text": "是 也 . [56a*1*1]\nthị dã.\n帝 使 人 臣 交 好 共 成 王 事 . [56a*1*3]\nĐế sử nhân thần giao hảo, cộng thành vương sự.\n陳 家 忠 厚 如 此 可 見 . [56a*1*13]\nTrần gia trung hậu như thử khả kiến.\n然 以 宦 官 不 識 字 為 行 遣 亦 非 也 . [56a*2*3]\nNhiên dĩ hoạn quan bất thức tự vi Hành khiển diệc phi dã.\n秋 九 月 興 道 王 夫 人 元 慈 國 母 陳 氏 薨 . [56a*3*2]\nThu cửu nguyệt, Hưng Đạo vương phu nhân Nguyên Từ Quốc Mẫu Trần thị hoăng.\n即 天 城 公 主 也 . [56a*3*17]\n[tức Thiên Thành công chúa dã.] .\n冬 十 月 遣 杜 天 覰 如 元 . [56a*4*2]\nĐông thập nguyệt, khiến Đỗ Thiên thứ như Nguyên.\n天 覰 克 終 弟 杜 克 終 使 元 軍 有 功 至 是 薦 弟 天 覰 帝 從 之 . [56a*4*11]\n[Thiên thứ Khắc Chung đệ.] Đỗ Khắc Chung sử nguyên quân hữu công, chí thị tiến đệ Thiên thứ Đế tòng chi.\n己 丑 五 年 元 至 元 二 十 六 年 春 二 月 遣 内 書 家 黄 佐 寸 送 烏 馬 兒 等 還 國 用 興 道 王 計 以 善 水 者 克 船 夫 夜 鑽 船 沉 水 . [56a*6*1]\nKỉ Sửu ngũ niên, [Nguyên Chí Nguyên nhị thập lục niên,] xuân nhị nguyệt, khiến Nội thư gia Hoàng Tá Thốn tống Ô Mã Nhi đẳng hoàn quốc, dụng Hưng Đạo vương kế, dĩ thiện thuỷ giả khắc thuyền phu, dạ toản thuyền trầm thuỷ.\n烏 馬 兒 等 溺 死 . [56a*8*5]\nÔ Mã Nhi đẳng nịch tử.\n史 臣 吳 士 連 曰 信 者 國 之 寶 而 服 人 之 深 王 政 . [56a*9*1]\nSử thần Ngô Sĩ Liên viết: Tín giả quốc chi bảo, nhi phục nhân chi thâm vương chính..\n",
    "url": "/data/image_dvsk/ban_ky_toan_thu/quyen5/DVSKTT_ban_toan_V_56a.jpg"
  },
  {
    "text": "之 本 也 . [56b*1*1]\nchi bản dã.\n興 道 王 以 覇 術 欲 成 功 於 一 時 而 不 知 七 信 於 萬 世 . [56b*1*4]\nHưng Đạo vương dĩ bá thuật dục thành công ư nhất thời, nhi bất tri thất tín ư vạn thế.\n既 云 送 還 國 又 用 計 以 殺 之 詭 譎 甚 矣 . [56b*2*6]\nKí vân tống hoàn quốc, hựu dụng kế dĩ sát chi, nguỵ quyệt thậm hĩ.\n我 大 越 太 祖 髙 皇 帝 戡 亂 之 時 欲 放 明 人 還 國 . [56b*3*3]\nNgã Đại Việt Thái tổ Cao hoàng đế kham loạn chi thời, dục phóng Minh nhân hoàn quốc.\n僞 官 有 為 明 人 援 興 道 王 鑽 船 事 阻 其 㱕 心 者 而 帝 之 信 孚 及 獴 魚 明 人 卒 信 從 不 疑 . [56b*4*3]\nNguỵ quan hữu vi Minh nhân viện Hưng Đạo Vương toản thuyền sự trở kì quy tâm giả, nhi Đế chi tín phù cập muông ngư, Minh nhân tốt tín tòng bất nghi.\n此 服 人 之 深 而 為 王 政 之 本 也 . [56b*5*18]\nThử phục nhân chi thâm nhi vi vương chính chi bản dã.\n𡸈 曰 小 補 云 乎 哉 〇 . [56b*6*12]\nHá viết tiểu bổ vân hồ tai! .\n三 月 朔 日 食 〇 . [56b*7*2]\nTam nguyệt, sóc, nhật thực .\n夏 四 月 定 平 元 之 功 . [56b*7*8]\nHạ tứ nguyệt, định Bình Nguyên chi công.\n進 封 興 道 王 為 大 王 興 武 王 為 開 國 公 興 讓 王 為 節 度 使 有 大 功 者 賜 國 姓 . [56b*7*16]\nTiến phong Hưng Đạo Vương vi Đại vương, Hưng Vũ Vương vi Khai Quốc Công, Hưng Nhượng Vương vi Tiết Độ sứ, hữu đại công giả tứ quốc tính.\n克 終 預 焉 仍 授 大 行 遣 . [56b*9*7]\nKhắc Chung dự yên, những thụ Đại hành khiển.\n杜 行 止 封 . [56b*9*16]\nĐỗ Hành chỉ phong..\n",
    "url": "/data/image_dvsk/ban_ky_toan_thu/quyen5/DVSKTT_ban_toan_V_56b.jpg"
  },
  {
    "text": "關 内 侯 以 擒 烏 馬 兒 時 不 献 於 官 家 而 献 于 上 皇 也 . [57a*1*1]\nQuan nội hầu, dĩ cầm Ô Mã Nhi thời, bất hiến ư Quan gia, nhi hiến vu Thượng Hoàng dã.\n興 智 王 不 許 進 秩 以 有 詔 元 人 㱕 諸 将 勿 遏 而 猶 邀 擊 之 也 . [57a*2*2]\nHưng Trí vương bất hứa tiến trật, dĩ hữu chiếu Nguyên nhân quy chư tướng vật át nhi do yêu kích chi dã.\n授 諒 江 蠻 長 梁 蔚 為 㱕 化 寨 主 何 畢 䏻 為 冠 服 侯 以 䏻 率 蠻 人 討 賊 故 也 . [57a*3*6]\nThụ Lạng Giang man trưởng Lương Uất vi Quy Hoá trại chủ, Hà Tất Năng vi Quan phục hầu, dĩ Năng suất man nhân thảo tặc cố dã.\n賞 爵 既 行 猶 有 觖 望 者 . [57a*4*15]\nThưởng tước ký hành do hữu quyết vọng giả.\n上 皇 諭 之 曰 卿 等 果 知 胡 虜 不 復 入 冦 則 為 朕 明 言 之 𨿽 躋 極 品 朕 所 不 惜 . [57a*5*5]\nThượng hoàng dụ chi viết: Khanh đẳng quả tri Hồ lỗ bất phục nhập khấu tắc vi trẫm minh ngôn chi! tuy tê cực phẩm trẫm sở bất tích.\n如 其 不 然 遽 行 優 賞 萬 一 胡 虜 再 驚 而 卿 等 又 有 功 效 朕 将 何 以 待 之 以 為 天 下 勸 乎 眾 皆 悅 服 〇 . [57a*6*15]\nNhư kì bất nhiên cự hành ưu thưởng, vạn nhất Hồ lỗ tái kinh nhi, khanh đẳng hựu hữu công hiệu, trẫm tương hà dĩ đãi chi dĩ vi thiên hạ khuyến hồ? Chúng giai duyệt phục .\n五 月 治 降 賊 皆 罪 . [57a*8*15]\nNgũ nguyệt, trị hàng tặc giai tội.\n惟 軍 民 免 死 運 木 石 造 宫 殿 贖 罪 . [57a*9*3]\nDuy quân dân miễn tử, vận mộc thạch tạo cung điện chuộc tội.\n官 員 犯 者 . [57a*9*16]\nQuan viên phạm giả..\n",
    "url": "/data/image_dvsk/ban_ky_toan_thu/quyen5/DVSKTT_ban_toan_V_57a.jpg"
  },
  {
    "text": "隨 輕 重 論 〇 . [57b*1*1]\ntuỳ khinh trọng luận .\n以 馮 士 周 為 行 . [57b*1*6]\nDĩ Phùng Sĩ Chu vi hành.\n遣 士 周 茶 鄕 古 了 人 初 元 人 來 帝 命 士 周 筮 之 占 云 必 有 大 勝 . [57b*1*12]\nkhiển Sĩ Chu Trà Hương, Cổ Liễu nhân Sơ, Nguyên nhân lai, Đế mệnh Sĩ Chu thệ chi, chiêm vân tất hữu đại thắng.\n帝 喜 之 . [57b*2*17]\nĐế hỉ chi.\n果 如 其 言 當 有 重 賞 . [57b*3*1]\nQuả như kì ngôn, đương hữu trọng thưởng.\n賊 平 帝 曰 天 子 無 戲 言 故 有 是 命 . [57b*3*9]\nTặc bình, Đế viết: Thiên tử vô hí ngôn, cố hữu thị mệnh.\n士 周 為 人 孝 忠 有 文 藝 官 至 少 傅 號 𦮎 齋 先 生 〇 . [57b*4*3]\nSĩ Chu vi nhân hiếu trung, hữu văn nghệ, quan chí Thiếu phó, hiệu Tốn Trai tiên sinh .\n加 封 阮 蒯 為 列 侯 賜 湯 沐 一 郡 名 曰 蒯 路 後 改 為 快 今 快 州 府 是 也 〇 . [57b*5*3]\nGia phong Nguyễn Khoái vi liệt hầu, tứ thang mộc nhất quận, danh viết Khoái lộ, hậu cải vi Khoái [kim Khoái châu phủ thị dã.] .\n定 前 後 諸 功 臣 有 先 登 破 陣 奇 功 者 著 在 中 興 實 録 仍 命 圖 形 焉 徒 . [57b*6*11]\nĐịnh tiền hậu chư công thần hữu tiên đăng phá trận kì công giả, trước tại Trung Hưng thực lục, những mệnh đồ hình yên .\n徒 巴 點 旁 河 两 鄕 軍 民 為 湯 沐 兵 不 得 入 仕 除 賜 宰 臣 為 差 使 宏 〇 . [57b*7*15]\nĐồ Ba Điểm, Bàng Hà, lưỡng hương quân dân vi thang mộc binh, bất đắc nhập sĩ, trừ tứ Tể thần vi sai sử hoàng .\n初 元 人 入 冦 王 侯 臣 僚 多 送 欵 虜 營 及 賊 敗 . [57b*9*3]\nSơ, Nguyên nhân nhập khấu, Vương hầu thần liêu đa tống khoản lỗ doanh, cập tặc bại..\n",
    "url": "/data/image_dvsk/ban_ky_toan_thu/quyen5/DVSKTT_ban_toan_V_57b.jpg"
  },
  {
    "text": "獲 降 表 一 篋 . [58a*1*1]\nhoạch hàng biểu nhất khiếp.\n上 皇 命 焚 之 以 安 反 側 惟 向 之 行 者 𨿽 身 在 虜 庭 亦 遙 議 以 流 死 田 產 没 官 去 其 國 姓 . [58a*1*6]\nThượng hoàng mệnh phàn chi, dĩ an phản trắc, duy hướng chi hàng giả tuy thân tại lỗ đình diệc dao nghị, dĩ lưu tử, điền sản, một quan, khứ kì quốc tính.\n如 陳 鍵 靖 國 之 子 改 姓 為 枚 . [58a*3*1]\nNhư Trần Kiện, Tịnh Quốc chi tử, cải tính vi Mai.\n餘 以 例 改 如 枚 弄 之 軰 . [58a*3*12]\nDư dĩ lệ cải, như Mai Lộng chi bối.\n益 稷 以 骨 肉 之 親 治 罪 𨿽 同 不 忍 改 姓 及 斥 名 乃 命 曰 妸 陳 謂 其 柔 懦 似 婦 人 也 . [58a*4*2]\nÍch Tắc dĩ cốt nhục chi thân trị tội tuy đồng bất nhẫn, cải tính cập xích danh nãi mệnh viết Ả Trần, vị kì nhu nhu tự phụ nhân dã.\n故 當 時 記 載 皆 稱 妸 陳 枚 鍵 焉 〇 . [58a*5*14]\nCố, đương thời ký tải giai xưng Ả Trần, Mai Kiện yên .\n有 鄧 龍 者 帝 之 近 臣 文 學 優 贍 爵 至 下 品 嘗 預 銓 注 . [58a*6*8]\nHữu Đặng Long giả, Đế chi cận thần, văn học ưu thiệm tước chí hạ phẩm, thường dự thuyên chú.\n帝 欲 以 為 翰 林 學 士 上 皇 止 之 . [58a*7*9]\nĐế dục dĩ vi Hàn Lâm học sĩ, Thượng hoàng chỉ chi.\n内 𢙇 不 平 至 是 亦 降 虜 . [58a*8*2]\nNội hoài bất bình, chí thị diệc hàng lỗ.\n及 敗 見 獲 斬 之 以 徇 〇 . [58a*8*11]\nCập bại, kiến hoạch, trảm chi dĩ tuân .\n上 皇 幸 天 長 行 宫 有 詩 云 景 清 幽 物 亦 清 幽 十 一 . [58a*9*1]\nThượng hoàng hạnh Thiên Trường hành cung, hữu thi vân: Cảnh thanh u vật diệc thanh u, Thập nhất..\n",
    "url": "/data/image_dvsk/ban_ky_toan_thu/quyen5/DVSKTT_ban_toan_V_58a.jpg"
  },
  {
    "text": "𠎣 洲 此 一 洲 百 部 笙 𰙔 禽 百 舌 天 行 奴 僕 橘 千 頭 月 無 事 照 人 無 事 水 有 秋 涵 天 有 秋 四 海 已 清 塵 以 靜 今 年 逰 勝 昔 年 逰 . [58b*1*1]\ntiên châu thử nhất châu, Bách bộ sênh ca cầm bách thiệt, Thiên hàng nô bộc quất thiên đầu, Nguyệt vô sự chiếu nhân vô sự, Thuỷ hữu thu hàm thiên hữu thu, Tứ hải dĩ thanh trần dĩ tĩnh, Kim niên du thắng tích niên du.\n盖 感 於 經 两 戰 代 而 𭛁 也 . [58b*3*10]\nCái cảm ư kinh lưỡng chiến đại nhi phát dã.\n夏 六 月 至 冬 十 月 旱 . [58b*4*2]\nHạ lục nguyệt chí đông thập nguyệt, hạn.\n庚 寅 六 年 元 至 元 二 十 七 年 春 二 月 󰱇 文 官 分 治 諸 路 . [58b*5*1]\nCanh Dần lục niên, [Nguyên Chí Nguyên nhị thập thất niên,] xuân nhị nguyệt, tuyển văn quan, phân trị chư lộ.\n帝 親 征 哀 牢 . [58b*5*23]\nĐế thân chinh Ai Lao.\n朝 臣 諫 曰 胡 虜 𥘉 退 瘡 痍 未 定 𡸈 可 興 兵 帝 曰 秪 可 以 此 時 出 兵 耳 . [58b*6*5]\nTriều thần gián viết: Hồ lỗ sơ thoái, sang di vị định, há khả hưng binh? Đế viết: Chỉ khả dĩ thử thời xuất binh nhĩ.\n夫 虜 退 後 三 境 必 未 我 土 馬 物 故 勢 不 䏻 振 将 有 内 侮 故 大 舉 以 示 威 . [58b*7*12]\nPhu lỗ thoái hậu, tam cảnh tất vị ngã thổ mã vật cố thế bất năng chấn, tương hữu nội vũ cố đại cử dĩ thị uy.\n群 臣 咸 曰 𡸈 不 知 民 勞 為 可 慮 所 可 慮 者 有 大 於 . [58b*9*1]\nQuần thần hàm viết: Khởi bất tri dân lao vi khả lự, sở khả lự giả hữu đại ư..\n",
    "url": "/data/image_dvsk/ban_ky_toan_thu/quyen5/DVSKTT_ban_toan_V_58b.jpg"
  },
  {
    "text": "此 . [59a*1*1]\nthử.\n聖 人 遠 圖 非 臣 等 所 及 也 . [59a*1*2]\nThánh nhân viễn đồ phi thần đẳng sở cập dã.\n史 臣 吳 士 連 曰 當 時 朝 臣 諫 親 征 之 事 未 為 甚 失 及 聞 仁 宗 之 言 而 󰱩 稱 曰 聖 人 遠 圖 則 近 䛕 矣 . [59a*2*1]\nSử thần Ngô Sĩ Liên viết: Đương thời, triều thần gián thân chinh chi sự vị vi thậm thất, cập văn Nhân Tông chi ngôn nhi cự xưng viết Thánh nhân viễn đồ, tắc cận dua hĩ.\n三 月 加 佐 天 大 王 德 曄 入 内 檢 校 太 尉 〇 . [59a*5*2]\nTam nguyệt, gia Tá Thiên Đại Vương Đức Việp Nhập nội kiểm hiệu thái uý .\n夏 四 月 蘇 歷 江 逆 流 . [59a*5*18]\nHạ tứ nguyệt, Tô Lịch giang nghịch lưu.\n其 江 有 大 雨 水 則 退 漲 而 逆 流 〇 . [59a*6*7]\n[Kì giang hữu đại vũ thuỷ tắc thoái trướng nhi nghịch lưu.] .\n五 月 二 十 五 日 上 皇 崩 于 仁 壽 宫 〇 . [59a*6*20]\nNgũ nguyệt, nhị thập ngũ nhật, Thượng hoàng băng vu Nhân Thọ cung .\n以 下 品 奉 御 范 五 老 𬋩 右 衛 聖 翊 軍 〇 . [59a*7*9]\nDĩ Hạ phẩm phụng ngự Phạm Ngũ Lão quản Hữu vệ Thánh Dực quân .\n秋 八 月 使 吳 廷 介 訃 音 付 吿 也 于 元 九 . [59a*8*5]\nThu bát nguyệt, sử Ngô Đình giới phó [âm phó cáo dã.] vu Nguyên .\n九 月 聖 宗 䘮 纔 逾 三 月 御 史 大 夫 杜 國 計 奏 凣 居 䘮 無 . [59a*8*20]\nCửu nguyệt, Thánh Tông tang tài du tam nguyệt, Ngự sử đại phu Đỗ Quốc Kế tấu: Phàm cư tang vô..\n",
    "url": "/data/image_dvsk/ban_ky_toan_thu/quyen5/DVSKTT_ban_toan_V_59a.jpg"
  },
  {
    "text": "傷 人 . [59b*1*1]\nthương nhân.\n今 天 子 皆 用 肩 輿 傷 人 . [59b*1*3]\nKim, thiên tử giai dụng khiên dư thương nhân.\n請 騎 馬 . [59b*1*12]\nThỉnh kị mã.\n帝 從 之 但 用 素 鞍 . [59b*1*15]\nĐế tòng chi, đản dụng tố yên.\n史 臣 吳 士 連 曰 觀 國 計 之 言 非 惟 學 淺 𧥾 亦 卑 陋 矣 . [59b*3*1]\nSử thần Ngô Sĩ Liên viết: Quan Quốc Kế chi ngôn phi duy học thiển thức diệc ti lậu hĩ.\n夫 乘 馬 非 䘮 制 中 所 宜 用 而 必 請 乘 馬 傷 人 乃 毀 瘠 滅 性 之 謂 而 曰 傷 人 . [59b*4*3]\nPhu thừa mã phi tang chế trung sở nghi dụng, nhi tất thỉnh thừa mã thương nhân, nãi huỷ tích diệt tính chi vị nhi viết thương nhân.\n他 之 學 問 如 是 見 𧥾 如 是 繩 愆 紏 謬 當 如 何 哉 仁 宗 當 䘮 不 辨 其 非 而 曲 從 之 亦 非 也 . [59b*5*13]\nTha chi học vấn như thị kiến thức như thị, thằng khiên đẩu mậu đương như hà tai! Nhân Tông đương tang bất biện kì phi, nhi khúc tòng chi diệc phi dã.\n大 饑 . [59b*8*2]\nĐại cơ.\n米 三 升 直 錢 一 鏹 民 多 賣 田 土 及 賣 男 女 為 人 奴 婢 . [59b*8*4]\nMễ tam thăng trực tiền nhất cưỡng Dân đa mại điền thổ cập mại nam nữ vi nhân nô tì.\n每 人 直 錢 一 鏹 詔 𭛁 官 粟 賑 給 貧 民 . [59b*9*5]\nMỗi nhân trực tiền nhất cưỡng Chiếu phát quan túc chẩn cấp bần dân.\n及 . [59b*9*19]\nCập..\n",
    "url": "/data/image_dvsk/ban_ky_toan_thu/quyen5/DVSKTT_ban_toan_V_59b.jpg"
  },
  {
    "text": "免 人 丁 税 〇 . [60a*1*1]\nmiễn nhân đinh thuế .\n冬 十 二 月 十 五 日 塟 裕 陵 廟 號 聖 宗 追 尊 曰 玄 功 盛 德 仁 明 文 武 宣 孝 皇 帝 . [60a*1*6]\nĐông thập nhị nguyệt, thập ngũ nhật, táng Dụ Lăng, miếu hiệu Thánh Tông, truy tôn viết Huyền Công Thịnh Đức Nhân Minh Văn Vũ Tuyên Hiếu Hoàng Đế.\n史 臣 吳 士 連 曰 聖 宗 乘 太 宗 之 業 中 遭 寇 亂 委 任 将 臣 與 仁 宗 同 力 共 濟 使 天 下 既 渙 而 復 合 社 稷 既 危 而 復 安 . [60a*3*1]\nSử thần Ngô Sĩ Liên viết: Thánh Tông thừa Thái Tông chi nghiệp, trung tao khấu loạn, uỷ nhiệm tướng thần dữ Nhân Tông đồng lực cộng tế, sử thiên hạ ký hoán nhi phục hợp, xã tắc ký nguy nhi phục an.\n終 陳 氏 之 世 無 復 胡 虜 之 侵 . [60a*5*8]\nChung, Trần thị chi thế vô phục Hồ lỗ chi xâm.\n厥 功 茂 也 . [60a*6*1]\nQuyết công mậu dã.\n辛 卯 七 年 元 至 元 二 十 八 年 歲 又 大 饑 途 多 餓 死 〇 . [60a*7*1]\nTân Mão thất niên, [Nguyên Chí Nguyên nhị thập bát niên,] tuế hựu đại cơ, đồ đa ngạ tử .\n元 遣 禮 部 尚 書 張 立 道 諭 帝 入 覲 . [60a*7*22]\nNguyên khiến Lễ bộ Thượng thư Trương Lập Đạo dụ Đế nhập cận.\n明 年 遣 阮 代 乏 徃 辭 以 䘮 . [60a*8*12]\nMinh niên khiến Nguyễn Đại Phạp vãng từ dĩ tang.\n",
    "url": "/data/image_dvsk/ban_ky_toan_thu/quyen5/DVSKTT_ban_toan_V_60a.jpg"
  },
  {
    "text": "壬 寅 八 年 元 至 元 二 十 九 年 春 正 月 朔 日 食 . [60b*1*1]\nNhâm Dần bát niên, Nguyên Chí Nguyên nhị thập cửu niên,] xuân chính nguyệt, sóc, nhật thực.\n以 費 孟 為 演 州 安 撫 在 任 未 幾 以 貪 汚 聞 帝 召 還 杖 之 復 命 赴 治 . [60b*1*19]\nDĩ Phí Mạnh vi Diễn Châu An phủ, tại nhiệm vị cơ dĩ tham ô, văn Đế triệu hoàn, trượng chi, phục mệnh phó trị.\n更 以 公 清 聞 演 州 人 為 之 語 曰 演 州 安 撫 清 如 水 〇 . [60b*3*2]\nCánh dĩ công thanh văn, Diễn Châu nhân vi chi ngữ viết: Diễn Châu an phủ thanh như thuỷ .\n以 陳 時 見 為 安 康 路 安 撫 . [60b*4*3]\nDĩ Trần Thời Kiến vi An Khang lộ An phủ.\n𥘉 元 人 入 冦 帝 命 時 見 筮 之 得 豫 之 震 占 之 曰 吉 明 年 夏 元 人 敗 績 果 如 所 占 . [60b*4*13]\nSơ, Nguyên nhân nhập khấu, Đế mệnh Thời Kiến thệ chi, đắc Dự chi Chấn, chiêm chi viết cát Minh niên hạ Nguyên nhân bại, tích quả như sở chiêm.\n重 興 二 年 秋 元 人 復 入 冦 帝 又 命 筮 之 得 觀 之 渙 占 曰 渙 者 散 也 離 散 之 兆 . [60b*6*5]\nTrùng hưng nhị niên, thu, Nguyên nhân phục nhập khấu, Đế hựu mệnh thệ chi, đắc Quan chi hoán, chiêm viết hoán giả tán dã li tán chi triệu.\n元 人 至 白 藤 江 其 󰕛 果 散 走 . [60b*7*15]\nNguyên nhân chí Bạch Đằng giang kì chúng quả tán tẩu.\n上 嘉 其 䏻 故 有 是 命 〇 . [60b*8*7]\nThượng gia kì năng cố hữu thị mệnh .\n二 月 三 日 立 東 宫 太 子 烇 為 皇 太 子 . [60b*8*16]\nNhị nguyệt, tam nhật, lập Đông Cung thái tử thuyên vi Hoàng thái tử.\n納 興 讓 大 王 國 顙 長 女 . [60b*9*11]\nNạp Hưng Nhượng đại vương Quốc Tảng trưởng nữ..\n",
    "url": "/data/image_dvsk/ban_ky_toan_thu/quyen5/DVSKTT_ban_toan_V_60b.jpg"
  },
  {
    "text": "為 太 子 妃 〇 . [61a*1*1]\nvi Thái tử phi .\n以 丁 拱 垣 為 太 子 少 保 進 爵 関 内 侯 〇 . [61a*1*6]\nDĩ Đinh Củng Viên vi Thái tử thiếu bảo, tiến tước Quan nội hầu .\n三 月 詔 凣 斷 典 文 字 同 辝 二 道 名 執 一 道 〇 . [61a*2*2]\nTam nguyệt, chiếu phàm đoạn điển văn tự đồng từ nhị đạo, danh chấp nhất đạo .\n詔 諸 買 良 民 為 奴 婢 者 許 贖 田 宅 不 用 此 律 以 庚 寅 辛 卯 二 年 饑 人 多 死 故 也 〇 . [61a*2*19]\nChiếu chư mãi lương dân vi nô tì giả hứa chuộc, điền trạch bất dụng thử luật Dĩ Canh Dần, Tân Mão nhị niên cơ nhân đa tử cố dã .\n帝 嘗 行 幸 于 外 途 中 遇 王 侯 家 僮 必 呼 其 各 問 曰 汝 主 何 在 仍 戒 衛 士 不 得 訶 斥 . [61a*4*12]\nĐế thường hành hạnh vu ngoại đồ, trung ngộ Vương hầu gia đồng, tất hô kì các vấn viết: Nhữ chủ hà tại? Những giới vệ sĩ bất đắc ha xích.\n及 還 宫 謂 左 右 曰 平 居 則 有 左 右 侍 衛 國 家 多 難 則 惟 彼 軰 在 . [61a*6*5]\nCập hoàn cung, vị tả hữu viết: Bình cư tắc hữu tả hữu thị vệ, Quốc gia đa nạn tắc duy bỉ bối tại.\n盖 感 其 扈 從 於 𫎇 塵 之 際 而 言 也 〇 . [61a*7*10]\nCái cảm kì hộ tòng ư mông trần chi tế nhi ngôn dã .\n阮 代 乏 至 元 元 呼 為 老 令 公 . [61a*8*5]\nNguyễn Đại Phạp chí Nguyên, Nguyên hô vi Lão lệnh công.\n代 乏 至 鄂 州 見 行 省 諸 平 章 . [61a*8*16]\nĐại Phạp chí Ngạc Châu kiến hành tỉnh chư Bình chương.\n昭 國 王 益 稷 時 亦 在 坐 . [61a*9*8]\nChiêu Quốc vương Ích Tắc thời diệc tại toạ.\n代 乏 獨 . [61a*9*17]\nĐại Phạp độc..\n",
    "url": "/data/image_dvsk/ban_ky_toan_thu/quyen5/DVSKTT_ban_toan_V_61a.jpg"
  },
  {
    "text": "不 禮 焉 . [61b*1*1]\nbất lễ yên.\n益 稷 曰 汝 無 乃 昭 道 王 家 書 兒 耶 昭 道 王 名 光 昶 太 宗 󰱃 子 盖 稷 同 母 兄 代 乏 曰 時 事 變 遷 代 乏 素 為 昭 道 王 書 兒 今 為 使 者 亦 如 平 章 初 為 帝 子 今 反 為 降 虜 人 也 . [61b*1*4]\nÍch Tắc viết: Nhữ vô nãi Chiêu Đạo vương gia thư nhi gia? [Chiêu Đạo Vương danh Quang Xưởng Thái Tông thứ tử cái Tắc đồng mẫu huynh.] Đại Phạp viết: Thời sự biến thiên, Đại Phạp tố vi Chiêu Đạo Vương thư nhi, kim vi sứ giả, diệc như Bình chương sơ vi Đế tử kim phản vi hàng lỗ nhân dã.\n益 稷 有 慚 色 自 此 我 使 至 不 復 坐 省 堂 矣 . [61b*4*3]\nÍch Tắc hữu tàm sắc, tự thử ngã sứ chí bất phục toạ tỉnh đường hĩ.\n癸 巳 九 年 三 月 以 後 英 宗 興 隆 元 年 元 至 元 三 十 年 春 三 月 九 日 帝 禪 位 于 皇 太 子 烇 即 皇 帝 位 . [61b*5*1]\nQuý Tị cửu niên, [tam nguyệt dĩ hậu Anh Tông Hưng Long nguyên niên Nguyên Chí Nguyên tam thập niên,] xuân tam nguyệt, cửu nhật, Đế thiền vị vu Hoàng thái tử thuyên tức Hoàng đế vị.\n改 元 興 隆 元 年 . [61b*6*11]\nCải nguyên Hưng Long nguyên niên.\n大 赦 . [61b*6*17]\nĐại xá.\n稱 英 皇 . [61b*6*19]\nXưng Anh Hoàng.\n尊 上 皇 曰 憲 堯 光 聖 太 上 皇 帝 保 聖 皇 后 為 欽 慈 保 聖 皇 太 后 . [61b*7*3]\nTôn thượng hoàng viết Hiến Nghiêu Quang Thánh Thái Thượng Hoàng Đế, Bảo Thánh Hoàng Hậu vi Khâm Từ Bảo Thánh Hoàng Thái Hậu.\n羣 臣 上 尊 號 曰 應 天 廣 運 仁 明 聖 孝 皇 帝 封 妃 為 文 德 夫 人 尋 廢 . [61b*8*8]\nQuần thần thượng tôn hiệu viết Ứng Thiên Quảng Vận NHân Minh Thánh Hiếu Hoàng Đế Phong phi vi Văn Đức phu nhân, tầm phế.\n納 文 德 妹 為 聖 . [61b*9*14]\nNạp Văn Đức muội vi Thánh..\n",
    "url": "/data/image_dvsk/ban_ky_toan_thu/quyen5/DVSKTT_ban_toan_V_61b.jpg"
  },
  {
    "text": "姿 夫 人 〇 . [62a*1*1]\nTư phu nhân .\n秋 九 月 十 三 日 欽 慈 保 聖 皇 太 后 崩 于 龍 興 府 魯 江 權 安 殯 龍 興 宫 . [62a*1*5]\nThu cửu nguyệt, thập tam nhật, Khâm Từ Bảo Thánh Hoàng Thái Hậu băng vu Long Hưng phủ, Lỗ Giang, quàn an tấn Long Hưng cung.\n太 后 柔 嘉 聰 彗 仁 能 逮 下 . [62a*2*12]\nThái hậu nhu, gia, thông tuệ, nhân năng đãi hạ.\n上 皇 嘗 築 虎 圈 於 望 樓 陛 . [62a*3*3]\nThượng hoàng thường trúc hổ khuyên ư vọng lâu bệ.\n令 軍 士 摶 虎 御 樓 觀 之 . [62a*3*13]\nLệnh quân sĩ đoàn hổ ngự lâu quan chi.\n太 后 與 妃 嬪 皆 從 侍 . [62a*4*3]\nThái hậu dữ phi tần giai tòng thị.\n樓 卑 圈 準 皆 亦 卑 虎 忽 脱 圈 攀 樓 . [62a*4*11]\nLâu ti, khuyên chuẩn giai diệc ti, hổ hốt thoát khuyên phan lâu.\n樓 上 人 皆 散 走 . [62a*5*5]\nLâu thượng nhân giai tán tẩu.\n上 皇 與 太 后 獨 與 侍 女 四 五 人 在 . [62a*5*11]\nThượng hoàng dữ Thái hậu độc dữ, thị nữ tứ ngũ nhân tại.\n太 后 度 不 免 即 以 席 遮 上 皇 亦 自 襨 . [62a*6*5]\nThái hậu độ bất miễn, tức dĩ tịch già Thượng hoàng diệc tự phức.\n虎 登 樓 便 蒼 黃 號 啸 之 聲 跳 下 無 擊 攫 之 患 . [62a*6*19]\nHổ đăng lâu tiện thương hoàng [hiệu khiếu chi thanh,] khiêu hạ vô kích quắc chi hoạn.\n上 皇 又 嘗 御 天 安 殿 觀 鬪 象 於 龍 墀 . [62a*7*17]\nThượng hoàng hựu thường ngự Thiên An điện quan đấu tượng ư Long Trì.\n象 忽 脱 突 入 将 簦 殿 . [62a*8*10]\nTượng hốt thoát đột nhập tương đăng điện.\n左 右 皆 驚 散 惟 太 后 在 焉 . [62a*8*18]\nTả hữu giai kinh tán, duy Thái hậu tại yên.\n",
    "url": "/data/image_dvsk/ban_ky_toan_thu/quyen5/DVSKTT_ban_toan_V_62a.jpg"
  },
  {
    "text": "史 臣 吳 士 連 曰 虎 善 攫 象 善 觸 𡸈 不 為 畏 且 懾 乎 . [62b*1*1]\nSử thần Ngô Sĩ Liên viết: Hổ thiện quắc tượng thiện xúc, khởi bất vi uý thả nhiếp hồ.\n而 太 后 當 奔 突 跳 梁 之 際 心 神 不 動 處 之 泰 然 盖 慮 定 理 明 也 . [62b*2*2]\nNhi Thái hậu đương bôn đột khiêu lương chi tế tâm thần bất động, xử chi thái nhiên, cái lự định lí minh dã.\n夫 以 婦 人 柔 婉 之 姿 而 䏻 知 此 北 婕 妤 當 熊 抑 亦 無 愧 . [62b*3*8]\nPhu dĩ phụ nhân nhu uyển chi, tư nhi năng tri thử Bắc Tiệp Dư đương hùng ức diệc vô quý.\n為 士 大 夫 者 可 不 思 造 乎 慮 定 理 明 之 域 以 處 事 幾 之 变 哉 . [62b*4*11]\nVi sĩ đại phu giả, khả bất tư tạo hồ, lự định lí minh chi vực dĩ xử sự cơ chi biến tai.\n或 曰 仁 宗 之 觀 摶 虎 鬪 象 太 后 果 賢 耶 宜 諫 止 之 . [62b*5*16]\nHoặc viết, Nhân Tông chi quan đoàn hổ đấu tượng, Thái hậu quả hiền gia nghi gián chỉ chi.\n諫 而 不 從 脱 簮 珥 謝 罪 可 也 . [62b*6*17]\nGián nhi bất tòng, thoát trâm nhị tạ tội khả dã.\n今 乃 從 觀 之 事 至 危 迫 得 免 為 幸 何 足 為 賢 . [62b*7*10]\nKim nãi tòng quan chi, sự chí nguy bách đắc miễn vi hạnh hà túc vi hiền.\n曰 是 責 難 之 辝 非 常 情 之 論 也 . [62b*8*9]\nViết thị trách nan chi từ phi thường tình chi luận dã.\n",
    "url": "/data/image_dvsk/ban_ky_toan_thu/quyen5/DVSKTT_ban_toan_V_62b.jpg"
  },
  {
    "text": "占 城 來 貢 〇 . [63a*1*2]\n.\n彗 星 出 于 紫 微 垣 扺 斗 魁 光 芒 夬 餘 凣 百 日 乃 滅 〇 . [63a*1*7]\nChiêm Thành lai cống .\n元 遣 兵 部 尚 書 梁 曾 諭 帝 入 見 . [63a*2*8]\nTuệ tinh xuất vu Tử Vi viên chỉ Đẩu, Khôi, quang mang quyết dư phàm bách nhật nãi diệt .\n帝 辭 以 疾 遣 陶 子 奇 遺 以 方 物 . [63a*3*1]\nNguyên khiến Binh bộ thượng thư Lương Tằng dụ Đế nhập kiến.\n元 留 子 奇 於 江 陵 立 安 南 行 省 以 平 章 事 劉 二 拨 都 等 總 兵 屯 靚 江 候 征 進 . [63a*3*13]\nĐế từ dĩ tật, khiến Đào Tử Kì di dĩ phương vật.\n明 年 正 月 元 世 祖 崩 . [63a*5*4]\nNguyên lưu Tử Kì ư Giang Lăng, lập An Nam hành tỉnh, dĩ Bình Chương sự Lưu Nhị Bạt Đô đẳng tổng binh đồn Tịnh Giang hậu chinh tiến.\n成 宗 立 詔 󰰾 兵 放 子 奇 還 國 〇 . [63a*5*12]\nMinh niên chính nguyệt Nguyên Thế Tổ băng.\n封 弟 國 瑱 為 惠 武 大 王 . [63a*6*5]\nThành Tông lập chiếu bãi binh, phóng Tử Kì hoàn quốc .\n大 越 史 記 本 紀 全 書 卷 之 五 終 . [63a*9*1]\nPhong đệ Quốc Chẩn vi Huệ Vũ đại vương.\n.\nĐại Việt Sử Ký Bản Kỷ Toàn Thư quyển chi ngũ [Chung.]..\n",
    "url": "/data/image_dvsk/ban_ky_toan_thu/quyen5/DVSKTT_ban_toan_V_63a.jpg"
  }
]