[
  {
    "text": "之 曰 飄 飄 若 神 僊 中 人 . [32a*1*1]\nchi viết: Phiêu phiêu nhược thần tiên trung nhân.\n及 回 國 具 道 帝 神 采 清 秀 . [32a*1*10]\nCập hồi quốc cụ đạo, Đế thần thái thanh tú.\n後 使 至 者 有 問 之 曰 我 聞 世 子 神 采 清 秀 飄 飄 若 神 僊 中 人 有 諸 . [32a*2*1]\nHậu sứ chí giả hữu vấn chi viết: Ngã văn Thế tử thần thái thanh tú phiêu phiêu nhược thần tiên trung nhân hữu chư.\n我 使 復 之 曰 固 如 是 言 然 亦 一 國 之 風 標 也 . [32a*3*7]\nNgã sứ phục chi viết: Cố như thị ngôn, nhiên diệc nhất quốc chi phong tiêu dã.\n遣 阮 忠 彦 范 邁 如 元 報 聘 . [32a*4*5]\nKhiến Nguyễn Trung Ngạn, Phạm Mại như Nguyên báo sính.\n明 宗 皇 帝 諱 奣 英 宗 弟 四 子 嫡 母 順 聖 保 慈 皇 太 后 陳 氏 興 讓 大 王 國 顙 之 女 也 親 生 母 昭 憲 皇 太 后 陳 氏 保 義 大 王 平 仲 之 女 也 在 位 十 五 年 遜 位 二 十 八 年 壽 五 十 八 歲 崩 于 葆 元 宫 塟 穆 陵 . [32a*5*1]\nMinh Tông Hoàng Đế [Huý Mạnh, Anh Tông đệ tứ tử, đích mẫu Thuận Thánh Bảo Từ Hoàng thái hậu Trần thị, Hưng Nhượng Đại Vương Quốc Tảng chi nữ, dã. Thân sinh mẫu Chiêu Hiến Hoàng thái hậu Trần thị, Bảo Nghĩa Đại Vương Bình Trọng chi nữ dã. Tại vị thập ngũ niên, tốn vị nhị thập bát niên, thọ ngũ thập bát tuế, băng vu Bảo Nguyên cung, táng Mục Lăng .\n帝 文 明 飾 治 敷 賁 前 功 忠 厚 存 心 貽 謀 燕 翼 内 宁 外 撫 紀 綱 󰍶 張 惜 其 不 辨 克 終 之 奸 𦤶 國 瑱 之 死 而 為 聰 明 之 累 也 乙 卯 大 慶 二 年 元 延 祐 二 年 夏 四 月 七 日 兢 舟 . [32a*7*14]\nĐế văn minh sức trị phu bôn tiền, công trung hậu tồn, tâm di mưu yến dực nội ninh ngoại phủ, kỷ cương tất trương. Tích kì bất biện, Khắc Chung chi gian trí Quốc Chẩn chi tử nhi vi thông minh chi luỵ dã.] Ất Mão Đại Khánh nhị niên, [Nguyên Diên Hựu nhị niên,] hạ tứ nguyệt, thất nhật, cạnh chu .\n五 月 . [32a*9*21]\nNgũ nguyệt,..\n",
    "url": "/data/image_dvsk/ban_ky_toan_thu/quyen6/DVSKTT_ban_toan_VI_32a.jpg"
  },
  {
    "text": "詔 凣 父 子 夫 妻 及 家 奴 不 得 相 吿 許 . [32b*1*1]\nchiếu phàm phụ tử phu thê cập gia nô bất đắc tương cáo hứa.\n史 臣 吳 士 連 曰 帝 素 厚 親 族 而 於 属 尊 且 貴 者 尢 加 尊 敬 凣 臣 下 有 與 同 名 者 必 改 之 如 度 改 師 孟 以 與 尚 父 同 名 也 . [32b*2*1]\nSử thần Ngô Sĩ Liên viết: Đế tố hậu thân tộc nhi ư thuộc tôn thả quý giả vưu gia tôn kính Phàm thần hạ hữu dữ đồng danh giả tất cải chi như Độ cải Sư Mạnh dĩ dữ Thượng phụ đồng danh dã.\n嵩 改 叔 髙 以 與 興 寕 安 寕 王 長 子 也 同 名 也 又 伯 叔 姑 舅 之 名 每 言 必 避 有 口 諱 小 帖 授 諸 皇 子 帝 姬 焉 . [32b*4*10]\nTung cải Thúc Cao dĩ dữ Hưng Ninh [An Ninh Vương trưởng tử dã,] đồng danh dã Hựu bá thúc cô cữu chi danh mỗi ngôn tất tị hữu khẩu huý tiểu thiếp thụ chư Hoàng tử đế cơ yên.\n惟 其 有 是 心 故 事 是 政 也 . [32b*6*11]\nDuy kì hữu thị tâm cố sự thị chính dã.\n六 月 旱 . [32b*8*2]\nLục nguyệt, hạn.\n時 陳 克 終 為 行 遣 󰱑 官 上 疏 言 宰 輔 之 職 爕 理 陰 陽 為 先 今 克 終 位 居 首 相 不 能 參 賛 天 . [32b*8*5]\nThời, Trần Khắc Chung vi Hành khiển Đài quan thượng sớ ngôn: Tể phụ chi chức nhiếp lí âm dương vi tiên Kim Khắc Chung vị cư thủ tướng bất năng tham tán thiên..\n",
    "url": "/data/image_dvsk/ban_ky_toan_thu/quyen6/DVSKTT_ban_toan_VI_32b.jpg"
  },
  {
    "text": "地 召 𦤶 和 氣 以 𦤶 雨 暘 失 時 是 居 官 無 狀 . [33a*1*1]\nđịa triệu trí hoà khí dĩ trí vũ dương thất thời thị cư quan vô trạng.\n克 終 曰 克 終 黍 居 近 輔 但 力 行 職 所 當 為 如 歲 旱 問 諸 龍 王 . [33a*1*17]\nKhắc Chung viết: Khắc Chung thử cư cận phụ đản lực hành chức sở đương, vi như tuế hạn vấn chư Long vương.\n克 終 𡸈 是 龍 王 而 歸 𠧨 也 . [33a*3*3]\nKhắc Chung há thị Long vương nhi quy cữu dã.\n後 江 水 漲 帝 親 觀 治 堤 󰱑 官 言 陛 下 宜 勤 脩 德 政 系 事 治 堤 細 務 . [33a*3*13]\nHậu giang thuỷ trướng, Đế thân quan trị đê, đài quan ngôn: Bệ hạ nghi cần tu đức chính hệ sự trị đê tế vụ.\n克 終 曰 夫 人 遭 水 患 為 元 后 者 當 救 其 急 德 政 之 脩 無 大 於 此 . [33a*5*2]\nKhắc Chung viết: Phu nhân tao thuỷ hoạn vi nguyên hậu giả đương cứu kì cấp đức chính chi tu vô đại ư thử.\n何 必 靜 坐 疑 神 謂 之 脩 德 政 哉 論 者 云 克 終 之 諉 龍 王 󰱑 官 之 譏 細 務 胥 失 之 矣 . [33a*6*8]\nHà tất tĩnh toạ nghi thần vị chi tu đức chính tai! Luận giả vân Khắc Chung chi uỷ Long vương đài quan chi cơ tế vụ tư thất chi hĩ .\n秋 八 月 以 誕 日 為 寕 天 節 . [33a*8*3]\nThu bát nguyệt, dĩ đản nhật vi Ninh Thiên tiết .\n九 月 蝗 . [33a*8*14]\nCửu nguyệt, hoàng .\n冬 十 月 蝗 . [33a*8*18]\nĐông thập nguyệt, hoàng .\n賜 陳 克 終 爵 亞 關 内 侯 . [33a*9*3]\nTứ Trần Khắc Chung tước Á quan nội hầu.\n",
    "url": "/data/image_dvsk/ban_ky_toan_thu/quyen6/DVSKTT_ban_toan_VI_33a.jpg"
  },
  {
    "text": "丙 辰 三 年 元 延 祐 三 年 春 二 月 閲 定 文 官 及 戶 口 有 . [33b*1*1]\nBính Thìn tam niên, [Nguyên Diên Hựu tam niên,] xuân nhị nguyệt, duyệt định văn quan, cập hộ khẩu hữu.\n差 元 豊 年 間 木 印 帖 子 者 閲 定 官 以 為 僞 . [33b*1*22]\nsai Nguyên Phong niên gian, mộc ấn thiếp tử giả, duyệt định quan dĩ vi nguỵ.\n上 皇 聞 之 曰 此 誠 官 帖 子 也 . [33b*2*16]\nThượng hoàng văn chi viết: Thử thành quan thiếp tử dã.\n因 以 故 事 論 之 . [33b*3*8]\nNhân dĩ cố sự luận chi.\n凣 居 政 府 而 不 諳 故 典 則 誤 事 多 矣 . [33b*3*14]\nPhàm cư chính phủ nhi bất am cố điển tắc ngộ sự đa hĩ .\n冬 十 一 月 令 宰 臣 宗 室 百 官 獲 籍 田 . [33b*4*10]\nĐông thập nhất nguyệt, lệnh tể thần tông thất bá quan hoạch tịch điền .\n命 仁 惠 大 王 󰆑 餘 徃 演 州 定 兵 民 籍 以 内 書 火 正 掌 奉 御 阮 柄 副 之 . [33b*5*6]\nMệnh Nhân Huệ Đại Vương Khánh Dư vãng Diễn Châu định binh dân tịch dĩ Nội thư hoả chính chưởng phụng ngự Nguyễn Bính phó chi.\n事 畢 回 闕 柄 以 所 得 俸 錢 進 納 帝 命 有 司 收 之 或 曰 柄 納 俸 錢 而 陛 下 收 之 臣 未 曉 其 故 . [33b*6*13]\nSự tất, hồi khuyết Bính dĩ sở đắc bổng tiền tiến nạp Đế mệnh Hữu ti thu chi Hoặc viết: Bính nạp bổng tiền nhi Bệ hạ thu chi thần vị hiểu kì cố.\n帝 曰 柄 納 俸 錢 誠 然 朕 苟 不 受 是 陷 柄 於 僞 故 受 以 顯 柄 之 無 僞 也 . [33b*8*9]\nĐế viết Bính nạp bổng tiền thành nhiên trẫm câu bất thụ thị hãm Bính ư nguỵ cố thụ dĩ hiển Bính chi vô nguỵ dã.\n柄 上 皇 近 . [33b*9*16]\nBính Thượng hoàng cận..\n",
    "url": "/data/image_dvsk/ban_ky_toan_thu/quyen6/DVSKTT_ban_toan_VI_33b.jpg"
  },
  {
    "text": "臣 爲 人 清 介 徃 年 為 頭 行 人 使 元 回 不 買 一 物 上 皇 嘉 奬 特 賜 二 資 故 事 凣 使 元 回 賜 爵 各 二 資 頭 行 人 以 下 各 一 柄 以 清 介 故 得 二 資 . [34a*1*1]\nthần vi nhân thanh giới vãng niên vi đầu hành nhân sứ Nguyên hồi bất mãi nhất vật Thượng hoàng gia tưởng đặc tứ nhị tư Cố sự phàm sứ Nguyên hồi tứ tước các nhị tư đầu hành nhân dĩ hạ các nhất tư Bính dĩ thanh giới cố đắc nhị tư .\n以 陳 䧺 韬 為 少 傅 . [34a*3*17]\nDĩ Trần Hùng Thao vi Thiếu phó.\n丁 巳 四 年 元 延 祐 四 年 春 三 月 合 䯻 天 真 懿 貞 徽 真 惠 真 聖 真 五 公 主 . [34a*5*1]\nĐinh Tị tứ niên, [Nguyên Diên Hựu tứ niên,] xuân tam nguyệt, hợp kết Thiên Chân, Ý Trinh, Huy Chân, Huệ Chân, Thánh CHân, ngũ công chúa.\n徽 真 適 威 簡 侯 缺 名 𥘉 徽 真 親 生 母 太 平 陳 氏 上 皇 之 宫 嬪 性 貪 狼 每 侵 奪 民 田 . [34a*6*7]\nHuy Chân thích Uy Giản Hầu [khuyết danh,] Sơ, Huy Chân thân sinh mẫu Thái Bình Trần thị Thượng hoàng chi cung tần, tính tham lang, mỗi xâm đoạt dân điền.\n民 有 愬 者 帝 不 付 之 有 司 召 威 簡 以 狀 示 之 論 曰 朕 不 付 吏 治 者 辱 先 皇 嬪 御 也 . [34a*7*18]\nDân hữu tố giả, Đế bất phó chi Hữu ti triệu Uy Giản dĩ trạng thị chi luận viết: Trẫm bất phó lại trị giả nhục tiên hoàng tần ngự dã.\n爾 宜 照 狀 還 民 . [34a*9*11]\nNhĩ nghi chiếu trạng hoàn dân.\n威 簡 即 . [34a*9*17]\nUy Giản tức..\n",
    "url": "/data/image_dvsk/ban_ky_toan_thu/quyen6/DVSKTT_ban_toan_VI_34a.jpg"
  },
  {
    "text": "奉 詔 還 之 . [34b*1*1]\nphụng chiếu hoàn chi.\n後 太 平 卒 威 簡 悉 以 前 所 奪 田 還 本 主 帝 以 是 嘉 之 . [34b*1*5]\nHậu Thái Bình tốt, Uy Giản tất dĩ tiền sở đoạt điền hoàn bổn chủ Đế dĩ thị gia chi .\n上 皇 御 重 光 宫 刑 部 郎 中 費 直 扈 從 . [34b*2*7]\nThượng hoàng ngự Trùng Quang cung, Hình bộ lang trung Phí Trực hộ tòng.\n属 天 長 安 撫 缺 員 命 直 兼 行 . [34b*3*2]\nThuộc Thiên Trường an phủ khuyết viên mệnh Trực kiêm hành.\n時 强 盗 𥘉 起 名 文 慶 者 為 盗 𣁰 有 稱 捕 得 强 盗 一 人 送 官 謂 是 文 慶 . [34b*3*13]\nThời, cường đạo sơ khởi danh Văn Khánh giả vi đạo đẩu Hữu xưng bổ đắc cường đạo nhất nhân tống quan vị thị Văn Khánh.\n及 考 問 其 人 即 誣 服 人 皆 以 為 得 實 直 獨 難 之 獄 久 不 决 上 皇 以 問 對 曰 人 命 至 重 臣 心 猶 有 所 疑 不 敢 妄 意 處 决 . [34b*5*1]\nCập khảo vấn kì nhân tức vu phục nhân giai dĩ vi đắc thực Trực độc nan chi ngục cửu bất quyết Thượng hoàng dĩ vấn Đối viết Nhân mệnh chí trọng thần tâm do hữu sở nghi bất cảm vọng ý xử quyết.\n未 幾 又 問 直 對 如 𥘉 . [34b*7*7]\nVị kỷ hựu vấn Trực đối như sơ.\n上 皇 怒 曰 承 服 如 此 何 疑 之 . [34b*7*15]\nThượng hoàng nộ viết: Thừa phục như thử hà nghi chi.\n有 直 奏 曰 彼 不 為 牖 楚 苦 而 恬 然 自 服 臣 竊 疑 之 朞 月 而 文 慶 果 得 . [34b*8*7]\nhữu Trực tấu viết: Bỉ bất vi dũ sở khổ nhi thiệt nhiên tự phục thần thiết nghi chi ki nguyệt nhi Văn Khánh quả đắc.\n上 皇 由 是 嘉 直 . [34b*9*14]\nThượng hoàng do thị gia Trực..\n",
    "url": "/data/image_dvsk/ban_ky_toan_thu/quyen6/DVSKTT_ban_toan_VI_34b.jpg"
  },
  {
    "text": "之 能 . [35a*1*1]\nchi năng .\n上 皇 嘗 賜 帝 食 . [35a*1*4]\nThượng hoàng thường tứ Đế thực.\n帝 細 嚼 上 皇 曰 男 兒 須 龍 吞 虎 噬 何 細 嚼 之 有 . [35a*1*10]\nĐế tế tước Thượng hoàng viết: Nam nhi tu long thôn hổ phệ, hà tế tước chi hữu.\n及 賜 王 侯 食 亦 論 如 之 . [35a*2*9]\nCập tứ vương hầu thực diệc luận như chi.\n戊 午 五 年 元 延 祐 五 年 春 二 月 十 八 日 以 天 真 長 公 主 嫁 惠 正 王 缺 名 封 惠 正 為 駙 驥 郎 郎 . [35a*3*1]\nMậu Ngọ ngũ niên, [Nguyên Diên Hựu ngũ niên,] xuân nhị nguyệt, thập bát nhật, dĩ Thiên Chân trưởng công chúa giá Huệ Chính Vương [khuyết danh,] Phong Huệ Chính vi Phò ký lang .\n秋 八 月 十 九 日 宣 慈 太 皇 太 后 崩 . [35a*4*15]\nThu bát nguyệt, thập cửu nhật, Tuyên Từ Thái hoàng thái hậu băng .\n遣 惠 武 大 王 國 瑱 征 占 城 . [35a*5*9]\nKhiến Huệ Vũ đại vương Quốc Chẩn chinh Chiêm Thành.\n李 家 族 將 孝 肅 侯 李 必 見 陣 前 死 之 . [35a*5*19]\nLí gia tộc tướng Hiếu Túc hầu Lí Tất Kiến trận tiền tử chi.\n𬋩 天 武 軍 范 五 老 縱 兵 擊 其 後 . [35a*6*14]\nQuản Thiên võ quân Phạm Ngũ Lão tung binh kích kì hậu.\n賊 敗 走 擒 獲 甚 眾 . [35a*7*7]\nTặc bại tẩu cầm hoạch thậm chúng.\n󰥭 五 老 關 内 侯 賜 𢒎 魚 符 仍 官 其 子 . [35a*7*14]\nBái Ngũ Lão Quan nội hầu tứ Phi ngư phù những quan kì tử .\n時 上 皇 有 出 家 意 因 令 宫 人 素 食 . [35a*8*10]\nThời Thượng hoàng hữu xuất gia ý nhân lệnh cung nhân tố thực.\n諸 宫 人 皆 有 難 色 獨 姉 㜮 阮 氏 延 斷 指 以 . [35a*9*4]\nChư cung nhân giai hữu nan sắc độc chị lợm Nguyễn thị Diên đoạn chỉ dĩ..\n",
    "url": "/data/image_dvsk/ban_ky_toan_thu/quyen6/DVSKTT_ban_toan_VI_35a.jpg"
  },
  {
    "text": "進 . [35b*1*1]\ntiến.\n上 皇 嘉 之 賜 田 四 十 𤱈 以 為 後 日 脩 行 之 資 . [35b*1*2]\nThượng hoàng gia chi, tứ điền tứ thập mẫu dĩ vi hậu nhật tu hành chi tư.\n延 果 出 家 而 終 釋 號 凈 光 尼 . [35b*1*19]\nDiên quả xuất gia nhi chung thích hiệu Tịnh Quang ni .\n冬 祔 塟 宣 慈 太 后 于 仁 宗 陵 傍 𥘉 仁 宗 嘗 嘱 英 宗 他 日 當 以 姨 即 太 后 塟 陵 傍 仍 畫 塟 圖 為 曲 尺 穴 以 授 . [35b*2*12]\nĐông, phụ táng Tuyên Từ thái hậu vu Nhân Tông lăng bàng Sơ Nhân Tông thường chúc Anh Tông tha nhật đương dĩ dì [tức Thái hậu,] táng lăng, bàng những hoạ táng đồ vi khúc xích huyệt dĩ thụ.\n至 是 上 皇 遵 遺 命 開 陵 傍 以 塟 . [35b*4*13]\nChí thị, Thượng hoàng tuân di mệnh khai lăng bàng dĩ táng.\n陵 地 多 沮 洳 築 土 聲 震 園 陵 . [35b*5*6]\nLăng địa đa tự như trúc thổ thanh chấn viên lăng.\n上 皇 有 憂 色 𥘉 太 后 之 将 塟 也 百 官 奏 陵 寝 不 可 驚 動 . [35b*5*17]\nThượng hoàng hữu ưu sắc, Sơ Thái hậu chi tương táng dã bá quan tấu lăng tẩm bất khả kinh động.\n上 皇 曰 先 帝 有 命 不 敢 違 如 有 損 害 于 自 當 之 . [35b*6*19]\nThượng hoàng viết: Tiên đế hữu mệnh bất cảm vi như hữu tổn hại vu tự đương chi.\n塟 後 未 幾 . [35b*7*18]\nTáng hậu vị KỶ.\n上 皇 疾 作 朞 年 而 崩 . [35b*8*3]\nThượng hoàng tật tác ki niên nhi băng.\n己 未 六 年 元 延 祐 六 年 夏 四 月 凍 林 東 天 王 津 崩 十 丈 . [35b*9*1]\nKỉ Mùi lục niên, [Nguyên Diên Hựu lục niên,] hạ tứ nguyệt, Đống Lâm Đông Thiên Vương tân băng, thập trượng..\n",
    "url": "/data/image_dvsk/ban_ky_toan_thu/quyen6/DVSKTT_ban_toan_VI_35b.jpg"
  },
  {
    "text": "五 月 十 七 日 皇 太 子 旺 生 號 天 建 . [36a*1*2]\n.\n大 水 . [36a*1*16]\nNgũ nguyệt, thập thất nhật, Hoàng thái tử Vượng sinh, hiệu Thiên Kiến .\n冬 十 一 月 皇 次 子 元 晫 生 . [36a*1*19]\nĐại thuỷ .\n庚 申 七 年 元 延 祐 七 年 春 三 月 十 六 日 上 皇 崩 于 天 長 府 重 光 宫 引 梓 宫 入 祥 符 門 奉 安 於 聖 慈 宫 . [36a*3*1]\nĐông thập nhất nguyệt, Hoàng thứ tử Nguyên trác sinh.\n上 皇 天 性 謙 冲 友 睦 同 姓 朝 廷 庶 政 皆 自 裁 决 . [36a*4*18]\nCanh Thân thất niên, [Nguyên Diên Hựu thất niên,] xuân tam nguyệt, thập lục nhật, Thượng hoàng băng vu Thiên Trường phủ, Trùng Quang cung, dẫn tử cung nhập Tường Phù môn, phụng an ư Thánh Từ cung.\n萬 幾 餘 暇 遊 神 翰 墨 一 畵 一 畵 悉 焚 之 御 製 詩 集 名 水 雲 隨 筆 臨 崩 亦 焚 之 . [36a*5*17]\nThượng hoàng thiên tính khiêm xung hữu mục đồng tính triều đình thứ chính giai tự tài quyết.\n𥘉 年 嗜 酒 仁 廟 以 為 戒 自 是 絶 不 復 飲 . [36a*7*8]\nVạn kỷ dư hạ du thần hàn mặc nhất hoạ nhất hoạ tất phàn chi ngự chế thi tập danh Thuỷ Vân tuỳ bút, lâm băng diệc phàn chi.\n嘗 賜 朝 班 差 多 . [36a*8*4]\nSơ, niên thị tửu, Nhân miếu dĩ vi giới tự thị tuyệt bất phục ẩm.\n仁 廟 知 之 命 取 其 籍 書 于 編 曰 安 有 一 國 如 掌 大 而 朝 班 如 此 之 多 . [36a*8*10]\nThường tứ triều ban sai đa.\n自 是 更 . [36a*9*17]\nNHân miếu tri chi, mệnh thủ kì tịch thư vu biên viết: An hữu nhất quốc như chưởng đại nhi triều ban như thử chi đa.\n.\nTự thị cánh..\n",
    "url": "/data/image_dvsk/ban_ky_toan_thu/quyen6/DVSKTT_ban_toan_VI_36a.jpg"
  },
  {
    "text": "愛 惜 爵 級 其 改 過 不 吝 如 此 . [36b*1*1]\nái tích tước cấp Kì cải quá bất lận như thử.\n官 奴 黄 鵠 天 健 以 巧 計 墮 刑 官 鄕 人 卒 坐 誣 罪 . [36b*1*12]\nQuan nô Hoàng Hộc thiên Kiện dĩ xảo kế đoạ hình quan hương nhân tốt toạ vu tội.\n上 皇 知 之 謂 刑 官 曰 夫 鵠 之 奸 且 黠 如 此 獄 官 不 能 推 究 其 情 理 直 情 枉 理 不 可 以 理 而 舍 情 情 理 並 行 不 相 然 後 為 善 讞 獄 也 . [36b*2*11]\nThượng hoàng tri chi, vị hình quan viết: Phu Hộc chi gian thả hiệt như thử ngục quan bất năng suy cứu kì tình lí trực tình uổng lí bất khả dĩ lí nhi xá tình tình lí tịnh hành bất tương bột, nhiên hậu vi thiện nghiện ngục dã.\n如 知 其 情 之 不 偽 則 據 理 而 行 可 也 . [36b*5*4]\nNhư tri kì tình chi bất nguỵ tắc cứ lí nhi hành khả dã.\n情 果 僞 矣 則 更 推 其 理 之 曲 直 而 奸 狀 自 見 尢 不 可 岐 而 二 之 也 . [36b*5*18]\nTình quả nguỵ hĩ tắc cánh suy kì lí chi khúc trực nhi gian trạng tự kiến vưu bất khả kì nhi nhị chi dã.\n其 明 慎 刑 罰 又 如 此 . [36b*7*5]\nKì minh thận hình phạt hựu như thử.\n徽 姿 󰥭 皇 妃 從 駕 未 得 乘 輦 保 慈 以 所 乘 之 輦 賜 之 則 恠 曰 保 慈 怜 愛 徽 姿 則 以 他 物 與 之 可 也 . [36b*7*13]\nHuy Tư bái Hoàng phi tòng giá vị đắc thừa liễn Bảo Từ dĩ sở thừa chi liễn tứ chi tắc quái viết: Bảo Từ liên ái, Huy Tư tắc dĩ tha vật dữ chi khả dã.\n其 乘 輦 有 舊 典 在 不 . [36b*9*12]\nKì thừa liễn hữu cựu điển tại bất..\n",
    "url": "/data/image_dvsk/ban_ky_toan_thu/quyen6/DVSKTT_ban_toan_VI_36b.jpg"
  },
  {
    "text": "可 與 也 . [37a*1*1]\nkhả dữ dã.\n阮 士 固 朱 步 東 宫 近 臣 及 即 位 固 步 皆 以 無 行 檢 並 不 得 擢 用 . [37a*1*4]\nNguyễn Sĩ Cố, Chu Bộ, Đông cung cận thần Cập tức vị, Cố Bộ giai dĩ vô hạnh kiểm tịnh bất đắc trạc dụng.\n固 仕 至 天 章 閣 學 士 其 員 實 剩 置 而 無 聀 掌 . [37a*2*9]\nCố sĩ chí Thiên chương các học sĩ kì viên thực thặng trí nhi vô chức chưởng.\n步 則 領 禁 卒 數 部 而 已 上 皇 親 征 占 城 步 戰 死 . [37a*3*7]\nBộ tắc lĩnh cấm tốt số bộ, nhi dĩ Thượng hoàng thân chinh Chiêm Thành, Bộ chiến tử.\n固 道 死 . [37a*4*6]\nCố đạo tử.\n二 人 於 上 皇 服 劳 日 久 才 不 堪 用 置 之 數 職 或 優 以 禄 秩 而 不 假 以 事 權 阮 國 輔 内 書 正 掌 仁 廟 近 臣 也 . [37a*4*9]\nNhị nhân ư Thượng hoàng phục lao nhật cửu tài bất kham dụng trí chi số chức hoặc ưu dĩ lộc trật nhi bất giả dĩ sự quyền Nguyễn Quốc Phụ nội thư chính chưởng Nhân Miếu cận thần dã.\n興 隆 間 行 遣 鈌 員 上 皇 朝 仁 廟 於 崇 嚴 寺 仁 廟 言 國 輔 可 也 . [37a*6*11]\nHưng Long gian Hành khiển Khuyết viên Thượng hoàng triều Nhân Miếu ư Sùng Nghiêm tự, Nhân Miếu ngôn Quốc Phụ khả dã.\n對 曰 如 以 位 序 論 之 則 可 矣 . [37a*7*15]\nĐối viết: Như dĩ vị tự luận chi tắc khả hĩ.\n但 差 嗜 酒 耳 仁 廟 默 然 遂 不 用 國 輔 終 以 是 職 卒 . [37a*8*7]\nĐản sai thị tửu nhĩ Nhân Miếu mặc nhiên toại bất dụng Quốc Phụ chung dĩ thị chức tốt.\n其 重 惜 名 噐 又 如 此 . [37a*9*7]\nKì trọng tích danh khí hựu như thử .\n時 引 梓 宫 . [37a*9*16]\nThời dẫn tử cung..\n",
    "url": "/data/image_dvsk/ban_ky_toan_thu/quyen6/DVSKTT_ban_toan_VI_37a.jpg"
  },
  {
    "text": "𭛁 天 長 保 慈 太 后 舶 引 䌫 八 艘 徽 姿 皇 妃 百 二 艘 . [37b*1*1]\nphát Thiên Trường, Bảo Từ thái hậu bách dẫn lãm bát sưu Huy Tư Hoàng phi bách nhị sưu.\n掌 禁 軍 有 希 帝 指 者 以 引 䌫 加 繫 於 皇 妃 船 . [37b*2*1]\nChưởng cấm quân hữu hi Đế chỉ, giả dĩ dẫn lãm gia hệ ư Hoàng phi thuyền.\n将 軍 陳 祐 曰 太 后 舶 引 䌫 八 艘 陳 家 制 也 . [37b*2*18]\nTướng quân Trần Hựu viết: Thái hậu bách dẫn lãm bát sưu Trần gia chế dã.\n所 以 明 上 下 之 分 . [37b*3*15]\nSở dĩ minh thượng hạ chi phân.\n即 拨 劎 斬 去 之 . [37b*4*3]\nTức bạt kiếm trảm khứ chi.\n事 聞 帝 嘉 其 忠 . [37b*4*9]\nSự văn Đế gia kì trung.\n祐 上 皇 親 臣 也 . [37b*4*15]\nHựu Thượng hoàng thân thần dã .\n夏 六 月 大 水 . [37b*5*4]\nHạ lục nguyệt, đại thuỷ .\n秋 八 月 暴 風 . [37b*5*10]\nThu bát nguyệt, bạo phong .\n冬 十 月 詔 凣 爭 田 土 勘 問 不 是 以 物 而 強 爭 者 反 坐 計 田 宅 錢 數 倍 還 之 . [37b*5*16]\nĐông thập nguyệt, chiếu Phàm tranh điền thổ khám vấn bất thị dĩ vật nhi cường tranh giả phản toạ kế điền trạch tiền số bội hoàn chi.\n若 假 立 文 契 則 左 手 一 節 十 . [37b*7*5]\nNhược giả lập văn khế tắc tả thủ nhất tiết .\n十 一 月 殿 帥 上 将 軍 范 五 老 卒 于 城 内 檳 榔 園 . [37b*7*16]\nThập nhất nguyệt, điện suý thượng tướng quân Phạm Ngũ Lão tốt vu thành nội, tân lang viên.\n賜 第 年 六 十 六 . [37b*8*15]\nTứ đệ niên lục thập lục.\n上 輟 朝 五 日 異 恩 也 . [37b*9*2]\nThượng xuyết triều ngũ nhật dị ân dã.\n五 老 上 洪 唐 豪 扶 拥 人 年 踰 弱 冠 . [37b*9*10]\nNgũ Lão [Thượng Hồng Đường Hào Phù Ủng nhân,] niên du nhược quán..\n",
    "url": "/data/image_dvsk/ban_ky_toan_thu/quyen6/DVSKTT_ban_toan_VI_37b.jpg"
  },
  {
    "text": "興 道 大 王 見 而 奇 之 以 養 女 妻 之 . [38a*1*1]\nHưng Đạo đại vương kiến nhi kì chi, dĩ dưỡng nữ thê chi.\n因 為 王 家 臣 得 王 訓 導 之 益 材 噐 絶 倫 . [38a*1*14]\nnhân vi Vương gia thần đắc Vương huấn đạo chi ích tài khí tuyệt luân.\n王 薦 之 . [38a*2*10]\nVương tiến chi.\n出 身 戒 行 頗 好 讀 書 倜 儻 有 大 志 喜 吟 詩 於 武 事 若 不 經 意 . [38a*2*13]\nXuất thân giới hàng pha hảo độc thư thích thảng hữu đại chí hỉ ngâm thi ư vũ sự nhược bất kinh ý.\n然 所 領 軍 必 為 父 子 之 兵 每 戰 必 勝 . [38a*3*17]\nNhiên sở lĩnh quân tất vi phụ tử chi binh mỗi chiến tất thắng.\n嘗 有 詩 云 横 槊 江 山 恰 幾 秋 三 軍 貔 虎 氣 吞 牛 男 兒 未 了 功 名 債 羞 聽 人 間 説 武 侯 . [38a*4*12]\nThường hữu thi vân: Hoành sóc giang sơn kháp kỷ thu, Tam quân tì hổ khí thôn ngưu, Nam nhi vị liễu công danh trái, Tu thính nhân gian thuyết Vũ hầu.\n其 治 軍 有 紀 律 待 将 校 如 家 人 與 士 卒 同 甘 苦 故 所 至 莫 敢 當 凣 征 伐 所 得 必 以 充 軍 儲 視 才 貨 泊 如 也 . [38a*6*6]\nKì trị quân hữu kỷ luật đãi tướng hiệu như gia nhân dữ sĩ tốt đồng cam khổ cố sở chí mạc cảm đương phàm chinh phạt sở đắc tất dĩ sung quân trừ thị tài hoá bạc như dã.\n為 一 時 名 将 云 . [38a*8*8]\nVi nhất thời danh tướng vân.\n史 臣 吳 士 連 曰 嘗 觀 陳 家 名 将 如 興 道 王 之 學 . [38a*9*1]\nSử thần Ngô Sĩ Liên viết: Thường quan Trần gia danh tướng như Hưng Đạo vương chi học..\n",
    "url": "/data/image_dvsk/ban_ky_toan_thu/quyen6/DVSKTT_ban_toan_VI_38a.jpg"
  },
  {
    "text": "形 於 檄 文 范 殿 帥 之 學 見 於 詩 句 非 特 專 於 武 而 用 兵 之 精 戰 勝 攻 取 古 人 無 出 其 右 黎 輔 陳 之 勇 冠 三 軍 單 騎 出 入 虜 陣 臨 機 制 變 扞 主 于 難 而 其 文 學 足 以 教 導 儲 宫 則 陳 氏 之 用 人 固 隨 其 才 而 委 任 耳 . [38b*1*1]\nhình ư hịch văn, Phạm điện suý chi học kiến ư thi câu phi đặc chuyên ư võ nhi dụng binh chi tinh chiến thắng công thủ Cổ nhân vô xuất kì hữu Lê Phụ Trần chi dũng quán tam quân đơn kị xuất nhập lỗ trận lâm cơ chế biến cản chủ vu nan nhi kì văn học túc dĩ giáo đạo trừ cung tắc Trần thị chi dụng nhân cố tuỳ kì tài nhi uỷ nhiệm nhĩ.\n至 於 天 属 天 属 即 天 武 軍 則 禁 不 與 入 學 . [38b*5*8]\nChí ư Thiên Thuộc [Thiên Thuộc tức Thiên Vũ quân,] tắc cấm bất dữ nhập học.\n倘 文 武 全 才 生 於 其 間 不 為 拘 滯 耶 . [38b*6*3]\nThảng văn vũ toàn tài sinh ư kì gian bất vi câu đái da? .\n十 二 月 十 二 日 上 皇 塟 安 生 泰 陵 在 安 生 山 穆 阜 二 陵 同 廟 號 英 宗 謚 曰 顯 文 睿 武 欽 明 仁 孝 皇 帝 . [38b*7*2]\nThập nhị nguyệt, thập nhị nhật, Thượng hoàng táng Yên Sinh thái lăng [Tại Yên Sinh sơn Mục Phụ nhị lăng đồng.] Miếu hiệu Anh Tông, thuỵ viết Hiển Văn Duệ Vũ Khâm Minh Nhân Hiếu Hoàng Đế.\n史 臣 吳 士 連 曰 天 下 之 本 在 國 國 之 本 在 家 家 . [38b*9*1]\nSử thần Ngô Sĩ Liên viết: Thiên hạ chi bản tại quốc, quốc chi bản tại gia, gia..\n",
    "url": "/data/image_dvsk/ban_ky_toan_thu/quyen6/DVSKTT_ban_toan_VI_38b.jpg"
  },
  {
    "text": "之 本 在 身 其 家 可 教 然 後 可 以 教 國 人 . [39a*1*1]\nchi bản tại thân, kì gia khả giáo nhiên hậu khả dĩ giáo quốc nhân.\n雖 唐 󰔄 之 治 不 過 是 也 . [39a*1*16]\nTuy Đường Ngu chi trị bất quá thị dã.\n書 美 帝 堯 於 變 之 盛 必 以 克 親 九 矣 . [39a*2*7]\nThư mĩ Đế Nghiêu ư biến chi thịnh tất dĩ khắc thân cửu hĩ.\n為 首 化 行 於 家 之 謂 也 . [39a*3*3]\nVi thủ hoá hành ư gia chi vị dã.\n愚 讀 英 宗 之 編 見 其 改 過 不 吝 事 親 惟 謹 睦 族 以 悌 尊 先 祖 先 姊 為 帝 為 后 遣 遠 慎 終 皆 得 其 道 其 家 足 法 而 人 法 之 . [39a*3*12]\nNgu độc Anh Tông chi biên kiến kì cải quá bất lận sự thân duy cẩn mục tộc dĩ đễ tôn tiên tổ tiên tỉ vi Đế vi Hậu khiến viễn thận chung giai đắc kì đạo kì gia túc pháp nhi nhân pháp chi.\n故 上 而 仁 宗 稱 其 孝 下 而 明 宗 遵 其 法 治 底 文 明 俗 臻 福 庶 非 治 效 本 於 身 脩 家 齊 歟 雖 詩 書 所 稱 又 何 加 焉 . [39a*6*3]\nCố thượng nhi Nhân Tông xưng kì hiếu hạ nhi Minh Tông tuân kì pháp trị để văn minh tục trăn phúc thứ phi trị hiệu bản ư thân tu gia tề dư Tuy thi Thư sở xưng hựu hà gia yên.\n又 曰 天 子 七 月 而 塟 閲 九 月 而 後 塟 緩 也 意 或 從 隂 陽 之 説 歟 . [39a*8*9]\nHựu viết Thiên tử thất nguyệt nhi táng duyệt cửu nguyệt nhi hậu táng hoãn dã/ Ý hoặc tòng âm dương chi thuyết dư..\n",
    "url": "/data/image_dvsk/ban_ky_toan_thu/quyen6/DVSKTT_ban_toan_VI_39a.jpg"
  },
  {
    "text": "𥘉 英 宗 弗 豫 . [39b*1*2]\n.\n帝 日 夜 於 寝 門 外 居 止 每 入 見 則 與 . [39b*1*7]\nSơ Anh Tông phất dự.\n國 瑱 偕 . [39b*2*2]\nĐế nhật dạ ư tẩm môn ngoại cư chỉ mỗi nhập kiến tắc dữ.\n盖 英 宗 倚 托 國 瑱 尤 重 将 以 帝 為 託 . [39b*2*5]\nQuốc Chẩn giai.\n故 不 許 獨 見 而 以 國 瑱 為 偕 欲 使 君 臣 之 義 篤 而 無 所 嫌 間 . [39b*2*19]\nCái Anh Tông ỷ thác Quốc Chẩn vưu trọng tương dĩ Đế vi thác.\n時 保 慈 太 后 召 僧 普 惠 就 惠 明 寺 設 灌 頂 會 英 宗 疾 方 彌 留 . [39b*4*4]\nCố bất hứa độc kiến nhi dĩ Quốc Chẩn vi giai dục sử quân thần chi nghĩa đốc nhi vô sở hiềm gian.\n普 惠 請 見 陳 生 死 事 . [39b*5*8]\nThời Bảo Từ Thái hậu triệu tăng Phổ Huệ tựu Huệ Minh tự thiết Quán ĐÍnh hội Anh Tông tật phương di lưu.\n使 復 之 曰 僧 且 至 此 予 亡 官 家 有 命 則 僧 自 為 之 . [39b*5*16]\n, Phổ Huệ thỉnh kiến trần sinh tử sự.\n若 後 事 則 僧 亦 未 死 安 能 以 子 告 哉 . [39b*6*16]\nSử phục chi viết: Tăng thả chí thử dư vong, Quan gia hữu mệnh tắc tăng tự vi chi.\n太 學 生 鄧 藻 帝 於 御 床 奉 侍 寫 遺 詔 英 宗 崩 . [39b*7*11]\nNhược hậu sự tắc tăng diệc vị tử an năng dĩ tử cáo tai.\n帝 親 治 大 歛 . [39b*8*9]\nThái học sinh Đặng Tảo Đế ư ngự sàng phụng thị tả di chiếu Anh Tông băng.\n惟 國 父 與 藻 及 家 兒 主 都 黎 鍾 預 焉 逮 梓 宫 歸 山 陵 藻 鍾 皆 奉 侍 . [39b*8*14]\nĐế thân trị đại liệm.\n.\nDuy Quốc Phụ dữ Tảo cập gia nhi chủ đô Lê Chung dự yên, Đãi tử cung quy sơn lăng Tảo Chung giai phụng thị..\n",
    "url": "/data/image_dvsk/ban_ky_toan_thu/quyen6/DVSKTT_ban_toan_VI_39b.jpg"
  },
  {
    "text": "陵 寝 . [40a*1*1]\nlăng tẩm.\n帝 歲 時 󰥭 謁 . [40a*1*3]\nĐế tuế thời bái yết.\n藻 每 避 之 其 志 惟 在 奉 陵 而 已 更 無 所 求 . [40a*1*8]\nTảo mỗi tị chi kì chí duy tại phụng lăng nhi dĩ cánh vô sở cầu.\n帝 怜 其 貧 賜 田 二 十 畆 命 陳 世 興 賫 帖 與 之 . [40a*2*5]\nĐế liên kì bần tứ điền nhị thập mẫu mệnh Trần Thế Hưng tê thiếp dữ chi.\n其 田 先 已 賜 帝 次 妃 千 春 千 春 猶 執 故 帖 耕 種 而 藻 未 嘗 與 之 爭 . [40a*3*3]\nKì điền tiên dĩ tứ Đế thứ phi Thiên Xuân, Thiên Xuân do chấp cố thiếp canh chủng nhi Tảo vị thường dữ chi tranh.\n世 興 知 之 具 以 實 聞 即 罷 千 春 帖 以 其 田 歸 藻 . [40a*4*9]\nThế Hưng tri chi, cụ dĩ thực văn, tức bãi Thiên Xuân thiếp, dĩ kì điền quy Tảo.\n藻 亦 不 以 為 喜 . [40a*5*8]\nTảo diệc bất dĩ vi hỉ.\n鍾 則 移 先 塋 賣 田 宅 挈 家 孥 於 安 生 窆 塟 室 居 焉 . [40a*5*14]\nChung tắc di tiên doanh mại điền trạch khiết gia nô ư Yên Sinh, biếm táng thất cư yên.\n二 人 皆 居 安 生 終 老 . [40a*6*14]\nNhị nhân giai cư Yên Sinh chung lão.\n後 藝 皇 至 安 生 追 念 二 臣 郎 命 陳 安 重 脩 藻 鍾 舊 寺 且 給 田 以 供 其 祀 賜 寺 名 忠 節 . [40a*7*3]\nHậu, Nghệ Hoàng chí Yên Sinh truy niệm nhị thần, lang mệnh Trần An trùng tu Tảo Chung cựu tự thả cấp điền dĩ cúng kì tự tứ tự danh Trung Tiết .\n改 扶 輦 都 為 叩 馬 軍 . [40a*8*17]\nCải Phù Liễn đô vi Khấu Mã quân .\n饑 . [40a*9*7]\nCơ .\n以 裴 木 鐸 知 審 刑 院 事 兼 黄 . [40a*9*9]\nDĩ Bùi Mộc Đạc tri Thẩm hình viện sự kiêm Hoàng..\n",
    "url": "/data/image_dvsk/ban_ky_toan_thu/quyen6/DVSKTT_ban_toan_VI_40a.jpg"
  },
  {
    "text": "江 下 路 轉 運 使 . [40b*1*1]\ngiang hạ lộ Chuyển vận sứ.\n辛 酉 八 年 元 英 宗 碩 德 八 剌 至 治 元 年 春 尊 順 聖 保 慈 太 上 皇 后 為 順 聖 保 慈 皇 太 后 親 生 母 徽 姿 皇 妃 為 徽 姿 皇 太 妃 即 昭 慈 皇 太 后 . [40b*2*1]\nTân Dậu bát niên, [Nguyên Anh Tông Thạc Đức Bát Lạt Chí Trị nguyên niên,] xuân, tôn Thuận Thánh Bảo Từ Thái thượng hoàng hậu vi Thuận Thánh Bảo Từ Hoàng thái hậu, thân sinh mẫu Huy Tư Hoàng phi vi Huy Tư Hoàng Thái phi [tức Chiêu Từ Hoàng thái hậu.] .\n二 月 米 小 升 直 錢 一 鏹 . [40b*4*11]\nNhị nguyệt, mễ tiểu thăng trực tiền nhất cưỡng .\n夏 田 禾 大 熟 . [40b*4*21]\nHạ điền hoà đại thục .\n冬 十 二 月 皇 第 三 子 暊 暊 音 府 生 . [40b*5*5]\nĐông thập nhị nguyệt, Hoàng đệ tam tử phủ [ve-chu âm phủ,] sinh.\n試 僧 人 以 金 剛 經 . [40b*5*19]\nThí tăng nhân dĩ Kim Cương Kinh .\n賜 陳 克 終 爵 關 内 侯 . [40b*6*6]\nTứ Trần Khắc Chung tước Quan nội hầu .\n遣 使 如 元 賀 英 宗 即 位 . [40b*6*15]\nKhiến sứ như Nguyên hạ Anh Tông tức vị .\n以 阮 忠 彦 為 御 史 󰱑 侍 御 史 . [40b*7*6]\nDĩ Nguyễn Trung Ngạn vi Ngự sử đài thị ngự sử.\n壬 戌 九 年 元 至 治 二 年 春 正 月 以 惠 肅 大 王 年 為 駙 驥 郎 . [40b*8*1]\nNhâm Tuất cửu niên, [Nguyên Chí Trị nhị niên,] xuân chính nguyệt, dĩ Huệ Túc đại vương Niên vi Phò Ký lang .\n三 月 雷 震 報 天 㙮 頽 其 東 角 二 層 . [40b*9*3]\nTam nguyệt, lôi chấn Báo Thiên tháp, đồi kì đông giác nhị tầng .\n夏 元 人 . [40b*9*17]\nHạ, Nguyên nhân..\n",
    "url": "/data/image_dvsk/ban_ky_toan_thu/quyen6/DVSKTT_ban_toan_VI_40b.jpg"
  },
  {
    "text": "爭 疆 界 . [41a*1*1]\ntranh cương giới.\n遣 行 遣 司 刑 部 上 書 尹 󰘊 憲 如 元 爭 辨 . [41a*1*4]\nKhiến Hành khiển ti Hình bộ Thượng thư Doãn Bang Hiến như Nguyên tranh biện.\n憲 卒 于 行 . [41a*1*19]\nHiến tốt vu hành.\n帝 深 惜 之 . [41a*2*4]\nĐế thâm tích chi.\n癸 亥 十 年 元 至 治 三 年 秋 八 月 二 十 二 日 帝 幸 太 學 . [41a*3*1]\nQuý Hợi thập niên, [Nguyên Chí Trị tam niên,] thu bát nguyệt, nhị thập nhị nhật, Đế hạnh Thái học.\n有 黄 江 天 属 軍 名 名 墨 中 太 學 試 科 . [41a*3*22]\nHữu Hoàng Giang Thiên Thuộc [quân danh] danh Mặc trúng Thái học, thí khoa.\n詔 󰰻 還 軍 籍 為 天 丁 軍 吏 及 鬪 杖 又 占 髙 科 . [41a*4*14]\nChiếu bát hoàn quân tịch, vi Thiên Đinh quân lại cập đấu trượng hựu chiếm cao khoa .\n時 蒐 簡 諸 軍 以 肥 晢 晢 白 也 者 為 上 故 軍 士 不 復 文 刺 自 此 始 . [41a*5*12]\nThời sưu giản chư quân dĩ phì triết [triết bạch dã,] giả vi thượng cố quân sĩ bất phục văn thích tự thử thuỷ .\n詔 凣 爭 田 而 有 榖 者 且 分 為 二 償 耕 者 一 分 留 一 分 . [41a*6*19]\nChiếu phàm tranh điền nhi hữu cốc giả thả phân vi nhị thường canh giả nhất phần lưu nhất phần.\n從 京 師 大 安 撫 兼 撿 法 官 阮 愈 之 言 也 . [41a*7*18]\nTòng Kinh sư Đại an phủ kiêm kiểm pháp quan Nguyễn Dũ chi ngôn dã.\n愈 與 天 覰 齊 名 天 覰 觧 乂 安 臨 平 經 畧 使 帝 命 愈 繼 涖 其 職 占 人 . [41a*8*14]\nDũ dữ Thiên Thứ tề danh Thiên Thứ giải Nghệ An, Lâm Bình, Kinh lược sứ, Đế mệnh dũ kế lị kì chức Chiêm nhân..\n",
    "url": "/data/image_dvsk/ban_ky_toan_thu/quyen6/DVSKTT_ban_toan_VI_41a.jpg"
  },
  {
    "text": "亦 畏 服 . [41b*1*1]\ndiệc uý phục .\n時 朝 士 如 陳 時 見 段 汝 諧 杜 天 覰 莫 挺 之 阮 愈 范 邁 范 遇 阮 忠 彦 黎 括 范 師 孟 黎 維 維 農 貢 縣 古 定 社 人 也 張 漢 超 黎 居 仁 軰 相 計 登 朝 人 才 彬 彬 矣 . [41b*1*5]\nThời triều sĩ như Trần Thời Kiến, Đoàn Nhữ Hài, Đỗ Thiên Thứ, Mạc Đĩnh Chi, Nguyễn Dũ, Phạm Mại, Phạm Ngộ, Nguyễn Trung Ngạn, Lê Quát, Phạm Sư Mạnh, Lê Duy, [Duy Nông Cống huyện Cổ ĐỊnh xã nhân dã,] Trương Hán Siêu, Lê Cư Nhân, bối tương kế đăng triều nhân tài bân bân hĩ.\n遇 邁 兄 弟 舊 姓 祝 仁 宗 出 家 時 為 隨 侍 内 學 生 . [41b*4*1]\nNgộ Mại huynh đệ cựu tính Chúc, Nhân Tông xuất gia thời vi tuỳ thị nội học sinh.\n帝 以 祝 非 望 族 姓 改 姓 范 遇 舊 名 堅 邁 舊 名 固 俱 受 業 于 阮 士 固 . [41b*4*19]\nĐế dĩ Chúc phi vọng tộc tính, cải tính Phạm Ngộ cựu danh Kiên, Mại cựu danh Cố, cụ thụ nghiệp vu Nguyễn Sĩ Cố.\n堅 避 判 首 惠 義 名 更 名 遇 . [41b*6*6]\nKiên tị Phán thủ Huệ Nghĩa danh cánh danh Ngộ.\n固 避 師 名 更 名 邁 邁 居 風 憲 骨 鲠 敢 言 有 古 爭 臣 風 後 入 政 府 不 數 載 而 罷 . [41b*6*16]\nCố tị sư danh cánh danh Mại, Mại cư phong hiến cốt nghạnh cảm ngôn hữu cổ tranh thần phong hậu nhập chính phủ bất số tải nhi bãi.\n忠 彦 舊 名 鶻 英 宗 御 重 光 宫 有 出 家 意 製 招 隐 詩 賜 忠 彦 . [41b*8*7]\nTrung Ngạn cựu danh Cốt, Anh Tông ngự Trùng Quang cung hữu xuất gia ý chế Chiêu ẩn thi tứ Trung Ngạn.\n忠 彦 辝 不 奉 命 . [41b*9*10]\nTrung Ngạn từ bất phụng mệnh.\n挺 之 廉 挈 . [41b*9*16]\nĐĩnh Chi liêm khế..\n",
    "url": "/data/image_dvsk/ban_ky_toan_thu/quyen6/DVSKTT_ban_toan_VI_41b.jpg"
  },
  {
    "text": "薄 於 自 奉 . [42a*1*1]\nbạc ư tự phụng.\n帝 體 得 其 姓 使 人 将 錢 十 鏹 暮 夜 置 於 門 内 . [42a*1*5]\nĐế thể đắc kì tính sử nhân tương tiền thập cưỡng mộ dạ trí ư môn nội.\n挺 之 明 旦 入 朝 郎 以 聞 . [42a*2*3]\nĐĨnh Chi minh đán nhập triều lang dĩ văn.\n帝 曰 無 人 來 認 與 卿 取 用 . [42a*2*12]\nĐế viết: Vô nhân lai nhận dữ khanh thủ dụng.\n憲 宗 時 為 入 内 行 遣 右 司 郎 中 遷 左 司 郎 中 . [42a*3*3]\nHiến Tông thời vi Nhập nội hành khiển hữu ti lang trung, thiên Tả ti lang trung .\n冬 十 一 月 鑄 鉛 錢 . [42a*4*2]\nĐông thập nhất nguyệt, chú duyên tiền .\n十 二 月 󰀋 惠 武 大 王 國 瑱 長 女 徽 聖 公 主 為 儷 聖 皇 后 . [42a*4*10]\nThập nhị nguyệt, sách Huệ Vũ đại vương Quốc Chẩn trưởng nữ Huy Thánh công chúa vi Lệ Thánh Hoàng hậu.\n即 憲 慈 太 后 以 威 簡 侯 缺 名 為 參 侍 朝 政 知 軍 國 事 . [42a*5*12]\n[tức Hiến Từ thái hậu] Dĩ Uy Giản hầu [khuyết danh,] vi Tham thị triều chính tri quân quốc sự.\n親 属 有 嫌 其 職 之 卑 者 威 簡 曰 爾 軰 癡 甚 . [42a*6*10]\nThân thuộc hữu hiềm kì chức chi ti giả Uy Giản viết: Nhĩ bối si thậm.\n凣 人 臣 荷 主 上 𮌐 顧 皆 簡 自 聖 心 固 非 人 力 所 䏻 致 何 乃 妄 有 他 慮 我 幸 𫎇 恩 寵 深 𢙇 過 望 寕 論 其 崇 卑 哉 . [42a*7*7]\nPhàm nhân thần hà chúa thượng quyến cố giai giản tự thánh tâm cố phi nhân lực sở năng trí hà nãi vọng hữu tha lự Ngã hạnh mông ân sủng thâm hoài quá vọng ninh luận kì sùng ti tai.\n帝 聞 之 以 為 知 言 . [42a*9*10]\nĐế văn chi dĩ vi tri ngôn.\n",
    "url": "/data/image_dvsk/ban_ky_toan_thu/quyen6/DVSKTT_ban_toan_VI_42a.jpg"
  },
  {
    "text": "甲 子 開 泰 元 年 元 泰 定 元 年 春 正 月 朔 改 元 . [42b*1*1]\nGiáp Tí Khai Thái nguyên niên, [Nguyên Thái Định nguyên niên,] xuân chính nguyệt, sóc, cải nguyên .\n閲 定 内 侍 雜 流 各 色 . [42b*1*20]\nDuyệt định nội thị tạp lưu các sắc .\n夏 四 月 以 惠 武 大 王 國 瑱 為 入 内 國 父 上 宰 檢 校 太 尉 日 燏 為 佐 聖 太 師 威 肅 公 文 璧 為 入 内 輔 國 太 保 文 惠 公 光 朝 為 入 内 檢 校 司 徒 . [42b*2*7]\nHạ tứ nguyệt, dĩ Huệ Vũ đại vương Quốc Chẩn vi Nhập nội Quốc phụ thượng tể, Kiểm hiệu thái uý Nhật Duật vi Tá Thánh thái sư, Uy Túc công Văn Bích vi Nhập nội phụ quốc thái bảo, Văn Huệ công Quang Triều vi Nhập nội kiểm hiệu tư đồ .\n元 帝 遣 馬 合 謀 楊 宗 瑞 來 告 即 位 及 授 時 曆 一 帙 . [42b*5*3]\nNguyên đế khiến Mã Hợp Mưu, Dương Tông Thuỵ lai cáo tức vị cập thụ thời lịch nhất trật.\n合 謀 等 乘 馬 至 西 透 池 橋 槈 道 不 下 . [42b*6*3]\nHợp Mưu đẳng thừa mã chí Tây Thấu Trì kiều nậu đạo bất hạ.\n諸 諳 漢 語 者 奉 㫖 接 話 自 辰 至 午 怒 氣 益 厲 帝 令 侍 御 史 阮 忠 彦 出 迎 . [42b*6*17]\nChư am Hán ngữ giả phụng chỉ tiếp thoại tự Thìn chí Ngọ nộ khí ích lệ Đế lệnh Thị ngự sử Nguyễn Trung Ngạn xuất nghênh.\n忠 彦 以 理 折 之 . [42b*8*6]\nTrung Ngạn dĩ lí triết chi.\n合 謀 辭 屈 乃 下 馬 捧 詔 步 行 . [42b*8*12]\nHợp Mưu từ khuất, nãi hạ mã bổng chiếu bộ hành.\n帝 大 閲 已 而 論 事 忤 㫖 左 遷 炎 朗 州 通 判 . [42b*9*4]\nĐế đại duyệt dĩ nhi luận sự ngỗ chỉ tá thiên Viêm Lãng châu thông phán,..\n",
    "url": "/data/image_dvsk/ban_ky_toan_thu/quyen6/DVSKTT_ban_toan_VI_42b.jpg"
  },
  {
    "text": "有 政 聲 尋 擢 為 僉 知 聖 慈 宫 事 . [43a*1*1]\nhữu chính thanh tầm trạc vi Thiêm tri Thánh Từ cung sự .\n賜 陳 󰘊 謹 畵 像 并 詩 . [43a*1*14]\nTứ Trần Bang Cẩn hoạ tượng tịnh thi.\n時 󰘊 謹 為 大 行 遣 尙 書 左 僕 射 𢘚 恂 有 守 簡 靜 無 華 . [43a*2*3]\nThời Bang Cẩn vi Đại hành khiển thượng thư tả bộc xạ trầm tuân hữu thủ giản tĩnh vô hoa.\n帝 賜 畵 像 詩 云 形 容 骨 格 耐 冬 寒 相 貌 寕 寕 亦 可 看 風 流 一 段 渾 描 音 猫 畵 也 盡 心 裡 難 描 耿 耿 丹 . [43a*3*4]\nĐế tứ hoạ tượng thi vân: Hình dung cốt cách nại đông hàn, tương mạo ninh ninh diệc khả khan, Phong lưu nhất đoạn hồn miêu [âm miêu hoạ dã,] tận, Tâm lí nan miêu cảnh cảnh đan .\n冬 十 二 月 禁 鉛 錢 . [43a*5*3]\nĐông thập nhị nguyệt, cấm duyên tiền .\n是 歲 旱 蝗 牛 畜 多 死 . [43a*5*11]\nThị tuế hạn, hoàng ngưu súc đa tử.\n乙 丑 二 年 元 泰 定 二 年 春 置 諸 路 廉 訪 司 以 鄧 輅 充 大 黄 安 暹 兩 路 廉 訪 使 . [43a*6*1]\nẤt Sửu nhị niên, [Nguyên Thái Định nhị niên,] xuân, trí chư lộ Liêm phỏng ti dĩ Đặng lộ sung Đại Hoàng, An Tiêm lưỡng lộ Liêm phỏng sứ .\n秋 八 月 頒 降 新 定 諸 例 舊 制 官 朝 聖 慈 行 遣 司 及 内 書 火 局 並 謂 之 内 𡧸 院 . [43a*7*10]\nThu bát nguyệt, phân giáng tân định chư lệ Cựu chế Quan Triều Thánh Từ hành khiển ti cập Nội thư hoả cục tịnh vị chi Nội mật viện.\n至 是 改 行 遣 司 為 門 下 省 而 内 書 火 局 仍 舊 内 𡧸 . [43a*9*1]\nChí thị cải Hành khiển ti vi Môn hạ tỉnh nhi, Nội thư hoả cục những cựu Nội mật..\n",
    "url": "/data/image_dvsk/ban_ky_toan_thu/quyen6/DVSKTT_ban_toan_VI_43a.jpg"
  },
  {
    "text": "院 . [43b*1*1]\nviện .\n司 徒 文 惠 公 光 朝 卒 . [43b*1*3]\nTư đồ Văn Huệ công Quang Triều tốt.\n年 三 十 九 丙 寅 三 年 元 泰 定 三 年 春 二 月 至 六 月 不 雨 . [43b*1*11]\n[niên tam thập cửu,] Bính Dần tam niên, [Nguyên Thái Định tam niên,] xuân nhị nguyệt, chí lục nguyệt, bất vũ .\n三 月 中 書 侍 郎 知 審 刑 院 事 . [43b*2*20]\nTam nguyệt, Trung thư thị lang tri Thẩm hình viện sự.\n裴 木 鐸 卒 . [43b*3*9]\nBùi Mộc Đạc tốt.\n先 是 英 宗 臨 崩 之 日 謂 帝 曰 木 鐸 歷 事 三 朝 謙 恭 恪 守 文 質 可 觀 善 待 之 勿 為 人 所 沮 . [43b*3*13]\nTiên thị, Anh Tông lâm băng, chi nhật vị Đế viết: Mộc Đạc lịch sự tam triều, khiêm cung khác thủ, văn chất khả quan thiện đãi chi vật vi nhân sở tự.\n帝 因 畵 像 藏 于 書 府 有 意 大 用 未 及 遷 而 卒 年 六 十 二 . [43b*5*8]\nĐế nhân hoạ tượng tàng vu thư phủ, hữu ý đại dụng vị cập thiên nhi tốt [niên lục thập nhị,] .\n秋 七 月 閲 定 文 武 以 内 書 火 正 掌 奉 御 謝 不 矜 為 入 内 行 遣 行 左 司 郎 中 . [43b*6*11]\nThu thất nguyệt, duyệt định văn võ, dĩ Nội thư hoả chính chưởng phụng ngự Tạ Bất Căng vi Nhập nội hành khiển hành tả ti lang trung.\n陳 克 終 為 少 保 行 聖 慈 宫 左 司 事 賜 字 文 節 加 同 中 書 門 下 平 章 事 . [43b*7*18]\nTrần Khắc Chung vi Thiếu bảo hành Thánh Từ cung tả ti sự tứ tự Văn Tiết gia Đồng trung thư môn hạ bình chương sự.\n國 𥘉 因 李 舊 行 遣 衘 加 中 書 門 下 平 . [43b*9*6]\nQuốc sơ, nhân Lí cựu hành khiển hàm gia Trung thư môn hạ Bình..\n",
    "url": "/data/image_dvsk/ban_ky_toan_thu/quyen6/DVSKTT_ban_toan_VI_43b.jpg"
  },
  {
    "text": "章 事 . [44a*1*1]\nchương sự.\n自 上 相 光 啓 居 相 位 嫌 行 遣 與 宰 将 衘 同 因 奏 改 為 中 書 門 下 公 事 以 甄 别 之 . [44a*1*3]\nTự Thượng tướng Quang Khải cư tướng vị hiềm Hành khiển dữ Tể tướng hàm đồng nhân tấu cải vi Trung thư môn hạ công sự dĩ chân biệt chi.\n至 是 帝 以 克 終 陞 少 保 猶 莖 行 遣 事 優 待 之 特 加 中 書 門 下 平 章 事 徒 舊 制 也 . [44a*2*14]\nChí thị, Đế dĩ Khắc Chung thăng Thiếu bảo do hành Hành Khiển sự ưu đãi chi đặc gia Trung thư môn hạ Bình Chương sự đồ cựu chế dã .\n左 遷 阮 忠 彦 清 化 安 撫 使 . [44a*4*7]\nTả thiên Nguyễn Trung Ngạn Thanh Hoá an phủ sứ.\n忠 彦 性 疎 畧 . [44a*4*17]\nTrung Ngạn tính sơ lược.\n時 保 武 王 賜 皂 衣 上 位 侯 忠 彦 主 擬 反 在 紫 衣 之 列 . [44a*5*3]\nThời Bảo Vũ Vương tứ tạo y thượng vị hầu, Trung Ngạn chủ nghĩ phản tại Tử y chi liệt.\n上 𤕵 其 才 且 出 於 過 誤 不 之 罪 故 出 之 . [44a*6*4]\nThượng lệnh kì tài thả xuất ư quá ngộ bất chi tội cố xuất chi.\n忠 彦 嘗 有 詩 自 負 云 介 軒 先 生 廊 廟 噐 妙 齡 已 有 吞 牛 志 年 方 十 二 太 學 生 纔 登 十 六 充 廷 試 二 十 有 四 入 諫 官 二 十 有 六 燕 京 使 矜 伐 如 此 後 再 歷 職 . [44a*6*19]\nTrung Ngạn thường hữu thi tự phụ vân: Giới Hiên tiên sinh lang miếu khí, Diệu linh dĩ hữu thôn ngưu chí, Niên phương thập nhị Thái học sinh, Tài đăng thập lục sung đình thí, Nhị thập hữu tư nhập Gián quan, Nhị thập hữu lục Yên kinh sứ, Căng phạt như thử hậu tái lịch chức..\n",
    "url": "/data/image_dvsk/ban_ky_toan_thu/quyen6/DVSKTT_ban_toan_VI_44a.jpg"
  },
  {
    "text": "宥 省 . [44b*1*1]\nHựu sảnh.\n至 裕 宗 時 入 政 府 終 有 令 名 不 負 儒 者 壽 八 十 餘 有 介 軒 集 行 于 世 世 . [44b*1*3]\nChí Dụ Tông thời, nhập Chính phủ chung hữu lệnh danh bất phụ nho giả, thọ bát thập dư, hữu Giới Hiên tập hành vu thế .\n時 張 漢 超 為 行 遣 一 日 於 朝 中 言 刑 官 范 遇 黎 維 受 賄 賂 . [44b*2*11]\nThời, Trương Hán Siêu vi Hành khiển, nhất nhật ư triều trung ngôn: Hình quan Phạm Ngộ, Lê Duy thụ hối lộ.\n帝 即 令 勘 實 . [44b*3*14]\nĐế tức lệnh khám thực.\n漢 超 私 謂 人 曰 超 待 罪 政 府 為 主 上 見 信 故 言 . [44b*3*19]\nHán Siêu tư vị nhân viết: Siêu đãi tội chính phủ vi Chúa thượng kiến tín cố ngôn.\n𡸈 知 有 勘 理 耶 . [44b*4*18]\nHá tri hữu khám lí da.\n帝 聞 之 曰 行 遣 省 官 也 審 刑 院 官 也 皆 予 所 信 任 . [44b*5*5]\nĐế văn chi viết: Hành khiển sảnh quan dã, Thẩm hình viện quan dã, giai dư sở tín nhiệm.\n安 可 使 予 信 省 官 而 疑 院 官 哉 . [44b*6*5]\nAn khả sử dư tín sảnh quan nhi nghi viện quan tai.\n及 勘 問 漢 超 辭 屈 坐 罰 錢 三 百 鏹 . [44b*6*17]\nCập khám vấn Hán Siêu từ khuất, toạ phạt tiền tam bách cưỡng.\n未 幾 以 范 遇 參 知 政 事 同 知 尙 書 左 司 事 位 與 漢 超 並 . [44b*7*11]\nVị kỷ, dĩ Phạm Ngộ Tham tri chính sự đồng tri Thượng thư tả ti sự, vị dữ Hán Siêu tịnh.\n遇 學 問 雖 不 及 漢 超 而 居 職 清 謹 見 稱 於 時 . [44b*8*13]\nNgộ học vấn tuy bất cập Hán Siêu, nhi cư chức thanh cẩn, kiến xưng ư thời .\n惠 肅 王 伐 占 城 無 功 . [44b*9*12]\nHuệ Túc vương phạt Chiêm Thành vô công..\n",
    "url": "/data/image_dvsk/ban_ky_toan_thu/quyen6/DVSKTT_ban_toan_VI_44b.jpg"
  },
  {
    "text": "而 還 . [45a*1*1]\nnhi hoàn.\n帝 曰 先 帝 櫛 風 沐 雨 方 擒 其 主 . [45a*1*3]\nĐế viết: Tiên đế trất phong mộc vũ phương cầm kì chủ.\n國 父 以 重 臣 奉 命 致 偽 主 制 能 出 奔 制 能 奔 爪 哇 求 援 但 立 種 酋 阿 難 為 效 城 亞 王 . [45a*1*15]\nQuốc phụ dĩ trọng thần phụng mệnh trí nguỵ chủ Chế Năng xuất bôn [Chế Năng bôn Trảo Oa cầu viện,] đản lập chủng tù A Nan vi Hiệu Thành á vương.\n今 威 肅 一 王 爾 威 望 非 國 父 比 而 予 無 居 宫 中 委 以 專 征 之 寄 欲 擒 其 主 其 能 濟 乎 . [45a*3*6]\nKim Uy Túc nhất vương, nhĩ uy vọng phi Quốc phụ tỉ nhi dư vô cư cung trung uỷ dĩ chuyên chinh chi ký dục cầm kì chủ kì năng tế hồ.\n盖 自 𠧨 之 辭 也 . [45a*4*19]\nCái tự cữu chi từ dã.\n丁 卯 四 年 . [45a*6*1]\nĐinh Mão tứ niên.\n元 泰 定 四 年 夏 五 月 . [45a*6*5]\n[Nguyên Thái ĐỊnh tứ niên,] hạ ngũ nguyệt.\n雷 震 陵 寝 . [45a*6*14]\nlôi chấn lăng tẩm.\n群 臣 議 其 事 . [45a*6*18]\nQuần thần nghị kì sự.\n詔 罰 少 保 陳 克 終 行 遣 段 汝 諧 等 有 差 . [45a*7*1]\nChiếu phạt Thiếu bảo Trần Khắc Chung Hành, khiển Đoàn Nhữ Hài đẳng hữu sai.\n震 之 明 日 群 臣 會 議 于 内 人 文 局 王 侯 與 陳 克 終 段 汝 諧 休 歇 . [45a*7*16]\nChấn chi minh nhật quần thần hội nghị vu Nội nhân văn cục Vương hầu dữ Trần Khắc Chung, Đoàn Nhữ Hài hưu hiết.\n克 終 言 渉 俳 謔 . [45a*9*2]\nKhắc Chung ngôn thiệp bài hước.\n汝 諧 遽 起 去 . [45a*9*8]\nNhữ Hài cự khởi khứ.\n克 終 言 󰍶 眾 皆 笑 . [45a*9*13]\nKhắc Chung ngôn tất, chúng giai tiếu..\n",
    "url": "/data/image_dvsk/ban_ky_toan_thu/quyen6/DVSKTT_ban_toan_VI_45a.jpg"
  },
  {
    "text": "為 󰱑 官 所 劾 詔 罰 克 終 汝 諧 . [45b*1*1]\nvi Đài quan sở hặc, chiếu phạt Khắc Chung, Nhữ Hài.\n汝 諧 曰 此 間 戲 笑 臣 已 出 去 . [45b*1*12]\nNhữ Hài viết: Thử gian hí tiếu thần dĩ xuất khứ.\n帝 曰 汝 諧 聞 知 笑 謔 不 䏻 止 而 又 去 之 是 有 意 陷 師 于 罪 過 且 為 身 計 . [45b*2*4]\nĐế viết: Nhữ Hài văn tri tiếu hước bất năng chỉ nhi hựu khứ chi thị hữu ý hãm sư vu tội quá thả vi thân kế.\n竟 罰 之 . [45b*3*12]\nCánh phạt chi .\n有 臣 名 效 可 稱 帝 賢 於 英 宗 . [45b*3*16]\nHữu thần danh Hiệu Khả xưng Đế hiền ư Anh Tông.\n帝 變 色 止 之 曰 夫 人 之 譽 人 謁 賢 於 父 則 其 人 素 不 孝 於 親 故 出 此 言 . [45b*4*8]\nĐế biến sắc chỉ chi viết: Phu nhân chi dự nhân yết hiền ư phụ tắc kì nhân tố bất hiếu ư thân cố xuất thử ngôn.\n效 可 不 能 悅 親 故 帝 言 此 以 警 之 也 . [45b*5*16]\nHiệu Khả bất năng duyệt thân, cố Đế ngôn thử dĩ cảnh chi dã.\n效 可 為 人 以 智 巧 存 心 帝 嘗 出 穿 衣 二 給 令 效 可 第 其 優 劣 謂 之 曰 一 則 太 上 親 制 一 内 人 黎 計 所 為 二 者 俱 精 妙 子 指 其 實 效 可 反 襨 再 三 即 摸 棱 持 两 端 曰 主 上 斯 為 主 之 善 臣 下 亦 為 臣 下 之 善 巧 帝 為 之 笑 巧 . [45b*6*11]\n[Hiệu Khả vi nhân dĩ trí xảo tồn tâm Đế thường xuất xuyên y nhị cấp lệnh Hiệu Khả đệ kì ưu liệt vị chi viết Nhất tắc Thái thượng thân chế, nhất tắc nội nhân Lê Kế sở vi Nhị giả cụ tinh diệu tử chỉ kì thực Hiệu Khả phản phức tái tam tức mô lăng trì lưỡng đoan viết Chúa thượng tư vi Chúa chi thiện thần hạ diệc vi thần hạ chi thiện xảo Đế vi chi tiếu xảo.\n史 臣 吳 士 連 曰 帝 之 此 言 雖 一 時 為 效 可 而 𭛁 . [45b*9*1]\nSử thần Ngô Sĩ Liên viết: Đế chi thử ngôn tuy nhất thời vi Hiệu Khả nhi phát..\n",
    "url": "/data/image_dvsk/ban_ky_toan_thu/quyen6/DVSKTT_ban_toan_VI_45b.jpg"
  },
  {
    "text": "然 其 忠 厚 存 心 亦 於 斯 見 矣 . [46a*1*1]\nnhiên kì trung hậu tồn tâm diệc ư tư kiến hĩ.\n戊 辰 五 年 元 致 和 元 年 九 月 以 後 文 宗 圖 帖 睦 爾 大 曆 元 年 春 三 月 殺 國 父 上 宰 國 瑱 . [46a*2*1]\nMậu Thìn ngũ niên, [Nguyên Trí Hoà nguyên niên cửu nguyệt dĩ hậu, Văn Tông Đồ Thiếp Mục Nhĩ Đại Lịch nguyên niên,] xuân tam nguyệt, sát Quốc phụ Thượng tể Quốc Chẩn.\n時 帝 在 位 十 有 五 年 春 秋 已 髙 而 儲 副 未 定 . [46a*3*6]\nThời Đế tại vị thập hữu ngũ niên, xuân thu dĩ cao, nhi trừ phó vị định.\n皇 后 父 國 瑱 執 以 為 須 待 后 嫡 子 立 之 . [46a*4*4]\nHoàng hậu phụ Quốc Chẩn chấp dĩ vi tu đãi hậu đích tử lập chi.\n岡 東 文 憲 侯 缺 名 佐 聖 太 師 日 燏 之 子 一 作 弟 欲 傾 皇 后 而 立 皇 子 旺 乃 賂 國 瑱 家 臣 陳 缶 以 黄 金 百 两 使 誣 訴 國 瑱 以 謀 反 事 . [46a*4*19]\nCương Đông Văn Hiến hầu [khuyết danh,] Tá Thánh thái sư Nhật Duật chi tử [nhất tác đệ,] dục khuynh Hoàng hậu nhi lập Hoàng tử Vượng nãi lộ Quốc Chẩn gia thần Trần Phẫu dĩ hoàng kim bách lượng sử vu tố Quốc Chẩn dĩ mưu phản sự.\n帝 信 之 囚 國 瑱 於 資 福 寺 以 問 少 保 陳 克 終 . [46a*7*9]\nĐế tín chi, tù Quốc Chẩn ư Tư Phúc tự, dĩ vấn Thiếu bảo Trần Khắc Chung.\n克 終 黨 於 文 憲 又 與 旺 母 皆 𰎟 山 人 而 嘗 傳 旺 即 以 捉 虎 易 放 虎 難 對 . [46a*8*7]\nKhắc Chung đảng ư Văn Hiến hựu dữ Vượng mẫu giai Giáp Sơn nhân nhi thường truyền Vượng tức dĩ tróc hổ dị phóng hổ nan đối.\n乃 斷 國 瑱 飲 . [46a*9*15]\nNãi đoạn Quốc Chẩn ẩm..\n",
    "url": "/data/image_dvsk/ban_ky_toan_thu/quyen6/DVSKTT_ban_toan_VI_46a.jpg"
  },
  {
    "text": "食 使 之 自 盡 . [46b*1*1]\nthực sử chi tự tận.\n皇 后 以 衣 清 水 與 飲 飲 󰍶 而 卒 . [46b*1*6]\nHoàng hậu dĩ y thanh thuỷ dữ ẩm, ẩm tất nhi tốt.\n逮 捕 其 黨 百 餘 人 每 斷 獄 訟 . [46b*1*18]\nĐãi bổ kì đảng bách dư nhân, mỗi đoạn ngục tụng.\n訟 人 多 訴 其 寃 . [46b*2*10]\nTụng nhân đa tố kì oan.\n後 數 年 會 缶 有 妻 妾 相 妬 以 文 憲 所 授 金 事 聞 下 獄 官 黎 維 為 人 剛 直 即 日 按 問 . [46b*2*16]\nHậu số niên hội Phẫu hữu thê thiếp tương đố, dĩ Văn hiến sở thụ kim sự văn hạ ngục Quan Lê Duy vi nhân cương trực tức nhật án vấn.\n缶 當 陵 遲 未 及 行 刑 而 國 瑱 之 子 紹 武 缺 名 家 奴 生 啖 其 肉 盡 矣 文 憲 免 死 降 為 庶 人 没 其 籍 . [46b*4*9]\nPhẫu đương lăng trì vị cập hành hình nhi Quốc Chẩn chi tử Thiệu Vũ [khuyết danh,] gia nô sinh đạm kì nhục tận hĩ Văn Hiến miễn tử giáng vi thứ nhân một kì tịch.\n史 臣 吳 士 連 曰 儲 副 之 位 國 本 不 可 不 早 建 正 嫡 之 分 支 庶 不 可 以 妾 干 帝 在 位 既 久 庶 子 長 矣 而 正 嫡 未 生 奈 何 從 權 可 也 . [46b*7*1]\nSử thần Ngô Sĩ Liên viết: Trừ phó chi vị quốc bản bất khả bất tảo kiến Chính đích chi phận chi thứ bất khả dĩ thiếp can Đế tại vị ký cửu thứ tử trưởng hĩ nhi chính đích vị sinh nại hà tòng quyền khả dã.\n待 嫡 子 經 也 立 . [46b*9*13]\nĐãi đích tử kinh dã lập..\n",
    "url": "/data/image_dvsk/ban_ky_toan_thu/quyen6/DVSKTT_ban_toan_VI_46b.jpg"
  },
  {
    "text": "庶 子 權 也 及 適 子 生 長 庶 子 加 封 王 爵 儲 副 之 位 還 之 嫡 子 . [47a*1*1]\nthứ tử quyền dã/ Cập thích tử sinh trưởng thứ tử gia phong vương tước trừ phó chi vị hoàn chi đích tử.\n󰰽 曰 不 宜 . [47a*2*6]\nThục viết bất nghi.\n或 曰 脱 有 不 諱 父 皇 先 崩 危 矣 . [47a*2*10]\nHoặc viết Thoát hữu bất huý phụ hoàng tiên băng nguy hĩ.\n曰 諄 勤 於 平 日 之 訓 明 辨 於 遺 詔 之 言 擇 社 稷 臣 委 以 托 孤 之 寄 無 憂 也 . [47a*3*4]\nViết: Truân cần ư bình nhật chi huấn minh biện ư di chiếu chi ngôn trạch xã tắc thần uỷ dĩ thác cô chi ký vô ưu dã.\n况 明 宗 親 履 其 事 必 能 處 之 得 其 當 . [47a*4*14]\nHuống Minh Tông thân lí kì sự tất năng xử chi đắc kì đương.\n國 瑱 執 一 不 通 使 奸 臣 乘 之 以 嫁 禍 衮 哉 . [47a*5*10]\nQuốc Chẩn chấp nhất bất thông sử gian thần thừa chi dĩ giá hoạ cổn tai.\n易 曰 親 其 會 通 以 行 其 典 禮 國 瑱 盖 未 嘗 聞 然 而 其 寃 不 可 不 白 . [47a*6*8]\nDịch viết Thân kì hội thông dĩ hành kì điển lễ Quốc Chẩn cái vị thường văn nhiên nhi kì oan bất khả bất bạch.\n至 於 陳 克 終 亦 一 時 人 物 帝 加 之 師 保 之 位 而 問 以 國 政 固 宜 盡 忠 納 誨 俾 其 君 為 堯 舜 可 也 . [47a*7*15]\nChí ư Trần Khắc Chung diệc nhất thời nhân vật Đế gia chi sư bảo chi vị nhi vấn dĩ quốc chính cố nghi tận trung nạp hối tỉ kì quân vi Nghiêu Thuấn khả dã.\n而 乃 阿 附 . [47a*9*15]\nNhi nãi a phò..\n",
    "url": "/data/image_dvsk/ban_ky_toan_thu/quyen6/DVSKTT_ban_toan_VI_47a.jpg"
  },
  {
    "text": "權 貴 害 正 黨 邪 擠 子 禮 反 排 也 善 𩔗 於 非 韋 陷 其 君 於 過 擧 . [47b*1*1]\nquyền quý hại chính đảng tà tê [tử lễ phản bài dã,] thiện loại ư phi vi hãm kì quân ư quá cử.\n是 可 忍 也 󰰽 不 可 忍 也 . [47b*2*4]\nThị khả nhẫn dã thục bất khả nhẫn dã.\n後 又 啓 其 君 以 邀 功 征 占 城 逢 迎 之 態 又 見 矣 . [47b*2*13]\nHậu hựu khải kì quân dĩ yêu công chinh Chiêm Thành phùng nghênh chi thái hựu kiến hĩ.\n故 人 君 之 任 賢 必 察 焉 者 惧 其 有 小 人 如 克 終 軰 或 在 其 間 也 . [47b*3*13]\nCố nhân quân chi nhiệm hiền tất sát yên Giả cụ kì hữu tiểu nhân như Khắc Chung bối hoặc tại kì gian dã.\n立 皇 子 旺 為 東 宫 太 子 . [47b*5*2]\nLập Hoàng tử Vượng vi Đông cung thái tử.\n封 次 子 元 晫 為 恭 靖 大 王 . [47b*5*11]\nPhong thứ tử Nguyên trác vi Cung Tịnh đại vương.\n己 巳 六 年 二 月 以 後 開 祐 元 年 . [47b*7*1]\nKỉ Tị lục niên, [nhị nguyệt dĩ hậu Khai Hựu nguyên niên .\n元 大 曆 二 年 春 二 月 七 日 󰀋 東 宫 太 子 旺 為 皇 太 子 . [47b*7*14]\nNguyên Đại Lịch nhị niên,] xuân nhị nguyệt, thất nhật, sách Đông Cung thái tử Vượng vi Hoàng thái tử.\n十 五 日 禪 位 . [47b*8*8]\nThập ngũ nhật, thiền vị.\n旺 即 皇 帝 位 改 元 開 祐 元 年 . [47b*8*13]\nVượng tức Hoàng đế vị, cải nguyên Khai Hựu nguyên niên.\n大 赦 . [47b*9*5]\nĐại xá.\n稱 哲 皇 . [47b*9*7]\nXưng Triết Hoàng.\n尊 上 皇 曰 章 堯 文 哲 太 上 . [47b*9*10]\nTôn Thượng hoàng viết Chương Nghiêu Văn Triết Thái thượng..\n",
    "url": "/data/image_dvsk/ban_ky_toan_thu/quyen6/DVSKTT_ban_toan_VI_47b.jpg"
  },
  {
    "text": "皇 帝 儷 聖 皇 后 為 憲 慈 太 上 皇 后 . [48a*1*1]\nHoàng Đế, Lệ Thánh Hoàng hậu vi Hiến Từ Thái Thượng Hoàng Hậu.\n憲 一 作 惠 群 臣 上 尊 號 曰 體 元 御 極 睿 聖 至 孝 皇 帝 . [48a*1*14]\n[Hiến nhất tác Huệ,] Quần thần thượng tôn hiệu viết Thể Nguyên Ngự Cực Duệ Thánh Chí Hiếu Hoàng Đế .\n奉 上 皇 居 天 長 行 宫 諸 皇 子 侍 上 皇 . [48a*2*14]\nPhụng Thượng hoàng cư Thiên Trường hành cung Chư Hoàng tử thị Thượng hoàng.\n每 論 及 本 潮 人 物 太 保 威 肅 王 文 璧 曰 凣 論 人 物 教 皇 子 須 止 及 善 人 惡 人 且 置 勿 論 恐 皇 子 聞 之 或 有 效 者 . [48a*3*9]\nMỗi luận cập bản triều nhân vật Thái bảo Uy Túc Vương Văn Bích viết Phàm luận nhân vật giáo Hoàng tử tu chỉ cập thiện nhân ác nhân thả trí vật luận khủng Hoàng tử văn chi hoặc hữu hiệu giả.\n上 皇 曰 善 惡 當 對 舉 不 可 偏 廢 也 . [48a*5*13]\nThượng hoàng viết: Thiện ác đương đối cử bất khả thiên phế dã.\n吾 子 果 賢 耶 聞 善 必 從 而 師 之 闻 惡 耶 惡 而 避 之 . [48a*6*7]\nNgô tử quả hiền da văn thiện tất tòng nhi sư chi văn ác da ác nhi tị chi.\n善 惡 皆 可 師 也 . [48a*7*7]\nThiện ác giai khả sư dã.\n如 不 賢 耶 何 待 見 惡 而 後 為 如 太 康 失 德 則 前 王 逸 豫 而 效 之 耶 . [48a*7*13]\nNhư bất hiền da hà đãi kiến ác nhi hậu vi như Thái Khang thất đức tắc tiền vương dật dự nhi hiệu chi da.\n隋 煬 帝 口 道 堯 舜 而 其 所 行 反 為 桀 紂 其 見 善 而 效 . [48a*8*19]\nTuỳ Dương Đế khẩu đạo Nghiêu Thuấn nhi kì sở hành phản vi Kiệt Trụ kì kiến thiện nhi hiệu..\n",
    "url": "/data/image_dvsk/ban_ky_toan_thu/quyen6/DVSKTT_ban_toan_VI_48a.jpg"
  },
  {
    "text": "之 耶 . [48b*1*1]\nchi da.\n威 肅 頓 首 稱 善 . [48b*1*3]\nUy Túc đốn thủ xưng thiện.\n又 一 日 延 惠 肅 王 入 寝 殿 命 之 坐 . [48b*1*9]\nHựu nhất nhật diên Huệ Túc vương nhập tẩm điện mệnh chi toạ.\n上 皇 素 食 . [48b*2*3]\nThượng hoàng tố thực.\n惠 肅 素 斥 佛 老 因 言 曰 臣 不 知 素 食 更 有 何 利 益 . [48b*2*7]\nHuệ Túc tố xích Phật Lão nhân ngôn viết: Thần bất tri tố thực cánh hữu hà lợi ích.\n上 皇 揣 知 其 意 即 論 曰 祖 考 時 御 素 𩚏 故 效 之 耳 所 謂 利 益 則 朕 不 知 . [48b*3*7]\nThượng hoàng suỷ tri kì ý, tức luận viết: Tổ khảo thời ngự tố xan, cố hiệu chi, nhĩ sở vị lợi ích tắc trẫm bất tri.\n惠 肅 默 然 而 出 . [48b*4*15]\nHuệ Túc mặc nhiên nhi xuất .\n封 佐 聖 太 師 日 燏 為 大 王 . [48b*5*3]\nPhong Tá Thánh Thái sư Nhật Duật vi Đại Vương .\n冬 上 皇 廵 狩 沱 江 道 親 征 牛 吼 蠻 . [48b*5*14]\nĐông, Thượng hoàng tuần thú Đà Giang đạo, thân chinh Ngưu Hống man.\n命 僉 知 阮 忠 彦 從 編 脩 實 錄 . [48b*6*8]\nMệnh Thiêm tri Nguyễn Trung Ngạn tòng biên, tu thực lục.\n先 是 仁 廟 時 牛 吼 與 道 密 入 朝 遣 回 . [48b*6*19]\nTiên thị Nhân Miếu thời Ngưu Hống dữ Đạo Mật nhập triều khiến hồi.\n至 是 叛 肆 掠 本 江 之 地 盡 有 之 又 謀 刧 懷 忠 家 . [48b*7*14]\nChí thị, phản tứ lược bản giang chi địa tận hữu chi hựu mưu kiếp Hoài Trung gia.\n上 皇 定 親 征 之 議 . [48b*8*13]\nThượng hoàng định thân chinh chi nghị.\n陳 克 終 諫 曰 沱 江 號 瘴 地 又 湍 瀨 奔 駃 駃 音 m a t - c h u 跳 躍 也 不 . [48b*9*1]\nTrần Khắc Chung gián viết: Đà Giang hiệu chướng địa hựu đoan lại bôn khoái [ve-chu âm mat-chu khiêu dược dã,] bất..\n",
    "url": "/data/image_dvsk/ban_ky_toan_thu/quyen6/DVSKTT_ban_toan_VI_48b.jpg"
  },
  {
    "text": "利 行 師 占 城 無 瘴 毒 且 前 世 帝 王 親 征 多 擒 其 主 不 若 釋 彼 而 征 占 之 為 愈 . [49a*1*1]\nlợi hành sư Chiêm Thành vô chướng độc thả tiền thế Đế vương thân chinh đa cầm kì chủ bất nhược thích bỉ nhi chinh Chiêm chi vi dũ.\n上 皇 曰 朕 為 民 父 母 苟 生 民 陷 於 塗 炭 當 急 救 之 𡸈 較 險 易 利 鈍 哉 . [49a*2*11]\nThượng hoàng viết: Trẫm vi dân phụ mẫu câu sinh dân hãm ư đồ than đương cấp cứu chi há giảo hiểm dịch lợi độn tai.\n克 終 󰥭 謝 曰 聖 度 包 荒 非 臣 愚 所 能 及 . [49a*3*18]\nKhắc Chung bái tạ viết: Thánh độ bao hoang phi thần ngu sở năng cập .\n𥘉 上 皇 将 征 牛 吼 占 昭 人 詣 闕 上 書 丁 寕 以 舉 寨 降 則 刻 符 為 信 . [49a*4*15]\nSơ Thượng hoàng tương chinh Ngưu Hống, Chiêm Chiếu nhân nghệ khuyết thượng thư đinh ninh dĩ cử trại hàng tắc khắc phù vi tín.\n上 皇 方 圖 登 其 寨 城 倣 漢 武 登 单 于 󰉟 故 事 及 親 征 分 命 昭 義 侯 負 螟 領 軍 由 清 化 道 以 應 官 軍 仍 論 之 曰 占 昭 寨 已 有 降 約 必 待 官 軍 . [49a*6*2]\nThượng hoàng phương đồ đăng kì trại thành phỏng Hán Vũ đăng đơn vu đài cố sự cập thân chinh phân mệnh Chiêu Nghĩa hầu phụ Minh lĩnh quân do Thanh Hoá đạo dĩ ứng quan quân những luận chi viết: Chiêm Chiếu trại dĩ hữu hàng ước tất đãi quan quân.\n至 無 妄 動 上 皇 至 忙 越 駐 驛 賜 名 太 平 府 有 博 子 泉 賜 名 清 . [49a*8*16]\nChí vô vọng động Thượng hoàng chí Mường Việt trú dịch tứ danh Thái Bình phủ hữu Bác Tử tuyền tứ danh Thanh..\n",
    "url": "/data/image_dvsk/ban_ky_toan_thu/quyen6/DVSKTT_ban_toan_VI_49a.jpg"
  },
  {
    "text": "水 泉 昭 義 侯 至 占 昭 欲 邀 功 擊 之 遂 敗 宣 威 將 軍 武 斯 宏 陣 前 力 戰 死 之 . [49b*1*1]\nThuỷ tuyền Chiêu Nghĩa hầu chí Chiêm Chiếu dục yêu công kích chi, toại bại, Tuyên Uy tướng quân Vũ Tư Hoành trận tiền lực chiến, tử chi.\n上 皇 聞 之 曰 已 誤 矣 然 是 行 也 . [49b*2*10]\nThượng hoàng văn chi viết: Dĩ ngộ hĩ Nhiên thị hành dã.\n上 皇 自 将 號 令 嚴 明 威 聲 遠 震 哀 牢 聞 之 奔 潰 . [49b*3*3]\nThượng hoàng tự tướng hiệu lệnh nghiêm minh uy thanh viễn chấn Ai Lao văn chi bôn hội.\n及 還 至 白 鶴 江 江 中 有 石 堆 浩 流 船 多 觸 . [49b*4*2]\nCập hoàn, chí Bạch Hạc giang giang trung hữu thạch đồi hạo lưu thuyền đa xúc.\n閣 聞 其 臣 曰 輔 武 大 王 上 皇 𡧸 禱 曰 御 舟 安 行 則 加 褒 賞 . [49b*4*18]\nCác văn kì thần viết: Phụ Vũ đại vương Thượng hoàng mật đảo viết Ngự chu an hành tắc gia bao thưởng.\n後 興 孝 王 討 沱 江 蠻 泊 白 鶴 江 夜 夢 神 曰 前 年 帝 有 褒 賞 之 命 至 是 無 聞 . [49b*6*2]\nHậu Hưng Hiếu Vương thảo Đà Giang man bạc Bạch Hạc giang dạ mộng thần viết: Tiền niên Đế hữu bao thưởng chi mệnh chí thị vô văn.\n興 孝 王 回 奏 上 皇 乃 加 封 二 字 鬼 神 靈 應 信 不 誣 矣 . [49b*7*11]\nHưng Hiếu Vương hồi tấu Thượng hoàng nãi gia phong nhị tự quỷ thần linh ứng tín bất vu hĩ .\n以 武 堯 佐 為 入 内 行 遣 門 下 右 司 郎 中 堯 佐 洪 州 人 與 弟 農 上 皇 當 宁 . [49b*8*13]\nDĩ Vũ Nghiêu Tá vi Nhập nội hành khiển môn hạ hữu ti lang trung Nghiêu Tá [Hồng châu nhân,] dữ đệ Nông Thượng hoàng đương trữ..\n",
    "url": "/data/image_dvsk/ban_ky_toan_thu/quyen6/DVSKTT_ban_toan_VI_49b.jpg"
  },
  {
    "text": "時 宁 門 m a t - c h u 之 間 人 君 視 朝 所 宁 立 處 . [50a*1*1]\nthời [trữ môn mat-chu chi gian nhân quân thị triều sở trữ lập xứ,].\n同 登 第 並 以 文 學 稱 堯 佐 為 行 遣 同 知 内 𡧸 院 至 是 授 是 職 . [50a*1*15]\nđồng đăng đệ tịnh dĩ văn học xưng Nghiêu Tá vi Hành khiển đồng tri Nội mật viện Chí thị thụ thị chức.\n",
    "url": "/data/image_dvsk/ban_ky_toan_thu/quyen6/DVSKTT_ban_toan_VI_50a.jpg"
  },
  {
    "text": "大 越 史 記 本 紀 全 書 卷 之 六 終 . [50b*9*1]\nĐại Việt sử ký bản kỷ toàn thư quyển chi lục [chung].\n",
    "url": "/data/image_dvsk/ban_ky_toan_thu/quyen6/DVSKTT_ban_toan_VI_50b.jpg"
  }
]