[
  {
    "text": "大 越 史 記 本 紀 全 書 卷 之 七 〇 . [1a*1*1]\nĐại Việt sử ký bản kỷ toàn thư quyển chi thất .\n陳 紀 憲 宗 皇 帝 諱 旺 明 宗 次 子 嫡 母 憲 慈 宣 聖 皇 太 后 親 生 母 明 慈 皇 太 妃 黎 氏 也 . [1a*2*2]\nTrần Kỷ Hiến Tông Hoàng Đế [huý Vượng, Minh Tông thứ tử, đích mẫu Hiến Từ Tuyên Thánh Hoàng Thái Hậu, thân sinh mẫu Minh Từ Hoàng Thái Phi Lê thị dã].\n在 位 十 三 年 壽 二 十 三 崩 塟 昌 安 陵 〇 . [1a*4*1]\nTại vị thập tam niên, thọ nhị thập tam, băng táng Xương an lăng .\n帝 天 資 英 睿 運 撫 升 平 然 享 年 不 永 未 見 其 所 行 . [1a*4*16]\nĐế thiên tư anh duệ, vận phủ thăng bình, nhiên hưởng niên bất vĩnh, vị kiến kì sở hành.\n惜 哉 . [1a*5*3]\ntích tai!.\n庚 午 開 祐 二 年 元 至 順 元 年 夏 五 月 以 誕 日 為 會 天 節 〇 . [1a*6*1]\nCanh Ngọ Khai Hựu nhị niên, [Nguyên Chí Thuận nguyên niên,] hạ ngũ nguyệt, dĩ đản nhật vi Hội Thiên tiết .\n秋 七 月 順 聖 保 慈 皇 太 后 崩 于 安 生 木 杲 庵 . [1a*7*2]\nThu thất nguyệt, Thuận Thánh Bảo Từ Hoàng Thái Hậu băng vu Yên Sinh Mộc Cảo am.\n太 后 性 仁 慈 凣 英 宗 子 雖 庶 出 皆 愛 護 撫 育 如 己 子 . [1a*7*19]\nThái hậu tính nhân từ, phàm Anh Tông tử tuy thứ xuất giai ái hộ phủ dục như kỷ tử.\n惠 真 公 主 英 宗 所 鍾 愛 太 后 亦 加 愛 之 . [1a*9*1]\nHuệ Chân công chúa Anh Tông sở chung ái, Thái hậu diệc gia ái chi.\n天 真 太 后 . [1a*9*16]\nThiên Chân thái hậu..\n",
    "url": "/data/image_dvsk/ban_ky_toan_thu/quyen7/DVSKTT_ban_toan_VII_1a.jpg"
  },
  {
    "text": "出 也 . [1b*1*1]\nxuất dã.\n或 賜 𧶘 則 先 與 惠 真 而 後 及 天 真 . [1b*1*3]\nHoặc tứ lãi tắc tiên dữ Huệ chân nhi hậu cập Thiên Chân.\n英 宗 崩 後 善 視 惠 真 盖 有 加 焉 . [1b*1*16]\nAnh Tông băng hậu, thiện thị Huệ Chân cái hữu gia yên.\n至 於 遇 列 嬪 亦 甚 厚 如 宫 中 㚴 㜮 王 氏 惠 真 所 出 也 有 寵 懷 娠 . [1b*2*9]\nChí ư ngộ liệt tần diệc thậm hậu, như cung trung bố lãm Vương thị, Huệ Chân sở xuất dã, hữu sủng hoài thần.\n太 后 以 雙 香 堂 太 后 正 寝 為 坐 蓐 所 . [1b*3*14]\nThái hậu dĩ Song Hương Đường [Thái Hậu chính tẩm,] vi toạ nhục sở.\n王 氏 後 産 而 亡 . [1b*4*9]\nVương thị hậu sản nhi vong.\n宫 人 私 言 上 皇 曰 太 后 殺 王 氏 . [1b*4*15]\nCung nhân tư ngôn Thượng hoàng viết: Thái hậu sát Vương thị.\n上 皇 素 知 太 后 慈 仁 因 大 怒 笞 之 太 后 亦 不 以 關 懷 . [1b*5*6]\nThượng hoàng tố tri Thái hậu từ nhân, nhân đại nộ si chi, thái hậu diệc bất dĩ quan hoài.\n寶 惠 國 母 即 保 慈 寀 后 母 常 請 元 徽 即 威 惠 女 保 慈 姪 女 入 宫 為 妃 . [1b*6*7]\nBảo Huệ Quốc mẫu [tức Bảo Từ Thái Hậu mẫu, thường thỉnh Nguyên Huy [tức Uy Huệ nữ Bảo Từ điệt nữ,] nhập cung vi phi.\n上 皇 以 啓 太 后 太 后 曰 不 可 元 徽 為 妃 將 使 淑 姿 稱 奴 耶 . [1b*7*9]\nThượng hoàng dĩ khải Thái hậu, Thái hậu viết: Bất khả Nguyên Huy vi phi tương sử Thục Tư xưng nô da.\n其 不 以 私 恩 濫 予 如 此 . [1b*8*10]\nKì bất dĩ tư ân lạm dư như thử.\n時 稱 母 德 之 冠 焉 . [1b*8*19]\nThời xưng mẫu đức chi quán yên.\n自 奉 英 宗 梓 官 歸 安 生 一 齋 一 粥 . [1b*9*7]\nTự phụng Anh Tông tử quan quy Yên Sinh, nhất trai nhất chúc..\n",
    "url": "/data/image_dvsk/ban_ky_toan_thu/quyen7/DVSKTT_ban_toan_VII_1b.jpg"
  },
  {
    "text": "諸 般 苦 行 無 所 不 為 但 不 肯 受 僧 戒 . [2a*1*1]\nchư ban khổ hành vô sở bất vi, đản bất khẳng thụ tăng giới.\n曰 先 帝 晏 駕 後 予 不 可 見 僧 面 對 僧 語 惟 齋 粥 苦 行 以 報 如 天 大 德 奚 以 衣 鉢 為 哉 住 山 十 年 而 崩 〇 . [2a*1*15]\nViết: Tiên Đế yến giá hậu, dư bất khả kiến tăng diện đối tăng ngữ, duy trai chúc khổ hành dĩ báo như thiên đại đức hề, dĩ y bát vi tai? Trú sơn thập niên nhi băng .\n佐 聖 太 師 昭 文 大 王 日 燏 卒 . [2a*3*16]\nTá Thánh Thái sư Chiêu Văn Đại vương Nhật Duật tốt.\n年 七 十 七 日 燏 好 與 外 國 人 遊 常 騎 象 遊 婆 伽 村 . [2a*4*8]\n[niên thất thập thất,] Nhật Duật hiếu dữ ngoại quốc nhân du, thường kị tượng du Bà Già thôn.\n其 村 廻 李 聖 宗 征 占 城 虜 獲 占 人 居 之 以 占 語 命 名 多 加 離 後 訛 為 婆 伽 或 三 四 日 後 返 又 遊 祥 符 寺 與 宋 僧 談 語 信 宿 乃 回 . [2a*5*6]\n[Kì thôn hồi Lí Thánh Tông chinh Chiêm Thành lỗ hoạch Chiêm nhân cư chi dĩ Chiêm ngữ mệnh danh Đa Gia Li, hậu ngoa vi Bà Già hoặc tam tứ nhật, hậu phản hựu du Tường Phù tự dữ Tống tăng đàm ngữ, tín túc nãi hồi.\n凣 外 國 人 來 京 者 徃 徃 雜 至 其 家 如 宋 客 則 對 坐 交 床 講 話 竟 日 占 人 雜 蠻 亦 各 以 其 國 俗 接 之 仁 宗 時 󰀋 馬 錫 國 使 來 貢 求 能 通 語 者 不 可 得 獨 . [2a*7*2]\nPhàm ngoại quốc nhân lai kinh giả vãng vãng tạp chí kì gia như Tống khách tắc đối toạ giao sàng giảng thoại cánh nhật, Chiêm nhân tạp man diệc các dĩ kì quốc tục tiếp chi Nhân Tông thời, sách Mã Tích quốc sứ lai cống, cầu năng thông ngữ giả bất khả đắc độc..\n",
    "url": "/data/image_dvsk/ban_ky_toan_thu/quyen7/DVSKTT_ban_toan_VII_2a.jpg"
  },
  {
    "text": "日 燏 能 之 . [2b*1*1]\nNhật Duật năng chi.\n或 問 其 故 曰 太 宗 時 北 國 使 至 因 與 之 遊 故 少 通 其 語 耳 . [2b*1*5]\nHoặc vấn kì cố viết: Thái Tông thời Bắc quốc sứ chí nhân dữ chi du, cố thiểu thông kì ngữ nhĩ.\n仁 宗 嘗 曰 昭 文 叔 盖 蕃 落 人 後 身 故 善 為 諸 國 語 . [2b*2*8]\nNhân Tông thường viết: Chiêu Văn thúc cái Phiên lạc nhân hậu thân cố thiện vi chư quốc ngữ.\n既 入 相 每 過 宋 人 陳 道 詔 家 對 坐 清 談 移 時 不 倦 . [2b*3*8]\nKí nhập tướng, mỗi quá Tống nhân Trần Đạo Chiếu gia đối toạ thanh đàm di thời bất quyện.\n英 宗 聞 之 曰 祖 父 為 宰 相 道 詔 雖 宋 人 既 有 翰 林 奉 㫖 𡸈 可 對 坐 故 事 元 使 至 必 使 通 語 者 傅 譯 宰 相 不 可 與 語 慮 或 有 失 必 諉 之 通 語 者 . [2b*4*8]\nAnh Tông văn chi viết: Tổ phụ vi Tể tướng, Đạo Chiếu tuy Tống nhân ký hữu Hàn lâm phụng chỉ há khả đối toạ? Cố sự, Nguyên sứ chí tất sử thông ngữ giả phó dịch, tể tướng bất khả dữ ngữ, lự hoặc hữu thất tất uỷ chi thông ngữ giả.\n日 燏 則 不 然 其 接 元 使 每 與 之 語 不 假 傅 譯 . [2b*7*4]\nNhật Duật tắc bất nhiên, kì tiếp Nguyên sứ mỗi dữ chi ngữ bất giả phó dịch.\n及 使 就 歇 次 乃 携 手 俱 入 飲 酒 如 平 生 歡 . [2b*8*2]\nCập sứ tựu yết thứ nãi huề thủ cụ nhập ẩm tửu như bình sinh hoan.\n使 曰 君 乃 真 定 人 來 仕 此 耳 日 燏 深 拒 之 而 彼 終 不 之 . [2b*8*18]\nSứ viết: Quân nãi Chân Định nhân lai sĩ thử nhĩ! Nhật Duật thâm cự chi, nhi bỉ chung bất chi..\n",
    "url": "/data/image_dvsk/ban_ky_toan_thu/quyen7/DVSKTT_ban_toan_VII_2b.jpg"
  },
  {
    "text": "信 盖 其 容 貌 言 語 皆 似 真 定 人 . [3a*1*1]\ntín, cái kì dung mạo ngôn ngữ giai tự Chân Định nhân.\n英 宗 欲 尊 宣 慈 皇 太 后 為 太 皇 太 后 未 知 所 以 家 尊 . [3a*1*13]\nAnh Tông dục tôn Tuyên Từ Hoàng thái hậu vi Thái Hoàng Thái Hậu vị tri sở dĩ gia tôn.\n欽 慈 皇 太 后 以 問 即 以 太 皇 太 后 封 . [3a*2*14]\nKhâm Từ Hoàng thái hậu dĩ vấn, tức dĩ Thái hoàng Thái hậu phong.\n英 宗 有 武 帽 二 乃 廵 師 及 講 武 所 御 也 而 名 號 未 稱 . [3a*3*9]\nAnh Tông hữu võ mão nhị, nãi tuần sư cập giảng võ sở ngự dã nhi danh hiệu vị xưng.\n方 征 占 城 将 御 以 行 使 日 燏 命 名 即 名 其 一 曰 武 威 一 曰 武 德 . [3a*4*10]\nPhương chinh Chiêm Thành tương ngự dĩ hành, sử Nhật Duật mệnh danh, tức danh kì nhất viết Vũ Uy, nhất viết Vũ Đức.\n至 於 東 宫 一 撮 齋 資 善 堂 之 名 皇 太 子 學 曰 資 善 堂 宫 太 子 學 曰 撮 齋 亦 皆 所 命 音 樂 節 奏 𰙔 舞 曲 調 亦 皆 日 燏 所 作 . [3a*5*15]\nChí ư Đông Cung nhất Toát Trai, Tư Thiện đường chi danh [Hoàng thái tử học viết Tư Thiện Đường Đông cung thái tử học viết Toát trai,] diệc giai sở mệnh âm nhạc, tiết tấu, ca vũ, khúc điều, diệc giai Nhật Duật sở tác.\n紹 保 末 守 宣 光 收 物 寨 . [3a*7*15]\nThiệu Bảo mạt, thủ Tuyên Quang Thu Vật trại.\n胡 虜 𥘉 臨 境 昭 國 奏 昭 文 在 宣 光 應 在 上 呼 胡 虜 矣 . [3a*8*5]\nHồ lỗ sơ lâm cảnh, Chiêu Quốc tấu Chiêu Văn tại Tuyên Quang ứng tại thượng hô hồ lỗ hĩ.\n日 燏 喜 宋 人 遊 故 昭 國 云 然 宣 光 失 守 . [3a*9*6]\n[Nhật Duật hỉ Tống nhân du cố Chiêu Quốc vân nhiên,] Tuyên Quang thất thủ.\n日 燏 沿 流 . [3a*9*22]\nNhật Duật duyên lưu..\n",
    "url": "/data/image_dvsk/ban_ky_toan_thu/quyen7/DVSKTT_ban_toan_VII_3a.jpg"
  },
  {
    "text": "而 下 虜 軍 傅 两 岸 邊 追 躡 之 . [3b*1*1]\nnhi hạ, lỗ quân phó lưỡng ngạn biên truy niếp chi.\n日 燏 顧 虜 軍 徐 行 謁 士 眾 曰 凣 追 則 要 速 今 徐 徐 然 行 恐 有 前 軍 把 截 亟 . [3b*1*12]\nNhật Duật cố lỗ quân từ hành, yết sĩ chúng viết: Phàm truy tắc yếu tốc, kim từ từ nhiên hành, khủng hữu tiền quân bả tiệt cực.\n遣 人 視 之 果 見 虜 以 横 截 下 流 登 陸 乃 免 . [3b*3*2]\nKhiến nhân thị, chi quả kiến lỗ dĩ hoành tiệt hạ lưu, đăng lục nãi miễn.\n其 為 為 人 雅 量 喜 怒 不 形 於 色 家 未 嘗 鞭 以 以 笞 奴 隷 或 笞 之 則 數 其 過 失 然 後 行 笞 嘗 命 家 僮 守 舟 國 父 家 僮 敺 之 其 人 馳 吿 . [3b*3*18]\nKì vi vi nhân nhã lượng, hỉ nộ bất hình ư sắc, gia vị thường tiên ve-chu dĩ si nô lệ hoặc si chi tắc số kì quá thất, nhiên hậu hành si Thường mệnh gia đồng thủ chu Quốc phụ gia đồng khu chi kì nhân trì cáo.\n日 燏 曰 死 亡 耶 曰 但 敺 傷 耳 . [3b*6*10]\nNhật Duật viết: Tử vong da? Viết: Đản khu thương nhĩ.\n曰 不 死 則 已 奚 吿 為 . [3b*7*2]\nViết: Bất tử tắc dĩ hề cáo vi.\n又 有 人 訟 家 婢 於 國 父 . [3b*7*10]\nHựu hữu nhân tụng gia tì ư Quốc phụ.\n國 父 令 家 僮 收 捕 . [3b*7*19]\nQuốc phụ lệnh gia đồng thu bổ.\n婢 走 入 府 中 捕 者 追 至 中 堂 擊 捉 喧 閙 . [3b*8*7]\nTì tẩu nhập phủ trung bổ giả truy, chí trung đường kích tróc huyên náo.\n夫 人 泣 曰 恩 主 宰 相 也 . [3b*9*3]\nPhu nhân khấp viết: Ân chúa tể tướng dã.\n平 章 亦 宰 相 也 . [3b*9*12]\nBình Chương diệc Tể tướng dã.\n縁 恩 . [3b*9*18]\nDuyên ân..\n",
    "url": "/data/image_dvsk/ban_ky_toan_thu/quyen7/DVSKTT_ban_toan_VII_3b.jpg"
  },
  {
    "text": "主 仁 柔 故 人 輕 易 至 此 . [4a*1*1]\nchúa nhân nhu, cố nhân khinh dị chí thử.\n日 燏 從 容 不 應 徐 令 人 謂 婢 曰 汝 第 出 處 處 都 有 國 法 . [4a*1*10]\nNhật Duật thong dong bất ứng từ, lệnh nhân vị tì viết: Nhữ đệ xuất, xứ xứ đô hữu quốc pháp.\n又 涉 獵 史 籍 篤 慕 玄 教 通 於 冲 典 冲 深 也 飛 也 虚 也 老 子 太 盈 若 虚 虚 作 冲 時 以 該 博 稱 上 皇 方 幼 孺 在 閣 有 疾 常 命 行 安 鎮 符 法 . [4a*2*12]\nHựu thiệp liệp sử tịch đốc mộ Huyền giáo, thông ư xung điển, [xung thâm dã phi dã hư dã lão. tử thái doanh nhược hư hư tác xung,] Thời, dĩ cai bác xưng Thượng hoàng phương ấu, nhụ tại các hữu tật, thường mệnh hành an trấn phù pháp.\n其 被 氅 加 冠 如 道 士 状 . [4a*4*16]\nKì bị sưởng gia quán như đạo sĩ trạng.\n小 君 貞 肃 夫 人 嘗 有 私 請 日 燏 頷 之 及 出 府 庭 記 室 以 其 事 呈 日 燏 不 之 許 . [4a*5*6]\nTiểu quân Trinh Túc phu nhân thường hữu tư thỉnh, Nhật Duật hạm chi, cập xuất phủ đình ký thất dĩ kì sự trình, Nhật Duật bất chi hứa.\n以 親 王 之 貴 歴 事 四 朝 三 領 鉅 鎮 家 居 無 日 不 開 倡 優 塲 作 戲 樂 而 人 不 以 為 淫 . [4a*6*16]\nDĩ thân vương chi quý lịch sự tứ triều tam lĩnh cự trấn, gia cư vô nhật bất khai xướng ưu trường tác hí lạc, nhi nhân bất dĩ vi dâm.\n較 之 郭 子 儀 窮 奢 極 欲 而 人 不 之 非 者 殆 庶 幾 焉 . [4a*8*9]\nGiảo chi Quách Tử Nghi cùng xa cực dục nhi nhân bất chi phi giả, đãi thứ kỷ yên.\n貞 肅 清 化 人 也 故 日 燏 家 妾 . [4a*9*9]\nTrinh Túc Thanh Hoá nhân dã, cố Nhật Duật gia thiếp..\n",
    "url": "/data/image_dvsk/ban_ky_toan_thu/quyen7/DVSKTT_ban_toan_VII_4a.jpg"
  },
  {
    "text": "皆 清 化 人 而 其 子 皆 清 化 女 所 出 . [4b*1*1]\ngiai Thanh Hoá nhân, nhi kì tử giai Thanh Hoá nữ sở xuất.\n厥 後 除 清 化 知 府 每 以 日 燏 子 孫 爲 之 如 國 康 之 於 演 州 是 也 〇 . [4b*1*14]\nQuyết hậu, trừ Thanh Hoá tri phủ mỗi dĩ Nhật Duật tử tôn vi chi, như Quốc Khang chi ư Diễn Châu thị dã .\n陳 克 終 卒 . [4b*3*1]\nTrần Khắc Chung tốt.\n贈 少 師 . [4b*3*5]\nTặng Thiếu sư.\n克 終 為 人 矯 情 干 譽 不 事 家 業 . [4b*3*8]\nKhắc Chung vi nhân kiểu tình can dự, bất sự gia nghiệp.\n每 日 晨 入 朝 則 於 永 昌 門 尚 輦 局 次 歇 審 觀 奏 簿 以 僃 陳 奏 . [4b*4*1]\nMỗi nhật thần nhập triều, tắc ư Vĩnh Xương môn, Thượng Liễn cục, thứ yết thẩm quan tấu bạ, dĩ bị trần tấu.\n朝 退 則 就 東 宫 明 宗 時 在 東 宫 教 授 皆 強 矯 爲 之 . [4b*5*5]\nTriều thoái tắc tựu Đông cung [Minh Tông thời tại Đông cung,] giáo thụ, giai cường kiểu vi chi.\n常 與 學 士 阮 士 固 博 戲 或 二 三 日 夜 以 斷 晝 只 據 枰 啜 粥 不 假 少 息 . [4b*6*2]\nThường dữ Học sĩ Nguyễn Sĩ Cố bác hí hoặc nhị tam nhật dạ dĩ đoạn trú chỉ cứ bính xuyết chúc bất giả thiếu tức.\n其 贏 偷 止 一 二 緍 而 用 心 太 苦 如 此 . [4b*7*9]\nKì doanh thâu chỉ nhất nhị mân nhi dụng tâm thái khổ như thử.\n又 如 朋 友 周 晬 落 成 等 日 邀 請 一 一 皆 往 . [4b*8*4]\nHựu như bằng hữu chu tối lạc thành đẳng nhật yêu thỉnh, nhất nhất giai vãng.\n甚 至 醫 官 家 有 兼 味 則 就 其 家 . [4b*9*1]\nThậm chí y quan gia hữu kiêm vị, tắc tựu kì gia.\n軍 人 供 食 則 嘉 其 . [4b*9*13]\nQuân nhân cúng thực tắc gia kì..\n",
    "url": "/data/image_dvsk/ban_ky_toan_thu/quyen7/DVSKTT_ban_toan_VII_4b.jpg"
  },
  {
    "text": "妻 . [5a*1*1]\nthê.\n一 日 謂 其 子 公 綽 曰 汝 娶 其 家 女 何 不 見 告 𥘉 娶 寳 環 . [5a*1*2]\nNhất nhật vị kì tử Công Xước viết: Nhữ thú kì gia nữ hà bất kiến cáo? Sơ thú Bảo Hoàn.\n重 興 間 元 人 入 冦 寳 環 父 母 降 虜 田 産 並 没 官 . [5a*2*4]\nTrùng Hưng gian, Nguyên nhân nhập khấu, Bảo Hoàn phụ mẫu hàng lỗ, điền sản tịnh một quan.\n及 帝 即 位 詔 還 之 不 以 供 時 祀 . [5a*3*3]\nCập Đế tức vị, chiếu hoàn chi, bất dĩ cúng thời tự.\n其 趨 時 外 節 又 如 此 . [5a*3*15]\nKì xu thời ngoại tiết hựu như thử.\n惟 行 成 一 事 可 觀 故 人 皆 稱 賢 . [5a*4*4]\nDuy hành thành nhất sự khả quan cố, nhân giai xưng hiền.\n歸 塟 𰎟 山 紹 武 家 奴 斬 碎 其 尸 . [5a*4*16]\nQuy táng giáp Sơn Thiệu Võ gia nô trảm toái kì thi.\n辛 未 三 年 元 至 順 二 年 元 遣 史 部 尚 書 撒 只 瓦 來 吿 文 宗 即 位 〇 . [5a*6*1]\nTân Mùi tam niên, [Nguyên Chí Thuận nhị niên,] Nguyên khiến Sử bộ Thượng thư Tản Chỉ Ngoã lai cáo Văn Tông tức vị .\n遣 使 如 元 賀 〇 . [5a*7*5]\nKhiến sứ như Nguyên hạ .\n上 皇 御 重 光 宫 皇 子 暊 空 武 切 侍 . [5a*7*11]\nThượng hoàng ngự Trùng Quang cung Hoàng, tử phủ [không vũ thiết,] thị.\n遇 大 風 雨 應 制 賦 詩 云 安 得 壯 士 力 盖 世 可 禦 大 屋 之 頽 風 上 皇 賞 金 十 兩 . [5a*8*6]\nNgộ đại phong vũ, ứng chế phú thi vân: An đắc tráng sĩ lực cái thế, Khả ngự đại ốc chi đồi phong Thượng hoàng thưởng kim thập lượng.\n暊 年 十 一 . [5a*9*14]\n[Phũ niên thập nhất,]..\n",
    "url": "/data/image_dvsk/ban_ky_toan_thu/quyen7/DVSKTT_ban_toan_VII_5a.jpg"
  },
  {
    "text": "壬 申 四 年 元 至 順 三 年 春 二 月 十 五 日 祔 塟 順 聖 保 慈 皇 太 后 于 泰 陵 . [5b*1*1]\nNhâm Thân tứ niên, [Nguyên chí Thuận tam niên,] xuân nhị nguyệt, thập ngũ nhật, phụ táng Thuận Thánh Bảo Từ Hoàng thái hậu vu Thái Lăng.\n先 是 上 皇 命 日 官 擇 塟 日 有 駁 之 曰 以 今 年 塟 必 害 祭 主 . [5b*2*7]\nTiên thị, Thượng hoàng mệnh nhật quan trạch táng nhật, hữu bác chi viết: Dĩ kim niên táng tất hại tế chủ.\n上 皇 使 問 曰 汝 知 予 明 年 必 死 耶 對 曰 不 知 也 . [5b*3*10]\nThượng hoàng sử vấn viết: Nhữ tri dư minh niên tất tử da? Đối viết: Bất tri dã.\n又 問 曰 如 明 年 以 徃 予 必 不 死 則 緩 塟 母 后 可 也 . [5b*4*9]\nHựu vấn viết: Như minh niên dĩ vãng dư tất bất tử, tắc hoãn táng mẫu hậu khả dã.\n如 明 年 予 死 而 母 后 襄 成 事 曰 襄 事 不 猶 愈 於 徒 死 乎 夫 吉 禮 凶 禮 必 須 擇 日 重 其 事 也 𡸈 陰 陽 家 拘 泥 禍 福 之 謂 哉 卒 行 塟 禮 〇 . [5b*5*9]\nNhư minh niên dư tử nhi mẫu hậu nhượng [thành sự viết nhượng,] sự bất do dũ ư đồ tử hồ? Phu cát lễ hung lễ tất tu trạch nhật trọng kì sự dã, há âm dương gia câu nệ hoạ phúc chi vị tai! Tốt hành táng lễ .\n三 月 以 阮 忠 彦 為 内 𡧸 院 副 使 掌 官 朝 内 省 籍 〇 . [5b*7*19]\nTam nguyệt, dĩ Nguyễn Trung Ngạn vi Nội mật viện phó sứ, chưởng quan triều nội tỉnh tịch .\n秋 七 月 以 阮 忠 彦 知 審 刑 院 事 兼 清 化 安 撫 使 . [5b*8*19]\nThu thất nguyệt, dĩ Nguyễn Trung Ngạn tri Thẩm hình viện sự kiêm Thanh Hoá An phủ sứ.\n忠 彦 . [5b*9*18]\nTrung Ngạn..\n",
    "url": "/data/image_dvsk/ban_ky_toan_thu/quyen7/DVSKTT_ban_toan_VII_5b.jpg"
  },
  {
    "text": "立 平 𠃔 堂 决 獄 訟 無 寃 濫 . [6a*1*1]\nlập Bình doãn đường, quyết ngục tụng vô oan lạm.\n癸 酉 五 年 元 順 帝 妥 懽 帖 睦 兒 元 統 元 年 秋 七 月 大 水 〇 . [6a*2*1]\nQuý Dậu ngũ niên, [Nguyên Thuận Đế Thoả Hoan Thiếp Mục Nhi Nguyên Thống nguyên niên,] thu thất nguyệt đại thuỷ .\n大 譏 . [6a*2*23]\nĐại cơ.\n甲 戌 六 年 元 元 統 二 年 春 中 書 增 置 左 右 正 言 參 議 〇 . [6a*3*1]\nGiáp Tuất lục niên, [Nguyên Nguyên Thống nhị niên,] xuân Trung thư tăng trí tả hữu chính ngôn tham nghị .\n上 皇 廵 守 乂 安 道 親 征 哀 牢 以 阮 中 彦 充 清 化 𤼵 運 使 運 糧 先 行 車 駕 至 黔 州 軍 聲 大 振 哀 牢 望 風 而 遁 詔 忠 彦 磨 崖 紀 功 而 還 乙 亥 七 年 元 至 元 元 年 元 遣 史 部 尚 書 鉄 柱 來 吿 順 帝 即 位 〇 . [6a*4*1]\nThượng hoàng tuần thú Nghệ An đạo thân chinh Ai Lao Dĩ Nguyễn Trung Ngạn sung Thanh Hoá phát vận sứ vận lương tiên hành Xa giá chí Kiềm Châu quân thanh đại chấn Ai Lao vọng phong nhi độn, Chiếu Trung Ngạn ma nhai kỷ công nhi hoàn Ất Hợi thất niên, [Nguyên Chí Nguyên nguyên niên,] Nguyên khiến sử bộ thượng thư Thiết Trụ lai cáo Thuận Đế tức vị .\n秋 九 月 上 皇 親 征 哀 牢 敗 績 . [6a*8*4]\nThu cửu nguyệt, Thượng hoàng thân chinh Ai Lao bại tích.\n段 汝 諧 溺 死 . [6a*8*15]\nĐoàn Nhữ Hài nịch tử.\n先 是 上 皇 議 親 征 哀 牢 不 果 . [6a*9*1]\nTiên thị, Thượng hoàng nghị thân chinh Ai Lao bất quả.\n至 是 又 議 親 征 而 眼 . [6a*9*12]\nChí thị hựu nghị thân chinh nhi nhãn..\n",
    "url": "/data/image_dvsk/ban_ky_toan_thu/quyen7/DVSKTT_ban_toan_VII_6a.jpg"
  },
  {
    "text": "疾 作 . [6b*1*1]\ntật tác.\n或 請 緩 師 上 皇 曰 去 年 親 征 不 果 . [6b*1*3]\nHoặc thỉnh hoãn sư, Thượng hoàng viết: Khứ niên thân chinh bất quả.\n今 年 又 以 疾 緩 師 . [6b*1*16]\nKim niên hựu dĩ tật hoãn sư.\n天 下 将 謂 予 怯 萬 一 北 虜 侵 軼 則 吾 将 何 特 遂 厥 意 親 征 . [6b*2*4]\nThiên hạ tướng vị dư khiếp, vạn nhất Bắc lỗ xâm dật tắc ngô tướng hà đặc? Toại quyết ý thân chinh.\n疾 尋 愈 至 乂 安 疾 又 作 . [6b*3*7]\nTật tầm dũ, chí Nghệ An tật hựu tác.\n上 皇 乘 舟 力 疾 而 行 . [6b*3*16]\nThượng hoàng thừa chu, lực tật nhi hành.\n登 陸 乃 . [6b*4*5]\nĐăng lục nãi.\n愈 時 汝 諧 𬋩 神 武 神 策 兼 乂 安 經 畧 大 使 而 哀 牢 侵 南 戎 乃 乂 安 之 属 邑 故 以 汝 諧 為 督 将 諸 軍 皆 受 節 制 . [6b*4*8]\ndũ Thời, Nhữ Hài quản Thần Võ, Thần Sách kiêm Nghệ An kinh lược đại sứ nhi Ai Lao xâm Nam Nhung nãi Nghệ An chi thuộc ấp, cố dĩ Nhữ Hài vi đốc tướng chư quân giai thụ tiết chế.\n汝 諧 止 率 神 武 及 乂 安 軍 以 行 意 哀 牢 㨿 南 戎 其 眾 單 弱 擊 之 必 克 . [6b*6*11]\nNhữ Hài chỉ suất Thần Võ cập Nghệ An quân dĩ hành ý Ai Lao cứ Nam Nhung kì chúng đơn nhược kích chi tất khắc.\n且 砦 臨 屑 邏 大 江 既 克 之 後 俘 獲 沿 流 而 下 過 真 臘 及 諸 蕃 國 皆 震 耀 兵 威 因 諭 諸 國 子 弟 入 朝 志 欲 邀 . [6b*7*18]\nThả trại lâm Tiết La đại giang ký khắc chi hậu phù hoạch duyên lưu nhi hạ quá Chân Lạp cập chư Phiên quốc giai chấn diệu binh uy, nhân dụ chư quốc tử đệ nhập triều, chí dục yêu..\n",
    "url": "/data/image_dvsk/ban_ky_toan_thu/quyen7/DVSKTT_ban_toan_VII_6b.jpg"
  },
  {
    "text": "奇 功 以 凌 同 列 . [7a*1*1]\nkì công dĩ lăng đồng liệt.\n及 交 戰 之 日 陰 霧 晦 㝠 賊 先 伏 象 馬 夾 攻 . [7a*1*7]\nCập giao chiến chi nhật, âm vụ hối minh tặc tiên phục tượng mã giáp công.\n官 軍 大 敗 墮 水 死 者 過 半 汝 諧 在 焉 . [7a*2*4]\nQuan quân đại bại, đoạ thuỷ tử giả quá bán, Nhữ Hài tại yên.\n上 皇 聞 之 曰 汝 諧 用 必 克 之 謀 乘 必 勝 之 勢 攻 垂 成 卒 為 賊 所 餌 . [7a*2*18]\nThượng hoàng văn chi viết: Nhữ Hài dụng tất khắc chi mưu thừa tất thắng chi thế công thuỳ thành tốt vi tặc sở nhĩ.\n汝 諧 非 不 知 料 敵 但 所 為 過 大 而 𦤶 然 耳 . [7a*4*5]\nNhữ Hài phi bất tri liệu địch, đản sở vi quá đại nhi trí nhiên nhĩ.\n乃 知 人 之 期 望 不 可 踰 分 限 也 . [7a*5*2]\nNãi tri nhân chi kì vọng bất khả du phân hạn dã.\n史 臣 吳 士 連 曰 城 濮 之 戰 子 玉 有 必 勝 之 謀 而 終 敗 績 為 文 公 之 所 餌 也 . [7a*6*1]\nSử thần Ngô Sĩ Liên viết: Thành Bộc chi chiến Tử Ngọc hữu tất thắng chi mưu nhi chung bại tích vi Văn Công chi sở nhĩ dã.\n南 戎 之 戰 汝 諧 有 必 勝 之 謀 亦 以 敗 績 為 哀 牢 之 所 餌 也 . [7a*7*11]\nNam Nhung chi chiến Nhữ Hài hữu tất thắng chi mưu diệc dĩ bại tích vi Ai Lao chi sở nhĩ dã.\n彼 二 将 者 𡸈 無 才 畧 以 至 是 哉 乃 驕 而 取 敗 也 . [7a*8*15]\nBỉ nhị tướng giả há vô tài lược dĩ chí thị tai! Nãi kiêu nhi thủ bại dã.\n孔 子 曰 臨 . [7a*9*15]\nKhổng Tử viết: Lâm..\n",
    "url": "/data/image_dvsk/ban_ky_toan_thu/quyen7/DVSKTT_ban_toan_VII_7a.jpg"
  },
  {
    "text": "事 而 惧 好 謀 而 成 . [7b*1*1]\nsự nhi cụ hảo mưu nhi thành.\n行 師 之 要 莫 大 乎 是 𡸈 有 将 之 驕 吝 而 能 成 功 哉 . [7b*1*8]\nHành sư chi yếu mạc đại hồ! Thị há hữu tướng chi kiêu lận nhi năng thành công tai.\n上 皇 之 親 征 也 . [7b*3*2]\nThượng hoàng chi thân chinh dã.\n杜 天 覰 時 𬋩 快 户 軍 即 神 策 軍 也 方 病 篤 命 留 後 . [7b*3*8]\nĐỗ Thiên Thứ thời quản Khoái Hộ quân [tức Thần Sách quân dã,] phương bệnh, đốc mệnh lưu hậu.\n天 覰 即 令 家 人 昇 詣 永 安 門 外 固 請 扈 駕 . [7b*4*6]\nThiên Thứ tức lệnh gia nhân thăng nghệ Vĩnh An môn ngoại, cố thỉnh hộ giá.\n曰 臣 寕 死 於 營 門 之 外 不 死 於 床 蓐 之 . [7b*5*3]\nViết: Thần ninh tử ư doanh môn chi ngoại bất tử ư sàng nhục chi.\n間 上 皇 嘉 其 志 從 之 入 賊 境 而 卒 . [7b*5*18]\ngian Thượng hoàng gia kì chí tòng chi, nhập tặc cảnh nhi tốt.\n上 皇 嗟 悼 勑 賜 太 常 樂 常 祀 . [7b*6*12]\nThượng hoàng ta điệu sắc tứ Thái thường lạc thường tự.\n後 阮 愈 卒 亦 如 之 . [7b*7*4]\nHậu Nguyễn Dũ tốt diệc như chi.\n時 常 祀 用 太 常 樂 惟 行 遣 得 之 審 刑 止 用 齋 内 祭 天 覰 賜 太 常 祀 盖 時 恩 寵 遇 不 下 於 行 遣 也 史 臣 吳 士 連 曰 小 人 之 用 心 也 見 利 則 進 害 則 . [7b*7*11]\n[Thời thường tự dụng Thái thường nhạc duy hành khiển đắc chi, Thẩm hình chỉ dụng trai nội tế Thiên Thứ tứ Thái thường tự cái thời ân sủng ngộ bất hạ ư Hành khiển dã.] Sử thần Ngô Sĩ Liên viết: Tiểu nhân chi dụng tâm dã, kiến lợi tắc tiến hại tắc..\n",
    "url": "/data/image_dvsk/ban_ky_toan_thu/quyen7/DVSKTT_ban_toan_VII_7b.jpg"
  },
  {
    "text": "退 惟 求 適 己 自 便 . [8a*1*1]\nthoái, duy cầu thích kỷ tự tiện.\n故 有 見 事 而 辭 難 者 有 當 官 而 托 故 者 鮮 能 急 於 其 君 也 . [8a*1*8]\nCố hữu kiến sự nhi từ nan giả hữu đương quan nhi thác cố giả tiên năng cấp ư kì quân dã.\n天 覰 方 病 篤 明 宗 命 留 後 常 人 之 情 不 過 奉 命 而 己 乃 故 請 扈 從 不 願 死 於 床 蓐 之 間 則 其 用 心 惟 急 於 君 上 𡸈 不 為 辭 難 托 故 者 羞 哉 〇 . [8a*2*12]\nThiên Thứ phương bệnh đốc Minh Tông mệnh lưu hậu thường nhân chi tình bất quá phụng mệnh nhi kỷ, nãi cố thỉnh hộ tòng bất nguyện tử ư sàng nhục chi gian, tắc kì dụng tâm duy cấp ư quân thượng há bất vi từ nan thác cố giả tu tai! .\n時 有 上 将 范 蒼 檜 性 柔 和 未 嘗 與 人 爭 . [8a*6*2]\nThời, hữu Thượng tướng Phạm Thương Cối tính nhu hoà, vị thường dữ nhân tranh.\n陳 吾 郎 每 輕 之 蒼 檜 不 為 動 至 於 攻 戰 則 屢 有 功 亦 不 以 其 功 加 人 . [8a*6*17]\nTrần Ngô Lang mỗi khinh chi Thương Cối bất vi động, Chí ư công chiến tắc lũ hữu công diệc bất dĩ kì công gia nhân.\n上 皇 常 曰 蒼 檜 之 處 己 也 近 於 郭 子 儀 矣 . [8a*8*5]\nThượng hoàng thường viết: Thương Cối chi xử kỷ dã cận ư Quách Tử Nghi hĩ.\n冬 十 月 地 震 . [8a*9*3]\nĐông thập nguyệt, địa chấn.\n",
    "url": "/data/image_dvsk/ban_ky_toan_thu/quyen7/DVSKTT_ban_toan_VII_8a.jpg"
  },
  {
    "text": "丙 子 八 年 元 至 元 二 年 春 正 月 上 皇 自 哀 牢 至 京 〇 . [8b*1*1]\nBính Tí bát niên, [Nguyên Chí Nguyên nhị niên,] xuân chính nguyệt, Thượng hoàng tự Ai Lao chí kinh .\n秋 七 月 大 水 〇 . [8b*1*22]\nThu thất nguyệt, đại thuỷ .\n冬 十 月 十 九 日 上 皇 子 皜 生 即 裕 宗 也 丁 丑 九 年 元 至 元 三 年 夏 六 月 二 日 上 皇 子 曔 生 即 睿 宗 也 〇 . [8b*2*6]\nĐông thập nguyệt, thập cửu nhật, Thượng hoàng tử Hạo sinh [tức Dụ Tông dã,] Đinh Sửu cửu niên, [Nguyên Chí Nguyên tam niên,] hạ lục nguyệt, nhị nhật, Thượng hoàng tử Kính sinh [tức Duệ Tông dã,] .\n五 月 雷 震 瑞 章 殿 遏 雲 亭 〇 . [8b*4*2]\nNgũ nguyệt lôi chấn Thuỵ Chương điện, Át Vân đình .\n彗 星 見 東 北 〇 . [8b*4*13]\nTuệ tinh hiện Đông Bắc .\n閲 定 文 武 官 仍 置 諸 省 院 属 〇 . [8b*4*19]\nDuyệt định văn võ quan những trí chư sảnh viện thuộc .\n秋 七 月 納 平 章 惠 肅 王 長 女 顯 貞 公 主 為 宸 妃 〇 . [8b*5*12]\nThu thất nguyệt, nạp Bình Chương Huệ Túc Vương trưởng nữ Hiển Trinh công chúa vi Thần phi .\n九 月 詔 内 外 官 考 覈 所 𬋩 属 有 供 結 者 留 在 家 不 着 役 者 出 之 〇 . [8b*6*12]\nCửu nguyệt, chiếu nội ngoại quan khảo hạch sở quản thuộc, hữu cúng kết giả lưu tại gia bất trước dịch giả xuất chi .\n以 阮 忠 彦 為 乂 安 安 撫 使 兼 國 史 院 監 修 國 史 行 快 州 路 漕 運 使 . [8b*7*18]\nDĩ Nguyễn Trung Ngạn vi Nghệ An an phủ sứ kiêm Quốc sử viện giám tu quốc sử hành Khoái Châu lộ tào vận sứ.\n忠 彦 建 議 立 漕 倉 貯 田 租 以 賑 饑 民 . [8b*9*4]\nTrung Ngạn kiến nghị lập Tào thương trữ điền tô dĩ chẩn cơ dân.\n詔 諸 . [8b*9*18]\nChiếu chư..\n",
    "url": "/data/image_dvsk/ban_ky_toan_thu/quyen7/DVSKTT_ban_toan_VII_8b.jpg"
  },
  {
    "text": "路 倣 行 之 命 . [9a*1*1]\nlộ phỏng hành chi .\n命 興 孝 王 討 平 牛 吼 蠻 . [9a*1*6]\nMệnh Hưng Hiếu Vương thảo bình Ngưu Hống man.\n入 鄭 旗 寨 大 破 之 斬 其 酋 車 焚 . [9a*1*15]\nNhập Trịnh Kì trại đại phá chi, trảm kì tù Xa Phần.\n師 還 軍 士 皆 爵 賞 . [9a*2*8]\nSư hoàn, quân sĩ giai tước thưởng.\n興 孝 王 援 仁 惠 討 平 南 戎 故 事 請 賞 守 舟 者 . [9a*2*15]\nHưng Hiếu Vương viện Nhân Huệ thảo bình Nam Nhung cố sự thỉnh thưởng thủ chu giả.\n上 皇 曰 󰆑 餘 之 討 南 戎 自 乂 安 陸 行 數 日 至 南 戎 江 乃 刻 木 為 舟 . [9a*3*13]\nThượng hoàng viết: Khánh Dư chi thảo Nam Nhung tự Nghệ An lục hành số nhật chí Nam Nhung giang nãi khắc mộc vi chu.\n是 守 賊 境 之 舟 非 守 乂 安 之 舟 也 . [9a*4*18]\nThị thủ tặc cảnh chi chu phi thủ Nghệ An chi chu dã.\n今 之 守 舟 則 異 於 是 且 有 賞 必 有 罰 . [9a*5*12]\nKim chi thủ chu tắc dị ư thị thả hữu thưởng tất hữu phạt.\n其 󰟨 常 相 須 如 取 舟 欲 籍 戰 勝 受 賞 使 戰 者 當 死 則 守 者 亦 子 耶 . [9a*6*5]\nKì thế thường tương tu như thủ chu dục tịch chiến thắng thụ thưởng, sử chiến giả đương tử tắc thủ giả diệc tử da.\n興 孝 對 曰 如 無 守 舟 軍 中 或 聞 賊 以 獲 舟 軍 士 能 堅 守 乎 上 皇 曰 苟 如 此 先 賞 在 朝 方 可 如 京 師 不 靖 軍 士 其 能 赴 敵 乎 興 孝 . [9a*7*11]\nHưng Hiếu đối viết: Như vô thủ chu quân trung hoặc văn tặc dĩ hoạch chu quân sĩ năng kiên thủ hồ? Thượng hoàng viết: Câu như thử tiên thưởng tại triều phương khả như kinh sư bất tịnh quân sĩ kì năng phó địch hồ? Hưng Hiếu..\n",
    "url": "/data/image_dvsk/ban_ky_toan_thu/quyen7/DVSKTT_ban_toan_VII_9a.jpg"
  },
  {
    "text": "不 能 對 . [9b*1*1]\nbất năng đối.\n是 役 者 興 孝 家 僮 范 艾 預 有 戰 功 . [9b*1*4]\nThị dịch giả Hưng Hiếu gia đồng Phạm Ngải dự hữu chiến công.\n上 皇 曰 家 奴 雖 有 微 撈 不 得 預 朝 廷 官 爵 . [9b*1*17]\nThượng hoàng viết: Gia nô tuy hữu vi lao bất đắc dự triều đình quan tước.\n詔 給 艾 田 率 五 分 . [9b*2*14]\nChiếu cấp Ngải điền suất ngũ phần.\n又 有 保 武 者 上 皇 所 親 愛 然 不 置 之 要 地 非 其 才 也 如 英 宗 之 於 興 保 云 . [9b*3*2]\nHựu hữu Bảo Vũ giả Thượng hoàng sở thân ái, nhiên bất trí chi yêu địa phi kì tài dã, như Anh Tông chi ư Hưng Bảo vân.\n戊 寅 十 年 元 至 元 四 年 秋 八 月 大 水 〇 . [9b*5*1]\nMậu Dần thập niên, [Nguyên Chí Nguyên tứ niên,] thu bát nguyệt, đại thuỷ .\n冬 十 月 大 風 房 屋 大 樹 多 倒 壓 者 〇 . [9b*5*17]\nĐông thập nguyệt, đại phong phòng ốc đại thụ đa đảo áp giả .\n以 恭 靖 王 元 晫 為 參 預 朝 政 恭 定 王 暊 為 驃 騎 上 将 軍 領 宣 光 鎮 . [9b*6*8]\nDĩ Cung Tĩnh vương Nguyên trác vi Tham dự triều chính, Cung Định vương phủ vi Phiêu Kị thượng tướng quân lĩnh Tuyên Quang trấn.\n己 卯 十 一 年 元 至 元 五 年 春 改 授 時 曆 為 懾 紀 曆 時 候 儀 郎 太 史 局 令 鄧 輅 以 前 曆 皆 名 授 時 請 改 曰 懾 . [9b*8*1]\nKỉ Mão thập nhất niên, [Nguyên Chí Nguyên ngũ niên,] xuân, cải Thụ thời lịch vi Hiệp kỷ lịch Thời Hậu nghi lang thái sử cục lệnh Đặng lộ dĩ tiền lịch giai danh Thụ thời thỉnh cải viết Hiệp..\n",
    "url": "/data/image_dvsk/ban_ky_toan_thu/quyen7/DVSKTT_ban_toan_VII_9b.jpg"
  },
  {
    "text": "紀 帝 從 之 . [10a*1*1]\nkỉ Đế tòng chi.\n輅 山 明 縣 人 輅 常 作 玲 󰍡 儀 考 驗 天 象 罔 不 脗 合 〇 . [10a*1*5]\n[Lộ Sơn Minh huyện nhân,] lộ thường tác Linh lung nghi khảo nghiệm thiên tượng võng bất vẫn hợp .\n秋 八 月 十 五 日 夜 上 皇 子 暭 乘 舟 泛 西 湖 溺 水 得 之 魚 粱 中 . [10a*2*4]\nThu bát nguyệt, thập ngũ nhật, dạ, Thượng hoàng tử hạo thừa chu phiếm Tây Hồ nịch thuỷ đắc chi ngư lương trung.\n上 皇 命 醫 人 鄒 庚 療 治 . [10a*3*8]\nThượng hoàng mệnh y nhân Trâu Canh liệu trị.\n庚 曰 鍼 之 則 復 蘇 但 恐 陽 痿 . [10a*3*17]\nCanh viết: Châm chi tắc phục tô đản khủng dương nuy.\n鍼 之 果 如 其 言 . [10a*4*9]\nChâm chi quả như kì ngôn.\n自 是 人 稱 庚 為 鄒 神 醫 . [10a*4*15]\nTự thị nhân xưng Canh vi Trâu thần y.\n累 遷 冠 服 侯 宣 徽 院 大 使 兼 太 醫 使 〇 . [10a*5*5]\nLuỵ thiên Quan phục hầu Tuyên Huy viện đại sứ kiêm Thái y sứ .\n以 張 漢 超 為 門 下 右 司 郎 中 〇 . [10a*6*1]\nDĩ Trương Hán Siêu vi Môn hạ hữu ti lang trung .\n仁 惠 王 󰆑 餘 卒 〇 . [10a*6*13]\nNhân Huệ Vương Khánh Dư tốt .\n是 歲 熒 惑 入 南 斗 留 一 月 方 出 未 詳 某 月 辛 巳 十 四 年 八 月 以 後 裕 宗 紹 豊 元 年 元 . [10a*7*1]\nThị tuế Huỳnh Hoặc nhập Nam Đẩu lưu nhất nguyệt phương xuất [vị tường mỗ nguyệt.] Tân Tị thập tứ niên, [bát nguyệt dĩ hậu, Dụ Tông Thiệu Phong nguyên niên .\n元 至 正 元 年 春 以 阮 忠 彦 為 京 師 大 尹 〇 . [10a*8*17]\nNguyên Chí Chính nguyên niên,] xuân, dĩ Nguyễn Trung Ngạn vi Kinh sư đại doãn .\n夏 六 月 十 一 日 帝 崩 于 正 寝 權 安 殯 . [10a*9*6]\nHạ lục nguyệt, thập nhất nhật, Đế băng vu chính tẩm, quàn An Tấn..\n",
    "url": "/data/image_dvsk/ban_ky_toan_thu/quyen7/DVSKTT_ban_toan_VII_10a.jpg"
  },
  {
    "text": "于 建 昌 宫 廟 號 憲 宗 . [10b*1*1]\nvu Kiến Xương cung, miếu hiệu Hiến Tông.\n史 臣 吳 士 連 曰 帝 雖 有 天 資 之 美 然 以 弱 齡 嗣 位 國 政 皆 出 於 上 皇 又 若 不 及 於 政 者 所 謂 父 在 子 不 得 自 專 也 安 得 而 議 之 哉 . [10b*2*1]\nSử thần Ngô Sĩ Liên viết: Đế tuy hữu thiên tư chi mĩ, nhiên dĩ nhược linh tự vị quốc chính giai xuất ư Thượng hoàng, hựu nhược bất cập ư chính giả, sở vị phụ tại tử bất đắc tự chuyên dã An đắc nhi nghị chi tai.\n秋 八 月 二 十 一 日 上 皇 迎 皇 子 暭 即 皇 帝 位 改 元 紹 豊 元 年 . [10b*5*2]\nThu bát nguyệt, nhị thập nhất nhật, Thượng hoàng nghênh Hoàng tử hạo tức Hoàng đế vị, cải nguyên Thiệu Phong nguyên niên.\n大 赦 . [10b*6*6]\nĐại xá.\n稱 裕 皇 . [10b*6*8]\nXưng Dụ Hoàng.\n群 臣 上 尊 號 曰 統 天 體 道 仁 明 光 孝 皇 帝 . [10b*6*11]\nQuần thần thượng tôn hiệu viết: Thống Thiên Thể Đạo Nhân Minh Quang Hiếu Hoàng Đế.\n年 甫 六 歲 不 立 長 子 恭 肃 王 昱 者 踈 狂 也 〇 . [10b*7*8]\nNiên phủ lục tuế Bất lập trưởng tử Cung Túc Vương Dục giả sơ cuồng dã .\n命 張 漢 超 阮 忠 彦 編 定 皇 朝 大 典 考 撰 刊 書 頒 行 . [10b*8*6]\nMệnh Trương Hán Siêu, Nguyễn Trung Ngạn biên định Hoàng triều đại điển khảo soạn san thư phân hành.\n",
    "url": "/data/image_dvsk/ban_ky_toan_thu/quyen7/DVSKTT_ban_toan_VII_10b.jpg"
  }
]