[
  {
    "text": "裕 宗 皇 帝 諱 暭 明 宗 弟 十 子 憲 慈 皇 后 所 生 也 . [11a*1*1]\nDụ Tông Hoàng Đế Huý hạo Minh Tông đệ thập tử, Hiến Từ Hoàng Hậu sở sinh dã.\n在 位 二 十 八 年 壽 三 十 四 而 崩 塟 阜 陵 . [11a*2*15]\nTại vị nhị thập bát niên, thọ tam thập tứ nhi băng, táng Phụ Lăng .\n帝 至 性 聰 睿 學 問 高 明 武 僃 文 脩 四 夷 賓 服 紹 豊 之 時 政 事 畢 擧 大 治 之 後 . [11a*2*31]\nĐế chí tính thông duệ, học vấn cao minh, võ bị văn tu, tứ di tân phục. Thiệu Phong chi thời chính sự tất cử, Đại Trị chi hậu hoang du vô độ, Trần gia cơ nghiệp do thử nhi suy,] Nhâm Ngọ Thiệu Phong nhị niên, [Nguyên Chí Nguyên nhị niên,] xuân tam nguyệt, định văn võ tạp lưu đẳng quan .\n? 𨒣 無 度 陳 家 基 業 由 此 而 衰 衰 壬 午 紹 豊 二 年 元 至 元 二 年 春 三 月 定 文 武 雜 流 等 官 〇 . [11a*6*2]\nHạ tứ nguyệt, phong Thượng hoàng nữ Ngọc Tha [nhất tác Bạch tha,] vi Thiên Ninh công chúa giá Chính Túc Vương Kham [nhất tác Hưng Túc,] dĩ Cung Tịnh Vương trác vi Thái Uý .\n夏 四 月 封 上 皇 女 玉 瑳 一 作 白 瑳 為 天 寕 公 主 嫁 正 肃 王 堪 一 作 興 肃 以 恭 靖 王 晫 為 太 尉 〇 . [11a*7*17]\nNgũ nguyệt, Chiêm Thành quốc chủ Chế A Nan tốt.\n五 月 占 城 國 主 制 阿 難 卒 . [11a*8*6]\nNữ tế Trà Hoà Bố Để tự lập, khiến sứ nghệ khuyết cáo ai.\n〇 . [11a*9*2]\nThu thất nguyệt, tôn Hiến Từ Hoàng Hậu vi Hoàng Thái Hậu .\n秋 七 月 尊 憲 慈 皇 后 為 皇 太 后 〇 以 張 漢 超 為 . [11a*9*15]\nDĩ Trương Hán Siêu vi..\n",
    "url": "/data/image_dvsk/ban_ky_toan_thu/quyen7/DVSKTT_ban_toan_VII_11a.jpg"
  },
  {
    "text": "左 司 郎 中 兼 諒 江 經 畧 使 . [11b*1*1]\nTả ti lang trung kiêm Lượng Giang kinh lược sứ.\n阮 忠 彦 為 行 遣 知 樞 𡧸 院 事 . [11b*1*11]\nNguyễn Trung Ngạn vi Hành khiển tri khu mật viện sự.\n舊 制 禁 軍 属 尚 書 省 至 是 置 樞 𡧸 以 領 之 . [11b*2*3]\nCựu chế cấm quân thuộc Thượng thư sảnh chí thị trí Khu mật dĩ lĩnh chi.\n忠 彦 選 諸 路 丁 壮 充 禁 軍 鈌 額 定 為 籍 簿 樞 . [11b*2*19]\nTrung Ngạn tuyển chư lộ đinh tráng sung cấm quân khuyết ngạch định vi tịch bạ Khu.\n𡧸 領 禁 軍 自 忠 彦 始 〇 . [11b*3*17]\nmật lĩnh cấm quân tự Trung Ngạn thuỷ .\n上 皇 幸 御 史 臺 監 察 御 史 尹 定 阮 汝 為 落 職 . [11b*4*7]\nThượng hoàng hạnh Ngự sử đài, Giám sát ngự sử Doãn ĐỊnh, Nguyễn Nhữ vi lạc chức.\n時 重 修 御 史 臺 成 上 皇 凌 晨 駕 幸 獨 御 史 中 賛 黎 維 陪 侍 . [11b*5*5]\nThời trùng tu Ngự sử đài thành, Thượng hoàng lăng thần giá hạnh, độc Ngự sử trung tán Lê Duy bồi thị.\n上 皇 還 宫 尹 定 阮 汝 為 方 至 乃 抗 疏 論 上 皇 不 可 入 臺 仍 劾 黎 維 不 能 諫 止 辭 甚 激 切 . [11b*6*7]\nThượng hoàng hoàn cung Doãn Định, Nguyễn Nhữ vi phương chí nãi kháng sớ luận Thượng hoàng bất khả nhập đài, những hặc Lê Duy bất năng gián, chỉ từ thậm khích thiết.\n上 皇 靣 論 之 曰 御 史 臺 乃 宫 殿 之 一 . [11b*8*2]\nThượng hoàng diện luận chi viết: Ngự sử đài nãi cung điện chi nhất.\n未 有 宫 殿 而 天 子 不 可 入 耶 且 臺 中 舊 有 天 子 󰕖 學 處 簿 書 . [11b*8*16]\nVị hữu cung điện nhi thiên tử bất khả nhập da! Thả đài trung cựu hữu thiên tử giảng học xứ bạ thư..\n",
    "url": "/data/image_dvsk/ban_ky_toan_thu/quyen7/DVSKTT_ban_toan_VII_11b.jpg"
  },
  {
    "text": "祗 候 供 奉 筆 硯 在 焉 . [12a*1*1]\nchi hậu cúng phụng bút nghiên tại yên.\n此 天 子 入 臺 故 事 昔 唐 太 宗 觀 實 録 况 入 臺 乎 定 等 猶 力 争 数 日 不 已 . [12a*1*9]\nThử Thiên tử nhập đài cố sự Tích Đường Thái Tông quan thực lục huống nhập đài hồ! Định đẳng do lực tranh số nhật bất dĩ.\n帝 論 之 再 三 亦 不 止 乃 落 職 〇 . [12a*2*17]\nĐế luận chi tái tam diệc bất chỉ, nãi lạc chức .\n冬 十 月 以 誕 日 為 󰆑 天 節 . [12a*3*10]\nĐông thập nguyệt, dĩ đản nhật vi Khánh Thiên tiết.\n癸 未 三 年 元 至 正 三 年 春 二 月 上 皇 幸 天 長 府 〇 . [12a*4*1]\nQuý Mùi tam niên, [Nguyên Chí Chính tam niên,] xuân nhị nguyệt, Thượng hoàng hạnh Thiên Trường phủ .\n夏 四 月 朔 日 食 〇 . [12a*4*21]\nHạ tứ nguyệt, sóc, nhật thực .\n五 月 六 月 旱 . [12a*5*6]\nNgũ nguyệt, lục nguyệt, hạn.\n詔 賜 减 今 年 人 丁 税 之 半 〇 . [12a*5*11]\nChiếu tứ giảm kim niên nhân đinh thuế chi bán .\n冬 十 一 月 一 日 欽 慈 皇 太 后 崩 〇 . [12a*6*3]\nĐông thập nhất nguyệt, nhất nhật, Khâm Từ Hoàng Thái Hậu băng .\n是 〇 凶 荒 民 多 為 盗 王 侯 家 奴 尤 甚 . [12a*6*16]\nThị tuế, hung hoăng dân đa vi đạo, vương hầu gia nô vưu thậm.\n甲 申 四 年 元 至 正 四 年 春 二 月 茶 鄕 人 吳 陛 聚 眾 於 安 阜 山 為 盗 〇 . [12a*8*1]\nGiáp Thân tứ niên, [Nguyên Chí Chính tứ niên,] xuân nhị nguyệt, Trà Hương nhân Ngô Bệ tụ chúng ư Yên Phụ sơn vi đạo .\n改 聖 慈 行 遣 司 為 尚 書 省 官 朝 行 遣 . [12a*9*6]\nCải Thánh Từ Hành khiển ti vi Thượng thư sảnh Quan Triều Hành khiển..\n",
    "url": "/data/image_dvsk/ban_ky_toan_thu/quyen7/DVSKTT_ban_toan_VII_12a.jpg"
  },
  {
    "text": "司 仍 舊 門 下 省 . [12b*1*1]\nti những cựu Môn hạ sảnh.\n置 宣 徽 院 大 使 副 使 . [12b*1*7]\nTrí Tuyên Huy viện đại sứ, phó sứ.\n改 登 聞 院 檢 法 官 為 廷 尉 寺 卿 少 卿 . [12b*1*15]\nCải Đăng Văn viện kiểm pháp quan vi Đình uý, Tự khanh, Thiếu khanh.\n置 勤 農 司 屯 田 使 副 總 路 . [12b*2*10]\nTrí Cần nông ti đồn điền sứ phó tổng lộ.\n置 安 撫 使 副 屬 州 置 通 判 . [12b*3*1]\nTrí an phủ sứ phó thuộc châu Trí Thông phán.\n又 設 小 路 提 刑 漕 司 轉 運 職 . [12b*3*11]\nHựu thiết tiểu lộ đề hình Tào ti chuyên vận chức.\n天 長 府 置 太 府 少 府 〇 . [12b*4*3]\nThiên Trường phủ trí Thái phủ, thiếu phủ .\n復 國 父 上 宰 國 瑱 官 爵 〇 . [12b*4*12]\nPhục Quốc phụ Thượng tể Quốc Chẩn quan tước .\n秋 八 月 置 諸 路 鋒 團 二 十 都 遂 捕 盗 刧 〇 . [12b*5*3]\nThu bát nguyệt, trí chư lộ phong đoàn nhị thập đô toại bổ đạo kiếp .\n十 六 日 塟 憲 宗 于 建 昌 安 陵 . [12b*5*19]\nThập lục nhật, táng Hiến Tông vu Kiến Xương An Lăng.\n史 臣 吳 士 連 曰 天 子 七 月 而 塟 . [12b*7*1]\nSử thần Ngô Sĩ Liên viết: Thiên tử thất nguyệt nhi táng.\n昔 周 桓 王 七 年 始 塟 以 周 室 有 子 儀 黑 肩 之 亂 故 也 . [12b*7*13]\nTích Chu Hoàn vương thất niên thuỷ táng, dĩ Chu thất hữu Tử Nghi, Hắc Kiên chi loạn cố dã.\n憲 宗 至 是 始 塟 四 年 矣 未 聞 有 故 也 . [12b*8*15]\nHiến Tông chí thị thuỷ táng tứ niên hĩ, vị văn hữu cố dã.\n盖 有 上 皇 而 從 其 命 . [12b*9*11]\nCái hữu Thượng hoàng nhi tòng kì mệnh..\n",
    "url": "/data/image_dvsk/ban_ky_toan_thu/quyen7/DVSKTT_ban_toan_VII_12b.jpg"
  },
  {
    "text": "歟 然 當 時 未 聞 以 禮 爭 者 . [13a*1*1]\ndư nhiên đương thời vị văn dĩ lễ tranh giả.\n是 歲 凶 荒 民 多 為 僧 又 為 世 家 奴 . [13a*2*2]\nThị tuế, hung hoăng dân đa vi tăng, hựu vi thế gia nô.\n乙 酉 五 年 元 至 正 五 年 春 二 月 試 太 學 生 . [13a*3*1]\nẤt Dậu ngũ niên, [Nguyên Chí Chính ngũ niên,] xuân nhị nguyệt, thí Thái học sinh.\n試 法 用 暗 寫 古 文 經 義 試 賦 〇 . [13a*3*18]\nThí pháp dụng ám tả, cổ văn, kinh nghĩa, thi phú .\n夏 四 月 五 月 旱 . [13a*4*8]\nHạ tứ nguyệt, ngũ nguyệt, hạn.\n詔 錄 囚 减 雜 犯 罪 〇 . [13a*4*14]\nChiếu lục tù, giảm tạp phạm tội .\n秋 八 月 元 使 王 士 衡 來 問 銅 柱 事 . [13a*5*3]\nThu bát nguyệt, Nguyên sử Vương Sĩ Hoành lai vấn đồng trụ sự.\n遣 范 師 孟 徃 辨 之 . [13a*5*16]\nKhiến Phạm Sư Mạnh vãng biện chi.\n按 是 歲 元 國 處 處 盗 起 且 後 年 九 月 師 孟 受 命 迁 陞 何 徃 返 之 速 此 事 未 必 有 菇 存 之 〇 . [13a*6*4]\n[Án thị tuế Nguyên quốc xứ xứ đạo khởi, thả hậu niên cửu nguyệt Sư Mạnh thụ mệnh thiên thăng, hà vãng phản chi tốc Thử sự vị tất hữu. Cô tồn chi,] .\n冬 十 一 月 以 張 漢 超 為 左 諫 議 大 夫 〇 . [13a*7*4]\nĐông thập nhất nguyệt, dĩ Trương Hán Siêu vi Tả gián nghị đại phu .\n差 軍 人 捕 吳 陛 於 安 阜 山 陛 眾 迯 散 . [13a*7*19]\nSai quân nhân bổ Ngô Bệ ư Yên Phụ sơn, Bệ chúng đào tán.\n丙 戌 六 年 元 至 正 六 年 春 二 月 朔 日 食 〇 . [13a*9*1]\nBính Tuất lục niên, [Nguyên Chí Chính lục niên,] xuân nhị nguyệt, sóc, nhật thực .\n遣 范 元 恒 使 . [13a*9*18]\nKhiến Phạm Nguyên Hằng sứ..\n",
    "url": "/data/image_dvsk/ban_ky_toan_thu/quyen7/DVSKTT_ban_toan_VII_13a.jpg"
  },
  {
    "text": "占 城 責 問 𮞏 年 朝 貢 缺 禮 〇 . [13b*1*1]\nChiêm Thành trách vấn đệ niên triều cống khuyết lễ .\n夏 五 月 哀 牢 冦 邊 . [13b*1*12]\nHạ ngũ nguyệt, Ai Lao khấu biên.\n命 保 威 王 𤩽 擊 破 之 獲 人 畜 甚 眾 〇 . [13b*1*19]\nMệnh Bảo Uy vương hiến kích phá chi, hoạch nhân súc thậm chúng .\n秋 九 月 以 范 師 孟 為 掌 簿 書 兼 樞 𡧸 參 政 冬 . [13b*2*14]\nThu cửu nguyệt, dĩ Phạm Sư Mạnh vi Chưởng bạ thư kiêm Khu mật tham chính .\n冬 十 月 占 城 遣 使 來 貢 禮 物 甚 簿 . [13b*3*12]\nĐông thập nguyệt, Chiêm Thành khiến sứ lai cống lễ vật thậm bạc.\n丁 亥 七 年 元 至 正 七 年 春 正 月 朔 日 食 〇 . [13b*5*1]\nĐinh Hợi thất niên, [Nguyên Chí Chính thất niên,] xuân chính nguyệt, sóc, nhật thực .\n夏 六 月 保 威 王 𤩽 有 罪 出 為 望 江 鎮 驃 騎 将 軍 尋 殺 之 長 安 路 萬 女 江 . [13b*5*18]\nHạ lục nguyệt, Bảo Uy vương hiến hữu tội xuất vi Vọng Giang trấn, Phiêu kị tướng quân tầm sát chi Trường An lộ Vạn Nữ giang.\n國 𥘉 宋 商 舶 來 進 小 人 國 人 身 長 七 寸 其 聲 似 蝇 不 通 言 語 又 進 火 浣 布 一 疋 價 錢 每 尺 三 百 鏹 留 傳 為 貴 物 後 制 為 御 服 制 差 短 藏 之 内 府 . [13b*7*4]\nQuốc sơ, Tống thương bách lai tiến Tiểu Nhân quốc nhân, thân trường thất thốn, kì thanh tự dăng bất thông ngôn ngữ, hựu tiến Hoả hoãn bố, nhất thất giá tiền mỗi xích tam bách cưỡng, lưu truyền vi quý vật, hậu chế vi ngự phục, chế sai đoản, tàng chi nội phủ..\n",
    "url": "/data/image_dvsk/ban_ky_toan_thu/quyen7/DVSKTT_ban_toan_VII_13b.jpg"
  },
  {
    "text": "保 威 私 於 宫 人 竊 之 . [14a*1*1]\nBảo Uy tư ư cung nhân thiết chi.\n一 日 裡 其 衣 入 朝 . [14a*1*9]\nNhất nhật, lí kì y nhập triều.\n上 皇 前 奏 對 露 出 袖 口 . [14a*1*16]\nThượng hoàng tiền tấu đối lộ xuất tụ khẩu.\n上 皇 見 而 疑 之 使 人 檢 閲 果 失 所 藏 . [14a*2*6]\nThượng hoàng kiến nhi nghi chi, sử nhân kiểm duyệt, quả thất sở tàng.\n宫 人 令 老 婢 就 保 威 家 取 之 潜 将 入 宫 進 呈 . [14a*3*1]\nCung nhân lệnh lão tì tựu Bảo Uy gia thủ chi tiềm tương nhập cung tiến trình.\n上 皇 不 忍 戮 出 之 外 鎮 . [14a*3*18]\nThượng hoàng bất nhẫn lục xuất chi, ngoại trấn.\n行 至 萬 女 江 令 武 士 駕 輕 舟 追 殺 之 投 其 屍 沙 中 而 還 降 為 保 威 侯 〇 . [14a*4*8]\nHành chí Vạn Nữ giang, lệnh võ sĩ giá khinh chu truy sát chi, đầu kì thi sa trung nhi hoàn giáng vi Bảo Uy hầu .\n秋 八 月 惇 慈 皇 太 后 黎 氏 崩 〇 . [14a*5*16]\nThu bát nguyệt, Đôn Từ Hoàng Thái Hậu Lê thị băng .\n恭 敏 王 元 昫 卒 . [14a*6*9]\nCung Mẫn Vương Nguyên Hú tốt.\n戊 子 八 年 元 至 正 八 年 春 正 月 以 御 前 學 生 杜 子 平 為 侍 󰕖 〇 . [14a*7*1]\nMậu Tí bát niên, [Nguyên Chí Chính bát niên,] xuân chính nguyệt, dĩ Ngự tiền học sinh Đỗ Tử Bình vi thị giảng .\n夏 五 月 旱 〇 . [14a*8*4]\nHạ ngũ nguyệt, hạn .\n秋 七 月 大 水 〇 . [14a*8*9]\nThu thất nguyệt, đại thuỷ .\n冬 十 月 闍 蒲 國 商 舶 至 雲 屯 海 庄 潜 買 𧓍 𧓍 音 駢 珠 也 朱 又 音 朱 亦 作 黿 珠 雲 . [14a*8*15]\nĐông thập nguyệt, Đồ Bồ quốc thương bách chí Vân Đồn hải trang, tiềm mãi tân [tân âm biền châu dã, châu hựu âm chu diệc tác ngoan.] châu Vân..\n",
    "url": "/data/image_dvsk/ban_ky_toan_thu/quyen7/DVSKTT_ban_toan_VII_14a.jpg"
  },
  {
    "text": "屯 人 多 偷 氽 珠 與 之 . [14b*1*1]\nĐồn nhân đa thâu thộn châu dữ chi.\n事 覺 俱 扺 罪 〇 . [14b*1*9]\nSự giác cụ chỉ tội .\n元 方 谷 珍 起 兵 作 亂 . [14b*1*15]\nNguyên Phương Cốc Trân khởi binh tác loạn.\n己 丑 九 年 元 至 正 九 年 春 三 月 北 方 商 舶 來 貢 鷂 變 鉢 . [14b*3*1]\nKỉ Sửu cửu niên, [Nguyên Chí Chính cửu niên,] xuân tam nguyệt, Bắc phương thương bách lai cống Diêu Biến bát.\n宋 末 杭 州 人 燒 鉢 爐 将 熟 見 一 飛 鷂 過 爐 上 遣 屎 爐 中 化 成 玉 鉢 故 名 之 〇 . [14b*4*1]\n[Tống mạt, Hàng Châu nhân thiêu bát lư tương thục kiến nhất phi diêu quá lư thượng, khiến thỉ lư trung hoá thành ngọc bát, cố danh chi.] .\n夏 五 月 大 哇 國 來 貢 方 物 及 能 言 赤 󰢒 鵡 〇 . [14b*4*30]\nHạ ngũ nguyệt, Đại Oa quốc lai cống phương vật, cập năng ngôn xích anh vũ .\n冬 十 月 册 平 章 惠 肅 王 第 四 女 懿 慈 公 主 為 儀 聖 皇 后 〇 . [14b*5*14]\nĐông thập nguyệt, sách Bình Chương Huệ Túc vương đệ tứ nữ Ý Từ công chúa vi Nghi Thánh Hoàng Hậu .\n十 一 月 朔 日 食 〇 . [14b*6*17]\nThập nhất nguyệt, sóc, nhật thực .\n設 雲 屯 鎮 鎮 官 路 官 察 海 使 及 置 平 海 軍 以 鎮 之 . [14b*7*5]\nThiết Vân Đồn trấn trấn quan lộ quan sát hải sứ, cập trí Bình Hải quân dĩ trấn chi.\n先 是 李 朝 時 商 舶 來 則 入 自 演 州 他 員 等 海 門 . [14b*8*5]\nTiên thị, Lí triều thời thương bách lai tắc nhập tự Diễn Châu, Tha Viên đẳng hải môn.\n至 是 海 道 遷 移 海 門 淺 涸 多 聚 雲 屯 故 有 . [14b*9*4]\nChí thị, hải đạo thiên di hải môn thiển hạc đa tụ Vân Đồn, cố hữu..\n",
    "url": "/data/image_dvsk/ban_ky_toan_thu/quyen7/DVSKTT_ban_toan_VII_14b.jpg"
  },
  {
    "text": "是 命 . [15a*1*1]\nthị mệnh.\n庚 寅 十 年 元 至 正 十 年 春 正 月 元 人 有 丁 龎 德 者 因 其 國 亂 挈 家 駕 海 船 來 奔 . [15a*2*1]\nCanh Dần thập niên, [Nguyên Chí Chính thập niên,] xuân chính nguyệt, Nguyên nhân hữu Đinh Bàng Đức giả nhân kì quốc loạn khiết gia giá hải thuyền lai bôn.\n善 緣 竿 為 俳 優 𰙔 舞 . [15a*3*10]\nThiện duyên can vi bài ưu ca vũ.\n國 人 效 之 為 險 竿 舞 險 干 枝 自 此 始 〇 . [15a*3*18]\nQuốc nhân hiệu chi vi hiểm can vũ, hiểm can chi tự thử thuỷ .\n恭 簡 王 元 晟 卒 〇 . [15a*4*14]\nCung Giản Vương Nguyên thạch tốt .\n元 徐 壽 輝 起 兵 稱 帝 國 内 大 亂 . [15a*5*2]\nNguyên Từ Thọ huy khởi binh xưng Đế, quốc nội đại loạn.\n辛 卯 十 一 年 元 至 正 十 一 年 春 正 月 太 原 諒 山 人 聚 為 盗 相 攻 擊 . [15a*6*1]\nTân Mão thập nhất niên, [Nguyên Chí Chính thập nhất niên,] xuân chính nguyệt, Thái Nguyên Lạng Sơn nhân tụ vi đạo tương công kích.\n討 平 之 . [15a*7*4]\nThảo bình chi.\n夏 五 月 朔 日 食 〇 . [15a*7*8]\nHạ ngũ nguyệt, sóc, nhật thực .\n秋 七 月 大 水 〇 . [15a*7*15]\nThu thất nguyệt, đại thuỷ .\n以 張 漢 超 為 參 知 政 事 〇 . [15a*8*2]\nDĩ Trương Hán Siêu vi Tham tri chính sự .\n乂 安 天 罡 女 變 成 男 〇 . [15a*8*12]\nNghệ An Thiên Cang nữ biến thành nam .\n鄒 庚 有 罪 扺 死 免 之 . [15a*9*2]\nTrâu Canh hữu tội chỉ tử miễn chi.\n時 庚 以 帝 陽 痿 進 藥 方 曰 . [15a*9*10]\nThời Canh dĩ Đế dương nuy tiến dược phương viết..\n",
    "url": "/data/image_dvsk/ban_ky_toan_thu/quyen7/DVSKTT_ban_toan_VII_15a.jpg"
  },
  {
    "text": "殺 童 男 取 膽 和 陽 起 石 服 之 及 與 同 胞 女 通 滛 驗 . [15b*1*1]\nsát đồng nam thủ đảm hoà dương khởi thạch phục chi, cập dữ đồng bào nữ thông dâm nghiệm.\n帝 然 之 烝 於 嫡 姊 天 寧 公 主 果 效 . [15b*2*1]\nĐế nhiên chi chưng ư đích tỉ Thiên Ninh công chúa, quả hiệu.\n庚 由 是 寵 益 隆 得 日 夜 於 後 宫 奉 侍 藥 物 . [15b*2*14]\nCanh do thị sủng ích long đắc, nhật dạ ư hậu cung, phụng thị dược vật.\n庚 遂 通 宫 人 . [15b*3*11]\nCanh toại thông cung nhân.\n事 覺 上 皇 欲 寘 於 死 以 有 藥 治 帝 功 得 免 . [15b*3*16]\nSự giác, Thượng hoàng dục trí ư tử dĩ hữu dược trị Đế công đắc miễn.\n庚 北 人 鄒 孫 之 子 紹 豊 間 元 人 入 冦 孫 以 醫 從 軍 致 敗 就 擒 在 本 國 醫 治 當 時 侯 王 多 見 效 國 人 屢 以 田 奴 與 之 致 富 庚 承 父 業 遂 成 名 醫 然 無 行 檢 固 至 此 後 復 職 其 裔 至 今 朝 有 鄒 保 者 得 鄒 庚 所 藏 宿 物 致 富 亦 因 以 敗 〇 . [15b*4*13]\n[Canh Bắc nhân, Trâu Tôn chi tử, Thiệu Phong gian Nguyên nhân nhập khấu Tôn dĩ y tòng quân trí bại, tựu cầm tại bản quốc y trị đương thời hầu vương đa kiến hiệu Quốc nhân lũ dĩ điền nô dữ chi trí phú Canh thừa phụ nghiệp toại thành danh y nhiên vô hạnh kiểm, cố chí thử hậu phục chức. Kì duệ chí kim triều hữu Trâu Bảo giả đắc Trâu Canh sở tàng túc vật trí phú diệc nhân dĩ bại,] .\n以 阮 忠 彦 為 入 内 行 遣 仍 知 樞 密 院 事 〇 . [15b*6*36]\nDĩ Nguyễn Trung Ngạn vi Nhập nội hành khiển những tri Khu mật viện sự .\n冬 十 一 月 帝 御 天 安 殿 閲 禁 軍 于 龍 墀 賜 忠 彦 服 戰 袍 戴 武 巾 佩 楞 楞 音 棱 木 棱 也 四 方 木 也 金 硯 閲 諸 禁 軍 定 殿 最 . [15b*7*16]\nĐông thập nhất nguyệt, Đế ngự Thiên An điện duyệt cấm quân vu Long Trì, tứ Trung Ngạn phục chiến bào đái vũ cân bội lăng [lăng âm lăng mộc lăng dã tứ phương mộc dã,] kim nghiên duyệt chư cấm quân định điện tối..\n",
    "url": "/data/image_dvsk/ban_ky_toan_thu/quyen7/DVSKTT_ban_toan_VII_15b.jpg"
  },
  {
    "text": "壬 辰 十 二 年 元 至 正 十 二 年 春 三 月 占 城 制 某 來 奔 獻 白 象 白 馬 各 一 大 蟻 一 長 一 尺 九 寸 及 諸 貢 物 請 伐 茶 和 布 底 立 為 國 王 . [16a*1*1]\nNhâm Thìn thập nhị niên, [Nguyên Chí Chính thập nhị niên,] xuân tam nguyệt, Chiêm Thành Chế Mỗ lai bôn hiến bạch tượng, bạch mã các nhất, đại nghị nhất [trường nhất xích cửu thốn,] cập chư cống vật, thỉnh phạt Trà Hoà Bố Để lập vi Quốc vương.\n𥘉 占 主 制 阿 難 在 𠱾 其 子 制 某 為 布 田 言 大 王 也 女 壻 茶 和 布 底 為 布 提 言 宰 相 也 言 聽 計 從 因 與 制 某 樹 黨 . [16a*3*7]\nSơ, Chiêm chủ Chế A Nan tại thời, kì tử Chế Mỗ vi Bố điền [ngôn đại vương dã,] nữ tế Trà Hoà Bố Để vi Bố đề [ngôn Tể tướng dã,] ngôn thính kế tòng nhân dữ Chế Mỗ thụ đảng.\n制 某 或 見 責 布 底 每 救 解 之 . [16a*5*7]\nChế Mỗ hoặc kiến trách Bố Để mỗi cứu giải chi.\n國 人 以 是 異 心 不 專 屬 於 制 某 . [16a*5*18]\nQuốc nhân dĩ thị dị tâm bất chuyên thuộc ư Chế Mỗ.\n迨 阿 難 卒 布 底 遂 逐 制 某 而 自 立 是 知 人 臣 樹 黨 必 有 異 圖 而 制 某 初 不 知 其 墮 於 術 中 也 〇 . [16a*6*11]\nĐãi A Nan tốt Bố Để toại trục Chế Mỗ nhi tự lập thị tri nhân thần thụ đảng tất hữu dị đồ nhi Chế Mỗ sơ bất tri kì đoạ ư thuật trung dã .\n秋 七 月 大 水 泛 溢 決 鉢 塊 堤 禾 榖 渰 浸 . [16a*8*9]\nThu thất nguyệt, đại thuỷ, phiếm dật quyết Bát Khối đê, hoà cốc yêm tẩm.\n快 州 順 安 為 甚 . [16a*9*5]\nKhoái Châu, Thuận An vi thậm.\n",
    "url": "/data/image_dvsk/ban_ky_toan_thu/quyen7/DVSKTT_ban_toan_VII_16a.jpg"
  },
  {
    "text": "癸 巳 十 三 年 元 至 正 十 三 年 春 正 月 詔 王 侯 造 戰 船 噐 械 練 習 士 卒 〇 . [16b*1*1]\nQuý Tị thập tam niên, [Nguyên Chí Chính thập tam niên,] xuân chính nguyệt, chiếu Vương hầu tạo chiến thuyền khí giới luyện tập sĩ tốt .\n拜 恭 定 王 暊 為 右 相 國 〇 . [16b*2*6]\nBái Cung Định Vương phũ vi Hữu tướng quốc .\n夏 六 月 大 擧 伐 占 城 . [16b*2*16]\nHạ lục nguyệt, đại cử phạt Chiêm Thành.\n步 軍 至 古 壘 水 軍 運 糧 見 阻 乃 還 . [16b*3*5]\nBộ quân chí Cổ Luỹ thuỷ quân vận lương kiến trở nãi hoàn.\n初 興 孝 王 領 化 州 制 某 與 爵 犀 即 明 宗 家 兒 與 制 某 徃 還 者 言 曰 占 城 故 事 昔 有 國 王 畜 一 大 󰍆 甚 愛 之 欲 其 能 言 遍 求 中 國 善 養 者 與 萬 金 . [16b*3*18]\nSơ, Hưng Hiếu Vương lĩnh Hoá Châu, Chế Mỗ dữ Tước Tê [tức Minh Tông gia nhi dữ Chế Mỗ vãng hoàn giả,] ngôn viết: Chiêm Thành cố sự tích hữu quốc vương súc nhất đại hầu thậm ái chi dục kì năng ngôn biến cầu trung quốc thiện dưỡng giả dữ vạn kim.\n有 一 人 自 言 善 養 . [16b*6*10]\nHữu nhất nhân tự ngôn thiện dưỡng.\n王 大 喜 使 養 之 . [16b*6*17]\nVương đại hỉ, sử dưỡng chi.\n其 人 曰 每 月 用 藥 所 費 百 金 三 年 方 效 . [16b*7*4]\nKì nhân viết: Mỗi nguyệt dụng dược sở phí bách kim, tam niên phương hiệu.\n王 從 嗞 . [16b*7*19]\nVương tòng chi.\n盖 謂 國 王 與 己 及 󰍆 三 年 嗞 間 必 有 一 亡 者 但 竊 王 金 而 不 必 成 也 . [16b*8*3]\nCái vị Quốc vương dữ kỷ cập hầu tam niên chi gian tất hữu nhất vong giả, đản thiết vương kim nhi bất tất thành dã.\n制 某 歸 向 主 上 興 孝 實 尸 . [16b*9*10]\nChế Mỗ quy hướng Chúa thượng, Hưng Hiếu thực thi..\n",
    "url": "/data/image_dvsk/ban_ky_toan_thu/quyen7/DVSKTT_ban_toan_VII_16b.jpg"
  },
  {
    "text": "其 事 . [17a*1*1]\nkì sự.\n淹 閲 歲 月 而 入 國 嗞 期 未 聞 其 事 勢 頗 𩔗 此 . [17a*1*3]\nYêm duyệt tuế nguyệt nhi nhập quốc chi kì vị văn kì sự thế pha loại thử.\n朝 廷 聞 其 言 奉 兵 送 制 某 歸 國 然 無 成 功 . [17a*2*1]\nTriều đình văn kì ngôn, phụng binh tống Chế Mỗ quy quốc nhiên vô thành công.\n制 某 居 未 幾 卒 〇 . [17a*2*17]\nChế Mỗ cư vị cơ tốt .\n加 太 尉 元 晫 為 左 相 國 〇 . [17a*3*5]\nGia Thái uý Nguyên trác vi Tả tướng quốc .\n秋 九 月 占 城 冦 化 州 擊 却 之 頗 失 利 . [17a*3*15]\nThu cửu nguyệt, Chiêm Thành khấu Hoá Châu, kích khước chi pha thất lợi.\n召 張 漢 超 謀 之 . [17a*4*10]\nTriệu Trương Hán Siêu mưu chi.\n對 曰 不 聽 臣 言 故 至 此 . [17a*4*16]\nĐối viết: Bất thính thần ngôn cố chí thử.\n乃 命 漢 超 領 神 策 諸 軍 鎮 化 州 . [17a*5*6]\nNãi mệnh Hán Siêu lĩnh Thần Sách chư quân trấn Hoá Châu.\n甲 午 十 四 年 元 至 正 十 四 年 春 二 月 . [17a*6*1]\nGiáp Ngọ thập tứ niên, [Nguyên Chí Chính thập tứ niên,] xuân nhị nguyệt.\n北 邊 帥 臣 驛 奏 元 陳 友 諒 起 兵 遣 使 來 乞 和 親 友 諒 陳 益 稷 子 〇 . [17a*6*15]\nBắc biên soái thần dịch tấu Nguyên Trần Hữu Lượng khởi binh khiến sứ lai khất hoà thân [Hữu Lượng Trần Ích Tắc tử,] .\n三 月 朔 日 食 . [17a*7*18]\nTam nguyệt, sóc, nhật thực.\n𠱾 歲 饑 民 苦 於 盗 刧 . [17a*8*2]\nThời, tuế cơ dân khổ ư đạo kiếp.\n有 稱 興 道 大 王 外 孫 名 齊 者 聚 王 侯 家 奴 之 迯 亡 者 為 盗 刧 掠 諒 江 南 策 等 . [17a*8*10]\nHữu xưng Hưng Đạo đại vương ngoại tôn danh Tề giả tụ vương hầu gia nô chi đào vong giả vi đạo kiếp, lược Lạng Giang, Nam Sách đẳng..\n",
    "url": "/data/image_dvsk/ban_ky_toan_thu/quyen7/DVSKTT_ban_toan_VII_17a.jpg"
  },
  {
    "text": "處 〇 . [17b*1*1]\nxứ .\n秋 九 月 蝗 詔 减 田 租 之 半 〇 . [17b*1*3]\nThu cửu nguyệt, hoàng chiếu giảm điền tô chi bán .\n冬 十 一 月 有 黑 虎 見 於 城 内 〇 . [17b*1*14]\nĐông thập nhất nguyệt, hữu hắc hổ hiện ư thành nội .\n左 參 知 正 事 張 漢 超 鎮 化 州 邊 境 復 安 乞 還 許 嗞 . [17b*2*7]\nTả tham tri chính sự Trương Hán Siêu trấn Hoá Châu biên cảnh phục an khất hoàn, hứa chi.\n未 至 京 師 而 卒 . [17b*3*7]\nVị chí kinh sư nhi tốt.\n贈 太 保 . [17b*3*13]\nTặng Thái bảo.\n漢 超 長 安 安 寕 福 城 人 為 人 骨 鯁 排 斥 異 端 有 文 章 政 事 . [17b*3*16]\nHán Siêu [Trường Yên Yên Ninh Phúc Thành nhân,] vi nhân cốt ngạnh bài xích dị đoan, hữu văn chương chính sự.\n帝 但 以 師 稱 而 不 名 . [17b*4*18]\nĐế đản dĩ sư xưng nhi bất danh.\n嘗 撰 北 江 開 嚴 寺 碑 文 其 畧 曰 寺 廢 而 興 既 非 吾 意 . [17b*5*5]\nThường soạn Bắc Giang Khai Nghiêm tự bi văn kì lược viết: Tự phế nhi hưng ký phi ngô ý.\n碑 立 而 刻 何 事 吾 言 . [17b*6*6]\nBi lập nhi khắc hà sự ngô ngôn.\n方 今 聖 朝 欲 暢 皇 風 以 振 頽 俗 . [17b*6*14]\nPhương kim Thánh triều dục dương hoàng phong dĩ chấn đồi tục.\n異 端 在 可 黜 聖 道 當 復 . [17b*7*7]\nDị đoan tại khả truất, Thánh đạo đương phục.\n行 為 士 大 夫 者 非 堯 舜 之 道 不 陳 前 非 孔 孟 之 道 不 着 󰖠 . [17b*7*16]\nHành vi sĩ đại phu giả phi Nghiêu Thuấn chi đạo bất trần tiền, phi Khổng Mạnh chi đạo bất trước thuật.\n顧 乃 拘 拘 與 佛 氏 囁 囁 音 折 口 無 節 也 嚅 嚅 音 儒 多 言 也 吾 将 誰 欺 . [17b*8*19]\nCố nãi câu câu dữ Phật thị chiếp [chiếp âm triết khẩu vô tiết dã,] nhu [nhu âm nho đa ngôn dã,] ngô tương thuỳ khi..\n",
    "url": "/data/image_dvsk/ban_ky_toan_thu/quyen7/DVSKTT_ban_toan_VII_17b.jpg"
  },
  {
    "text": "有 名 于 時 然 而 宗 正 大 卿 黎 居 仁 嘗 目 為 村 毬 脚 盖 村 人 蹴 毬 多 不 中 以 比 漢 超 料 理 多 不 當 也 . [18a*1*1]\nHữu danh vu thời, nhiên nhi Tông chính đại khanh Lê Cư Nhân thường mục vi thôn cầu cước, cái thôn nhân xúc cầu đa bất trúng, dĩ tỉ Hán Siêu liệu lí đa bất đương dã.\n而 輕 鄙 同 列 不 與 交 遊 與 中 官 范 堯 咨 軰 友 善 遇 醫 官 者 必 嘲 謔 笑 談 皆 非 其 𩔗 也 . [18a*2*19]\nNhi khinh bỉ đồng liệt, bất dữ giao du, dữ trung quan Phạm Nghiêu Tư bối hữu thiện ngộ y quan giả tất trào hước tiếu đàm giai phi kì loại dã.\n及 領 两 江 則 嫁 女 與 本 江 酋 長 儂 益 問 監 瓊 林 寺 則 嫁 女 與 三 寶 奴 阮 制 皆 慕 其 富 也 〇 . [18a*4*13]\nCập lĩnh Lạng Giang tắc giá nữ dữ bản giang tù trưởng Nùng Ích Vấn, giám Quỳnh Lâm tự tắc giá nữ dữ tam bảo nô Nguyễn Chế, giai mộ kì phú dã .\n黎 居 仁 卒 . [18a*6*9]\nLê Cư Nhân tốt.\n居 仁 在 明 宗 當 卸 時 爲 内 𡧸 官 兼 審 刑 事 勘 獄 於 家 為 中 尉 郭 牢 所 劾 . [18a*6*13]\nCư Nhân tại Minh Tông đương ngự thời vi Nội mật quan kiêm Thẩm hình sự khám ngục ư gia, vi Trung uý Quách Lao sở hặc.\n明 宗 問 曰 何 不 回 互 違 避 對 曰 臣 寕 受 罪 責 不 敢 欺 妄 居 官 而 欺 妄 何 以 率 僚 属 哉 觀 居 仁 非 人 . [18a*8*2]\nMinh Tông vấn: viết hà bất hồi hỗ vi tị? Đối viết: Thần ninh thọ tội trách bất cảm khi vọng cư quan nhi khi vọng hà dĩ suất liêu thuộc tai! Quan Cư Nhân phi nhân..\n",
    "url": "/data/image_dvsk/ban_ky_toan_thu/quyen7/DVSKTT_ban_toan_VII_18a.jpg"
  },
  {
    "text": "之 言 及 受 過 之 語 則 其 為 人 可 知 也 . [18b*1*1]\nchi ngôn cập thụ quá chi ngữ, tắc kì vi nhân khả tri dã.\n及 卒 贈 入 内 行 遣 右 司 郎 中 同 知 左 司 事 . [18b*1*15]\nCập tốt, tặng Nhập nội hành khiển hữu ti lang trung đồng tri Tả ti sự.\n乙 未 十 五 年 元 至 正 十 五 年 春 二 月 茶 鄕 聖 主 山 崩 〇 . [18b*3*1]\nẤt Mùi thập ngũ niên, [Nguyên Chí Chính thập ngũ niên,] xuân nhị nguyệt, Trà Hương Thánh Chúa sơn băng .\n地 震 〇 . [18b*3*22]\nĐịa chấn .\n三 月 至 夏 六 月 旱 〇 . [18b*4*3]\nTam nguyệt, chí hạ lục nguyệt, hạn .\n秋 七 月 大 雨 水 〇 . [18b*4*11]\nThu thất nguyệt, đại vũ thuỷ .\n九 月 雷 震 朝 元 門 及 左 右 掖 門 〇 . [18b*4*18]\nCửu nguyệt, lôi chấn Triều Nguyên môn cập tả hữu dịch môn .\n元 朱 德 裕 稱 帝 即 明 太 祖 後 更 名 元 章 〇 . [18b*5*12]\nNguyên Chu Đức Dụ xưng Đế [tức Minh Thái Tổ,] hậu canh danh Nguyên Chương .\n以 阮 中 彦 為 諒 江 鎮 經 畧 使 入 内 大 行 遣 尚 書 有 弼 兼 知 樞 𡧸 院 事 侍 經 筵 大 學 士 柱 國 開 縣 伯 〇 . [18b*6*7]\nDĩ Nguyễn Trung Ngạn vi Lạng Giang trấn kinh lược sứ nhập nội đại hành khiển Thượng thư hữu bật kiêm tri Khu mật viện sự thị kinh diên Đại học sĩ trụ quốc Khai Huyện bá .\n英 宗 次 妃 號 靜 惠 者 殿 帥 范 五 老 女 也 出 家 之 後 英 宗 崩 回 本 鄕 . [18b*8*7]\nAnh Tông thứ phi hiệu Tĩnh Huệ giả, Điện soái Phạm Ngũ Lão nữ dã xuất gia chi hậu, Anh Tông băng hồi bản hương.\n一 日 登 扶 擁 社 寶 . [18b*9*13]\nNhất nhật, đăng Phù Ủng xã Bảo..\n",
    "url": "/data/image_dvsk/ban_ky_toan_thu/quyen7/DVSKTT_ban_toan_VII_18b.jpg"
  },
  {
    "text": "山 寺 嘆 曰 寺 先 君 所 創 也 . [19a*1*1]\nSơn tự thán viết: Tự tiên quân sở sáng dã.\n吾 春 秋 以 髙 於 斯 營 室 可 以 祝 聖 可 以 奉 先 忠 孝 两 全 是 吾 所 願 . [19a*1*11]\nNgô xuân thu dĩ cao ư tư doanh thất khả dĩ chúc thánh khả dĩ phụng tiên trung hiếu lưỡng toàn thị ngô sở nguyện.\n於 是 重 修 之 且 於 寺 東 偏 構 堂 又 建 屋 其 後 以 為 祖 先 接 神 妥 靈 之 所 . [19a*2*17]\nƯ thị trùng tu chi, thả ư tự đông thiên cấu đường, hựu kiến ốc kì hậu dĩ vi tổ tiên tiếp thần thoả linh chi sở.\n工 󰍶 上 皇 臨 幸 賜 扁 以 彰 孝 敬 . [19a*4*6]\nCông tất, Thượng hoàng lâm hạnh, tứ biển dĩ chương hiếu kính.\n丙 申 十 六 年 元 至 正 十 六 年 春 三 月 缺 日 干 两 日 相 盪 . [19a*5*1]\nBính Thân thập lục niê, [Nguyên Chí Chính thập lục niên,] xuân tam nguyệt, [khuyết nhật can,] lưỡng nhật tương đãng.\n二 帝 廵 邊 至 乂 安 〇 . [19a*5*23]\nNhị Đế tuần biên chí Nghệ An .\n夏 五 月 車 駕 還 京 〇 . [19a*6*7]\nHạ ngũ nguyệt, xa giá hoàn kinh .\n秋 八 月 幸 傑 特 山 國 父 上 宰 惠 武 大 王 祠 . [19a*6*15]\nThu bát nguyệt, hạnh Kiệt Đặc sơn Quốc phụ Thượng tể Huệ Vũ đại vương từ.\n駕 還 御 舶 有 黄 蜂 蠆 于 上 皇 左 臉 寝 疾 . [19a*7*12]\nGiá hoàn ngự bách hữu hoàng phong mại vu, Thượng hoàng tả kiểm tẩm tật.\n帝 命 御 舟 監 造 梓 宫 〇 . [19a*8*8]\nĐế mệnh ngự chu giám tạo tử cung .\n冬 十 月 憲 慈 太 后 遭 母 䘮 製 䘮 服 . [19a*8*17]\nĐông thập nguyệt, Hiến Từ thái hậu tao mẫu tang chế tang phục.\n上 皇 因 謂 太 后 曰 予 其 . [19a*9*11]\nThượng hoàng nhân vị Thái hậu viết: Dư kì..\n",
    "url": "/data/image_dvsk/ban_ky_toan_thu/quyen7/DVSKTT_ban_toan_VII_19a.jpg"
  },
  {
    "text": "不 服 此 服 矣 . [19b*1*1]\nbất phục thử phục hĩ.\n時 昭 慈 太 后 猶 在 故 有 是 言 . [19b*1*6]\nThời Chiêu Từ Thái hậu do tại, cố hữu thị ngôn.\n憲 慈 太 后 設 法 會 於 昭 󰆑 寺 發 錢 施 貧 民 為 上 皇 禱 也 . [19b*1*17]\nHiến Từ thái hậu thiết pháp hội ư Chiêu Khánh tự phát tiền thí bần dân vi Thượng hoàng đảo dã.\n丁 酉 十 七 年 元 至 正 十 七 年 春 二 月 十 九 日 上 皇 崩 于 保 元 宫 廟 號 明 宗 謚 曰 章 堯 文 哲 皇 帝 . [19b*3*1]\nĐinh Dậu thập thất niên, [Nguyên Chí Chính thập thất niên,] xuân nhị nguyệt, thập cửu nhật, Thượng hoàng băng vu Bảo Nguyên cung, miếu hiệu Minh Tông, thuỵ viết Chương Nghiêu Văn Triết Hoàng đế.\n初 明 宗 嗣 位 既 九 而 嫡 母 生 男 . [19b*4*15]\nSơ, Minh Tông tự vị ký cửu, nhi đích mẫu sinh nam.\n周 睟 日 睟 音 醉 周 年 也 子 生 一 歲 也 英 宗 廵 邊 在 外 家 事 决 扵 明 宗 . [19b*5*8]\nChu tuý nhật [Tuý âm tuý chu niên dã, tử sinh nhất tuế dã,] Anh Tông tuần biên tại ngoại gia, sự quyết ư Minh Tông.\n有 請 以 世 子 行 禮 有 司 難 之 . [19b*6*10]\nHữu thỉnh dĩ Thế tử hành lễ hữu ti nan chi.\n明 宗 曰 何 疑 乎 初 以 嫡 嗣 未 生 故 我 權 在 此 位 . [19b*7*2]\nMinh Tông viết: Hà nghi hồ? Sơ dĩ đích tự vị sinh, cố ngã quyền tại thử vị.\n今 既 生 矣 待 長 復 辟 何 難 其 人 對 曰 此 事 前 古 多 危 請 慎 m a t - c h u 之 . [19b*8*1]\nKim ký sinh hĩ, đãi trưởng phục bích hà nan? Kì nhân đối viết: Thử sự tiền cổ đa nguy thỉnh thận mat-chu chi.\n明 宗 曰 順 義 行 嗞 安 危 何 足 慮 也 . [19b*9*6]\nMinh Tông viết: Thuận nghĩa hành chi an nguy hà túc lự dã.\n卒 . [19b*9*19]\nTốt..\n",
    "url": "/data/image_dvsk/ban_ky_toan_thu/quyen7/DVSKTT_ban_toan_VII_19b.jpg"
  },
  {
    "text": "以 世 子 行 禮 . [20a*1*1]\ndĩ thế tử hành lễ.\n朞 年 而 嫡 嗣 薨 明 宗 甚 哀 . [20a*1*6]\nKi niên nhi đích tự hoăng, Minh Tông thậm ai.\n嘗 誨 皇 子 曰 力 治 産 業 吝 嗇 致 富 者 非 我 子 也 . [20a*1*16]\nThường hối hoàng tử viết: Lực trị sản nghiệp lận sắc trí phú giả phi ngã tử dã.\n若 果 行 此 寕 散 財 以 致 貧 之 為 愈 也 . [20a*2*15]\nNhược quả hành thử ninh tán tài dĩ trí bần chi vi dũ dã.\n是 難 未 免 匱 乏 猶 不 失 為 貴 人 之 行 . [20a*3*10]\nThị nan vị miễn quỹ phạp do bất thất vi quý nhân chi hành.\n當 弗 豫 時 朝 廷 欲 建 保 國 醮 明 宗 知 之 召 右 相 國 暊 入 寝 内 . [20a*4*5]\nĐương phất dự thời, triều đình dục kiến Bảo quốc tiếu, Minh Tông tri chi triệu Hữu tướng quốc phủ nhập tẩm nội.\n帝 懼 即 諭 范 應 夢 唱 議 以 身 代 為 言 暊 以 其 言 聞 . [20a*5*9]\nĐế cụ, tức dụ Phạm Ứng Mộng xướng nghị dĩ thân đại vi ngôn phủ dĩ kì ngôn văn.\n明 宗 曰 應 夢 以 周 公 自 居 以 身 代 其 父 可 乎 . [20a*6*9]\nMinh Tông viết: Ứng Mộng dĩ Chu Công tự cư dĩ thân đại kì phụ khả hồ.\n醮 不 可 修 也 . [20a*7*7]\nTiếu bất khả tu dã.\n𠱾 憲 慈 太 后 放 生 雜 畜 以 祈 康 復 明 宗 曰 予 身 不 可 以 猪 羊 易 也 . [20a*7*12]\nThời, Hiến Từ Thái hậu phóng sinh tạp súc dĩ kì khang phục, Minh Tông viết: Dư thân bất khả dĩ trư dương dị dã.\n疾 既 彌 留 召 醫 官 鄒 庚 王 定 范 世 賞 等 診 . [20a*9*1]\nTật ký di lưu, triệu y quan Trâu Canh, Vương ĐỊnh, Phạm Thế Thưởng, đẳng chẩn..\n",
    "url": "/data/image_dvsk/ban_ky_toan_thu/quyen7/DVSKTT_ban_toan_VII_20a.jpg"
  },
  {
    "text": "脉 . [20b*1*1]\nmạch.\n鄒 庚 曰 脉 煩 悶 . [20b*1*2]\nTrâu Canh viết: Mạch phiền muộn.\n明 宗 占 小 詩 示 之 曰 診 脉 休 論 煩 悶 多 鄒 公 良 劑 要 調 和 若 言 煩 悶 無 休 歇 只 恐 重 招 煩 悶 加 . [20b*1*8]\nMinh Tông chiêm tiểu thi thị chi viết: Chẩn mạch hưu luận phiền muộn đa, Trâu công lương tễ yếu điều hoà, Nhược ngôn phiền muộn vô hưu yết, Chỉ khủng trùng chiêu phiền muộn gia.\n盖 鄒 庚 出 入 禁 中 多 以 奇 言 詭 計 眩 惑 裕 皇 . [20b*3*7]\nCái Trâu Canh xuất nhập cấm trung đa dĩ kì ngôn nguỵ kế huyễn hoặc Dụ Hoàn.\n明 宗 惡 之 因 托 詩 以 諷 之 焉 . [20b*4*5]\nMinh Tông ác chi, nhân thác thi dĩ phúng chi yên.\n及 進 藥 則 曰 人 生 重 重 苦 惱 . [20b*4*16]\nCập tiến dược tắc viết Nhân sinh trùng trùng khổ não.\n今 日 脱 此 苦 惱 則 異 日 受 他 苦 惱 . [20b*5*7]\nKim nhật thoát thử khổ não tắc dị nhật thụ tha khổ não.\n遂 不 服 藥 . [20b*5*20]\nToại bất phục dược.\n疾 篤 命 . [20b*6*3]\nTật đốc mệnh.\n侍 臣 阮 民 望 取 御 製 詩 藁 焚 之 . [20b*6*6]\nThị thần Nguyễn Dân Vọng thủ ngự chế thi cảo phàn chi.\n民 望 遲 留 明 宗 曰 可 惜 之 物 尚 不 可 惜 奚 惜 此 為 哉 . [20b*6*18]\nDân Vọng trì lưu, Minh Tông viết: Khả tích chi vật thượng bất khả tích hề, tích thử vi tai.\n諸 皇 子 侍 側 因 謂 之 曰 須 觀 古 人 所 行 善 則 從 之 不 善 則 遠 之 何 煩 父 教 嘗 曰 人 君 之 任 人 非 私 其 人 也 . [20b*7*20]\nChư hoàng tử thị trắc, nhân vị chi viết: Tu quan cổ nhân sở hành thiện tắc tòng chi bất thiện tắc viễn chi hà phiền phụ giáo? Thường viết: Nhân quân chi nhiệm nhân phi tư kì nhân dã.\n但 謂 之 . [20b*9*19]\nĐản vị chi..\n",
    "url": "/data/image_dvsk/ban_ky_toan_thu/quyen7/DVSKTT_ban_toan_VII_20b.jpg"
  },
  {
    "text": "賢 爾 以 其 人 因 吾 心 供 吾 職 事 吾 事 服 吾 勞 故 謂 之 賢 而 任 之 . [21a*1*1]\nhiền nhĩ dĩ kì nhân nhân ngô tâm, cúng ngô chức, sự ngô sự, phục ngô lao, cố vị chi hiền nhi nhiệm chi.\n吾 誠 賢 也 則 所 任 嗞 人 亦 賢 堯 舜 之 於 稷 契 𧃰 龍 是 也 . [21a*2*6]\nNgô thành hiền dã, tắc sở nhiệm chi nhân diệc hiền, Nghiêu Thuấn chi ư Tắc Khiết, Quỳ Long thị dã.\n吾 不 賢 焉 則 所 任 之 人 亦 不 賢 桀 紂 之 於 曹 廉 惡 來 是 也 . [21a*3*8]\nNgô bất hiền yên, tắc sở nhiệm chi nhân diệc bất hiền, Kiệt Trụ chi ư tào Liêm, Ác lai thị dã.\n此 乃 聲 應 氣 求 各 以 𩔗 哈 桀 紂 𡸈 私 於 此 人 哉 謂 之 昏 暗 則 可 謂 之 私 則 不 可 . [21a*4*11]\nThử nãi thanh ứng khí cầu các dĩ loại hợp Kiệt Trụ há tư ư thử nhân tai! Vị chi hôn ám tắc khả vị chi tư tắc bất khả.\n又 謂 憲 慈 太 后 曰 予 亡 後 汝 居 聖 慈 宫 無 入 山 . [21a*6*3]\nHựu vị Hiến Từ Thái hậu viết: Dư vong hậu nhữ cư Thánh Từ cung, vô nhập sơn.\n及 崩 太 后 從 其 言 不 受 佛 戒 . [21a*7*2]\nCập băng, Thái hậu tòng kì ngôn bất thụ Phật giới.\n潘 孚 先 曰 明 宗 有 仁 厚 之 資 承 太 平 之 業 祖 宗 成 憲 無 所 更 改 . [21a*8*1]\nPhan Phu Tiên viết: Minh Tông hữu nhân hậu chi tư, thừa thái bình chi nghiệp, tổ tông thành hiến vô sở canh cải.\n𠱾 有 士 人 上 疏 謂 民 多 遊 手 遊 . [21a*9*7]\nThời, hữu sĩ nhân thượng sớ vị dân đa du thủ du..\n",
    "url": "/data/image_dvsk/ban_ky_toan_thu/quyen7/DVSKTT_ban_toan_VII_21a.jpg"
  },
  {
    "text": "足 年 老 無 籍 賦 役 不 供 差 役 不 及 . [21b*1*1]\ntúc niên lão vô tịch phú dịch bất cúng sai dịch bất cập.\n帝 曰 不 如 此 則 𡸈 足 成 太 平 之 業 汝 欲 我 責 後 成 何 事 哉 . [21b*1*14]\nĐế viết: Bất như thử tắc há túc thành thái bình chi nghiệp? Nhữ dục ngã trách hậu thành hà sự tai.\n朝 臣 黎 伯 适 范 師 孟 欲 更 改 制 度 帝 曰 國 家 自 有 成 憲 南 北 各 異 若 聽 白 面 書 生 求 售 之 計 則 亂 生 矣 . [21b*2*18]\nTriều thần Lê Bá Quát, Phạm Sư Mạnh dục canh cải chế độ, Đế viết Quốc gia tự hữu thành hiến, Nam Bắc các dị, nhược thính bạch diện thư sinh cầu thụ chi kế tắc loạn sinh hĩ.\n所 可 惜 者 德 陳 克 終 之 姦 佞 而 殺 國 父 上 宰 為 聰 明 之 累 焉 . [21b*5*3]\nSở khả tích giả, đức Trần Khắc Chung chi gian nịnh nhi sát Quốc phụ Thượng tể vi thông minh chi luỵ yên.\n史 臣 吳 士 連 曰 明 宗 之 德 之 成 雖 其 天 資 之 羙 亦 由 君 父 教 誨 之 力 者 . [21b*7*1]\nSử thần Ngô Sĩ Liên viết: Minh Tông chi đức chi thành tuy kì thiên tư chi mĩ, diệc do quân phụ giáo hối chi lực giả.\n帝 在 東 宫 時 方 幼 冲 嘗 戲 造 竹 短 檠 英 宗 索 觀 之 惧 不 敢 進 . [21b*8*10]\nĐế tại Đông Cung thời phương ấu xung thường hí tạo trúc đoản kềnh Anh Tông sách quan chi, cụ bất cảm tiến.\n他 日 入 侍 . [21b*9*15]\nTha nhật, nhập thị..\n",
    "url": "/data/image_dvsk/ban_ky_toan_thu/quyen7/DVSKTT_ban_toan_VII_21b.jpg"
  },
  {
    "text": "寝 殿 英 宗 方 盥 頮 頮 音 會 洗 面 也 因 問 及 之 大 怒 即 以 盥 匜 匜 音 移 盥 手 沃 水 噐 擲 擊 之 . [22a*1*1]\ntẩm điện, Anh Tông phương quán hối [Hối âm hội, tẩy diện dã,] nhân vấn cập chi, đại nộ tức dĩ quán dị [Dị âm di quán thủ ốc thuỷ khí,] trịch kích chi.\n帝 以 門 扉 自 蔽 匜 隨 中 而 破 . [22a*2*14]\nĐế dĩ môn phi tự tế dị tuỳ trung nhi phá.\n其 得 於 訓 節 之 嚴 如 此 故 . [22a*3*3]\nKì đắc ư huấn tiết chi nghiêm như thử cố.\n帝 之 德 以 之 而 成 而 帝 之 諸 子 皆 有 才 藝 焉 . [22a*3*13]\nĐế chi đức dĩ chi nhi thành nhi Đế chi chư tử giai hữu tài nghệ yên.\n夏 四 月 詔 乂 安 清 化 等 路 浚 舊 港 〇 . [22a*5*2]\nHạ tứ nguyệt, chiếu Nghệ An, Thanh Hoá đẳng lộ tuấn cựu cảng .\n封 兄 天 澤 為 恭 信 王 〇 . [22a*5*16]\nPhong huynh Thiên Trạch vi Cung Tín Vương .\n秋 九 月 八 日 尊 憲 慈 太 后 為 太 皇 太 后 〇 . [22a*6*6]\nThu cửu nguyệt, bát nhật, tôn Hiến Từ Thái hậu vi Thái Hoàng Thái Hậu .\n冬 十 一 月 十 一 日 塟 穆 陵 盖 拘 時 日 以 是 緩 也 〇 . [22a*7*3]\nĐông thập nhất nguyệt, thập nhất nhật, táng Mục Lăng, cái câu thời nhật dĩ thị hoãn dã .\n自 乙 未 至 是 歲 凣 二 年 米 一 升 直 錢 一 陌 . [22a*8*3]\nTự Ất Mùi chí thị tuế, phàm nhị niên, mễ nhất thăng trực tiền nhất mạch.\n戊 戌 大 治 元 年 元 至 正 十 八 年 春 正 月 朔 改 元 . [22a*9*1]\nMậu Tuất Đại Trị nguyên niên, [Nguyên Chí Chính thập bát niên,] xuân chính nguyệt, sóc, cải nguyên.\n大 赦 〇 . [22a*9*19]\nĐại xá .\n追 . [22a*9*22]\nTruỵ.\n",
    "url": "/data/image_dvsk/ban_ky_toan_thu/quyen7/DVSKTT_ban_toan_VII_22a.jpg"
  },
  {
    "text": "贈 國 父 上 宰 國 頊 為 大 王 〇 . [22b*1*1]\ntặng Quốc phụ Thượng tể Quốc Chẩn vi Đại vương .\n三 月 至 秋 七 月 旱 蟲 魚 多 死 〇 . [22b*1*12]\nTam nguyệt chí thu thất nguyệt, hạn, trùng ngư đa tử .\n秋 八 月 詔 勸 諸 路 富 家 出 粟 賑 貧 民 . [22b*2*5]\nThu bát nguyệt, chiếu khuyến chư lộ phú gia xuất túc chẩn bần dân.\n所 在 官 司 量 其 所 損 以 錢 還 之 〇 . [22b*2*19]\nSở tại Quan ti lượng kì sở tổn dĩ tiền hoàn chi .\n以 范 師 孟 為 入 内 行 遣 知 樞 𡧸 院 事 〇 . [22b*3*13]\nDĩ Phạm Sư Mạnh vi Nhập nội hành khiển tri Khu Mật viện sự .\n吳 陛 再 率 眾 聚 安 阜 山 竪 大 旗 於 山 上 僣 位 揭 榜 曰 賑 救 貧 民 . [22b*4*9]\nNgô Bệ tái suất chúng tụ Yên Phụ sơn thụ đại kì ư sơn thượng, tiếm vị yết bảng viết Chẩn cứu bần dân.\n自 天 寥 至 至 靈 盡 為 所 有 〇 . [22b*5*14]\nTự Thiên Liêu chí Chí Linh, tận vi sở hữu .\n冬 十 一 月 詔 諸 路 安 撫 使 率 鋒 團 隊 軍 人 捕 盗 . [22b*6*6]\nĐông thập nhất nguyệt, chiếu chư lộ an phủ sứ suất phong đoàn đội quân nhân bổ đạo.\n己 亥 二 年 元 至 正 十 九 年 春 正 月 明 遣 使 來 通 好 . [22b*8*1]\nKỉ Hợi nhị niên, [Nguyên Chí Chính thập cửu niên,] xuân chính nguyệt, Minh khiến sứ lai thông hảo.\n時 明 主 與 陳 友 諒 相 持 未 决 勝 負 . [22b*8*20]\nThời Minh chủ dữ Trần Hữu Lượng tương trì vị quyết thắng phụ.\n帝 遣 黎 敬 夫 使 北 覘 虛 . [22b*9*11]\nĐế khiến Lê Kính Phu sứ Bắc chiêm hư..\n",
    "url": "/data/image_dvsk/ban_ky_toan_thu/quyen7/DVSKTT_ban_toan_VII_22b.jpg"
  },
  {
    "text": "實 〇 . [23a*1*1]\nthực .\n夏 四 月 昭 慈 皇 太 妃 薨 追 尊 昭 慈 皇 太 后 . [23a*1*3]\nHạ tứ nguyệt, Chiêu Từ Hoàng thái phi hoăng, truy tôn Chiêu Từ Hoàng Thái hậu.\n明 宗 母 也 〇 . [23a*1*19]\n[Minh Tông mẫu dã,] .\n秋 七 月 以 杜 子 平 為 樞 𡧸 院 事 〇 . [23a*2*4]\nThu thất nguyệt, dĩ Đỗ Tử Bình vi Khu Mật viện sự .\n八 月 二 十 七 日 至 九 月 三 日 大 雨 水 漂 民 居 舍 禾 榖 渰 浸 〇 . [23a*2*17]\nBát nguyệt, nhị thập thất nhật chí cửu nguyệt tam nhật, đại vũ thuỷ phiêu dân, cư xá, hoà cốc yêm tẩm .\n冬 十 月 以 范 師 孟 為 行 遣 左 司 郎 中 黎 适 兼 翰 林 院 奉 㫖 . [23a*4*1]\nĐông thập nguyệt, dĩ Phạm Sư Mạnh vi Hành Khiển tả ti lang trung, Lê Quát kiêm Hàn Lâm viện phụng chỉ.\n庚 子 三 年 元 至 正 二 十 年 春 正 月 鑄 大 治 通 寶 錢 〇 . [23a*6*1]\nCanh Tí tam niên, [Nguyên Chí Chính nhị thập niên,] xuân chính nguyệt, chú Đại trị thông bảo tiền .\n加 惠 肅 公 大 年 平 章 政 事 復 王 爵 是 年 卒 . [23a*6*21]\nGia Huệ Túc công Đại Niên bình chương chính sự phục vương tước, thị niên tốt.\n年 方 五 十 五 舊 制 凣 諸 王 入 相 並 稱 公 惟 親 王 則 復 王 爵 惠 肅 威 肅 公 于 大 󰆑 間 封 王 爵 入 相 並 稱 公 而 追 復 王 爵 非 . [23a*7*15]\n[niên phương ngũ thập ngũ,] Cựu chế phàm chư Vương nhập tướng tịnh xưng công duy thân vương tắc phục vương tước Huệ Túc Uy Túc công vu Đại Khánh gian phong vương, tước nhập tướng tịnh xưng Công nhi truy phục vương tước phi..\n",
    "url": "/data/image_dvsk/ban_ky_toan_thu/quyen7/DVSKTT_ban_toan_VII_23a.jpg"
  },
  {
    "text": "例 也 〇 . [23b*1*1]\nlệ dã .\n三 月 吳 陛 伏 誅 . [23b*1*4]\nTam nguyệt, Ngô Bệ phục tru.\n時 路 軍 捕 吳 陛 於 安 阜 陛 迯 走 欲 赴 京 自 首 . [23b*1*10]\nThời, lộ quân bổ Ngô Bệ ư Yên Phụ Bệ đào tẩu dục phó kinh tự thú.\n本 路 官 獲 之 及 其 黨 三 十 人 㩜 送 京 師 皆 斬 之 〇 . [23b*2*8]\nBản lộ quan hoạch chi cập kì đảng tam thập nhân giam tống kinh sư giai trảm chi .\n夏 五 月 朔 日 食 〇 . [23b*3*8]\nHạ ngũ nguyệt, sóc, nhật thực .\n六 月 元 國 亂 陳 友 諒 僣 稱 帝 國 號 漢 改 元 大 義 與 明 太 祖 相 攻 . [23b*3*15]\nLục nguyệt, Nguyên quốc loạn Trần Hữu Lượng tiếm xưng Đế, quốc hiệu Hán, cải nguyên Đại Nghĩa, dữ Minh Thái Tổ tương công.\n北 邊 帥 臣 黄 碩 驛 奏 明 漢 戰 於 龍 州 凴 祥 . [23b*5*1]\nBắc biên soái thần Hoàng Thạc dịch tấu, Minh Hán chiến ư Long Châu, Bằng Tường.\n碩 等 因 其 爭 國 之 餘 收 得 三 百 餘 人 〇 . [23b*5*17]\nThạc đẳng nhân kì tranh quốc chi dư thu đắc tam bách dư nhân .\n秋 七 月 大 水 〇 . [23b*6*13]\nThu thất nguyệt, đại thuỷ .\n冬 十 月 路 鶴 茶 哇 哇 音 鴉 暹 羅 等 國 商 舶 至 雲 屯 販 賣 進 諸 異 物 〇 . [23b*6*19]\nĐông thập nguyệt, Lộ Hạc Trà Oa [oa âm nha Xiêm La đẳng quốc, thương bách chí Vân Đồn phán mại tiến chư dị vật .\n十 二 月 詔 禁 軍 廵 捕 諸 路 盗 刧 〇 . [23b*8*6]\nThập nhị nguyệt, chiếu cấm quân tuần bổ chư lộ đạo kiếp .\n十 二 月 詔 王 侯 公 主 家 奴 題 額 稱 衘 . [23b*8*19]\nThập nhị nguyệt, chiếu vương hầu công chúa gia nô đề ngạch xưng hàm.\n無 題 及 無 籍 是 . [23b*9*14]\nVô đề cập vô tịch thị..\n",
    "url": "/data/image_dvsk/ban_ky_toan_thu/quyen7/DVSKTT_ban_toan_VII_23b.jpg"
  },
  {
    "text": "盗 刧 大 者 罪 之 小 者 没 官 . [24a*1*1]\nđạo kiếp đại giả tội chi tiểu giả một quan.\n辛 丑 四 年 元 至 正 二 十 一 年 春 正 月 彗 星 見 東 北 . [24a*2*1]\nTân Sửu tứ niên, [Nguyên Chí Chính nhị thập nhất niên,] xuân chính nguyệt, tuệ tinh hiện Đông Bắc.\n帝 避 正 殿 〇 . [24a*2*21]\nĐế tị chính điện .\n二 月 明 太 祖 攻 江 州 . [24a*3*3]\nNhỊ nguyệt, Minh Thái Tổ công Giang Châu.\n陳 友 諒 退 居 武 昌 使 人 來 乞 師 . [24a*3*11]\nTrần Hữu Lượng thoái cư Võ Xương, sử nhân lai khất sư.\n不 許 〇 . [24a*4*4]\nBất hứa .\n三 月 占 城 草 賊 駕 海 掠 迤 哩 海 門 . [24a*4*7]\nTam nguyệt, Chiêm Thành thảo tặc giá hải lược Dĩ Lí hải môn.\n民 本 府 軍 擊 破 之 〇 . [24a*5*1]\nDân bản phủ quân kích phá chi .\n夏 五 月 以 范 阿 葱 為 林 平 府 知 府 即 迤 哩 〇 . [24a*5*9]\nHạ ngũ nguyệt, dĩ Phạm A Song vi Lâm Bình phủ tri phủ [tức Dĩ Lí,] .\n秋 七 月 謝 來 有 罪 伏 誅 . [24a*6*8]\nThu thất nguyệt, Tạ Lai hữu tội phục tru.\n時 帝 於 涼 風 堂 書 寝 御 書 火 謝 來 立 侍 左 右 無 人 來 拔 劍 來 觀 帝 覺 命 斬 之 . [24a*6*17]\nThời Đế ư Lương Phong đường thư tẩm, Ngự thư hoả Tạ Lai lập thị tả hữu vô nhân, Lai bạt kiếm lai quan Đế giác mệnh trảm chi.\n壬 寅 五 年 元 至 正 二 十 二 年 春 正 月 令 王 侯 公 主 諸 家 献 . [24a*9*1]\nNhâm Dần ngũ niên, [Nguyên Chí Chính nhị thập nhị niên,] xuân chính nguyệt, lệnh Vương hầu công chúa chư gia hiến..\n",
    "url": "/data/image_dvsk/ban_ky_toan_thu/quyen7/DVSKTT_ban_toan_VII_24a.jpg"
  },
  {
    "text": "諸 雜 戲 . [24b*1*1]\nchư tạp hí.\n帝 閲 定 其 優 者 賞 之 . [24b*1*4]\nĐế duyệt định kì ưu giả thưởng chi.\n先 是 破 唆 都 時 獲 優 人 李 元 吉 善 𰙔 諸 勢 家 少 年 婢 子 從 習 北 唱 . [24b*1*12]\nTiên thị, phá Toa Đô thời hoạch ưu nhân Lí Nguyên Cát thiện ca, chư thế gia thiếu niên tì tử tòng tập Bắc xướng.\n元 吉 作 古 傳 戲 有 西 方 王 母 献 蟠 桃 等 傳 . [24b*2*18]\nNguyên Cát tác cổ truyền hí hữu Tây phương Vương Mẫu hiến bàn đào đẳng truyện.\n其 戲 有 官 人 朱 子 旦 娘 拘 奴 等 號 凣 十 二 人 著 錦 袍 綉 衣 擊 皷 吹 箫 彈 琴 撫 掌 閙 奴 教 切 擾 也 以 檀 構 註 云 周 后 死 後 主 書 琵 琶 後 曰 天 香 留 鳳 尾 餘 煖 在 檀 構 更 出 送 入 為 戲 感 人 令 悲 則 悲 令 歡 則 歡 . [24b*3*15]\nKì hí hữu quan nhân Chu tử đán nương câu nô đẳng hiệu phàm thập nhị nhân trước cẩm bào tú y kích cổ suy tiêu đạn cầm phủ chưởng náo [nô giáo thiết nhiễu dã,] dĩ đàn cấu [Chú vân Chu Hậu tử hậu chủ thư tì bà hậu viết Thiên hương lưu phụng vĩ dư noãn tại đàn cấu.] cánh xuất tống nhập vi hí cảm nhân lệnh bi tắc bi lệnh hoan tắc hoan.\n我 囻 有 傳 戲 始 此 . [24b*7*3]\nNgã quốc hữu truyện hí thuỷ thử.\n又 招 集 天 下 富 家 如 北 江 亭 榜 國 威 俄 亭 . [24b*7*10]\nHựu chiêu tập thiên hạ phú gia như Bắc Giang Đình Bảng, Quốc Oai Nga Đình.\n者 入 宫 賭 博 為 戲 一 擲 錢 三 百 鏹 或 三 擲 則 錢 比 千 鏹 矣 . [24b*8*7]\ngiả nhập cung đổ bác vi hí nhất trịch tiền tam bách cưỡng hoặc tam trịch tắc tiền tỉ thiên cưỡng hĩ.\n又 令 私 奴 耕 蘇 歷 江 上 北 . [24b*9*10]\nHựu lệnh tư nô canh Tô Lịch giang thượng bắc..\n",
    "url": "/data/image_dvsk/ban_ky_toan_thu/quyen7/DVSKTT_ban_toan_VII_24b.jpg"
  },
  {
    "text": "彦 有 一 畆 種 蒜 薤 等 菜 價 賣 名 其 方 曰 蒜 圜 至 今 尚 存 及 造 扇 子 價 賣 如 之 〇 . [25a*1*1]\nngạn hữu nhất mẫu chủng toán giới đẳng thái giá mại danh kì phương viết Toán viên [chí kim thượng tồn\n二 月 彗 星 見 北 方 〇 . [25a*2*10]\n] cập tạo phiến tử giá mại như chi .\n三 月 占 城 劫 掠 化 州 〇 . [25a*2*18]\nNhị nguyệt, Tuệ tinh hiện Bắc phương .\n夏 四 月 命 杜 子 平 定 補 林 平 順 化 軍 及 繕 完 化 州 城 〇 . [25a*3*8]\nTam nguyệt, Chiêm Thành kiếp lược Hoá Châu .\n五 月 雷 震 天 安 殿 〇 . [25a*4*10]\nHạ tứ nguyệt, mệnh Đỗ Tử Bình định bổ Lâm Bìn, Thuận Hoá quân cập thiện hoàn Hoá Châu thành .\n自 五 月 至 秋 七 月 旱 . [25a*4*18]\nNgũ nguyệt, lôi chấn Thiên An điện .\n錄 囚 . [25a*5*7]\nTự ngũ nguyệt chí thu thất nguyệt, hạn.\n大 雨 . [25a*5*9]\nLục tù.\n詔 免 天 下 今 年 租 税 之 半 〇 . [25a*5*11]\nĐại vũ.\n八 月 以 行 遣 范 師 孟 知 樞 𡧸 院 事 〇 . [25a*6*3]\nChiếu miễn thiên hạ kim niên tô thuế chi bán .\n大 饑 . [25a*6*17]\nBát nguyệt, dĩ Hành Khiển Phạm Sư Mạnh tri Khu Mật viện sự .\n詔 富 家 進 粟 賑 貧 民 賜 爵 有 差 〇 . [25a*6*19]\nĐại cơ.\n九 月 帝 幸 天 長 府 . [25a*7*13]\nChiếu phú gia tiến túc chẩn bần dân, tứ tước hữu sai .\n民 有 疾 疫 賜 官 藥 及 錢 米 有 差 . [25a*8*1]\nCửu nguyệt, Đế hạnh Thiên Trường phủ.\n藥 有 名 紅 玉 霜 丸 能 蠲 除 百 疾 貧 人 能 聽 來 賜 藥 二 丸 錢 二 陌 米 二 升 〇 . [25a*8*13]\nDân hữu tật dịch tứ quan dược cập tiền mễ hữu sai.\n冬 十 月 天 健 山 崩 〇 . [25a*9*16]\n[Dược hữu danh Hồng ngọc sương hoàn năng quyên trừ bách tật Bần nhân năng thính lai tứ dược nhị hoàn tiền nhị mạch mễ nhị thăng,] .\n十 二 月 . [25a*9*24]\nĐông thập nguyệt, Thiên Kiện sơn băng .\n.\nThập nhị nguyệt,..\n",
    "url": "/data/image_dvsk/ban_ky_toan_thu/quyen7/DVSKTT_ban_toan_VII_25a.jpg"
  },
  {
    "text": "以 杜 子 平 同 知 門 下 . [25b*1*1]\ndĩ Đỗ Tử Bình đồng tri Môn hạ.\n癸 卯 六 年 元 至 正 二 十 三 年 春 二 月 詔 選 民 丁 充 補 諸 路 軍 〇 . [25b*2*1]\nQuý Mão lục niê, [Nguyên Chí chính nhị thập tam niên,] xuân nhị nguyệt, chiếu tuyển dân đinh sung bổ chư lộ quân .\n三 月 試 士 人 以 文 藝 充 舘 閣 . [25b*3*3]\nTam nguyệt, thí sĩ nhân, dĩ văn nghệ sung quán các.\n試 吏 員 以 書 寫 充 省 院 属 〇 . [25b*3*14]\nThí lại viên dĩ thư tả sung sảnh viện thuộc .\n追 贈 少 保 張 漢 超 為 太 傅 〇 . [25b*4*6]\nTruy tặng Thiếu bảo Trương Hán Siêu vi Thái phó .\n夏 五 月 還 鄒 庚 前 職 爵 〇 . [25b*4*17]\nHạ ngũ nguyệt, hoàn Trâu Canh tiền chức tước .\n六 月 没 籍 大 來 社 寨 主 吳 引 家 . [25b*5*8]\nLục nguyệt, một tịch Đại Lai xã trại chủ Ngô Dẫn gia.\n初 引 父 於 明 宗 時 得 蜈 蚣 大 珠 󰅾 來 雲 屯 商 舶 為 之 傾 舶 主 欲 得 奇 貨 盡 於 所 有 買 之 . [25b*6*1]\nSơ Dẫn phụ ư Minh Tông thời đắc ngô công đại châu đái lai Vân Đồn thương bách vi chi khuynh bách chủ dục đắc kì hoá tận ư sở hữu mãi chi.\n引 自 此 致 富 明 宗 以 月 山 公 主 適 之 . [25b*7*15]\nDẫn tự thử trí phú Minh Tông dĩ Nguyệt Sơn công chúa thích chi.\n引 特 其 富 通 滛 别 女 又 有 欺 公 主 語 . [25b*8*10]\nDẫn đặc kì phú thông dâm biệt nữ hựu hữu khi công chúa ngữ.\n公 主 以 聞 . [25b*9*5]\nCông chúa dĩ văn.\n免 死 没 其 家 産 〇 . [25b*9*9]\nMiễn tử một kì gia sản .\n冬 十 月 m a t - c h u . [25b*9*16]\nĐông thập nguyệt, mat-chu..\n",
    "url": "/data/image_dvsk/ban_ky_toan_thu/quyen7/DVSKTT_ban_toan_VII_25b.jpg"
  },
  {
    "text": "池 於 後 宫 御 苑 . [26a*1*1]\ntrì ư hậu cung ngự uyển.\n池 忠 積 石 為 山 四 面 各 開 川 路 通 流 . [26a*1*7]\nTrì trung tích thạch vi sơn tứ diện các khai xuyên lộ thông lưu.\n池 上 種 松 竹 雜 樹 及 奇 花 異 卉 珍 禽 異 獸 . [26a*2*2]\nTrì thượng chủng tùng trúc tạp thụ cập kì hoa dị bôi trân cầm dị thú.\n又 育 於 其 中 池 之 西 種 雙 桂 起 雙 桂 殿 名 其 殿 曰 樂 清 殿 其 池 曰 樂 清 池 . [26a*2*18]\nHựu dục ư kì trung trì chi Tây chủng song quế khởi Song Quế điện danh kì điện viết Lạc Thanh điện kì trì viết Lạc Thanh trì.\n又 别 為 小 池 令 海 東 人 載 鹹 水 潴 焉 以 玳 𤦛 魚 鼈 海 物 養 於 池 中 又 令 化 州 人 載 鱷 魚 放 之 又 有 清 魚 池 放 清 鮒 鮒 音 付 鯽 魚 也 魚 並 置 客 都 掌 之 . [26a*4*8]\nHựu biệt vi tiểu trì lệnh Hải Đông nhân tải hàm thuỷ trư yên dĩ đại mạo ngư biết hải vật dưỡng ư trì trung hựu lệnh Hoá Châu nhân tải ngạc ngư phóng chi hựu hữu thanh ngư trì phóng thanh phụ [phụ âm phó tức ngư dã.] ngư tịnh trí khách đô chưởng chi.\n甲 辰 七 年 元 至 正 二 十 四 年 春 二 月 造 客 廊 于 西 殿 直 抵 黄 福 門 〇 . [26a*8*1]\nGiáp Thìn thất niên, [Nguyên Chí Chính nhị thập tứ niên,] xuân nhị nguyệt, tạo khách lang vu Tây điện trực để Hoàng Phúc môn .\n夏 四 月 召 永 安 宫 正 掌 奉 御 裴 寬 與 之 . [26a*9*5]\nHạ tứ nguyệt, triệu Vĩnh An cung chính chưởng phụng ngự Bùi Khoan dữ chi..\n",
    "url": "/data/image_dvsk/ban_ky_toan_thu/quyen7/DVSKTT_ban_toan_VII_26a.jpg"
  },
  {
    "text": "飲 . [26b*1*1]\nẩm.\n寬 以 計 詐 飲 盡 百 升 賞 爵 二 資 〇 . [26b*1*2]\nKhoan dĩ kế trá ẩm tận bách thăng, Thưởng tước nhị tư .\n五 月 帝 迎 風 翫 月 飲 酒 大 醉 親 浴 于 江 因 此 致 疾 . [26b*1*15]\nNgũ nguyệt, Đế nghênh phong ngoạn nguyệt ẩm tửu đại tuý thân dục vu giang nhân thử trí tật.\n令 藥 官 鄒 庚 等 日 夜 輪 直 侍 湯 藥 〇 . [26b*2*15]\nLệnh dược quan Trâu Canh đẳng nhật dạ luân trực thị thang dược .\n秋 七 月 疾 愈 〇 . [26b*3*10]\nThu thất nguyệt tật dũ .\n八 月 選 天 下 黄 男 定 三 等 軍 伍 修 戰 船 戰 噐 以 防 邊 事 〇 . [26b*3*16]\nBát nguyệt, tuyển thiên hạ hoàng nam định tam đẳng quân ngũ tu chiến thuyền chiến khí dĩ phòng biên sự .\n冬 十 月 恭 肃 王 元 昱 卒 . [26b*4*19]\nĐông thập nguyệt, Cung Túc vương Nguyên Dực tốt.\n乙 巳 八 年 元 至 正 二 十 五 年 春 正 月 占 人 掠 化 州 春 遊 民 . [26b*6*1]\nẤt Tị bát niên, [Nguyên Chí Chính nhị thập ngũ niên,] xuân chính nguyệt, Chiêm nhân lược Hoá Châu xuân du dân.\n先 是 化 州 俗 每 年 春 正 月 會 士 女 鞦 韆 於 󰜏 陽 . [26b*7*1]\nTiên thị Hoá Châu tục mỗi niên xuân chính nguyệt hội sĩ nữ thu thiên ư BÀ Dương.\n占 人 於 前 年 十 二 月 潜 伏 化 州 源 頭 至 是 奄 至 擄 掠 人 口 以 歸 〇 . [26b*8*1]\nChiêm nhân ư tiền niên thập nhị nguyệt tiềm phục Hoá Châu nguyên đầu chí thị yểm chí lỗ lược nhân khẩu dĩ quy .\n冬 十 一 月 詔 諒 江 山 僚 等 軍 鎮 守 . [26b*9*7]\nĐông thập nhất nguyệt, chiếu Lạng Giang sơn liêu đẳng quân trấn thủ..\n",
    "url": "/data/image_dvsk/ban_ky_toan_thu/quyen7/DVSKTT_ban_toan_VII_26b.jpg"
  },
  {
    "text": "邊 防 以 北 地 亂 明 漢 相 爭 屯 南 寕 龍 州 故 也 〇 . [27a*1*1]\nbiên phòng dĩ Bắc địa loạn Minh Hán tương tranh đồn Nam Ninh, Long Châu cố dã .\n時 清 化 人 韶 寸 為 諒 江 防 禦 使 統 諒 江 軍 屯 東 平 江 善 撫 軍 士 軍 中 樂 之 . [27a*1*19]\nThời Thanh Hoá nhân Thiều Thốn vi Lạng Giang phòng ngự sứ thống Lạng Giang quân đồn Đông Bình giang, thiện phủ quân sĩ, quân trung lạc chi.\n後 以 弟 驕 點 連 坐 落 職 . [27a*3*9]\nHậu dĩ đệ kiêu điểm liên toạ, lạc chức.\n軍 中 為 之 語 曰 天 不 知 寃 韶 公 失 官 及 治 裝 将 歸 又 為 語 曰 韶 公 之 歸 使 我 心 悲 . [27a*3*18]\nQuân trung vi chi ngữ viết: Thiên bất tri oan Thiều công thất quan, cập trị trang tương quy hựu vi ngữ viết: Thiều công chi quy sử ngã tâm bi.\n朝 廷 聞 之 復 其 官 軍 中 又 為 語 曰 天 知 其 寃 韶 公 得 官 未 幾 卒 〇 . [27a*5*11]\nTriều đình văn chi, phục kì quan quân trung hựu vi ngữ viết: Thiên tri kì oan Thiều công đắc quan Vị cơ tốt .\n明 慈 皇 太 妃 薨 . [27a*6*17]\nMinh Từ Hoàng thái phi hoăng.\n妃 藝 宗 生 母 也 丙 午 九 年 元 至 正 二 十 六 年 春 正 月 命 左 僕 射 曾 寬 右 僕 射 黎 适 閲 定 清 化 帳 籍 . [27a*7*4]\n[Phi Nghệ Tông sinh mẫu dã.] Bính Ngọ cửu niê, [Nguyên Chí Chính nhị thập lục niên,] xuân chính nguyệt, mệnh Tả bộc xạ Tăng Khoan, Hữu bộc xạ Lê Quát duyệt định Thanh Hoá trướng tịch.\n适 清 化 人 少 遊 京 師 其 友 人 使 燕 京 适 送 詩 云 驛 路 . [27a*9*10]\n[Quát Thanh Hoá nhân thiếu du kinh sư kì hữu nhân sử Yên Kinh, Quát tống thi vân: Dịch lộ..\n",
    "url": "/data/image_dvsk/ban_ky_toan_thu/quyen7/DVSKTT_ban_toan_VII_27a.jpg"
  },
  {
    "text": "三 千 君 據 鞍 海 門 十 二 我 還 山 中 朝 使 者 煙 波 客 君 得 功 名 我 得 閑 識 者 知 适 . [27b*1*1]\ntam thiên quân cứ an Hải môn thập nhị ngã hoàn sơn, Trung triều sứ giả yên ba khách Quân đắc công danh ngã đắc nhàn Thức giả tri Thích tương quý quả đăng khoa sậu quá kì tiên hữu nhân\n? 貴 果 登 科 驟 過 其 先 友 人 〇 . [27b*2*6]\n] .\n三 月 占 人 冦 臨 平 府 府 官 范 阿 葱 擊 敗 之 . [27b*3*1]\nTam nguyệt, chiêm nhân khấu Lâm Bình phủ, phủ quan Phạm A Song kích bại chi.\n授 阿 葱 臨 平 府 大 知 府 行 軍 守 禦 使 〇 . [27b*3*16]\nThụ A Song Lâm Bình phủ đại tri phủ hành quân thủ ngự sứ .\n夏 四 月 詔 諸 路 安 撫 使 收 捕 道 刧 〇 . [27b*4*11]\nHạ tứ nguyệt, chiếu chư lộ An phủ sứ thu bổ đạo kiếp .\n六 月 帝 禦 小 舟 幸 米 所 鄕 少 尉 陳 吾 郎 家 三 更 乃 回 . [27b*5*12]\nLục nguyệt, Đế ngự tiểu chu hạnh Mễ Sở hương Thiếu uý Trần Ngô Lang gia tam canh nãi hồi.\n至 褚 家 江 被 盗 失 寶 壐 寶 劎 . [27b*6*4]\nChí Chử Gia giang bị đạo thất bảo tỉ bảo kiếm.\n自 知 業 短 益 縱 為 逸 樂 焉 〇 . [27b*6*15]\nTự tri nghiệp đoản ích tung vi dật lạc yên .\n是 歲 漢 亡 . [27b*7*1]\nThị tuế, Hán vong.\n丁 未 十 年 元 至 正 二 十 七 年 冬 十 二 月 以 明 字 陳 世 興 為 統 軍 行 遣 同 知 尚 書 左 司 事 杜 子 平 副 之 伐 占 城 〇 . [27b*9*2]\nĐinh Mùi thập niên, [Nguyên Chí Chính nhị thập thất niên,] đông thập nhị nguyệt, dĩ Minh Tự Trần Thế Hưng vi, Thống quân hành khiển đồng tri thượng thư tả ti sự Đỗ Tử Bình phó chi, phạt Chiêm Thành .\n拜 恭 定 王 暊 左 相 國 加 封 大 王 〇 . [27b*9*15]\nBái Cung Định Vương phũ tả tướng quốc, gia phong Đại vương .\n.\nThị tuế, Nguyên vong.\n",
    "url": "/data/image_dvsk/ban_ky_toan_thu/quyen7/DVSKTT_ban_toan_VII_27b.jpg"
  },
  {
    "text": "戊 申 十 一 年 明 太 祖 朱 元 璋 洪 武 元 年 春 正 月 彗 星 見 于 昴 宿 之 間 〇 . [28a*1*1]\nMậu Thân thập nhất niên, [Minh Thái Tổ Chu Nguyên Chương Hồng Vũ nguyên niên,] xuân chính nguyệt, tuệ tinh hiện vu Mão Túc chi gian .\n二 月 占 城 遣 牧 婆 摩 來 乞 復 化 州 邊 界 〇 . [28a*2*4]\nNhị nguyệt, Chiêm Thành khiến Mục Bà Ma lai khất phục Hoá Châu biên giới .\n三 月 造 長 廊 自 元 玄 閣 直 抵 西 大 朝 門 以 便 百 官 進 朝 避 暑 雨 〇 . [28a*3*2]\nTam nguyệt, tạo trường lang tự Nguyên Huyền các trực để Tây đại triều môn dĩ tiện bách quan tiến triều tị thử vũ .\n夏 四 月 陳 世 興 至 占 洞 . [28a*4*8]\nHạ tứ nguyệt, Trần Thế Hưng chí Chiêm Động.\n占 人 伏 兵 盗 𭛁 我 軍 大 潰 . [28a*4*17]\nChiêm nhân phục binh đạo phát ngã quân đại hội.\n世 興 為 賊 所 擒 子 平 引 軍 還 〇 . [28a*5*9]\nThế Hưng vi tặc sở cầm, Tử Bình dẫn quân hoàn .\n明 太 祖 即 位 於 金 陵 建 元 洪 武 遣 易 濟 民 來 聘 〇 . [28a*6*4]\nMinh Thái Tổ tức vị ư Kim Lăng, kiến nguyên Hồng Vũ khiến Dịch Tế Dân lai sính .\n秋 八 月 遣 禮 部 侍 郎 陶 文 的 如 明 報 聘 〇 . [28a*7*5]\nThu bát nguyệt, khiến Lễ bộ thị lang Đào Văn Đích như Minh báo sính .\n冬 十 月 召 至 靈 道 士 玄 雲 赴 京 問 以 修 煉 之 法 . [28a*8*3]\nĐông thập nguyệt, triệu Chí Linh đạo sĩ Huyền Vân phó kinh vấn dĩ tu luyện chi pháp.\n賜 所 居 洞 曰 玄 天 洞 . [28a*9*3]\nTứ sở cư động viết Huyền Thiên động.\n",
    "url": "/data/image_dvsk/ban_ky_toan_thu/quyen7/DVSKTT_ban_toan_VII_28a.jpg"
  },
  {
    "text": "己 酉 十 二 年 六 月 以 後 楊 日 禮 大 定 元 年 . [28b*1*1]\nKỉ Dậu thập nhị niên, [lục nguyệt dĩ hậu, Dương Nhật Lễ Đại Định nguyên niên .\n明 洪 武 二 年 夏 五 月 朔 日 食 . [28b*1*18]\nMinh Hồng Vũ nhị niên,] hạ ngũ nguyệt, sóc, nhật thực.\n二 十 五 日 帝 崩 于 正 寝 廟 號 裕 宗 臨 崩 之 日 以 無 嗣 詔 迎 日 禮 入 繼 統 . [28b*2*2]\nNhị thập ngũ nhật, Đế băng vu chính tẩm, miếu hiệu Dụ Tông, Lâm băng chi nhật dĩ vô tự, chiếu nghênh Nhật Lễ nhập kế thống.\n史 臣 吳 士 連 曰 裕 宗 因 溺 嬰 疾 𡸈 不 知 其 無 嗣 耶 日 禮 優 人 之 子 𡸈 不 知 其 非 . [28b*4*1]\nSử thần Ngô Sĩ Liên viết: Dụ Tông nhân nịch anh tật, há bất tri kì vô tự da! Nhật Lễ ưu nhân chi tử há bất tri kì phi.\n昱 子 邪 况 明 宗 諸 子 皆 有 才 藝 苟 念 社 稷 之 重 擇 其 才 德 者 立 為 儲 嗣 以 繫 天 下 之 望 則 國 本 固 矣 . [28b*5*13]\nDực tử tà huống Minh Tông chư tử giai hữu tài nghệ câu niệm xã tắc chi trọng trạch kì tài đức giả lập vi trừ tự dĩ hệ thiên hạ chi vọng tắc quốc bản cố hĩ.\n既 不 能 然 及 寝 疾 又 不 以 謀 之 太 皇 為 社 稷 計 乃 詔 日 禮 繼 統 以 絶 其 嗣 身 崩 之 後 禍 及 太 皇 及 太 宰 等 . [28b*7*15]\nKí bất năng nhiên cập tẩm tật hựu bất dĩ mưu chi thái hoàng vi xã tắc kế nãi chiếu Nhật Lễ kế thống dĩ tuyệt kì tự thân băng chi hậu hoạ cập thái hoàng cập thái tể đẳng..\n",
    "url": "/data/image_dvsk/ban_ky_toan_thu/quyen7/DVSKTT_ban_toan_VII_28b.jpg"
  },
  {
    "text": "人 . [29a*1*1]\nnhân.\n不 有 藝 皇 及 諸 宗 室 則 國 家 已 非 陳 有 矣 . [29a*1*2]\nBất hữu Nghệ Hoàng cập chư tông thất, tắc quốc gia dĩ phi Trần hữu hĩ.\n帝 能 尊 師 重 道 而 不 與 謀 及 國 事 故 賢 者 不 可 虚 拘 . [29a*1*18]\nĐế năng tôn sư trọng đạo nhi bất dữ mưu cập quốc sự cố hiền giả bất khả hư câu.\n朱 安 之 去 無 人 告 以 善 道 所 謂 不 信 仁 贒 則 國 空 虚 是 也 . [29a*3*2]\nChu An chi khứ vô nhân cáo dĩ thiện đạo Sở vị bất tín nhân hiền tắc quốc không hư thị dã.\n六 月 十 日 大 雨 暴 風 〇 . [29a*5*2]\nLục nguyệt, thập nhật, đại vũ bạo phong .\n十 五 日 憲 慈 皇 太 后 使 人 迎 故 恭 肅 大 王 昱 庶 子 日 禮 即 位 改 元 大 定 元 年 . [29a*5*11]\nThập ngũ nhật, Hiến Từ hoàng thái hậu sử nhân nghênh cố Cung Túc Đại Vương Dực thứ tử Nhật Lễ tức vị, cải nguyên Đại Định nguyên niên.\n日 禮 優 人 楊 姜 子 . [29a*7*2]\nNhật Lễ ưu nhân Dương Khương tử.\n其 母 號 王 母 者 為 傳 戲 時 傳 有 王 母 献 蟠 桃 日 禮 母 為 之 因 以 為 號 方 有 娠 昱 悅 其 艶 色 納 之 及 生 以 為 己 子 . [29a*7*9]\nKì mẫu hiệu Vương Mẫu giả vi truyền hí thời [truyền hữu Vương Mẫu hiến bàn đào Nhật Lễ Mẫu vi chi nhân dĩ vi hiệu.] phương hữu thần Dực duyệt kì diễm sắc nạp chi cập sinh dĩ vi kỷ tử.\n至 是 太 后 謂 群 臣 曰 昱 嫡 長 不 得 位 且 . [29a*9*5]\nChí thị Thái hậu vị quần thần viết Dực đích trưởng bất đắc vị thả..\n",
    "url": "/data/image_dvsk/ban_ky_toan_thu/quyen7/DVSKTT_ban_toan_VII_29a.jpg"
  },
  {
    "text": "早 棄 世 . [29b*1*1]\ntảo khí thế.\n日 禮 非 其 子 耶 遂 迎 立 之 追 封 昱 為 皇 太 伯 〇 . [29b*1*4]\nNhật Lễ phi kì tử da! Toại, nghênh lập chi truy phong Dực vi Hoàng thái bá .\n秋 八 月 四 日 〇 禮 尊 憲 慈 皇 太 后 為 憲 慈 宣 聖 太 皇 太 后 儀 聖 皇 后 為 𧗼 慈 佐 聖 皇 太 后 〇 . [29b*2*3]\nThu bát nguyệt, tứ nhật, Nhật Lễ tôn Hiến Từ Hoàng Thái Hậu vi Hiến Từ Tuyên Thánh Thái Hoàng Thái Hậu, Nghi Thánh Hoàng Hậu vi Huy Từ Tá Thánh Hoàng thái hậu .\n納 恭 定 王 暊 女 為 皇 后 〇 . [29b*3*19]\nNạp Cung Định Vương Phũ nữ vi Hoàng hậu .\n冬 十 一 月 塟 阜 陵 明 遣 牛 諒 張 . [29b*4*10]\nĐông thập nhất nguyệt, táng Phụ Lăng Minh khiến Ngưu Lượng Trương.\n以 寕 賫 金 印 龍 章 來 適 裕 宗 晏 駕 . [29b*5*3]\nDĩ Ninh tê kim ấn Long Chương lai thích Dụ Tông yến giá.\n諒 作 詩 换 之 曰 南 服 蒼 生 奠 枕 安 龍 編 開 國 控 諸 蠻 包 茅 苲 喜 通 王 貢 薤 露 寕 期 别 庶 官 丹 詔 遠 頒 金 印 重 黄 膓 新 閟 玉 衣 寒 傷 心 最 是 天 朝 使 欲 見 無 由 淚 满 鞍 . [29b*5*16]\nLượng tác thi hoán chi viết: Nam phục thương sinh điện chẩm an, Long Biên khai quốc khống chư man, Bao mao sạ hỉ thông vương cống, giới lộ ninh kì biệt thứ quan, Đan chiếu viễn ban kim ấn trọng, Hoàng trường tân bí ngọc y hàn, Thương tâm tối thị Thiên triều sứ, Dục kiến vô do lệ mãn an.\n既 而 以 寕 疾 死 惟 諒 回 國 . [29b*9*2]\nKí nhi, Dĩ Ninh tật tử, duy Lượng hồi quốc.\n右 将 國 恭 定 王 暊 作 . [29b*9*12]\nHữu tướng quốc Cung Định Vương phũ tác..\n",
    "url": "/data/image_dvsk/ban_ky_toan_thu/quyen7/DVSKTT_ban_toan_VII_29b.jpg"
  },
  {
    "text": "詩 餞 之 曰 安 南 宰 相 不 能 詩 空 把 茶 甌 送 客 㱕 圓 傘 山 青 瀘 水 碧 隨 風 直 入 五 雲 𢒎 . [30a*1*1]\nthi tiễn chi viết: An Nam tể tướng bất năng thi, Không bá trà âu tống khách quy, Viên Tản sơn thanh Lô thuỷ bích, tuỳ phong trực nhập ngũ vân phi.\n諒 謂 暊 必 有 國 . [30a*2*14]\nLượng vị phũ tất hữu quốc.\n後 果 如 其 言 〇 . [30a*3*1]\nHậu quả như kì ngôn .\n日 禮 拜 右 相 國 元 晫 為 上 相 國 太 宰 〇 . [30a*3*7]\nNhật Lễ bái Hữu tướng quốc Nguyên trác vi Thượng tướng quốc Thái tể .\n十 二 月 十 四 日 日 禮 弑 憲 慈 宣 聖 太 皇 太 后 于 宫 中 . [30a*4*3]\nThập nhị nguyệt, thập tứ nhật, Nhật Lễ thích Hiến Từ Tuyên Thánh Thái Hoàng Thái Hậu vu cung trung.\n太 后 性 仁 厚 多 有 相 成 之 功 . [30a*5*4]\nThái hậu tính nhân hậu, đa hữu tương thành chi công.\n初 明 宗 御 北 宫 有 閽 人 於 嚴 光 井 中 得 斑 魚 一 尾 口 中 有 物 挑 出 之 中 有 字 乃 厭 咒 語 有 裕 宗 恭 肅 天 寕 等 字 皆 憲 慈 所 出 閽 人 持 以 聞 . [30a*5*15]\nSơ, Minh Tông ngự Bắc cung hữu hôn nhân ư Nghiêm Quang tỉnh trung đắc ban ngư nhất vĩ, khẩu trung hữu vật khiêu xuất, chi trung hữu tự nãi yếm chú ngữ hữu Dụ Tông, Cung Túc, Thiên Ninh đẳng tự [giai Hiến Từ sở. xuất,] Hôn nhân trì dĩ văn.\n明 宗 大 駭 詔 悉 捕 宫 人 宫 媪 宫 婢 按 問 . [30a*8*10]\nMinh Tông đại hãi, chiếu tất bổ cung nhân, cung ẩu, cung tì án vấn.\n太 后 曰 且 此 恐 其 中 有 寃 者 . [30a*9*4]\nThái hậu viết: Thả thử khủng kì trung hữu oan giả.\n妾 請 潜 加 體 . [30a*9*15]\nThiếp thỉnh tiềm gia thể..\n",
    "url": "/data/image_dvsk/ban_ky_toan_thu/quyen7/DVSKTT_ban_toan_VII_30a.jpg"
  },
  {
    "text": "問 . [30b*1*1]\nvấn.\n從 之 . [30b*1*2]\nTòng chi.\n太 后 使 人 問 閽 人 曰 近 日 宫 中 某 房 買 斑 魚 者 閽 人 以 朝 門 次 妃 對 . [30b*1*4]\nThái hậu sử nhân vấn hôn nhân viết, Cận nhật cung trung mỗ phòng mãi ban ngư giả? Hôn nhân dĩ Triều Môn thứ phi đối.\n太 后 以 聞 明 宗 亟 令 窮 治 . [30b*2*11]\nThái hậu dĩ văn Minh Tông cực lệnh cùng trị.\n太 后 曰 北 宫 中 事 不 可 發 露 . [30b*3*2]\nThái hậu viết: Bắc cung trung sự bất khả phát lộ.\n朝 門 次 妃 恭 靖 所 出 也 . [30b*3*13]\nTriều Môn thứ phi Cung Tịnh sở xuất dã.\n如 其 𤼵 露 則 宫 家 與 太 尉 生 釁 . [30b*4*3]\nNhư kì phát lộ tắc cung gia dữ Thái uý sinh hấn.\n臣 請 寝 而 勿 問 . [30b*4*15]\nThần thỉnh tẩm nhi vật vấn.\n明 宗 贒 之 逮 . [30b*5*2]\nMinh Tông hiền chi đãi.\n明 宗 崩 将 軍 陳 宗 霍 賣 忠 於 裕 宗 交 構 其 事 . [30b*5*7]\nMinh Tông băng, tướng quân Trần Tông Hoắc mại trung ư Dụ Tông giao cấu kì sự.\n太 尉 将 遇 害 頼 太 皇 力 救 得 免 . [30b*6*5]\nThái uý tương ngộ hại lại, Thái hoàng lực cứu đắc miễn.\n當 時 稱 之 曰 太 后 能 盡 母 道 矣 嫡 庶 之 分 雖 不 同 而 仁 慈 之 念 無 或 間 使 君 臣 父 子 兄 弟 之 恩 義 不 少 玷 缺 近 古 以 來 未 之 有 也 . [30b*6*17]\nĐương thời xưng chi viết Thái hậu năng tận mẫu đạo hĩ, đích thứ chi phân tuy bất đồng nhi nhân từ chi niệm vô hoặc gian, sử quân thần phụ tử huynh đệ chi ân nghĩa bất thiếu điếm khuyết cận cổ dĩ lai vị chi hữu dã.\n古 之 所 謂 女 中 堯 舜 太 后 以 . [30b*9*9]\nCổ chi sở vị nữ trung Nghiêu Thuấn, Thái hậu dĩ..\n",
    "url": "/data/image_dvsk/ban_ky_toan_thu/quyen7/DVSKTT_ban_toan_VII_30b.jpg"
  }
]