[
  {
    "text": "之 . [31a*1*1]\nchi.\n嘗 悔 立 日 禮 日 禮 潜 鴆 之 . [31a*1*2]\nThường hối lập Nhật Lễ NHật Lễ tiềm chậm chi.\n藝 宗 皇 帝 附 昏 德 公 楊 日 禮 一 年 諱 暊 明 宗 弟 三 子 也 嫡 母 憲 慈 宣 聖 太 皇 太 后 親 生 母 與 憲 慈 同 母 即 阮 聖 訓 女 嫁 黎 氏 之 所 生 女 明 宗 次 妃 黎 氏 者 也 在 位 三 年 遜 位 二 十 七 年 壽 七 十 四 . [31a*2*1]\nNghệ Tông Hoàng Đế Phụ Hôn Đức Công Dương Nhật Lễ nhất niên [Huý phũ Minh Tông đệ tam tử dã. Đích mẫu Hiến Từ Tuyên Thánh Thái Hoàng Thái hậu thân sinh mẫu dữ Hiến Từ đồng mẫu tức Nguyễn Thánh Huấn nữ giá Lê thị chi sở sinh nữ, Minh tông thứ phi Lê thị giả dã. Tại vị tam niên tốn vị nhị thập thất niên thọ thất thập tứ .\n帝 削 平 内 難 光 復 洪 圖 䂓 恢 功 烈 炳 . [31a*4*30]\nĐế tước bình nội nan quang phục hồng đồ, quy khôi công liệt bính.\n彪 宇 宙 . [31a*5*12]\nbưu vũ trụ.\n然 恭 儉 有 餘 而 剛 斲 不 足 . [31a*5*15]\nNhiên cung kiệm hữu dư nhi cương trác bất túc.\n外 冦 侵 犯 京 畿 内 姦 覬 覦 神 噐 社 稷 消 剥 以 至 於 亡 庚 戌 紹 慶 元 年 十 月 以 前 楊 日 禮 大 定 二 年 . [31a*5*25]\nNgoại khấu xâm phạm kinh kì nội gian ký du thần khí xã tắc. tiêu bác dĩ chí ư vong. Canh Tuất Thiệu Khánh nguyên niên, [thập nguyệt dĩ tiền Dương Nhật Lễ Đại Định nhị niên .\n明 洪 武 三 年 春 正 月 明 帝 親 製 祝 文 命 朝 天 宫 道 士 閻 原 復 賫 牲 幣 來 致 祭 于 傘 圓 山 及 瀘 江 諸 水 神 . [31a*7*19]\nMinh Hồng Vũ tam niên,] xuân chính nguyệt, Minh đế thân chế chúc văn mệnh Triều Thiên cung đạo sĩ Diêm Nguyên Phục tê sinh tệ lai trí tế vu Tản Viên sơn cập Lô Giang chư thuỷ thần.\n夏 四 月 閻 原 復 入 國 . [31a*9*12]\nHạ tứ nguyệt, Diêm Nguyên Phục nhập quốc..\n",
    "url": "/data/image_dvsk/ban_ky_toan_thu/quyen7/DVSKTT_ban_toan_VII_31a.jpg"
  },
  {
    "text": "都 敬 行 祀 事 󰍶 刻 文 于 石 紀 其 事 然 後 辝 㱕 〇 . [31b*1*1]\nđô kính hành tự sự tất khắc văn vu thạch kỷ kì sự nhiên hậu từ quy .\n日 禮 僣 位 縱 酒 淫 逸 日 事 宴 遊 好 為 雜 技 之 戲 欲 復 姓 楊 宗 室 百 官 皆 失 望 〇 . [31b*1*19]\nNhật Lễ tiếm vị, tung tửu dâm dật nhật sự yến du hiếu vi tạp kĩ chi hí dục phục tính Dương Tông thất bá quan giai thất vọng .\n秋 九 月 二 十 日 太 宰 元 晫 及 子 元 偰 等 誅 日 禮 不 克 死 之 . [31b*3*10]\nThu cửu nguyệt, nhị thập nhật, Thái tể Nguyên trác cập tử Nguyên Tiết đẳng tru Nhật Lễ bất khắc, tử chi.\n是 日 夜 元 晫 父 子 及 天 寕 公 主 二 子 率 宗 室 諸 人 入 城 誅 日 禮 . [31b*4*13]\nThị nhật dạ, Nguyên trác phụ tử cập Thiên Ninh công chúa nhị tử suất tông thất chư nhân nhập thành tru Nhật Lễ.\n日 禮 踰 墻 伏 新 橋 下 . [31b*5*18]\nNhật Lễ du tường phục Tân kiều hạ.\n眾 搜 不 得 遂 散 㱕 天 . [31b*6*7]\nChúng sưu bất đắc toại tán quy Thiê.\n相 明 日 禮 入 宫 分 人 收 捕 主 謀 者 . [31b*6*15]\ntương minh Nhật Lễ nhập cung phân nhân thu bổ chủ mưu giả.\n十 八 人 元 晫 等 皆 被 害 . [31b*7*9]\nThập bát nhân Nguyên trác đẳng giai bị hại.\n史 臣 吳 士 連 曰 日 禮 之 干 天 位 為 陳 宗 室 者 𡸈 可 恝 恝 音 戛 無 戞 愁 貌 然 坐 視 使 社 稷 移 他 姓 哉 當 是 . [31b*8*1]\nSử thần Ngô Sĩ Liên viết: Nhật Lễ chi can thiên vị vi Trần tông thất giả, há khả kiết [kiết âm kiết vô kiết sầu mạo,] nhiên toạ thị sử xã tắc di tha tính tai! Đương thị..\n",
    "url": "/data/image_dvsk/ban_ky_toan_thu/quyen7/DVSKTT_ban_toan_VII_31b.jpg"
  },
  {
    "text": "時 也 日 禮 有 殺 太 后 之 罪 惜 宗 室 大 臣 不 能 正 其 罪 以 誅 之 也 顧 乃 謀 拙 術 踈 反 為 所 害 . [32a*1*1]\nthời dã, Nhật Lễ hữu sát Thái hậu chi tội, tích tông thất đại thần bất năng chính kì tội dĩ tru chi dã, cố nãi mưu chuyết, thuật sơ phản vi sở hại.\n哀 哉 . [32a*2*17]\nAi tai! .\n冬 十 月 帝 以 女 后 之 親 惧 禍 及 己 出 避 沱 江 鎮 即 嘉 興 潜 約 其 弟 恭 宣 王 曔 章 肅 國 上 侯 元 旦 天 寕 公 主 玉 瑳 會 清 化 府 大 吏 江 起 兵 . [32a*3*2]\nĐông thập nguyệt, Đế dĩ nữ hậu chi thân cụ hoạ cập kỷ xuất tị Đà Giang trấn [tức Gia Hưng,] tiềm ước kì đệ Cung Tuyên Vương Kính, Chương Túc quốc thượng hầu Nguyên Đán, Thiên Ninh công chúa Ngọc tha hội Thanh Hoá phủ Đại Lại giang khởi binh.\n時 日 禮 以 少 尉 陳 吾 郎 用 事 不 知 吾 郎 與 帝 同 謀 . [32a*5*14]\nThời Nhật Lễ dĩ Thiếu uý Trần Ngô Lang dụng sự bất tri Ngô Lang dữ Đế đồng mưu.\n每 差 軍 将 攻 捕 𡧸 使 捉 帝 勿 還 . [32a*6*14]\nMỗi sai quân tướng công bổ mật sử tróc Đế vật hoàn.\n累 差 南 北 諸 軍 無 一 人 還 者 . [32a*7*7]\nLuỹ sai Nam Bắc chư quân vô nhất nhân hoàn giả.\n吾 郎 請 行 不 許 . [32a*7*18]\nNgô Lang thỉnh hành bất hứa.\n初 帝 本 無 取 國 之 意 . [32a*8*5]\nSơ, Đế bản vô thủ quốc chi ý.\n天 寕 公 主 請 曰 天 下 祖 宗 之 天 下 何 乃 棄 國 與 人 君 須 去 我 以 家 奴 . [32a*8*13]\nThiên Ninh công chúa thỉnh viết: Thiên hạ tổ tông chi thiên hạ hà nãi khí quốc dữ nhân Quân tu khứ, ngã dĩ gia nô..\n",
    "url": "/data/image_dvsk/ban_ky_toan_thu/quyen7/DVSKTT_ban_toan_VII_32a.jpg"
  },
  {
    "text": "平 之 . [32b*1*1]\nbình chi.\n帝 去 時 作 詩 寄 弟 曔 曰 位 極 讒 深 便 去 官 . [32b*1*3]\nĐế khứ thời tác thi ký đệ Kính viết: Vị cực sàm thâm tiện khứ quan.\n側 身 度 嶺 入 山 蠻 . [32b*1*19]\nTrắc thân độ lĩnh nhập sơn man.\n七 陵 回 首 千 行 淚 萬 里 捫 心 两 鬂 斑 去 武 圖 存 唐 社 稷 安 劉 復 覩 漢 衣 冠 明 宗 事 業 君 須 記 恢 復 神 京 指 日 還 . [32b*2*7]\nThất lăng hồi thủ thiên hàng lệ, Vạn lí môn tâm lưỡng mấn ban, Khứ Vũ đồ tồn Đường xã tắc, An Lưu phục đổ Hán y quan, Minh Tông sự nghiệp quân tu kí, Khôi phục thần kinh chỉ nhật hoàn.\n時 人 以 為 詩 讖 . [32b*4*11]\nThời nhân dĩ vi thi sấm.\n帝 之 未 去 也 祗 候 内 人 副 掌 阮 然 勸 之 曰 人 欲 害 之 盍 見 幾 而 作 及 帝 即 位 以 然 為 行 遣 遷 左 參 知 政 事 . [32b*4*17]\nĐế chi vị khứ dã, Chi hậu nội nhân phó chưởng Nguyễn Nhiên khuyên chi viết: Nhân dục hại chi hạp kiến cơ nhi tác? Cập Đế tức vị, dĩ Nhiên vi Hành khiển thiên Tả tham tri chính sự.\n然 識 字 不 多 批 簿 時 帝 每 教 字 畫 於 阮 然 示 之 . [32b*6*19]\nNhiên thức tự bất đa, phê bạ thời Đế mỗi giáo tự hoạ ư Nguyễn Nhiên thị chi.\n史 臣 吳 士 連 曰 吿 帝 以 難 私 恩 也 爵 人 于 朝 公 選 也 . [32b*8*1]\nSử thần Ngô Sĩ Liên viết: Cáo Đế dĩ nan tư ân dã tước nhân vu triều công tuyển dã.\n帝 念 阮 然 之 恩 酧 之 金 幣 可 也 授 之 行 遣 . [32b*9*3]\nĐế niệm Nguyễn Nhiên chi ân thù chi kim tệ khả dã, thụ chi Hành khiển..\n",
    "url": "/data/image_dvsk/ban_ky_toan_thu/quyen7/DVSKTT_ban_toan_VII_32b.jpg"
  },
  {
    "text": "重 職 不 可 也 . [33a*1*1]\ntrọng chức bất khả dã.\n夫 當 時 行 遣 北 周 六 卿 所 以 毗 賛 國 政 事 而 不 識 字 者 為 之 非 公 選 也 . [33a*1*6]\nPhu đương thời Hành khiển Bắc Chu lục khanh sở dĩ tì tán quốc chính sự nhi bất thức tự giả vi chi phi công tuyển dã.\n十 一 月 帝 及 恭 宣 天 寕 俱 領 軍 回 京 . [33a*3*2]\nThập nhất nguyệt, Đế cập Cung Tuyên, Thiên Ninh cụ lĩnh quân hồi kinh.\n十 三 日 至 建 興 府 舊 名 顯 慶 下 令 廢 日 禮 為 昏 德 公 . [33a*3*16]\nThập tam nhật, chí Kiến Hưng phủ [cựu danh Hiển Khánh,] hạ lệnh phế Nhật Lễ vi Hôn Đức công.\n十 五 日 即 皇 帝 位 改 元 大 赦 稱 義 皇 . [33a*4*17]\nThập ngũ nhật, tức Hoàng đế vị, cải nguyên, đại xá, xưng Nghĩa Hoàng.\n凣 一 應 事 務 並 依 開 泰 年 間 例 . [33a*5*10]\nPhàm nhất ứng sự vụ tịnh y Khai Thái niên gian lệ.\n帝 嘗 曰 先 朝 立 國 自 有 法 度 不 遵 . [33a*6*3]\nĐế thường viết: Tiên triều lập quốc tự hữu pháp độ bất tuân.\n宋 制 盖 以 南 北 各 帝 其 國 不 相 襲 也 . [33a*6*16]\nTống chế cái dĩ Nam Bắc các Đế kì quốc bất tương tập dã.\n大 治 間 白 面 書 生 用 事 不 達 立 法 微 意 乃 擧 祖 宗 舊 法 恰 向 北 俗 上 安 排 若 衣 服 樂 章 之 𩔗 不 可 枚 舉 . [33a*7*11]\nĐại Trị gian bạch diện thư sinh dụng sự bất đạt lập pháp vi ý nãi cử tổ tông cựu pháp kháp hướng Bắc tục thượng an bài nhược y phục nhạc chương chi loại bất khả mai cử.\n故 初 政 一 遵 開 泰 年 . [33a*9*12]\nCố sơ chính nhất tuân Khai Thái niên..\n",
    "url": "/data/image_dvsk/ban_ky_toan_thu/quyen7/DVSKTT_ban_toan_VII_33a.jpg"
  },
  {
    "text": "間 例 〇 . [33b*1*1]\ngian lệ .\n是 日 帝 正 配 惠 懿 夫 人 薨 于 建 興 府 長 安 州 之 虎 河 . [33b*1*4]\nThị nhật, Đế chính phối Huệ Ý phu nhân hoăng vu Kiến Hưng phủ Trường Yên châu chi Hổ hà.\n追 册 淑 德 皇 后 〇 . [33b*2*5]\nTruy sách Thục Đức Hoàng Hậu .\n群 臣 上 尊 號 曰 體 天 建 極 純 孝 皇 帝 . [33b*2*12]\nQuần thần thượng tôn hiệu viết Thể Thiên Kiến Cực Thuần Hiếu Hoàng Đế.\n進 至 褚 家 津 宗 室 群 臣 𨒖 賀 皆 呼 萬 歲 . [33b*3*7]\nTiến chí Chử Gia tân tông thất quần thần nghênh hạ giai hô Vạn tuế.\n因 號 褚 家 為 山 呼 社 . [33b*4*3]\nNhân hiệu Chử Gia vi Sơn Hô xã.\n二 十 一 日 駕 至 東 步 頭 吾 郎 請 日 禮 卑 服 遜 位 下 舶 奉 𨒖 . [33b*4*11]\nNhị thập nhất nhật, giá chí Đông Bộ Đầu, Ngô Lang thỉnh Nhật Lễ ti phục tốn vị hạ bách phụng nghênh.\n帝 謂 之 曰 不 圖 今 日 事 勢 至 此 . [33b*5*14]\nĐế vị chi viết: Bất đồ kim nhật sự thế chí thử.\n命 囚 於 江 口 坊 日 禮 召 吾 郎 入 幕 詐 之 曰 我 有 金 甕 藏 於 宫 中 爾 當 徃 取 . [33b*6*7]\nMệnh tù ư Giang Khẩu phường Nhật Lễ triệu Ngô Lang nhập mạc trá chi viết: Ngã hữu kim úng tàng ư cung trung nhĩ đương vãng thủ.\n吾 郎 跪 聽 日 禮 扼 殺 之 . [33b*7*16]\nNgô Lang quỳ thính, Nhật Lễ ách sát chi.\n吾 郎 姪 陳 世 覩 以 聞 . [33b*8*6]\nNgô Lang điệt Trần Thế Đổ dĩ văn.\n命 格 殺 日 禮 及 其 子 柳 塟 大 𫎇 山 . [33b*8*14]\nMệnh cách sát Nhật Lễ, cập kì tử Liễu, táng Đại Mông sơn.\n贈 吾 郎 入 内 司 馬 謚 忠 敏 亞 王 . [33b*9*8]\nTặng Ngô Lang Nhập nội Tư mã thuỵ, Trung Mẫn á Vương..\n",
    "url": "/data/image_dvsk/ban_ky_toan_thu/quyen7/DVSKTT_ban_toan_VII_33b.jpg"
  },
  {
    "text": "二 十 六 日 治 陳 日 覈 傾 危 社 則 罪 . [34a*1*2]\n.\n日 覈 與 日 禮 同 謀 勸 殺 諸 宗 室 者 . [34a*1*15]\nNhị thập lục nhật, trị Trần Nhật Hạch khuynh nguy xã tắc tội.\n故 誅 矣 〇 . [34a*2*9]\nNhật Hạch dữ Nhật Lễ đồng mưu khuyến sát chư tông thất giả.\n國 子 監 司 業 朱 安 卒 . [34a*2*13]\nCố tru hĩ .\n贈 文 貞 公 賜 從 祀 文 廟 安 清 潭 人 性 剛 介 清 脩 〇 節 不 求 利 達 . [34a*3*2]\nQuốc tử giám tư nghiệp Chu An tốt.\n居 家 讀 書 學 業 精 醇 名 聞 遠 近 弟 子 盈 門 躡 青 雲 登 政 府 者 徃 徃 有 之 如 范 師 孟 黎 伯 适 已 為 行 遣 亦 各 執 子 弟 禮 時 來 問 候 拜 床 下 得 與 談 話 片 言 而 去 者 甚 以 為 喜 . [34a*4*5]\nTặng Văn Trinh Công tứ tòng tự Văn Miếu An [Thanh Đàm nhân,] tính cương giới thanh tu khổ tiết bất cầu lợi đạt.\n有 不 善 者 切 責 唾 罵 甚 至 呵 叱 不 納 . [34a*7*12]\nCư gia độc thư học nghiệp tinh thuần danh văn viễn cận đệ tử doanh môn niếp thanh vân đăng chính phủ giả vãng vãng hữu chi Như Phạm Sư, Mạnh Lê Bá Quát dĩ vi Hành khiển diệc các chấp tử đệ lễ thời lai vấn hậu bái sàng hạ đắc dữ đàm thoại phiến ngôn nhi khứ giả thậm dĩ vi hỉ.\n其 清 直 嚴 毅 凛 烈 可 畏 如 此 明 宗 微 拜 國 子 監 司 業 授 太 子 經 . [34a*8*7]\nHữu bất thiện giả thiết trách thoá mạ thậm chí à sất bất nạp.\n裕 宗 逸 豫 怠 于 政 權 . [34a*9*12]\nKì thanh trực nghiêm nghị lẫm liệt khả uý như thử Minh Tông vi bái Quốc tử giám tư nghiệp thụ Thái tử kinh.\n.\nDụ Tông dật dự đãi vu chính quyền..\n",
    "url": "/data/image_dvsk/ban_ky_toan_thu/quyen7/DVSKTT_ban_toan_VII_34a.jpg"
  },
  {
    "text": "臣 多 不 法 安 諫 不 聽 乃 上 疏 乞 斬 佞 臣 七 人 皆 權 幸 者 時 人 號 七 斬 疏 . [34b*1*1]\nthần đa bất pháp, An gián bất thính nãi thượng sớ khất trảm nịnh thần thất nhân giai quyền hạnh giả, Thời nhân hiệu Thất trảm sớ.\n疏 入 不 報 遂 掛 冠 㱕 田 里 愛 至 靈 山 徃 居 之 大 朝 會 則 赴 闕 . [34b*2*9]\nSớ nhập bất báo, toại quải quan quy điền lí Ái Chí Linh sơn vãng cư chi, đại triều hội tắc phó khuyết.\n裕 宗 委 以 政 事 辭 不 拜 . [34b*3*13]\nDụ Tông uỷ dĩ chính sự, từ bất bái.\n憲 慈 太 皇 太 后 曰 彼 乃 不 得 而 臣 之 人 我 安 得 而 使 之 耶 . [34b*4*3]\nHiến Từ Thái Hoàng Thái Hậu viết: Bỉ nãi bất đắc nhi thần chi nhân ngã an đắc nhi sử chi gia.\n帝 違 内 臣 賫 衣 服 賜 之 拜 謝 畢 輙 以 與 人 . [34b*5*6]\nĐế vi nội thần tê y phục tứ chi bái tạ tất triếp dĩ dữ nhân.\n天 下 高 之 . [34b*6*3]\nThiên hạ cao chi.\n至 是 裕 宗 崩 國 統 将 絶 聞 群 臣 迎 立 帝 乃 大 喜 杖 策 上 謁 旋 乞 還 鄕 辭 不 受 封 . [34b*6*7]\nChí thị Dụ Tông băng quốc thống tương tuyệt văn quần thần nghênh lập đế nãi đại hỉ trượng sách thượng yết toàn khất hoàn hương từ bất thụ phong.\n拜 厚 禮 送 還 . [34b*7*18]\nBái hậu lễ tống hoàn.\n未 幾 壽 終 于 家 . [34b*8*4]\nVị cơ thọ chung vu gia.\n命 官 諭 祭 贈 謚 尋 有 從 祀 之 命 . [34b*8*10]\nMệnh quan dụ tế tặng thuỵ tầm hữu tòng tự chi mệnh.\n",
    "url": "/data/image_dvsk/ban_ky_toan_thu/quyen7/DVSKTT_ban_toan_VII_34b.jpg"
  },
  {
    "text": "史 臣 吳 士 連 曰 賢 者 用 世 常 患 人 君 不 行 所 學 人 君 任 賢 常 恐 賢 者 不 從 所 好 . [35a*1*1]\nSử thần Ngô Sĩ Liên viết: Hiền giả dụng thế thường hoạn nhân quân bất hành sở học nhân quân nhiệm hiền thường khủng hiền giả bất tòng sở hảo.\n故 君 臣 相 遇 自 古 為 難 . [35a*2*13]\nCố quân thần tương ngộ tự cổ vi nan.\n我 越 儒 者 見 用 於 時 不 為 不 多 然 而 志 功 名 者 有 之 志 富 貴 者 有 之 和 光 同 塵 者 有 之 持 禄 保 身 者 有 之 未 有 其 志 道 德 以 致 君 澤 民 為 念 者 也 . [35a*3*4]\nNgã Việt nho giả kiến dụng ư thời bất vi bất đa nhiên nhi chí công danh giả hữu chi chí phú quý giả hữu chi hoà quang đồng trần giả hữu chi trì lộc bảo thân giả hữu chi vị hữu kì chí đạo đức dĩ trí quân trạch dân vi niệm giả dã.\n如 蘇 憲 誠 之 於 李 朱 文 貞 之 於 陳 殆 庶 幾 焉 . [35a*6*5]\nNhư Tô Hiến Thành chi ư Lí, Chu Văn Trinh chi ư Trần đãi thứ cơ yên.\n然 憲 誠 遇 君 者 也 所 以 功 業 見 乎 . [35a*7*4]\nNhiên Hiến Thành ngộ quân giả dã sở dĩ công nghiệp kiến hồ.\n當 時 文 貞 不 遇 者 也 所 以 正 學 見 於 後 世 姑 以 文 貞 言 之 其 事 君 者 必 犯 顔 其 出 處 也 則 以 義 造 就 . [35a*7*17]\nĐương thời Văn Trinh bất ngộ giả dã sở dĩ chính học kiến ư hậu thế, Cô dĩ Văn Trinh ngôn chi kì sự quân giả tất phạm nhan kì xuất xứ dã tắc dĩ nghĩa tạo tựu..\n",
    "url": "/data/image_dvsk/ban_ky_toan_thu/quyen7/DVSKTT_ban_toan_VII_35a.jpg"
  },
  {
    "text": "人 才 則 公 卿 皆 出 其 門 髙 尚 風 節 則 天 子 不 得 而 臣 . [35b*1*1]\nnhân tài tắc công khanh giai xuất kì môn, cao thượng phong tiết tắc thiên tử bất đắc nhi thần.\n况 巖 巖 體 貌 而 師 道 嚴 稜 稜 聲 氣 而 佞 人 讋 天 載 之 下 聞 先 生 之 風 能 無 廉 其 頑 而 立 其 懦 者 乎 苟 不 求 其 故 󰰽 知 斯 謚 之 稱 情 也 哉 . [35b*2*3]\nHuống nham nham thể mạo nhi sư đạo nghiêm lăng lăng thanh khí nhi nịnh nhân triệp Thiên tải chi hạ văn tiên sinh chi phong năng vô liêm kì ngoan nhi lập kì nhu giả hồ? Câu bất cầu kì cố thục tri tư thuỵ chi xưng tình dã tai.\n宜 乎 為 我 越 儒 宗 而 從 祀 文 廟 也 . [35b*4*18]\nNghi hồ vi ngã Việt nho tông nhi tòng tự Văn Miếu dã.\n他 如 陳 元 旦 乃 同 姓 之 卿 之 贒 者 也 雖 含 忠 憤 之 氣 而 付 國 勢 於 無 可 奈 何 避 相 位 之 權 而 欲 全 家 属 於 顛 沛 之 後 張 漢 超 乃 文 學 之 臣 之 尤 者 也 . [35b*5*13]\nTha như Trần Nguyên Đán nãi đồng tính chi khanh chi hiền giả dã tuy hàm trung phẫn chi khí nhi phó quốc thế ư vô khả nại hà tị tướng vị chi quyền nhi dục toàn gia thuộc ư điên phái chi hậu Trương Hán Siêu nãi văn học chi thần chi vưu giả dã.\n雖 有 骨 鯁 之 直 而 交 歡 於 不 當 交 嫁 女 於 不 當 嫁 . [35b*8*15]\nTuy hữu cốt ngạnh chi trực nhi giao hoan ư bất đương giao giá nữ ư bất đương giá.\n於 文 貞 . [35b*9*16]\nƯ Văn Trinh..\n",
    "url": "/data/image_dvsk/ban_ky_toan_thu/quyen7/DVSKTT_ban_toan_VII_35b.jpg"
  },
  {
    "text": "乎 何 有 况 其 下 者 乎 . [36a*1*1]\nhồ hà hữu huống kì hạ giả hồ.\n時 儒 臣 黎 括 亦 欲 明 聖 道 闢 異 端 而 卒 不 能 行 . [36a*2*2]\nThời nho thần Lê Quát diệc dục minh thánh đạo tịch dị đoan nhi tốt, bất năng hành.\n嘗 作 北 江 沛 村 紹 福 寺 碑 記 云 佛 氏 之 禍 福 動 人 何 其 得 人 之 深 且 固 矣 . [36a*3*1]\nThường tác Bắc Giang Bái thôn Thiệu Phúc tự bi ký vân: Phật thị chi hoạ phúc động nhân hà kì đắc nhân chi thâm thả cố hĩ.\n上 自 王 公 以 至 庶 人 凣 施 於 佛 事 雖 竭 所 有 顧 無 靳 嗇 . [36a*4*10]\nThượng tự vương công dĩ chí thứ nhân phàm thí ư Phật sự tuy kiệt sở hữu cố vô cận sắc.\n苟 今 日 託 付 於 寺 塔 則 欣 欣 然 如 持 左 卷 以 取 明 日 之 報 . [36a*5*12]\nCâu kim nhật thác phó ư tự tháp tắc hân hân nhiên như trì tả quyển dĩ thủ minh nhật chi báo.\n故 自 内 京 城 及 外 州 府 窮 村 僻 巷 不 令 而 从 不 盟 而 信 有 人 家 處 必 有 佛 寺 廢 而 復 興 󰱧 而 復 修 鍾 皷 樓 󰱑 與 民 居 殆 半 其 興 甚 易 而 尊 崇 甚 大 也 . [36a*6*15]\nCố tự nội kinh thành cập ngoại châu phủ cùng thôn tịch hạng bất lệnh nhi tòng bất minh nhi tín Hữu nhân gia xứ tất hữu phật tự phế nhi phục hưng hoại nhi phục tu chung cổ lâu đài dữ dân cư đãi bán kì hưng thậm dị nhi tôn sùng thậm đại dã.\n余 少 讀 書 志 於 . [36a*9*14]\nDư thiếu độc thư chí ư..\n",
    "url": "/data/image_dvsk/ban_ky_toan_thu/quyen7/DVSKTT_ban_toan_VII_36a.jpg"
  },
  {
    "text": "古 今 粗 亦 明 聖 人 之 道 以 化 斯 民 而 卒 未 能 信 於 一 鄕 . [36b*1*1]\ncổ kim thô diệc minh thánh nhân chi đạo dĩ hoá tư dân nhi tốt vị năng tín ư nhất hương.\n常 遊 覧 山 川 足 跡 半 天 下 求 所 謂 學 宫 文 廟 未 嘗 一 見 . [36b*2*3]\nThường du lãm sơn xuyên túc tích bán thiên hạ cầu sở vị học cung văn miếu vị thường nhất kiến.\n此 吾 所 以 深 有 愧 於 佛 氏 之 徒 遠 矣 輙 暴 吾 以 書 〇 . [36b*3*5]\nThử ngô sở dĩ thâm hữu quý ư Phật thị chi đồ viễn hĩ Triếp bạo ngô dĩ thư .\n十 二 月 以 誕 日 為 建 天 節 . [36b*4*6]\nThập nhị nguyệt dĩ đản nhật vi Kiến Thiên tiết.\n辛 亥 二 年 明 洪 武 四 年 春 正 月 追 尊 親 生 母 英 姿 元 妃 為 明 慈 皇 太 妃 〇 . [36b*5*1]\nTân Hợi nhị niên, [Minh Hồng Vũ tứ niên,] xuân chính nguyệt, truy tôn thân sinh mẫu Anh Tư nguyên phi vi Minh Từ hoàng thái phi .\n二 月 晏 群 臣 於 天 安 殿 賞 賜 有 差 〇 . [36b*6*8]\nNhị nguyệt, yến quần thần ư Thiên An điện thưởng tứ hữu sai .\n封 天 寕 公 主 為 諒 國 太 長 公 主 更 名 國 馨 拜 宗 室 師 賢 為 恭 正 王 元 旦 為 司 徒 元 淵 為 撫 軍 将 軍 〇 . [36b*7*3]\nPhong Thiên Ninh công chúa vi Lạng quốc thái trưởng công chúa cánh danh Quốc Hinh Bái tông thất Sư Hiền vi Cung Chính vương, Nguyên Đán vi Tư đồ, Nguyên Uyên vi phủ quân tướng quân .\n除 沙 洲 截 脚 之 法 革 財 産 檢 點 之 令 . [36b*9*3]\nTrừ sa châu tiệt cước chi pháp, cách tài sản kiểm điểm chi lệnh.\n先 是 王 . [36b*9*17]\nTiên thị vương..\n",
    "url": "/data/image_dvsk/ban_ky_toan_thu/quyen7/DVSKTT_ban_toan_VII_36b.jpg"
  },
  {
    "text": "侯 公 主 家 沿 河 田 庄 新 浮 沙 悉 為 家 主 所 有 . [37a*1*1]\nhầu công chúa gia duyên hà điền trang tân phù sa tất vi gia chủ sở hữu.\n昭 慈 太 后 立 截 脚 之 法 謂 截 取 新 沙 權 貴 者 死 亡 財 産 一 属 子 孫 . [37a*1*18]\nChiêu Từ Thái hậu lập tiệt cước chi pháp [vị tiệt thủ tân sa,] Quyền quý giả tử vong tài sản nhất thuộc tử tôn.\n裕 宗 始 有 檢 點 之 命 謂 珍 貴 者 輸 官 皆 聚 斂 之 臣 啓 之 也 . [37a*3*3]\nDụ Tông thuỷ hữu kiểm điểm chi mệnh [vị trân quý giả thâu quan,] giai tụ liễm chi thần khải chi dã.\n至 是 皆 革 去 之 〇 . [37a*4*3]\nChí thị giai cách khứ chi .\n閏 三 月 占 城 入 㓂 由 大 安 海 門 直 犯 京 師 . [37a*4*10]\nNhuận tam nguyệt, Chiêm Thành nhập khấu do Đại An hải môn trực phạm kinh sư.\n游 兵 至 太 祖 津 今 復 古 是 帝 移 舶 過 東 岸 江 避 之 . [37a*5*7]\nDu binh chí Thái Tổ tân [kim Phục Cổ thị,] Đế di bách quá Đông Ngạn giang tị chi.\n二 十 七 日 賊 亂 入 城 焚 毀 宫 殿 虜 掠 女 子 至 錦 以 歸 . [37a*6*5]\nNhị thập thất nhật, tặc loạn nhập thàn, phàn huỷ cung điện, lỗ lược nữ tử chí cẩm dĩ quy.\n占 城 之 㓂 掠 也 以 日 禮 母 出 亡 其 國 誘 使 入 㓂 以 復 日 禮 之 讐 . [37a*7*6]\nChiêm Thành chi khấu lược dã dĩ Nhật Lễ mẫu xuất vong kì quốc dụ sử nhập khấu dĩ phục Nhật Lễ chi cừu.\n時 承 平 日 久 邉 城 無 僃 㓂 至 無 兵 可 禦 . [37a*8*11]\nThời thừa bình nhật cửu biên thành vô bị khấu chí vô binh khả ngự.\n賊 燒 焚 宫 室 圖 籍 為 之 掃 空 . [37a*9*7]\nTặc thiêu phàn cung thất Đồ tịch vi chi tảo không.\n國 家 . [37a*9*18]\nQuốc gia..\n",
    "url": "/data/image_dvsk/ban_ky_toan_thu/quyen7/DVSKTT_ban_toan_VII_37a.jpg"
  },
  {
    "text": "自 此 多 事 矣 . [37b*1*1]\ntự thử đa sự hĩ.\n史 臣 吳 士 連 曰 無 敵 國 外 患 國 常 亡 古 今 所 戒 也 . [37b*2*1]\nSử thần Ngô Sĩ Liên viết: Vô địch quốc ngoại hoạn quốc thường vong, cổ kim sở giới dã.\n占 城 與 我 世 讐 陳 朝 𡸈 不 知 而 預 僃 哉 特 以 人 情 安 肆 法 度 廢 弛 歲 月 从 遠 封 守 湮 没 故 耳 賊 入 境 而 邊 城 失 守 㓂 至 都 而 禁 旅 無 衛 尚 何 國 之 有 為 裕 宗 狃 於 宴 安 固 不 足 論 藝 宗 身 歴 變 故 而 慮 不 及 此 得 非 徒 習 藝 文 而 不 事 武 畧 者 歟 〇 . [37b*3*2]\nChiêm Thành dữ ngã thế cừu, Trần triều há bất tri nhi dự bị tai? Đặc dĩ nhân tình an tứ pháp độ phế thỉ tuế nguyệt tòng viễn phong thủ yên một cố nhĩ tặc nhập cảnh nhi biên thành thất thủ, khấu chí đô nhi cấm lữ vô vệ thượng hà quốc chi hữu? Vi Dụ Tông nữu ư yến an cố bất túc luận Nghệ Tông thân lịch biến cố nhi lự bất cập thử đắc phi đồ tập nghệ văn nhi bất sự võ lược giả dư? .\n夏 四 月 立 弟 恭 宣 大 王 曔 為 皇 太 子 . [37b*9*2]\nHạ tứ nguyệt, lập đệ Cung Tuyên Đại Vương Kính vi Hoàng Thái Tử.\n制 皇 訓 十 . [37b*9*16]\nChế Hoàng huấn thập..\n",
    "url": "/data/image_dvsk/ban_ky_toan_thu/quyen7/DVSKTT_ban_toan_VII_37b.jpg"
  },
  {
    "text": "四 章 賜 之 . [38a*1*1]\ntứ chương tứ chi.\n冊 皇 太 子 正 配 黎 氏 為 皇 太 子 妃 〇 . [38a*1*5]\nSách Hoàng thái tử chính phối Lê thị vi Hoàng thái tử phi .\n五 月 以 外 戚 黎 季 犛 為 樞 𡧸 院 大 使 . [38a*1*19]\nNgũ nguyệt, dĩ ngoại thích Lê Quý Li vi Khu mật viện đại sử.\n季 犛 之 姑 姊 妹 二 人 明 宗 皆 納 為 宫 人 一 生 . [38a*2*14]\nQuý Li chi cô tỉ muội nhị nhân Minh Tông giai nạp vi cung nhân nhất sinh.\n帝 是 為 明 慈 一 生 睿 宗 是 為 惇 慈 . [38a*3*12]\nĐế thị vi Minh Từ nhất sinh Duệ Tông thị vi Đôn Từ.\n故 帝 𥘉 政 尤 信 任 焉 . [38a*4*6]\nCố Đế sơ chính vưu tín nhiệm yên.\n又 以 新 寡 妹 徽 寕 公 主 嫁 之 . [38a*4*14]\nHựu dĩ tân quả muội Huy Ninh công chúa giá chi.\n徽 寕 前 宗 室 仁 榮 仁 榮 日 禮 所 殺 妻 史 臣 吳 士 連 曰 仁 榮 死 國 讎 徽 寕 居 夫 喪 甫 閲 六 月 而 帝 以 嫁 季 犛 是 人 偷 之 󰱧 自 帝 始 而 娶 者 與 為 妻 者 非 有 人 心 也 . [38a*5*6]\n[Huy Ninh tiền tông thất Nhân Vinh Nhân Vinh Nhật lễ sở sát,] thê Sử thần Ngô Sĩ Liên viết: Nhân Vinh tử quốc cừu Huy Ninh cư phu tang phủ duyệt lục nguyệt nhi Đế dĩ giá Quý Li, thị nhân thâu chi hoại tự Đế thuỷ, nhi thú giả dữ vi thê giả phi hữu nhân tâm dã.\n斁 夫 婦 之 偷 乱 三 綱 之 道 若 之 何 而 不 生 亂 哉 . [38a*8*11]\nDịch phu phụ chi thâu loạn tam cương chi đạo nhược chi hà nhi bất sinh loạn tai!..\n",
    "url": "/data/image_dvsk/ban_ky_toan_thu/quyen7/DVSKTT_ban_toan_VII_38a.jpg"
  },
  {
    "text": "詔 管 造 宫 室 務 從 樸 素 但 以 宗 室 散 官 供 役 不 擾 於 民 〇 . [38b*1*2]\n.\n秋 八 月 遣 黎 季 犛 徃 乂 安 綏 輯 人 民 撫 安 邊 境 〇 . [38b*2*5]\nChiếu quản tạo cung thất vụ tòng phác tố đản dĩ tông thất tản quan cúng dịch bất nhiễu ư dân .\n九 月 加 封 黎 季 犛 忠 宣 國 上 侯 〇 . [38b*3*5]\nThu bát nguyệt, khiến Lê Quý Li vãng Nghệ An tuy tập nhân dân phủ an biên cảnh .\n冬 十 月 以 修 史 潘 義 為 禮 部 郎 中 . [38b*3*18]\nCửu nguyệt, gia phong Lê Quý Li Trung Tuyên quốc thượng hầu .\n定 國 朝 通 制 及 諸 禮 儀 令 有 爵 命 者 供 報 定 為 帳 籍 . [38b*4*12]\nĐông thập nguyệt, dĩ tu sử Phan Nghĩa vi Lễ Bộ lang trung.\n民 偽 滋 甚 以 無 為 有 者 多 矣 〇 . [38b*5*13]\nĐịnh quốc triều thông chế cập chư lễ nghi lệnh hữu tước mệnh giả cúng báo định vi trướng tịch.\n十 二 月 追 封 皇 太 子 親 生 母 充 媛 黎 氏 為 光 憲 宸 妃 . [38b*6*6]\nDân nguỵ tư thậm dĩ vô vi hữu giả đa hĩ .\n壬 子 三 年 明 洪 武 五 年 春 正 月 考 文 武 官 功 績 〇 . [38b*8*1]\nThập nhị nguyệt, truy phong Hoàng thái tử thân sinh mẫu Sung Viên Lê thị vi Quang Hiến thần phi.\n夏 四 月 以 杜 子 平 為 行 遣 參 謀 軍 事 〇 . [38b*8*21]\nNhâm Tí tam niên, [Minh Hồng Vũ ngũ niên,] xuân chính nguyệt, khảo văn võ quan công tích .\n五 月 以 阮 然 兼 . [38b*9*14]\nHạ tứ nguyệt, dĩ Đỗ Tử Bình vi Hành khiển tham mưu quân sự .\n.\nNgũ nguyệt, dĩ Nguyễn Nhiên kiêm..\n",
    "url": "/data/image_dvsk/ban_ky_toan_thu/quyen7/DVSKTT_ban_toan_VII_38b.jpg"
  },
  {
    "text": "知 樞 𡧸 院 正 掌 胡 宗 鷟 為 翰 林 院 學 士 化 州 人 胡 隆 為 化 州 知 州 〇 . [39a*1*1]\ntri Khu mật viện chính chưởng, Hồ Tông thốc vi Hàn Lâm viện học sĩ, Hoá Châu nhân Hồ Long vi Hoá Châu tri châu .\n秋 七 月 賜 臨 平 府 官 范 阿 窻 爵 明 字 〇 . [39a*2*8]\nThu thất nguyệt, tứ Lâm Bình phủ quan Phạm A Song tước Minh tự .\n八 月 詔 諸 路 修 单 數 户 籍 也 〇 . [39a*3*4]\nBát nguyệt, chiếu chư lộ tu đơn số [hộ tịch dã.] .\n冬 十 月 帝 幸 天 長 府 修 諸 陵 寢 廟 〇 . [39a*3*17]\nĐông thập nguyệt, Đế hạnh Thiên Trường phủ tu chư lăng tẩm miếu .\n十 一 月 九 日 帝 禪 位 于 皇 太 子 曔 . [39a*4*10]\nThập nhất nguyệt, cửu nhật, Đế thiền vị vu Hoàng thái tử Kính.\n曔 即 皇 帝 位 . [39a*5*4]\nKính tức Hoàng đế vị.\n大 赦 . [39a*5*9]\nĐại xá.\n稱 欽 皇 . [39a*5*11]\nXưng Khâm Hoàng.\n群 臣 上 尊 號 曰 繼 天 應 運 仁 明 欽 寕 皇 帝 〇 . [39a*5*14]\nQuần thần thượng tôn hiệu viết Kế Thiên Ứng Vận Nhân Minh Khâm Ninh Hoàng Đế .\n追 尊 生 母 光 憲 宸 妃 為 惇 慈 皇 太 妃 〇 . [39a*6*12]\nTruy tôn sinh mẫu Quang Hiến Thần Phi vi Đôn Từ Hoàng Thái Phi .\n封 妃 黎 氏 為 顯 貞 宸 妃 〇 . [39a*7*8]\nPhong phi Lê thị vi Hiển Trinh Thần Phi .\n帝 𥘉 即 位 上 皇 製 帝 箴 一 百 五 十 言 賜 之 〇 . [39a*7*18]\nĐế sơ tức vị, Thượng hoàng chế Đế châm nhất bách ngũ thập ngôn tứ chi .\n賜 贈 少 傅 張 漢 超 從 祀 孔 子 廟 庭 . [39a*8*16]\nTứ tặng Thiếu phó Trương Hán Siêu tòng tự Khổng Tử miếu đình.\n",
    "url": "/data/image_dvsk/ban_ky_toan_thu/quyen7/DVSKTT_ban_toan_VII_39a.jpg"
  }
]