[
  {
    "text": "史 臣 吳 士 連 曰 藝 皇 賜 漢 超 從 祀 文 廟 者 以 其 能 排 異 端 者 歟 . [39b*1*1]\nSử thần Ngô Sĩ Liên viết: Nghệ hoàng tứ Hán Siêu tòng tự văn miếu giả dĩ kì năng bài dị đoan giả dư.\n似 矣 . [39b*2*7]\nTự hĩ.\n然 跡 其 為 人 盖 恃 才 而 驕 者 也 . [39b*2*9]\nNhiên tích kì vi nhân cái thị tài nhi kiêu giả dã.\n在 明 宗 時 漢 超 為 行 遣 鄙 其 同 列 至 誣 范 遇 黎 維 以 受 賂 辝 屈 坐 罰 語 人 曰 謂 . [39b*3*3]\nTại Minh Tông thời Hán Siêu vi Hành khiển bỉ kì đồng liệt chí vu Phạm Ngộ, Lê Duy dĩ thụ lộ từ khuất toạ phạt ngữ nhân viết vị.\n其 主 上 見 信 𡸈 知 有 勘 理 耶 . [39b*4*15]\nKì chúa thượng kiến tín há tri hữu khám lí da.\n乃 驕 吝 之 實 也 孔 子 曰 雖 有 周 公 之 才 之 羙 使 驕 且 吝 其 餘 不 足 觀 . [39b*5*8]\nNãi kiêu lận chi thực dã Khổng Tử viết Tuy hữu Chu Công chi tài chi mĩ sử kiêu thả lận kì dư bất túc quan.\n想 漢 超 之 賢 倘 若 有 靈 必 不 敢 預 享 於 孔 子 廟 庭 者 也 . [39b*6*16]\nTưởng Hán Siêu chi hiền thảng nhược hữu linh tất bất cảm dự hưởng ư Khổng Tử miếu đình giả dã.\n睿 宗 皇 帝 諱 曔 明 宗 第 十 一 子 藝 宗 弟 也 母 惇 慈 皇 太 妃 以 開 祐 九 年 丁 丑 六 月 二 日 誕 生 藝 宗 避 乱 時 師 徒 軍 噐 皆 帝 之 力 故 以 位 遜 之 在 位 四 年 壽 四 十 一 . [39b*8*1]\nDuệ Tông Hoàng Đế [Huý Kính Minh Tông đệ thập nhất tử, Nghệ Tông đệ dã. Mẫu Đôn Từ Hoàng Thái Phi, dĩ Khai Hựu cửu niên Đinh Sửu lục nguyệt nhị nhật đản sinh. Nghệ Tông tị loạn thời sư đồ quân khí giai Đế chi lực cố dĩ vị tốn chi, tại vị tứ niên, thọ tứ thập nhất .\n",
    "url": "/data/image_dvsk/ban_ky_toan_thu/quyen7/DVSKTT_ban_toan_VII_39b.jpg"
  },
  {
    "text": "帝 剛 愎 自 用 拒 諫 輕 殃 及 身 非 不 幸 也 敵 癸 丑 隆 󰆑 元 年 明 洪 武 六 年 春 正 月 朔 改 元 . [40a*1*1]\nĐế cương phức tự dụng cự gián khinh ương cập thân phi bất hạnh dã\n尊 上 皇 曰 光 華 英 哲 太 上 皇 帝 . [40a*2*20]\n] địch Quý Sửu Long Khánh nguyên niên, [Minh Hồng Vũ lục niên,] xuân chính nguyệt, sóc, cải nguyên .\n追 尊 淑 慈 皇 后 曰 順 慈 皇 太 后 . [40a*3*10]\nTôn Thượng hoàng viết Quang Hoa Anh Triết Thái Thượng Hoàng Đế.\n史 臣 吳 士 連 曰 陳 太 祖 后 號 曰 順 慈 藝 宗 后 亦 號 順 慈 . [40a*5*1]\nTruy tôn Thục Từ Hoàng Hậu viết Thuận Từ Hoàng Thái Hậu.\n當 時 議 謚 者 不 以 為 非 耶 抑 以 為 世 代 己 久 而 然 耶 追 遠 之 意 何 如 也 . [40a*6*4]\nSử thần Ngô Sĩ Liên viết: Trần Thái Tổ hậu hiệu viết Thuận Từ, Nghệ Tông hậu diệc hiệu Thuận Từ.\n先 王 縁 人 情 而 制 禮 . [40a*7*13]\nĐương thời nghị thuỵ giả bất dĩ vi phi da? ức dĩ vi thế đại kỷ cửu nhi nhiên da? Truy viễn chi ý hà như dã.\n議 太 后 謚 與 祖 妣 同 稱 共 謚 𡸈 人 情 所 安 哉 非 禮 甚 矣 . [40a*8*3]\nTiên vương duyên nhân tình nhi chế lễ.\n.\nNghị Thái hậu thuỵ dữ Tổ tỉ đồng xưng cộng thuỵ há nhân tình sở an tai! Phi lễ thậm hĩ!..\n",
    "url": "/data/image_dvsk/ban_ky_toan_thu/quyen7/DVSKTT_ban_toan_VII_40a.jpg"
  },
  {
    "text": "二 月 定 文 武 帳 籍 〇 . [40b*1*2]\n.\n冊 元 妃 黎 氏 為 嘉 慈 皇 后 〇 . [40b*1*10]\nNhị nguyệt, định văn võ trướng tịch .\n三 月 封 長 子 煒 為 彰 武 大 王 年 十 四 欲 立 為 皇 太 子 疽 病 薨 . [40b*2*2]\nSách Nguyên phi Lê thị vi Gia Từ Hoàng Hậu .\n夏 四 月 以 誕 日 為 齊 天 節 〇 . [40b*3*6]\nTam nguyệt, phong trưởng tử Vĩ vi Chương Vũ đại vương, [niên thập tứ,] dục lập vi Hoàng Thái tử, thư bệnh hoăng .\n秋 八 月 定 補 軍 伍 修 造 舟 船 以 僃 征 占 之 役 役 . [40b*3*17]\nHạ tứ nguyệt, dĩ đản nhật vi Tề Thiên tiết .\n命 軍 民 出 粟 入 官 賜 爵 有 差 . [40b*4*16]\nThu bát nguyệt, định bổ quân ngũ, tu tạo chu thuyền dĩ bị chinh Chiêm chi dịch .\n試 吏 員 充 内 令 史 掾 吏 〇 . [40b*5*8]\nMệnh quân dân xuất túc nhập quan tứ tước hữu sai.\n冬 十 二 月 詔 親 征 占 城 〇 . [40b*5*18]\nThí lại viên sung nội lệnh sử duyện lại .\n是 歲 盗 賊 兢 起 . [40b*6*9]\nĐông thập nhị nguyệt, chiếu thân chinh Chiêm Thành .\n甲 寅 二 年 明 洪 武 七 年 春 二 月 上 皇 居 天 長 重 華 宫 〇 . [40b*7*1]\nThị tuế, đạo tặc cạnh khởi.\n廷 試 進 士 賜 状 元 陶 師 錫 榜 眼 黎 献 甫 探 花 陳 廷 琛 黄 甲 及 第 同 及 第 羅 修 等 並 賜 宴 袞 衣 出 身 有 . [40b*8*1]\nGiáp Dần nhị niên, [Minh Hồng Vũ thất niên,] xuân nhị nguyệt, Thượng hoàng cư Thiên Trường Trùng Hoa cung .\n.\nĐình thí tiến sĩ, tứ Trạng nguyên Đào Sư Tích, Bảng nhãn Lê Hiến Phủ, Thám hoa Trần Đình Thám, Hoàng giáp cập đệ đồng cập đệ La Tu đẳng, Tịnh tứ yến cổn y xuất thân hữu..\n",
    "url": "/data/image_dvsk/ban_ky_toan_thu/quyen7/DVSKTT_ban_toan_VII_40b.jpg"
  },
  {
    "text": "差 . [41a*1*1]\nsai.\n引 三 魁 遊 街 三 日 . [41a*1*2]\nDẫn tam khôi du nhai tam nhật.\n故 事 太 學 生 七 年 一 試 取 三 十 人 而 以 状 元 試 無 定 例 然 三 舘 属 官 太 學 生 侍 臣 學 生 相 府 學 生 及 有 爵 者 皆 得 入 試 〇 . [41a*1*9]\nCố sự Thái học sinh thất niên nhất thí thủ tam thập nhân nhi dĩ Trạng nguyên thí vô định lệ nhiên tam quán thuộc quan Thái học sinh thị thần học sinh tướng phủ học sinh cập hữu tước giả giai đắc nhập thí .\n三 月 詔 清 化 乂 安 浚 港 至 河 華 海 口 〇 . [41a*3*17]\nTam nguyệt, chiếu Thanh Hoá Nghệ An tuấn cảng chí Hà Hoa hải khẩu .\n夏 五 月 六 月 旱 〇 . [41a*4*13]\nHạ ngũ nguyệt, lục nguyệt, hạn .\n秋 八 月 選 民 丁 充 軍 伍 . [41a*5*1]\nThu bát nguyệt, tuyển dân đinh sung quân ngũ.\n一 等 充 蘭 都 二 等 次 之 三 等 . [41a*5*10]\nNhất đẳng sung Lan Đô, nhị đẳng thứ chi tam đẳng.\n卑 小 而 精 勇 亦 得 上 充 . [41a*6*3]\nTi tiểu nhi tinh dũng diệc đắc thượng sung.\n初 宿 衛 有 四 天 四 聖 四 神 後 增 置 威 捷 保 捷 龍 翊 神 翊 懿 安 天 長 北 江 殿 後 龍 捷 玄 額 三 字 . [41a*6*12]\nSơ, túc vệ hữu Tứ Thiên, Tứ Thánh, Tứ Thần, hậu tăng trí Uy Tiệp, Bảo Tiệp, Long Dực, Thần Dực, Ý Yên, Thiên Trường, Bắc Giang, Điện Hậu, Long Tiệp, huyền ngạch tam tự.\n侍 衛 𮢶 額 . [41a*8*11]\nThị vệ tạc ngạch.\n花 額 左 𤤻 右 班 諸 軍 及 清 化 乂 安 化 州 順 州 臨 平 等 各 . [41a*8*15]\nHoa Ngạch, Tả Ban, Hữu Ban, chư quân cập Thanh Hoá, Nghệ An Hoá Châu, Thuận Châu, Lâm Bình, đẳng các..\n",
    "url": "/data/image_dvsk/ban_ky_toan_thu/quyen7/DVSKTT_ban_toan_VII_41a.jpg"
  },
  {
    "text": "置 軍 號 有 大 隊 長 副 為 将 校 〇 . [41b*1*1]\ntrí quân hiệu hữu đại đội trưởng phó vi tướng hiệu .\n冬 十 月 定 從 官 置 近 侍 祗 候 六 局 以 土 侯 宗 室 為 正 掌 祗 候 内 八 百 作 侍 衛 人 属 判 首 掌 者 並 戴 盆 花 巾 . [41b*1*13]\nĐông thập nguyệt, định tòng quan trí cận thị chi hậu lục cục dĩ thổ hầu tông thất vi chính chưởng Chi hậu nội bát bách tác thị vệ nhân thuộc phán thủ chưởng giả tịnh đái bồn hoa cân.\n詔 諸 軍 民 不 得 服 北 人 衣 𬃑 及 效 占 牢 等 國 語 . [41b*3*17]\nChiếu chư quân dân bất đắc phục Bắc nhân y dường cập hiệu Chiêm Lao đẳng quốc ngữ.\n乙 卯 三 年 明 洪 武 八 年 春 正 月 以 樞 𡧸 大 使 黎 季 犛 參 謀 軍 事 . [41b*5*1]\nẤt Mão tam niên, [Minh Hồng Vũ bát niên,] xuân chính nguyệt, dĩ Khu mật đại sứ Lê Quý Li tham mưu quân sự.\n詔 選 官 員 有 能 練 習 武 藝 通 韜 畧 者 不 必 宗 室 並 除 軍 将 〇 . [41b*6*4]\nChiếu tuyển quan viên hữu năng luyện tập võ nghệ thông thao lược giả bất tất tông thất tịnh trừ quân tướng .\n改 演 州 為 演 州 路 驩 州 為 日 南 乂 安 南 北 中 等 路 改 臨 平 為 新 平 府 . [41b*7*9]\nCải Diễn Châu vi Diễn Châu Lộ, Hoan Châu vi Nhật Nam, Nghệ An Nam Bắc trung đẳng lộ, cải Lâm Bình vi Tân Bình phủ.\n遣 陶 力 丁 何 子 公 督 清 化 乂 安 新 平 人 治 道 路 自 九 真 至 河 華 . [41b*8*15]\nKhiến Đào Lực Đinh, Hà Tử Công đốc Thanh Hoá, Nghệ An, Tân Bình nhân trị đạo lộ tự Cửu Chân chí Hà Hoa..\n",
    "url": "/data/image_dvsk/ban_ky_toan_thu/quyen7/DVSKTT_ban_toan_VII_41b.jpg"
  },
  {
    "text": "三 月 功 󰍶 〇 . [42a*1*1]\nTam nguyệt, công tất .\n夏 六 月 金 星 晝 見 〇 . [42a*1*6]\nHạ lục nguyệt, Kim tinh trú hiện .\n秋 八 月 定 軍 籍 汰 出 老 劣 以 壮 者 充 補 . [42a*1*14]\nThu bát nguyệt, định quân tịch thải xuất lão liệt dĩ tráng giả sung bổ.\n凣 清 化 乂 安 戶 舍 借 功 者 並 充 軍 伍 〇 . [42a*2*10]\nPhàm Thanh Hoá, Nghệ An hộ xá tá công giả tịnh sung quân ngũ .\n詔 諸 路 富 人 進 粟 賜 爵 有 差 〇 . [42a*3*6]\nChiếu chư lộ phú nhân tiến túc tứ tước hữu sai .\n九 月 以 莊 徽 公 主 嫁 恭 正 王 子 元 胤 册 . [42a*3*18]\nCửu nguyệt, dĩ Trang Huy công chúa giá Cung Chính Vương tử Nguyên Dận .\n冊 太 保 陳 僚 女 為 妃 〇 . [42a*4*14]\nSách Thái Bảo Trần Liêu nữ vi phi .\n冬 十 月 以 上 皇 子 叔 𩖀 為 司 徒 知 太 原 鎮 司 徒 元 旦 知 廣 威 鎮 軍 事 丙 辰 四 年 明 洪 武 九 年 春 正 月 以 宣 徽 公 主 嫁 冠 服 大 王 頊 上 皇 子 上 皇 為 之 親 迎 . [42a*5*4]\nĐông thập nguyệt, dĩ Thượng hoàng tử Thúc ngạc vi Tư đồ tri Thái Nguyên trấn, Tư đồ Nguyên Đán tri Quảng Oai trấn quân sự Bính Thìn tứ niên, [Minh Hồng Vũ cửu niên,] xuân chính nguyệt, dĩ Tuyên Huy công chúa giá Quan Phục Đại Vương Húc [Thượng hoàng tử,] Thượng hoàng vi chi thân nghênh.\n按 冠 服 非 封 號 盖 是 時 頊 封 爵 賜 大 王 冠 服 如 恭 簡 王 追 贈 大 王 冠 服 也 . [42a*8*13]\n[Án Quan Phục phi phong hiệu Cái thị thời Húc phong tước tứ Đại Vương quan phục như Cung Giản Vương truy tặng Đại Vương quan phục dã.]..\n",
    "url": "/data/image_dvsk/ban_ky_toan_thu/quyen7/DVSKTT_ban_toan_VII_42a.jpg"
  },
  {
    "text": "史 臣 吳 士 連 曰 君 臣 父 子 夫 婦 三 綱 也 . [42b*1*1]\nSử thần Ngô Sĩ Liên viết: Quân thần phụ tử phu phụ tam cương dã.\n人 倫 之 道 󰰽 大 於 此 者 乎 . [42b*1*16]\nNhân luân chi đạo thục đại ư thử giả hồ.\n既 謂 之 綱 安 得 而 紊 耶 先 主 之 禮 每 謹 於 微 况 其 大 者 乎 親 迎 又 婚 禮 之 大 節 睿 宗 以 宣 徽 嫁 冠 服 則 迎 之 者 其 夫 婦 也 . [42b*2*8]\nKí vị chi cương an đắc nhi vặn da! Tiên chủ chi lễ mỗi cẩn ư vi huống kì đại giả hồ? Thân nghênh hựu hôn lễ chi đại tiết Duệ Tông dĩ Tuyên Huy giá Quan phục tắc nghênh chi giả kì phu phụ dã.\n藝 宗 為 之 親 迎 三 綱 之 道 紊 矣 . [42b*4*18]\nNghệ Tông vi chi thân nghênh tam cương chi đạo vặn hĩ.\n冠 服 不 克 終 兆 於 此 矣 為 君 父 者 可 不 謹 哉 . [42b*5*12]\nQuan Phục bất khắc chung triệu ư thử hĩ Vi quân phụ giả khả bất cẩn tai.\n又 禮 在 别 嫌 以 君 父 親 迎 子 婦 嫌 之 大 者 也 . [42b*6*11]\nHựu lễ tại biệt hiềm dĩ quân phụ thân nghênh tử phụ hiềm chi đại giả dã.\n此 而 不 謹 其 他 可 知 矣 . [42b*7*10]\nThử nhi bất cẩn kì tha khả tri hĩ.\n夏 四 月 申 定 舟 車 轎 傘 儀 仗 衣 服 之 制 将 行 會 盟 禮 故 也 〇 . [42b*8*2]\nHạ tứ nguyệt, thân định chu xa kiệu tản nghi trượng y phục chi chế tương hành hội minh lễ cố dã .\n五 月 占 城 冦 化 州 六 月 詔 諸 軍 脩 戰 . [42b*9*6]\nNgũ nguyệt, Chiêm Thành khấu Hoá châu, lục nguyệt, chiếu chư quân tu chiến..\n",
    "url": "/data/image_dvsk/ban_ky_toan_thu/quyen7/DVSKTT_ban_toan_VII_42b.jpg"
  },
  {
    "text": "噐 戰 艦 以 侯 親 征 占 城 之 役 〇 . [43a*1*1]\nkhí, chiến hạm dĩ hậu thân chinh Chiêm Thành chi dịch .\n秋 七 月 御 史 中 賛 黎 錫 上 疏 曰 夫 兵 者 匈 噐 也 不 可 躬 自 起 戒 矧 今 始 平 内 賊 勢 如 積 瘡 未 痊 主 不 可 以 私 怒 而 興 師 将 不 可 以 要 功 而 妄 戰 占 城 雖 無 臣 妄 之 心 宜 命 将 討 之 以 待 天 滅 若 車 駕 親 征 臣 愚 以 為 不 可 . [43a*1*13]\nThu thất nguyệt, Ngự sử trung tán Lê Tích thượng sớ viết: Phu binh giả hung khí dã, bất khả cung tự khởi giới, thẩn kim thuỷ bình nội tặc thế như tích sang vị thuyên chúa bất khả dĩ tư nộ nhi hưng sư tướng bất khả dĩ yêu công nhi vọng chiến Chiêm Thành tuy vô thần vọng chi tâm nghi mệnh tướng thảo chi dĩ đãi thiên diệt nhược xa giá thân chinh thần ngu dĩ vi bất khả.\n帝 不 聽 〇 . [43a*5*19]\nĐế bất thính .\n八 月 詔 清 化 乂 安 演 州 軍 民 運 粮 五 萬 石 就 化 州 〇 . [43a*6*4]\nBát nguyệt, chiếu Thanh Hoá, Nghệ An, Diễn Châu quân dân vận lương ngũ vạn thạch tựu Hoá Châu .\n冬 十 月 大 閲 水 步 軍 於 白 鶴 江 浮 沙 . [43a*7*5]\nĐông thập nguyệt, đại duyệt thuỷ bộ quân ư Bạch Hạc giang phù sa.\n两 帝 親 臨 為 将 . [43a*7*19]\nLưỡng đế thân lâm vi tướng .\n十 二 月 帝 親 征 占 城 領 軍 十 二 萬 發 京 師 . [43a*8*7]\nThập nhị nguyệt, Đế thân chinh Chiêm Thành lĩnh quân thập nhị vạn phát kinh sư.\n至 鉢 社 江 津 有 人 擧 行 䘮 禮 詔 罰 錢 三 十 . [43a*9*4]\nChí Bát xã giang tân hữu nhân cử hành táng lễ chiếu phạt tiền tam thập..\n",
    "url": "/data/image_dvsk/ban_ky_toan_thu/quyen7/DVSKTT_ban_toan_VII_43a.jpg"
  },
  {
    "text": "鏹 . [43b*1*1]\ncưỡng.\n命 黎 季 犛 督 乂 安 新 平 順 化 漕 運 以 給 軍 . [43b*1*2]\nMệnh Lê Quý Li đốc Nghệ An, Tân Bình, Thuận Hoá tào vận dĩ cấp quân.\n初 占 城 主 制 蓬 峩 擾 邊 命 行 遣 杜 子 平 将 兵 鎮 化 州 . [43b*1*18]\nSơ, Chiêm Thành chúa Chế Bồng Nga nhiễu biên, mệnh Hành khiển Đỗ Tử Bình tương binh trấn Hoá Châu.\n蓬 峩 賫 金 十 盤 上 進 子 平 盗 隱 入 已 詐 言 蓬 峩 傲 慢 無 禮 宜 加 兵 討 之 帝 大 怒 决 意 親 征 . [43b*3*1]\nBồng Nga tê kim thập bàn thượng tiến, Tử Bình đạo ẩn nhập dĩ trá ngôn, Bồng Nga ngạo mạn vô lễ nghi gia binh thảo chi Đế đại nộ quyết ý thân chinh.\n時 官 軍 至 瀰 淪 海 門 諸 軍 駕 海 而 行 . [43b*4*16]\nThời, quan quân chí Di Luân hải môn chư quân giá hải nhi hành.\n帝 乘 馬 領 步 軍 縁 海 岸 至 日 麗 海 口 駐 營 操 練 一 箇 月 . [43b*5*11]\nĐế thừa mã lĩnh bộ quân duyên hải ngạn chí Nhật Lệ hải khẩu trú doanh, thao luyện nhất cá nguyệt.\n新 平 順 化 人 虜 獲 占 人 迯 者 來 献 . [43b*6*13]\nTân Bình, Thuận Hoá nhân lỗ hoạch Chiêm nhân đào giả lai hiến.\n丁 巳 五 年 五 年 以 後 廢 帝 昌 符 元 年 . [43b*8*1]\nĐinh Tị ngũ niên, [ngũ nguyệt dĩ hậu Phế Đế Xương Phù nguyên niên .\n明 洪 武 十 年 春 正 月 二 十 三 日 大 軍 至 占 城 . [43b*8*16]\nMinh Hồng Vũ thập niên,] xuân chính nguyệt, nhị thập tam nhật, đại quân chí Chiêm Thành.\n尸 耐 混 港 口 石 橋 次 倚 忙 洞 蓬 峩 立 . [43b*9*6]\nThi Nại hỗn cảng khẩu Thạch Kiều thứ ỷ Mang Động Bồng Nga lập..\n",
    "url": "/data/image_dvsk/ban_ky_toan_thu/quyen7/DVSKTT_ban_toan_VII_43b.jpg"
  },
  {
    "text": "栅 闍 槃 城 外 遣 小 臣 牧 󰜏 摩 詐 降 言 蓬 峩 已 遁 但 留 空 城 宜 速 進 兵 無 失 機 會 . [44a*1*1]\nsách Đồ Bàn thành ngoại khiến tiểu thần Mục Bà Ma trá hàng ngôn Bồng Nga dĩ độn đản lưu không thành nghi tốc tiến binh vô thất cơ hội.\n二 十 四 日 帝 衣 皁 服 騎 泥 驄 馬 令 御 溝 王 朂 衣 白 衣 騎 白 馬 承 命 進 軍 . [44a*2*12]\nNhị thập tứ nhật, Đế y tạo phục kị nê thông mã lệnh Ngự Câu Vương Húc y bạch y kị bạch mã thừa mệnh tiến quân.\n大 将 杜 禮 諫 曰 彼 既 受 降 欲 以 全 國 爲 上 官 軍 深 入 攻 賊 城 在 不 得 以 . [44a*4*1]\nĐại tướng Đỗ Lễ gián viết: Bỉ ký thụ hàng dục dĩ toàn quốc vi thượng quan quân thâm nhập công tặc thành tại bất đắc dĩ.\n姑 令 一 辨 士 持 尺 書 問 罪 以 察 虜 情 虚 實 如 韓 信 破 燕 之 策 不 勞 而 有 功 . [44a*5*9]\nCô lệnh nhất biện sĩ trì xích thư vấn tội dĩ sát lỗ tình hư thực như Hàn Tín phá Yên chi sách bất lao nhi hữu công.\n古 人 有 言 虜 情 難 測 . [44a*6*18]\nCổ nhân hữu ngôn Lỗ tình nan trắc.\n臣 願 陛 下 審 之 . [44a*7*7]\nThần nguyện bệ hạ thẩm chi.\n帝 曰 我 被 堅 執 鋭 冐 風 沐 雨 跋 涉 山 川 深 入 賊 境 無 一 人 敢 嬰 其 鋒 者 . [44a*7*13]\nĐế viết: Ngã bị kiên chấp duệ mạo phong móc vũ bạt thiệp sơn xuyên thâm nhập tặc cảnh vô nhất nhân cảm anh kì phong giả.\n是 天 之 所 資 况 今 賊 主 聞 風 迯 竄 無 有 鬪 心 古 . [44a*9*2]\nThị thiên chi sở tư Huống kim tặc chủ văn phong đào thoán vô hữu đấu tâm Cổ..\n",
    "url": "/data/image_dvsk/ban_ky_toan_thu/quyen7/DVSKTT_ban_toan_VII_44a.jpg"
  },
  {
    "text": "言 曰 兵 貴 神 速 今 逗 遛 不 進 是 天 與 而 不 取 彼 有 異 圖 悔 之 安 及 爾 乃 婦 人 . [44b*1*1]\nngôn viết: Binh quý thần tốc kim đậu lưu bất tiến thị thiên dữ nhi bất thủ bỉ hữu dị đồ hối chi an cập nhĩ nãi phụ nhân.\n以 婦 人 衣 衣 之 . [44b*2*11]\nDĩ phụ nhân y y chi.\n軍 遂 魚 貫 而 行 . [44b*2*17]\nQuân toại ngư quán nhi hành.\n前 後 󰘌 絶 . [44b*3*4]\nTiền hậu cách tuyệt.\n賊 乘 勢 突 出 截 之 . [44b*3*8]\nTặc thừa thế đột xuất tiệt chi.\n巳 時 官 軍 大 潰 帝 𨺻 于 陣 崩 . [44b*3*15]\nTị thời quan quân đại hội Đế hãm vu trận băng.\n大 将 杜 禮 . [44b*4*7]\nĐại tướng Đỗ Lễ.\n阮 納 和 . [44b*4*11]\nNguyễn Nạp Hoà.\n行 遣 范 玄 齡 . [44b*4*14]\nHành khiển Phạm Huyền Linh.\n等 皆 死 之 . [44b*4*19]\nđẳng giai tử chi.\n賊 生 擒 御 溝 王 以 女 妻 之 . [44b*5*4]\nTặc sinh cầm Ngự Câu Vương dĩ nữ thê chi.\n杜 子 平 領 後 軍 不 救 得 脱 . [44b*5*14]\nĐỗ Tử Bình lĩnh hậu quân bất cứu đắc thoát.\n黎 季 犛 督 粮 軍 聞 帝 崩 先 自 迯 歸 . [44b*6*5]\nLê Quý Li đốc lương quân văn Đế băng, tiên tự đào quy.\n是 日 京 師 晝 暗 市 肆 燃 燭 以 相 貿 . [44b*6*18]\nThị nhật, kinh sư trú ám thị tứ nhiên chúc dĩ tương mậu.\n易 子 平 檻 車 回 過 天 長 人 以 瓦 礫 投 船 而 罵 之 者 . [44b*7*12]\nDị Tử Bình hạm xa hồi quá Thiên Trường nhân dĩ ngoã lịch đầu thuyền nhi mạ chi giả.\n師 還 治 子 平 罪 免 死 徒 為 兵 . [44b*8*12]\nSư hoàn, trị Tử Bình tội, miễn tử đồ vi binh.\n先 是 御 史 大 夫 張 杜 一 作 社 諫 曰 占 城 逆 命 . [44b*9*4]\nTiên thị Ngự sử đại phu Trương Đỗ [nhất tác Xã,] gián viết Chiêm Thành nghịch mệnh..\n",
    "url": "/data/image_dvsk/ban_ky_toan_thu/quyen7/DVSKTT_ban_toan_VII_44b.jpg"
  },
  {
    "text": "罪 不 容 誅 . [45a*1*1]\ntội bất dung tru.\n然 遠 在 西 陲 山 川 險 阻 今 陛 下 初 即 位 政 化 未 能 遠 被 宜 修 文 德 以 來 之 如 所 不 從 命 将 征 之 未 晚 . [45a*1*5]\nNhiên viễn tại Tây thuỳ sơn xuyên hiểm trở, kim bệ hạ sơ tức vị chính hoá vị năng viễn bị nghi tu văn đức dĩ lai chi như sở bất tòng mệnh tướng chinh chi vị vãn.\n三 上 疏 諫 . [45a*3*5]\nTam thượng sớ gián.\n帝 不 從 乃 掛 冠 而 去 . [45a*3*9]\nĐế bất tòng, nãi quải quan nhi khứ.\n杜 為 人 清 介 不 群 倜 儻 有 大 志 . [45a*3*17]\nĐỗ vi nhân thanh giới bất quần thích thảng hữu đại chí.\n童 稚 之 時 嘗 遊 西 湖 觀 将 軍 習 射 戲 曰 此 藝 為 之 何 難 . [45a*4*10]\nĐồng trĩ chi thời thường du Tây Hồ quan tướng quân tập xạ hí viết: Thử nghệ vi chi hà nan.\n将 軍 恠 問 曰 爾 能 中 否 . [45a*5*12]\nTướng quân quái vấn viết: Nhĩ năng trúng phủ.\n曰 試 為 之 . [45a*6*2]\nViết: Thí vi chi.\n三 𭛁 三 中 将 軍 驚 異 欲 養 為 子 . [45a*6*6]\nTam phát tam trúng tướng quân kinh dị dục dưỡng vi tử.\n杜 鄙 不 從 . [45a*6*18]\nĐỗ bỉ bất tòng.\n遂 棄 家 遊 學 中 進 士 . [45a*7*3]\nToại khí gia du học trúng Tiến sĩ.\n第 有 盛 名 . [45a*7*11]\nđệ hữu thịnh danh.\n居 官 清 貧 不 置 田 産 子 孫 相 繼 為 官 亦 以 清 貧 稱 杜 同 賴 縣 扶 ? 人 寓 京 城 機 舍 宜 蠶 坊 官 至 御 史 󰉟 司 諫 廷 尉 寺 卿 中 都 府 總 ? 而 卒 . [45a*7*15]\nCư quan thanh bần, bất trí điền sản, tử tôn tương kế vi quan diệc dĩ thanh bần, xưng [Đỗ Đồng Lại huyện Phù Đái nhân ngụ kinh thành cơ xá Nghi Tàm phường, quan chí ngự sử đài tư gián. đình uý tự khanh trung đô phủ tổng quản nhi tốt.]..\n",
    "url": "/data/image_dvsk/ban_ky_toan_thu/quyen7/DVSKTT_ban_toan_VII_45a.jpg"
  },
  {
    "text": "史 臣 吳 士 連 曰 張 杜 進 不 隱 言 能 擧 職 矣 . [45b*1*1]\nSử thần Ngô Sĩ Liên viết: Trương Đỗ tiến bất ẩn ngôn năng cử chức hĩ.\n言 至 三 上 能 氾 顔 矣 . [45b*1*17]\nNgôn chí tam thượng năng phạm nhan hĩ.\n某 不 見 聽 君 至 荒 矣 . [45b*2*7]\nMỗ bất kiến thính quân chí hoang hĩ.\n有 言 責 者 不 得 其 職 則 去 . [45b*2*15]\nHữu ngôn trách giả bất đắc kì chức tắc khứ.\n杜 之 進 退 合 乎 義 矣 . [45b*3*7]\nĐỗ chi tiến thoái hợp hồ nghĩa hĩ.\n難 然 忠 言 常 逆 於 君 之 耳 而 每 利 於 君 之 身 於 此 可 鑒 . [45b*3*15]\nnan nhiên trung ngôn thường nghịch ư quân chi nhĩ nhi mỗi lợi ư quân chi thân ư thử khả giám.\n夏 五 月 十 三 日 上 皇 以 帝 當 國 難 崩 立 帝 長 子 建 德 大 王 暊 為 嗣 郎 皇 帝 位 . [45b*5*2]\nHạ ngũ nguyệt, thập tam nhật, Thượng hoàng dĩ Đế đương quốc nạn băng, lập Đế trưởng tử Kiến Đức Đại Vương phủ vi tự lang Hoàng đế vị.\n稱 簡 皇 改 元 昌 符 元 年 . [45b*6*12]\nXưng Giản Hoàng, cải nguyên Xương Phù nguyên niên.\n大 赦 . [45b*7*2]\nĐại xá.\n群 臣 上 尊 號 曰 憲 天 體 道 欽 明 仁 孝 皇 帝 . [45b*7*4]\nQuần thần thượng tôn hiệu viết: Hiến Thiên Thể Đạo Khâm Minh Nhân Hiếu Hoàng Đế.\n六 月 十 一 日 占 城 入 㓂 . [45b*8*2]\nLục nguyệt thập nhất nhật, Chiêm Thành nhập khấu.\n𥘉 上 皇 聞 㓂 至 命 鎮 國 将 軍 恭 正 王 師 賢 守 大 安 海 口 . [45b*8*11]\nSơ Thượng hoàng văn khấu chí, mệnh Trấn Quốc tướng quân Cung Chính Vương Sư Hiền thủ Đại An hải khẩu.\n賊 知 有 僃 從 天 符 . [45b*9*13]\nTặc tri hữu bị, tòng Thiên Phù..\n",
    "url": "/data/image_dvsk/ban_ky_toan_thu/quyen7/DVSKTT_ban_toan_VII_45b.jpg"
  },
  {
    "text": "海 入 直 犯 京 師 . [46a*1*1]\nhải nhập, trực phạm kinh sư.\n十 二 日 賊 又 引 軍 還 出 大 海 口 遭 風 溺 死 甚 眾 〇 . [46a*1*7]\nThập nhị nhật, tặc hựu dẫn quân hoàn, xuất Đại hải khẩu tao phong nịch tử thậm chúng .\n秋 九 月 󰀋 上 皇 女 天 徽 公 主 實 羙 為 皇 后 號 光 鵉 〇 . [46a*2*7]\nThu cửu nguyệt, sách Thượng hoàng nữ Thiên Huy công chúa Thực Mĩ vi Hoàng hậu, hiệu Quang Loan .\n招 魂 塟 熙 陵 廟 號 睿 宗 〇 . [46a*3*8]\nChiêu hồn táng Hi Lăng miếu hiệu Duệ Tông .\n遣 陳 廷 琛 訃 于 明 稱 睿 宗 巡 邊 溺 死 且 吿 以 帝 為 嗣 明 人 辭 以 畏 壓 溺 有 三 不 吊 之 禮 . [46a*3*18]\nKhiến Trần ĐÌnh Thám phó vu Minh xưng Duệ Tông tuần biên nịch tử thả cáo dĩ Đế vi tự Minh nhân từ dĩ uý áp nịch hữu tam bất điếu chi lễ.\n廷 琛 爭 辨 以 為 占 人 犯 順 擾 邊 而 睿 宗 有 禦 患 救 民 之 功 何 爲 不 吊 明 復 遣 使 吊 . [46a*5*13]\nĐình Thám tranh biện dĩ vi Chiêm nhân phạm thuận nhiễu biên nhi Duệ Tông hữu ngự hoạn cứu dân chi công hà vi bất điếu Minh phức khiến sứ điếu.\n時 明 宗 方 圖 我 越 欲 以 為 釁 太 師 李 善 長 諫 曰 弟 死 國 患 而 兄 立 其 子 人 事 如 此 天 命 可 知 事 . [46a*7*6]\nThời Minh Tông phương đồ ngã Việt dục dĩ vi hấn, Thái sư Lí Thiện Trường gián viết: Đệ tử quốc hoạn nhi huynh lập kì tử nhân sự như thử thiên mệnh khả tri sự.\n遂 寝 廷 琛 自 進 士 探 花 郎 歴 中 書 侍 郎 兼 . [46a*9*4]\nToại tẩm ĐÌnh Thám tự Tiến sĩ, thám hoa lang lịch Trung thư thị lang kiêm..\n",
    "url": "/data/image_dvsk/ban_ky_toan_thu/quyen7/DVSKTT_ban_toan_VII_46a.jpg"
  },
  {
    "text": "知 審 刑 院 事 清 化 安 撫 使 遷 御 史 中 賛 權 監 修 國 史 . [46b*1*1]\ntri Thẩm hình viện sự Thanh Hoá an phủ sứ thiên Ngự sử trung tán, quyền giám tu quốc sử.\n胡 氏 篡 國 陽 耳 聾 為 中 丞 同 栻 所 劾 降 同 監 修 國 史 秘 書 監 . [46b*2*2]\nHồ thị soán quốc, dương nhĩ lung vi Trung thừa Đồng Thức, sở hặc giáng Đồng giám tu quốc sử bí thư giám.\n史 臣 吳 士 連 曰 夫 士 幼 而 學 欲 知 其 事 行 也 状 而 行 行 其 所 學 也 . [46b*4*1]\nSử thần Ngô Sĩ Liên viết: Phu sĩ ấu nhi học dục tri kì sự hành dã trạng nhi hành hành kì sở học dã.\n誦 詩 三 百 使 於 四 方 不 辱 軍 命 廷 琛 有 焉 . [46b*5*8]\nTụng thi tam bách sứ ư tứ phương bất nhục quân mệnh Đình Thám hữu yên.\n况 時 遭 僣 窃 又 能 自 晦 以 避 權 位 斯 可 謂 之 士 矣 可 謂 不 負 所 學 也 . [46b*6*6]\nHuống thời tao tiếm thiết hựu năng tự hối dĩ tị quyền vị tư khả vị chi sĩ hĩ khả vị bất phụ sở học dã.\n大 越 史 記 本 紀 全 書 卷 之 七 終 . [46b*9*1]\nĐại Việt Sử Ký Bản Kỷ Toàn Thư Quyển chi thất [Chung.]..\n",
    "url": "/data/image_dvsk/ban_ky_toan_thu/quyen7/DVSKTT_ban_toan_VII_46b.jpg"
  }
]