[
  {
    "text": "大 越 史 記 本 紀 全 書 卷 之 八 . [1a*1*1]\nĐại Việt Sử Ký Bản Kỷ Toàn Thư quyển chi bát.\n陳 紀 . [1a*2*1]\nTrần KỶ.\n廢 帝 諱 晛 睿 宗 長 子 母 嘉 慈 皇 后 黎 氏 以 大 治 四 年 辛 丑 三 月 六 日 誕 生 . [1a*3*1]\nPhế Đế [Huý hiện Duệ Tông trưởng tử, mẫu Gia Từ Hoàng Hậu Lê thị, dĩ Đại Trị tứ niên, Tân Sửu tam nguyệt lục nhật đản sinh.\n及 睿 宗 南 征 而 崩 藝 宗 立 之 . [1a*3*29]\nCập Duệ Tông nam chinh nhi băng, Nghệ Tông lập chi.\n後 降 為 灵 德 王 尋 令 縊 殺 之 在 位 十 二 年 壽 二 十 八 塟 安 排 山 . [1a*4*6]\nHậu giáng vi Linh Đức Vương tầm lệnh ải sát chi Tại vị thập nhị niên, thọ nhị thập bát, táng An Bài sơn.\n帝 昏 懦 不 能 有 爲 威 權 日 歸 於 下 社 稷 傾 危 身 不 能 保 悲 夫 . [1a*4*30]\n] Đế hôn nhu, bất năng hữu vi uy quyền nhật quy ư hạ, xã tắc khuynh nguy thân bất năng bảo Bi phu!.\n戊 午 昌 符 二 年 明 洪 武 十 一 年 春 正 月 選 衛 士 . [1a*5*24]\n] Mậu Ngọ Xương Phù nhị niên, [Minh Hồng Vũ thập nhất niên,] xuân chính nguyệt, tuyển vệ sĩ.\n陳 宗 玩 𬋩 天 丁 軍 陳 忠 孝 監 保 捷 軍 陳 世 登 監 神 翊 軍 裴 伯 昂 監 神 策 軍 裴 翕 監 天 威 軍 黄 奉 世 監 聖 翊 軍 黎 𡧸 温 監 華 額 軍 杜 也 哥 監 侍 衛 軍 阮 小 律 . [1a*6*19]\nTrần Tông Ngoạn quản Thiên Đinh quân, Trần Trung Hiếu giám Bảo Tiệp quân, Trần Thế Đăng giám Thần Dực quân, Bùi Bá Ngang giám Thần Sách quân, Bùi Hấp giám Thiên Uy quân, Hoàng Phụng Thế giám Thánh Dực quân, Lê Mật Ôn giám Hoa Ngạch quân, Đỗ Dã Ca giám Thị Vệ quân, Nguyễn Tiểu Luật..\n",
    "url": "/data/image_dvsk/ban_ky_toan_thu/quyen8/DVSKTT_ban_toan_VIII_1a.jpg"
  },
  {
    "text": "監 天 長 軍 陳 那 監 龍 捷 軍 阮 金 鰲 監 神 武 軍 〇 . [1b*1*1]\ngiám Thiên Trường quân, Trần Na giám Long Tiệp quân, Nguyễn Kim Ngao giám Thần Vũ quân .\n三 月 以 誕 日 爲 光 天 節 〇 . [1b*2*1]\nTam nguyệt, dĩ đản nhật vi Quang Thiên tiết .\n詔 諸 軍 造 諸 戰 噐 戰 船 . [1b*2*11]\nChiếu chư quân tạo chư chiến khí chiến thuyền .\n夏 五 月 五 日 占 城 引 御 溝 降 王 朂 藝 安 府 僣 號 以 招 人 民 多 受 僞 命 者 . [1b*3*3]\nHạ ngũ nguyệt ngũ nhật, Chiêm Thành dẫn Ngự Câu hàng vương Húc khấu Nghệ An phủ, tiếm hiệu dĩ chiêu nhân, dân đa thụ nguỵ mệnh giả.\n六 月 犯 大 黄 江 帝 命 行 遣 杜 子 平 禦 之 . [1b*4*13]\nLục nguyệt, phạm Đại Hoàng giang, Đế mệnh Hành khiển Đỗ Tử Bình ngự chi.\n官 軍 自 潰 賊 遂 犯 京 師 擄 掠 而 還 . [1b*5*10]\nQuan quân tự hội, tặc toại phạm kinh sư lỗ lược nhi hoàn.\n安 撫 使 黎 桷 爲 賊 所 獲 逼 令 桷 拜 . [1b*6*5]\nAn phủ sứ Lê Giốc vi tặc sở hoạch, bức lệnh Giốc bái.\n桷 曰 我 大 國 臣 何 拜 汝 爲 賊 大 怒 殺 之 . [1b*6*18]\nGiốc viết: Ngã đại quốc thần hà bái nhữ! Vi tặc đại nộ, sát chi.\n桷 罵 不 絶 口 . [1b*7*15]\nGiốc mạ bất tuyệt khẩu.\n事 聞 追 封 桷 罵 賊 忠 武 侯 以 其 子 芮 為 近 侍 祗 候 四 局 正 掌 . [1b*8*2]\nSự văn, truy phong Giốc Mạ Tặc Trung Vũ hầu, dĩ kì tử Nhuế vi Cận thị chi hậu tứ cục chính chưởng.\n桷 故 入 内 行 遣 尙 書 右 弼 黎 括 . [1b*9*7]\nGiốc cố Nhập nội Hành khiển thượng thư hữu bật Lê Quát..\n",
    "url": "/data/image_dvsk/ban_ky_toan_thu/quyen8/DVSKTT_ban_toan_VIII_1b.jpg"
  },
  {
    "text": "之 子 也 . [2a*1*1]\nchi tử dã.\n史 臣 吳 士 連 曰 舍 生 取 義 有 甚 於 生 也 . [2a*2*1]\nSử thần Ngô Sĩ Liên viết: Xá sinh thủ nghĩa hữu thậm ư sinh dã.\n求 生 而 受 辱 君 子 不 爲 也 . [2a*2*16]\nCầu sinh nhi thụ nhục quân tử bất vi dã.\n易 曰 君 子 致 命 遂 志 . [2a*3*9]\nDịch viết: Quân tử trí mệnh toại chí.\n桷 有 焉 . [2a*3*17]\nGiác hữu yên.\n秋 七 月 大 水 . [2a*5*1]\nThu thất nguyệt, đại thuỷ.\n杜 子 平 建 議 微 丁 男 户 輸 錢 三 鏹 . [2a*5*6]\nĐỗ Tử Bình kiến nghị vi đinh nam hộ thâu tiền tam cưỡng.\n從 之 . [2a*6*1]\nTòng chi.\n時 軍 旅 方 興 帑 藏 空 之 子 平 因 建 是 議 . [2a*6*3]\nThời, quân lữ phương hưng thảng tàng không chi, Tử Bình nhân kiến thị nghị.\n故 事 諸 鎮 有 兵 役 某 縣 󰀋 田 額 若 干 出 金 銀 錢 絹 . [2a*6*18]\nCố sự chư trấn hữu binh dịch mỗ huyện sách điền ngạch nhược can xuất kim ngân tiền quyên.\n若 干 人 兵 生 者 不 計 死 者 不 除 倘 有 軍 旅 徭 役 亦 以 田 數 用 之 . [2a*8*1]\nNhược can nhân binh sinh giả bất kế tử giả bất trừ thảng hữu quân lữ dao dịch diệc dĩ điền số dụng chi.\n諸 路 有 單 兵 但 供 徭 役 世 世 為 . [2a*9*7]\nChư lộ hữu đơn binh đản cúng diêu dịch thế thế vi..\n",
    "url": "/data/image_dvsk/ban_ky_toan_thu/quyen8/DVSKTT_ban_toan_VIII_2a.jpg"
  },
  {
    "text": "兵 不 得 出 仕 . [2b*1*1]\nbinh bất đắc xuất sĩ.\n如 有 田 𤱈 桑 洲 漁 潭 則 有 税 無 則 否 . [2b*1*6]\nNhư hữu điền mẫu tang châu ngư đàm tắc hữu thuế, vô tắc phủ.\n至 是 子 平 倣 唐 庸 法 行 之 賦 加 重 矣 〇 . [2b*2*2]\nChí thị, Tử Bình phỏng Đường dung pháp hành chi phú gia trọng hĩ .\n冬 十 月 選 諸 衛 軍 勇 健 通 武 藝 者 入 為 衛 士 . [2b*2*17]\nĐông thập nguyệt, tuyển chư vệ quân dũng kiện thông võ nghệ giả nhập vi vệ sĩ .\n以 同 乳 阮 八 索 𬋩 鉄 鎗 軍 阮 雲 兒 管 鉄 甲 軍 阮 罅 黎 勤 𬋩 鉄 鐮 軍 阮 聖 俞 管 鉄 虎 軍 陳 國 興 管 於 󰲢 軍 〇 . [2b*3*17]\nDĩ đồng nhũ Nguyễn Bát Sách quản Thiết Sang quân, Nguyễn Vân Nhi quản Thiết Giáp quân, Nguyễn Hách Lê Cần quản Thiết Liêm quân, Nguyễn Thánh Du quản Thiết Hổ quân, Trần Quốc Hưng quản Ư đồ quân .\n是 歲 上 皇 子 顒 生 . [2b*6*3]\nThị tuế, Thượng hoàng tử Ngung sinh.\n即 順 宗 也 . [2b*6*10]\n[tức Thuận Tông dã.\n己 未 三 年 明 洪 武 十 二 年 春 二 月 以 黎 季 犛 爲 小 司 空 兼 行 樞 𡧸 大 使 如 故 . [2b*7*1]\n] Kỷ Mùi tam niên, [Minh Hồng Vũ thập nhị niên,] xuân nhị nguyệt, dĩ Lê Quý Li vi Tiểu tư không kiêm Hành khu mật đại sứ như cố.\n季 犛 薦 阮 多 方 為 将 軍 . [2b*8*8]\nQuý li tiến Nguyễn Đa Phương vi Tướng quân.\n多 方 師 齊 之 子 也 . [2b*8*17]\nĐa Phương Sư Tề chi tử dã.\n季 犛 少 時 學 於 師 齊 . [2b*9*6]\nQuý Li thiếu thời học ư Sư Tề.\n師 齊 教 於 武 . [2b*9*14]\nSư Tề giáo ư vũ..\n",
    "url": "/data/image_dvsk/ban_ky_toan_thu/quyen8/DVSKTT_ban_toan_VIII_2b.jpg"
  },
  {
    "text": "藝 因 以 多 方 為 弟 . [3a*1*1]\nnghệ, nhân dĩ Đa Phương vi đệ.\n多 方 曾 為 占 城 所 虜 後 迯 㱕 . [3a*1*8]\nĐa Phương tằng vi Chiêm Thành sở lỗ, hậu đào quy.\n至 是 季 犛 薦 之 . [3a*2*1]\nChí thị, Quý Li tiến chi.\n又 有 主 書 侍 御 史 范 巨 論 能 謀 畫 季 犛 薦 之 為 權 都 事 . [3a*2*7]\nHựu hữu Chủ thư thị ngự sử Phạm Cự Luận năng mưu hoạch, Quý Li tiến chi vi quyền đô sự.\n時 人 謂 季 犛 有 方 圓 佐 慮 〇 . [3a*3*10]\nThời nhân vị Quý Li hữu phương viên tá lự .\n夏 旱 . [3a*4*3]\nHạ hạn.\n大 饑 〇 . [3a*4*5]\nĐại cơ .\n秋 八 月 北 江 路 人 阮 補 稱 為 唐 郎 紫 衣 以 法 術 僣 號 稱 王 作 亂 . [3a*4*8]\nThu bát nguyệt, Bắc Giang lộ nhân Nguyễn Bồ xưng vi Đường lang tử y, dĩ pháp thuật tiếm hiệu xưng Vương tác loạn.\n伏 誅 〇 . [3a*5*14]\nPhục tru .\n九 月 令 軍 民 󰰻 運 銅 錢 藏 天 健 山 天 健 前 名 地 覲 俗 傳 有 古 松 能 蟠 其 上 陳 太 宗 建 行 宫 于 此 〇 . [3a*5*17]\nCửu nguyệt, lệnh quân dân bạt vận đồng tiền tàng Thiên Kiện sơn [Thiên Kiện tiền danh Địa Cận tục truyền hữu cổ tùng năng bàn kì thượng Trần Thái Tông kiến hành cung vu thử,] .\n冬 十 月 藏 諒 山 可 浪 龕 懲 占 人 焚 宫 殿 之 變 也 . [3a*7*12]\nĐông thập nguyệt, tàng Lạng sơn Khả Lãng khám trừng Chiêm nhân phàn cung điện chi biến dã.\n史 臣 吳 士 連 曰 天 子 富 有 四 海 倉 廪 府 庫 莫 . [3a*9*1]\nSử thần Ngô Sĩ Liên viết: Thiên tử phú hữu tứ hải thương lẫm phủ khố mạc..\n",
    "url": "/data/image_dvsk/ban_ky_toan_thu/quyen8/DVSKTT_ban_toan_VIII_3a.jpg"
  },
  {
    "text": "非 其 有 也 . [3b*1*1]\nphi kì hữu dã.\n當 國 家 閒 暇 之 時 明 其 政 刑 脩 其 禮 儀 徹 彼 桑 土 綢 繆 户 牖 󰰽 得 而 侮 之 哉 乃 懲 占 城 焚 掠 之 變 搬 運 泉 貨 藏 之 深 山 窮 谷 為 避 敵 之 計 為 致 㓂 之 謀 取 天 下 後 世 非 笑 . [3b*1*5]\nĐương quốc gia nhàn hạ chi thời, minh kì chính hình tu kì lễ nghi triệt bỉ tang thổ trù mậu hộ dũ thục đắc nhi vũ chi tai! Nãi trừng Chiêm Thành phàn lược chi biến ban vận tuyền hoá tàng chi thâm sơn cùng cốc vi tị địch chi kế, vi trí khấu chi mưu, thủ thiên hạ hậu thế phi tiếu.\n國 可 謂 無 人 矣 右 相 國 恭 信 王 天 澤 卒 . [3b*5*1]\nQuốc khả vị vô nhân hĩ! Hữu tướng quốc Cung Tín Vương Thiên Trạch tốt.\n庚 申 四 年 明 洪 武 十 三 年 春 二 月 占 人 誘 使 新 平 順 化 人 㓂 乂 安 演 州 擄 掠 人 〇 . [3b*7*1]\nCanh Thân tứ niên, [Minh Hồng Vũ thập tam niên,] xuân nhị nguyệt, Chiêm nhân dụ sử Tân Bình, Thuận Hoá nhân khấu Nghệ An, Diễn Châu lỗ lược nhân .\n三 月 㓂 清 化 等 處 . [3b*8*10]\nTam nguyệt, khấu Thanh Hoá đẳng xứ.\n上 皇 命 黎 季 犛 領 水 軍 杜 子 平 領 步 軍 以 禦 之 . [3b*8*17]\nThượng hoàng mệnh Lê Quý Li lĩnh thuỷ quân, Đỗ Tử Bình lĩnh bộ quân dĩ ngự chi.\n至 󰔄 . [3b*9*17]\nChí Ngu..\n",
    "url": "/data/image_dvsk/ban_ky_toan_thu/quyen8/DVSKTT_ban_toan_VIII_3b.jpg"
  },
  {
    "text": "江 植 樁 與 占 人 相 持 〇 . [4a*1*1]\nGiang thực thung dữ Chiêm nhân tương trì .\n夏 五 月 季 犛 領 神 武 軍 将 阮 金 鰲 侍 衛 軍 将 杜 也 哥 出 戰 . [4a*1*10]\nHạ ngũ nguyệt, Quý Li lĩnh Thần Võ quân tướng Nguyễn Kim Ngao; Thị vệ quân tướng Đỗ Dã Ca xuất chiến.\n金 鰲 旅 舟 以 避 賊 鋒 . [4a*2*14]\nKim Ngao lữ chu dĩ tị tặc phong.\n季 犛 斬 之 以 徇 諸 軍 . [4a*3*4]\nQuý Li trảm chi dĩ tuẫn chư quân.\n皷 噪 而 前 占 主 制 蓬 莪 戰 敗 遁 歸 . [4a*3*12]\nCổ táo nhi tiền Chiêm chúa Chế Bồng Nga chiến bại, độn quy.\n子 平 自 是 稱 疾 解 兵 權 . [4a*4*7]\nTử Bình tự thị xưng tật giải binh quyền.\n惟 季 犛 專 領 元 戎 行 海 西 都 統 制 〇 . [4a*4*16]\nDuy Quý Li chuyên lĩnh Nguyên nhung hành hải tây đô thống chế .\n冬 十 一 月 以 杜 子 平 為 入 内 行 遣 左 參 知 政 事 領 諒 江 鎮 經 畧 使 數 年 卒 . [4a*5*12]\nĐông thập nhất nguyệt, dĩ Đỗ Tử Bình vi Nhập nội hành khiển tả tham tri chính sự lĩnh Lạng Giang trấn Kinh lược sứ, số niên tốt.\n贈 少 保 從 祀 文 廟 . [4a*7*4]\nTặng Thiếu bảo tòng tự Văn Miếu.\n潘 孚 先 曰 歴 代 名 儒 有 能 排 異 端 傳 道 統 方 得 從 祀 文 廟 明 道 學 之 有 原 也 . [4a*8*1]\nPhan Phu Tiên viết: Lịch đại danh nho hữu năng bài dị đoan truyền đạo thống phương đắc tòng tự Văn Miếu minh đạo học chi hữu nguyên dã.\n藝 宗 以 朱 安 . [4a*9*13]\nNghệ Tông dĩ Chu An,..\n",
    "url": "/data/image_dvsk/ban_ky_toan_thu/quyen8/DVSKTT_ban_toan_VIII_4a.jpg"
  },
  {
    "text": "張 漢 超 杜 子 平 預 之 . [4b*1*1]\nTrương Hán Siêu, Đỗ Tử Bình dự chi.\n漢 超 為 人 骨 鯁 議 斥 佛 法 安 清 脩 苦 節 不 務 顯 達 亦 庶 幾 矣 . [4b*1*9]\nHán Siêu vi nhân cốt ngạnh, nghị xích Phật pháp, An thanh tu khổ tiết bất vụ hiển đạt diệc thứ cơ hĩ.\n若 子 平 之 曲 學 悅 人 聚 歛 多 ? 乃 是 誤 國 之 姦 臣 安 得 厠 於 其 間 哉 史 臣 吳 士 連 曰 子 平 盗 隐 蓬 莪 貢 金 欺 君 妄 奏 致 使 睿 宗 南 廵 不 返 國 家 自 是 屡 有 占 城 入 㓂 之 患 罪 不 容 誅 矣 其 曲 學 悅 人 夫 又 . [4b*2*15]\nNhược Tử Bình chi khúc học duyệt nhân tụ liễm đa dục nãi thị ngộ quốc chi gian thần, an đắc xí ư kì gian tai? Sử thần Ngô Sĩ Liên viết: Tử Bình đạo ẩn Bồng Nga cống kim, khi quân vọng tấu, trí sử Duệ Tông Nam tuần bất phản, quốc gia tự thị lũ hữu Chiêm Thành nhập khấu chi hoạn, tội bất dung tru hĩ! Kì khúc học duyệt nhân phu hựu.\n何 誅 . [4b*7*17]\n[hà tru.\n辛 酉 五 年 明 洪 武 十 四 年 春 二 月 試 太 學 生 〇 . [4b*8*1]\n] Tân Dậu ngũ niên, [Minh Hồng Vũ thập tứ niên,] xuân nhị nguyệt, thí Thái học sinh .\n三 月 命 大 灘 國 師 督 率 天 下 僧 人 及 山 林 無 度 僧 壮 者 權 . [4b*8*19]\nTam nguyệt, mệnh Đại Than quốc sư đốc suất thiên hạ tăng nhân cập sơn lâm vô độ tăng tráng giả quyền..\n",
    "url": "/data/image_dvsk/ban_ky_toan_thu/quyen8/DVSKTT_ban_toan_VIII_4b.jpg"
  },
  {
    "text": "為 軍 擊 占 城 . [5a*1*1]\nvi quân kích Chiêm Thành.\n复 四 月 斬 演 州 人 胡 術 以 其 因 占 城 賊 誘 人 掠 財 也 〇 . [5a*1*6]\nHạ tứ nguyệt, trảm Diễn Châu nhân Hồ Thuật dĩ kì nhân Chiêm Thành tặc dụ nhân lược tài dã .\n五 月 以 陶 師 錫 為 入 内 行 遣 右 司 郎 中 . [5a*2*10]\nNgũ nguyệt, dĩ Đào Sư Tích vi Nhập nội hành khiển hữu ti lang trung.\n師 錫 父 全 斌 知 審 刑 院 事 . [5a*3*7]\nSư Tích phụ Toàn Bân tri Thẩm hình viện sự.\n六 月 奉 引 欔 音 角 鄕 太 堂 及 龍 興 建 昌 諸 陵 神 像 㱕 安 生 大 陵 避 占 城 人 也 〇 . [5a*3*17]\nLục nguyệt, phụng dẫn quắc [âm giác,] Hương, Thái Đường, cập Long Hưng, Kiến Xương chư lăng thần tượng quy Yên Sinh đại lăng tị Chiêm Thành nhân dã .\n秋 九 月 以 阮 然 為 入 内 行 遣 右 司 . [5a*5*11]\nThu cửu nguyệt, dĩ Nguyễn Nhiên vi Nhập nội hành khiển hữu ti.\n然 僊 遊 人 天 󰆑 中 為 祗 候 内 人 知 日 禮 欲 害 陳 氏 𡧸 吿 上 皇 . [5a*6*6]\nNhiên Tiên Du nhân, Thiên Khánh trung vi Chi hậu nội nhân, tri Nhật Lễ dục hại Trần thị, mật cáo Thượng hoàng.\n至 是 上 皇 念 其 功 故 授 是 職 . [5a*7*11]\nChí thị, Thượng hoàng niệm kì công, cố thụ thị chức.\n冬 十 月 嘉 慈 皇 后 崩 于 龍 潭 鄕 昭 󰆑 寺 今 肇 󰆑 寺 是 也 . [5a*8*4]\nĐông thập nguyệt, Gia Từ Hoàng Hậu băng vu Long Đàm hương Chiêu Khánh tự [kim Triệu Khánh tự thị dã.\n西 庵 . [5a*9*8]\n] Tây am.\n帝 誘 殺 冠 服 侯 大 王 暃 . [5a*9*10]\nĐế dụ sát Quan phục hầu đại vương húc..\n",
    "url": "/data/image_dvsk/ban_ky_toan_thu/quyen8/DVSKTT_ban_toan_VIII_5a.jpg"
  },
  {
    "text": "壬 戌 六 年 明 洪 武 十 五 年 春 二 月 占 城 入 㓂 清 化 . [5b*1*1]\nNhâm Tuất lục niên, [Minh Hồng Vũ thập ngũ niên,] xuân nhị nguyệt, Chiêm Thành nhập khấu Thanh Hoá.\n命 季 犛 領 軍 禦 之 . [5b*1*20]\nMệnh Quý Li lĩnh quân ngự chi.\n屯 龍 岱 山 以 神 魁 軍 将 阮 多 方 守 神 投 海 樁 . [5b*2*5]\nĐồn Long Đại sơn, dĩ Thần Khôi quân tướng Nguyễn Đa Phương thủ Thần Đầu hải thung.\n占 人 水 步 俱 進 在 山 上 以 石 投 下 軍 船 多 損 󰱧 . [5b*3*4]\nChiêm nhân thuỷ bộ cụ tiến, tại sơn thượng dĩ thạch đầu hạ, quân thuyền đa tổn hoại.\n多 方 不 待 季 犛 令 自 開 樁 出 戰 一 時 取 勝 . [5b*4*4]\nĐa Phương bất đãi Quý Li lệnh, tự khai thung xuất chiến, nhất thời thủ thắng.\n諸 軍 乘 勝 攻 之 占 城 大 敗 散 入 山 林 . [5b*5*2]\nChư quân thừa thắng công chi Chiêm Thành đại bại, tán nhập sơn lâm.\n我 軍 圍 山 三 日 賊 多 餓 死 . [5b*5*16]\nNgã quân vi sơn tam nhật, tặc đa ngạ tử.\n燒 尽 舟 船 餘 眾 奔 北 . [5b*6*8]\nThiêu tận chu thuyền, dư chúng bôn bắc.\n三 月 追 至 乂 安 城 而 還 〇 . [5b*6*16]\nTam nguyệt, truy chí Nghệ An thành nhi hoàn .\n夏 四 月 捷 報 拜 多 方 金 吾 衛 大 将 軍 . [5b*7*8]\nHạ tứ nguyệt, tiệp báo Bái Đa Phương Kim Ngô Vệ đại tướng quân.\n秋 七 月 大 水 〇 . [5b*8*4]\nThu thất nguyệt, đại thuỷ .\n冬 十 月 詔 乂 安 演 州 軍 民 浚 海 西 諸 港 . [5b*8*10]\nĐông thập nguyệt, chiếu Nghệ An, Diễn Châu quân dân tuấn Hải Tây chư cảng.\n",
    "url": "/data/image_dvsk/ban_ky_toan_thu/quyen8/DVSKTT_ban_toan_VIII_5b.jpg"
  },
  {
    "text": "癸 亥 七 年 明 洪 武 十 六 年 春 正 月 命 黎 季 犛 領 舟 師 伐 占 城 . [6a*1*1]\nQuý Hợi thất niên, [Minh Hồng Vũ thập lục niên,] xuân chính nguyệt, mệnh Lê Quý Li lĩnh chu sư phạt Chiêm Thành.\n時 新 造 大 艘 有 艶 治 玉 突 牙 捷 等 號 行 至 吏 部 娘 彎 烏 蹲 等 被 風 濤 折 ? . [6a*2*2]\nThời tân tạo đại sưu hữu Diễm Trị, Ngọc Đột, Nha Tiệp đẳng hiệu hành chí Lại Bộ Nương loan, Ô Tôn đẳng xứ bị phong đào triết hoại.\n引 軍 還 . [6a*3*13]\nDẫn quân hoàn .\n夏 六 月 占 城 主 制 蓬 莪 與 首 将 羅 皚 引 眾 陵 行 山 脚 由 廣 威 鎮 哨 路 屯 孔 目 󰀋 . [6a*3*17]\nHạ lục nguyệt, Chiêm Thành chúa Chế Bồng Nga dữ thủ tướng La Ngai dẫn chúng lăng hành sơn cước do Quảng Oai trấn tiêu lộ đồn Khổng Mục sách.\n京 師 震 駭 . [6a*5*11]\nKinh sư chấn hãi.\n上 皇 命 華 額 軍 将 黎 𡧸 温 将 兵 禦 之 . [6a*5*15]\nThượng hoàng mệnh Hoa Ngạch quân tướng Lê Mật Ôn tương binh ngự chi.\n𡧸 温 至 三 岐 洲 今 廣 威 府 是 欲 列 陣 拒 戰 . [6a*6*11]\nMật Ôn chí Tam Kì châu [kim Quảng Oai phủ thị dục liệt trận cự chiến.\n賊 先 設 伏 兵 象 俱 起 官 軍 敗 比 . [6a*7*7]\nTặc tiên thiết phục binh tượng cụ khởi quan quân bại tỉ.\n𡧸 温 為 賊 所 擒 . [6a*8*1]\nMật Ôn vi tặc sở cầm.\n占 城 自 黎 李 以 來 兵 眾 脆 怯 我 師 至 則 挈 家 奔 遁 或 聚 哭 㱕 降 . [6a*8*7]\nChiêm Thành tự Lê Lí dĩ lai binh chúng thuý khiếp, ngã sư chí tắc khiết gia bôn độn, hoặc tụ khốc quy hàng.\n至 蓬 莪 羅 皚 生 . [6a*9*13]\nChí Bồng Nga, La Ngai sinh..\n",
    "url": "/data/image_dvsk/ban_ky_toan_thu/quyen8/DVSKTT_ban_toan_VIII_6a.jpg"
  },
  {
    "text": "聚 教 訓 漸 革 舊 俗 勇 悍 耐 苦 故 常 入 㓂 為 我 國 患 〇 . [6b*1*1]\ntụ giáo huấn, tiệm cách cựu tục dũng hãn nại khổ, cố thường nhập khấu vi ngã quốc hoạn .\n阮 多 方 督 軍 立 柵 於 京 城 日 夜 守 僃 . [6b*2*3]\nNguyễn Đa Phương đốc quân lập sách ư kinh thành, nhật dạ thủ bị.\n上 皇 幸 東 岸 江 以 避 賊 . [6b*2*17]\nThượng hoàng hạnh Đông Ngạn giang dĩ tị tặc.\n時 有 士 人 阮 夢 華 衣 冠 下 水 牽 挽 御 舟 請 留 討 賊 . [6b*3*8]\nThời hữu sĩ nhân Nguyễn Mộng Hoa y quan hạ thuỷ khiên vãn ngự chu thỉnh lưu thảo tặc.\n不 聽 . [6b*4*9]\nBất thính.\n史 臣 吳 士 連 曰 藝 皇 無 勇 賊 未 至 而 先 避 其 如 國 人 何 夢 華 一 士 人 也 猶 能 留 之 . [6b*5*1]\nSử thần Ngô Sĩ Liên viết: Nghệ Hoàng vô dũng, tặc vị chí nhi tiên tị, kì như quốc nhân hà? Mộng Hoa nhất sĩ nhân dã do năng lưu chi.\n肉 食 者 可 鄙 也 哉 讀 簿 陳 公 󰲣 騎 馬 廵 柵 賊 追 之 奔 至 葛 江 界 阻 溝 丈 許 馬 躍 過 之 得 脱 因 名 其 馬 曰 子 不 齊 〇 . [6b*6*15]\nNhục thực giả khả bỉ dã tai! Độc bạ Trần Công niếu kị mã tuần sách, tặc truy chi bôn chí Cát Giang, giới trở câu trượng, hứa mã dược quá chi đắc thoát, nhân danh kì mã viết Tử Bất Tề .\n",
    "url": "/data/image_dvsk/ban_ky_toan_thu/quyen8/DVSKTT_ban_toan_VIII_6b.jpg"
  },
  {
    "text": "冬 十 二 月 占 城 引 眾 還 . [7a*1*1]\nĐông thập nhị nguyệt, Chiêm Thành dẫn chúng hoàn.\n上 皇 居 葆 和 宫 命 僉 知 内 𡧸 院 事 阮 茂 先 禮 部 郎 中 潘 義 及 僊 遊 武 德 侯 家 臣 缺 名 輪 直 . [7a*1*10]\nThượng hoàng cư Bảo Hoà cung, mệnh Thiêm tri nội mật viện sự Nguyễn Mậu Tiên, Lễ bộ lang trung Phan Nghĩa cập Tiên Du Vũ Đức hầu gia thần [khuyết danh,] luân trực.\n賜 食 詢 以 故 事 逐 日 記 錄 編 成 八 卷 目 曰 葆 和 餘 筆 令 陶 師 錫 序 其 端 以 教 訓 官 家 . [7a*3*8]\nTứ thực, tuân dĩ cố sự trục nhật ký lục biên thành bát quyển mục, viết Bảo Hoà dư bút, lệnh Đào Sư Tích tự kì đoan dĩ giáo huấn Quan gia.\n甲 子 八 年 明 洪 武 十 七 年 春 二 月 上 皇 於 僊 遊 山 萬 福 寺 試 太 學 生 . [7a*6*1]\nGiáp Tí bát niên, [Minh Hồng Vũ thập thất niên,] xuân nhị nguyệt, Thượng hoàng ư Tiên Du sơn Vạn Phúc tự thí Thái học sinh.\n段 春 雷 黄 晦 卿 等 三 十 名 〇 . [7a*7*5]\nĐoàn Xuân Lôi, Hoàng Hối Khanh đẳng tam thập danh .\n夏 五 月 選 太 學 生 餘 數 為 葆 和 宫 書 史 〇 . [7a*7*16]\nHạ ngũ nguyệt, tuyển Thái học sinh dư số vi Bảo Hoà cung thư sử .\n秋 九 月 明 初 征 雲 南 . [7a*8*14]\nThu cửu nguyệt, Minh sơ chinh Vân Nam.\n遣 楊 盤 許 原 等 賫 户 部 咨 文 來 求 粮 給 . [7a*9*4]\nKhiến Dương Bàn, Hứa Nguyên đẳng tê Hộ bộ tư văn lai cầu lương cấp..\n",
    "url": "/data/image_dvsk/ban_ky_toan_thu/quyen8/DVSKTT_ban_toan_VIII_7a.jpg"
  },
  {
    "text": "臨 安 守 兵 . [7b*1*1]\nLâm An thủ binh.\n冬 十 一 月 遣 朝 奉 大 夫 黎 亞 夫 少 中 大 夫 杜 子 澄 報 云 已 差 行 遣 司 陳 堯 俞 督 諸 路 轉 運 使 司 運 粮 至 水 尾 縣 界 首 交 割 . [7b*1*5]\nĐông thập nhất nguyệt, khiến Triều Phụng đại phu Lê Á Phu, Thiếu Trung đại phu Đỗ Tử Trừng báo vân: Dĩ sai hành khiển ti Trần Nghiêu Du đốc chư lộ Chuyển vận sứ ti vận lương, chí Thuỷ Vĩ huyện giới thủ giao cát.\n時 差 官 多 因 瘴 死 . [7b*3*15]\nThời sai quan đa nhân chướng tử.\n乙 丑 九 年 明 洪 武 十 八 年 春 正 月 閲 定 文 武 從 官 帳 籍 〇 . [7b*5*1]\nẤt Sửu cửu niên, [Minh Hồng Vũ thập bát niên,] xuân chính nguyệt, duyệt định văn võ tòng quan trướng tịch .\n三 月 明 遣 使 來 求 僧 人 二 十 名 . [7b*6*1]\nTam nguyệt, Minh khiến sứ lai cầu tăng nhân nhị thập danh.\n初 我 國 送 内 人 阮 宗 道 阮 筭 等 至 金 陵 . [7b*6*13]\nSơ ngã quốc tống nội nhân Nguyễn Tông Đạo, Nguyễn Toán đẳng chí Kim Lăng.\n明 帝 以 為 近 臣 遇 之 甚 厚 . [7b*7*10]\nMinh Đế dĩ vi cận thần, ngộ chi thậm hậu.\n宗 道 等 言 南 國 僧 解 建 道 塲 愈 於 北 方 僧 . [7b*8*2]\nTông Đạo đẳng ngôn Nam Quốc tăng giải kiến đạo trường dũ ư Bắc phương tăng.\n至 是 求 之 〇 . [7b*8*18]\nChí thị cầu chi .\n秋 七 月 司 徒 章 肃 國 上 侯 元 旦 致 仕 . [7b*9*5]\nThu thất nguyệt, Tư đồ Chương Túc, Quốc thượng hầu Nguyên Đán trí sĩ..\n",
    "url": "/data/image_dvsk/ban_ky_toan_thu/quyen8/DVSKTT_ban_toan_VIII_7b.jpg"
  },
  {
    "text": "歸 昆 山 寄 友 僚 詩 有 云 今 古 興 亡 真 可 鍳 諸 公 何 忍 諫 書 稀 . [8a*1*1]\nquy Côn Sơn, ký hữu liêu thi hữu vân: Kim cổ hưng vong chân khả giám, Chư công hà nhẫn gián thư hi.\n太 尉 莊 定 王 𩖀 有 詩 贈 云 我 是 當 年 棄 物 公 非 大 厦 其 才 . [8a*2*6]\nThái Uý Trang Định Vương ngạc hữu thi tặng vân: Ngã thị đương niên khí vật, Công phi đại hạ kì tài.\n會 取 一 般 老 病 . [8a*3*10]\nHội thủ nhất ban lão bệnh.\n田 園 早 辨 歸 來 . [8a*3*16]\nĐiền viên tảo biện quy lai.\n盖 季 犛 時 方 用 事 賢 人 軍 子 憫 時 憂 世 不 得 不 形 於 詩 𩖀 又 作 國 語 歇 後 詩 以 諷 元 旦 . [8a*4*4]\nCái Quý Li thời phương dụng sự, hiền nhân quân tử mẫn thời ưu thế bất đắc bất hình ư thi ngạc hựu tác quốc ngữ yết hậu thi dĩ phúng Nguyên Đán.\n元 旦 謀 結 婚 姻 圖 免 後 患 以 其 子 夢 與 托 于 季 犛 . [8a*6*1]\nNguyên Đán mưu kết hôn nhân đồ miễn hậu hoạn dĩ kì tử Mộng Dữ thác vu Quý Li.\n季 犛 以 故 宗 室 仁 榮 女 黄 中 公 主 妻 之 . [8a*7*2]\nQuý Li dĩ cố tông thất Nhân Vinh, nữ Hoàng Trung công chúa thê chi.\n後 季 犛 當 國 以 夢 與 為 東 宫 判 首 夢 與 弟 叔 瑤 叔 瓊 為 将 軍 . [8a*7*17]\nHậu, Quý Li đương quốc, dĩ Mộng Dữ vi Đông cung phán thủ, Mộng Dữ đệ Thúc Dao, Thúc Quỳnh vi Tướng quân.\n元 旦 子 孫 皆 免 患 . [8a*9*4]\nNguyên Đán tử tôn giai miễn hoạn.\n元 旦 有 二 女 長 曰 太 . [8a*9*11]\nNguyên Đán hữu nhị nữ, trưởng viết Thái..\n",
    "url": "/data/image_dvsk/ban_ky_toan_thu/quyen8/DVSKTT_ban_toan_VIII_8a.jpg"
  },
  {
    "text": "次 曰 台 令 儒 生 以 文 學 教 之 . [8b*1*1]\nthứ viết Thai, lệnh nho sinh dĩ văn học giáo chi.\n阮 應 龍 教 太 阮 漢 英 教 台 . [8b*1*12]\nNguyễn Ứng Long giáo Thái, Nguyễn Hán Anh giáo Thai.\n應 龍 因 狎 近 作 國 語 詩 𰙔 挑 太 通 焉 . [8b*2*4]\nỨng Long nhân hạp cận tác quốc ngữ thi ca khiêu Thái thông yên.\n漢 英 亦 作 國 語 詩 效 之 . [8b*2*18]\nHán Anh diệc tác quốc ngữ thi hiệu chi.\n太 有 娠 應 龍 迯 避 . [8b*3*9]\nThái hữu thần, Ứng Long đào tị.\n至 産 日 元 旦 曰 應 龍 何 在 家 人 對 以 畏 罪 去 . [8b*3*16]\nChí sản nhật, Nguyên Đán viết: Ứng Long hà tại? Gia nhân đối dĩ uý tội khứ.\n元 旦 曰 國 治 短 矣 安 知 非 天 使 然 未 必 不 為 福 也 . [8b*4*15]\nNguyên Đán viết: Quốc trị đoản hĩ, an tri phi thiên sử, nhiên vị tất bất vi phúc dã.\n乃 召 二 生 來 曰 古 人 有 之 矣 . [8b*5*16]\nNãi triệu nhị sinh lai viết: Cổ nhân hữu chi hĩ.\n不 見 文 君 相 如 之 事 乎 能 知 相 如 名 傳 後 世 我 之 願 也 . [8b*6*9]\nBất kiến Văn Quân, Tương Như chi sự hồ? Năng tri Tương Như danh truyền hậu thế, ngã chi nguyện dã.\n二 生 深 以 為 德 勤 於 學 問 試 各 中 科 . [8b*7*12]\nNhị sinh thâm dĩ vi đức, cần ư học vấn, thí các trúng khoa.\n上 皇 曰 他 有 富 貴 之 妻 以 下 犯 上 廢 不 用 . [8b*8*8]\nThượng hoàng viết: Tha hữu phú quý chi thê dĩ hạ phạm thượng, phế bất dụng.\n後 漢 英 官 至 轉 運 應 龍 至 胡 朝 拨 . [8b*9*6]\nHậu, Hán Anh quan chí Chuyển vận, Ứng Long chí Hồ triều bạt..\n",
    "url": "/data/image_dvsk/ban_ky_toan_thu/quyen8/DVSKTT_ban_toan_VIII_8b.jpg"
  },
  {
    "text": "用 更 名 飛 卿 . [9a*1*1]\ndụng cánh danh Phi Khanh.\n飛 卿 生 廌 亦 中 太 學 生 元 旦 有 詩 集 曰 氷 胡 傳 于 世 . [9a*1*6]\n[Phi Khanh sinh Trãi, diệc trúng Thái học sinh,] Nguyên Đán hữu thi tập viết Băng Hồ, truyền vu thế.\n時 翰 林 學 士 胡 宗 鷟 亦 有 討 閑 效 顰 詩 集 皆 感 時 作 也 . [9a*2*4]\nThời, Hàn Lâm học sĩ Hồ Tông Thốc diệc hữu Thảo nhàn hiệu tần thi tập giai cảm thời tác dã.\n丙 寅 十 年 明 洪 武 十 九 年 春 二 月 明 遣 林 孛 來 求 檳 榔 茘 枝 波 羅 𡧸 龍 眼 等 𣗳 子 因 内 人 阮 宗 道 言 南 方 花 果 多 佳 種 故 也 . [9a*4*1]\nBính Dần thập niên, [Minh Hồng Vũ thập cửu niên,] xuân nhị nguyệt, Minh khiến Lâm Bột lai cầu tân lang, lệ chi, ba la mật, long nhãn đẳng ve-chu tử, nhân nội nhân Nguyễn Tông Đạo ngôn Nam phương hoa quả đa giai chủng, cố dã.\n帝 遣 員 外 郎 范 廷 等 遣 之 . [9a*6*8]\nĐế khiến Viên ngoại lang Phạm Đình đẳng khiến chi.\n然 木 不 耐 寒 途 中 皆 枯 死 〇 . [9a*6*18]\nNhiên mộc bất nại hàn đồ trung giai khô tử .\n明 又 遣 錦 衣 衛 舍 人 李 英 等 來 假 道 徃 占 城 索 象 五 十 隻 自 乂 安 府 設 站 驛 給 粮 草 𮞏 送 至 雲 南 〇 . [9a*7*11]\nMinh hựu khiến Cẩm y vệ xá nhân Lí Anh đẳng lai giả đạo vãng Chiêm Thành, sách tượng ngũ thập chích, tự Nghệ An phủ thiết trạm dịch cấp lương thảo đệ tống chí Vân Nam .\n以 胡 宗 鷟 為 翰 . [9a*9*13]\nDĩ Hồ Tông Thốc vi Hàn..\n",
    "url": "/data/image_dvsk/ban_ky_toan_thu/quyen8/DVSKTT_ban_toan_VIII_9a.jpg"
  },
  {
    "text": "林 學 士 奉 旨 . [9b*1*1]\nlâm học sĩ phụng chỉ.\n宗 鷟 演 州 士 城 人 年 少 登 科 頗 有 才 名 . [9b*1*6]\nTông Thốc [Diễn Châu Sĩ Thành nhân,] niên thiếu đăng khoa phả hữu tài danh.\n初 未 甚 顯 適 遇 元 宵 有 道 人 黎 法 官 者 為 張 燈 設 席 延 文 客 為 歡 . [9b*2*1]\nSơ, vị thậm hiển, thích ngộ Nguyên Tiêu, hữu đạo nhân Lê Pháp Quan giả vi trương đăng thiết tịch diên văn khách vi hoan.\n宗 鷟 受 簡 請 題 席 上 賦 詩 百 篇 眾 皆 環 視 歎 服 自 是 名 震 京 師 以 文 學 為 時 所 重 而 詩 酒 無 虚 日 初 為 安 撫 有 侵 於 民 . [9b*3*8]\nTông Thốc thụ giản thỉnh đề tịch thượng phú thi bách thiên, chúng giai hoàn thị thán phục, Tự thịm danh chấn kinh sưm dĩ văn học vi thời sở trọngm nhi thi tửu vô hư nhật, Sơm vi An Phủ hữu xâm ư dân.\n事 發 藝 宗 恠 問 之 . [9b*5*17]\nSự phát, Nghệ Tông quái vấn chi.\n拜 謝 曰 一 子 受 皇 恩 全 家 食 天 祿 . [9b*6*6]\nBái tạ viết: Nhất tử thụ hoàng ân toàn gia thực thiên lộc.\n帝 原 之 . [9b*7*1]\nĐế nguyên chi.\n累 遷 至 翰 林 學 士 奉 旨 兼 審 刑 院 使 . [9b*7*4]\nLuỵ thiên chí hàn Lâm học sĩ phụng chỉ kiêm thẩm hình viện sứ.\n年 八 十 餘 壽 終 于 家 . [9b*7*18]\nNiên bát thập dư thọ chung vu gia.\n丁 卯 十 一 年 明 洪 武 二 十 年 春 二 月 上 皇 自 葆 和 宫 還 京 . [9b*9*1]\nĐinh Mão thập nhất niên, [Minh Hồng Vũ nhị thập niên,] xuân nhị nguyệt, Thượng hoàng tự Bảo Hoà cung hoàn kinh..\n",
    "url": "/data/image_dvsk/ban_ky_toan_thu/quyen8/DVSKTT_ban_toan_VIII_9b.jpg"
  },
  {
    "text": "三 月 以 黎 季 犛 同 平 章 事 賜 釼 一 把 旗 一 隻 題 曰 文 武 全 才 君 臣 同 㥁 . [10a*1*2]\n.\n季 犛 作 國 語 詩 謝 之 . [10a*2*11]\nTam nguyệt, dĩ Lê Quý Li Đồng bình chương sự, tứ kiếm nhất bá, kì nhất chích đề viết: Văn võ toàn tài quân thần đồng đức.\n史 臣 吳 士 連 曰 亂 臣 賊 子 之 得 行 其 計 非 一 朝 一 夕 之 故 其 所 由 來 漸 矣 . [10a*3*1]\nQuý Li tác quốc ngữ thi tạ chi.\n故 聖 人 必 辨 之 於 早 而 謹 履 霜 之 漸 焉 胡 氏 篡 陳 非 特 藝 皇 不 謹 其 漸 而 又 啓 其 端 也 . [10a*4*12]\nSử thần Ngô Sĩ Liên viết: Loạn thần tặc tử chi đắc hành kì kế phi nhất triêu nhất tịch chi cố kì sở do lai tiệm hĩ.\n戊 戌 十 二 年 十 一 月 以 後 順 宗 光 泰 元 年 明 洪 武 二 十 一 年 夏 五 月 以 陳 杜 為 宫 令 . [10a*7*1]\nCố Thánh nhân tất biện chi ư tảo nhi cẩn lí sương chi tiệm yên! Hồ thị soán Trần phi đặc Nghệ Hoàng bất cẩn kì tiệm nhi hựu khải kì đoan dã.\n杜 乃 上 位 侯 鑁 之 子 . [10a*8*7]\nMậu Tuất thập nhị niên, [thập nhất nguyệt dĩ hậu Thuận Tông Quang Thái nguyên niên, Minh Hồng Vũ nhị thập nhất niên,] hạ ngũ nguyệt, dĩ Trần Đỗ vi cung lệnh.\n其 母 再 嫁 季 犛 故 有 是 命 . [10a*8*15]\nĐỗ nãi Thượng vị hầu tông chi tử.\n後 改 姓 胡 〇 . [10a*9*7]\nKÌ mẫu tái giá Quý Li, cố hữu thị mệnh.\n六 月 以 黎 季 犛 為 . [10a*9*12]\nHậu cải tính Hồ .\n.\nLục nguyệt, dĩ Lê Quý Li vi..\n",
    "url": "/data/image_dvsk/ban_ky_toan_thu/quyen8/DVSKTT_ban_toan_VIII_10a.jpg"
  },
  {
    "text": "判 首 知 左 右 班 事 内 人 阮 喟 知 殿 内 陳 寗 知 樞 𡧸 院 事 . [10b*1*1]\nPhán thủ tri tả hữu ban sự, nội nhân Nguyễn Vị tri Điện nội, Trần Ninh tri Khu mật viện sự.\n入 内 行 遣 左 司 王 汝 舟 致 仕 以 黎 與 議 代 之 . [10b*2*4]\nNhập nội hành khiển tả ti Vương Nhữ Chu trí sĩ, dĩ Lê Dữ Nghị đại chi .\n秋 八 月 彗 星 見 西 方 . [10b*3*4]\nThu bát nguyệt, Tuệ tinh hiện Tây phương.\n帝 與 太 尉 𩖀 謀 曰 上 皇 寵 愛 外 戚 季 犛 肆 意 任 用 若 不 先 為 之 慮 後 必 難 制 矣 . [10b*3*12]\nĐế dữ Thái uý ngạc mưu viết: Thượng hoàng sủng ái ngoại thích Quý Li, tứ ý nhiệm dụng, nhược bất tiên vi chi lự hậu tất nan chế hĩ.\n王 汝 舟 子 汝 梅 是 學 人 泄 其 謀 . [10b*5*6]\nVương Nhữ Chu tử Nhữ Mai thị học nhân tiết kì mưu.\n季 犛 知 之 多 方 勸 季 犛 出 大 吏 山 以 待 變 . [10b*5*18]\nQuý Li tri chi, Đa Phương khuyến Quý Li xuất Đại Lại sơn dĩ đãi biến.\n范 巨 論 曰 不 可 . [10b*6*16]\nPhạm Cự Luận viết: Bất khả.\n一 出 亍 外 難 以 圖 存 . [10b*7*4]\nNhất xuất xúc ngoại nan dĩ đồ tồn.\n季 犛 曰 縱 無 方 策 我 當 自 尽 不 假 人 手 . [10b*7*12]\nQuý Li viết: Túng vô phương sách ngã đương tự tận, bất giả nhân thủ.\n巨 論 曰 上 皇 之 心 深 󰲤 帝 殺 冠 服 大 王 之 故 帝 頗 不 諧 . [10b*8*9]\nCự Luận viết: Thượng hoàng chi tâm thâm ve-chu Đế sát Quan phục đại vương chi cố Đế phả bất hài.\n今 天 下 權 柄 在 大 人 . [10b*9*12]\nKim thiên hạ quyền bính tại đại nhân..\n",
    "url": "/data/image_dvsk/ban_ky_toan_thu/quyen8/DVSKTT_ban_toan_VIII_10b.jpg"
  },
  {
    "text": "而 帝 又 圖 之 則 上 皇 之 疑 滋 甚 . [11a*1*1]\nnhi Đế hựu đồ chi tắc Thượng hoàng chi nghi tư thậm.\n大 人 冐 進 叩 頭 陳 其 利 害 必 見 聽 從 轉 禍 為 福 易 如 反 掌 . [11a*1*13]\nĐại nhân mạo tiến khấu đầu trần kì lợi hại tất kiến thính tòng chuyển hoạ vi phúc dị như phản chưởng.\n上 皇 正 嫡 聚 多 大 人 若 曰 臣 聞 里 諺 曰 未 有 賣 子 而 養 姪 惟 見 賣 姪 而 養 子 󰱃 幾 感 寤 改 位 昭 定 . [11a*2*17]\nThượng hoàng chính đích tụ đa, Đại nhân nhược viết: thần văn lí ngạn viết vị hữu mại tử nhi dưỡng điệt duy kiến mại điệt nhi dưỡng tử thứ cơ cảm ngộ cải vị Chiêu Định.\n縱 或 不 聽 死 未 晚 也 . [11a*4*18]\nTúng hoặc bất thính tử vị vãn dã.\n季 犛 從 之 𡧸 奏 如 巨 論 言 . [11a*5*8]\nQuý Li tòng chi mật tấu như Cự Luận ngôn.\n上 皇 深 以 為 然 〇 . [11a*5*18]\nThượng hoàng thâm dĩ vi nhiên .\n冬 十 月 望 月 食 既 〇 . [11a*6*7]\nĐông thập nguyệt, vọng nguyệt thực ký .\n十 二 月 六 日 早 上 皇 假 幸 安 生 令 殿 後 扈 衛 尋 令 祗 候 内 人 召 帝 謀 國 事 . [11a*6*15]\nThập nhị nguyệt, lục nhật, tảo, Thượng hoàng giả hạnh Yên Sinh, lệnh điện hậu hộ vệ tầm lệnh Chi hậu nội nhân triệu Đế mưu quốc sự.\n帝 未 膳 而 行 侍 候 惟 二 人 而 以 . [11a*8*7]\nĐế vị thiện nhi hành, thị hầu duy nhị nhân nhi dĩ.\n既 至 上 皇 曰 大 王 來 即 令 人 引 出 . [11a*9*1]\nKí chí Thượng hoàng viết: Đại Vương lai, tức lệnh nhân dẫn xuất.\n資 福 寺 因 之 . [11a*9*14]\nTư Phúc tự nhân chi..\n",
    "url": "/data/image_dvsk/ban_ky_toan_thu/quyen8/DVSKTT_ban_toan_VIII_11a.jpg"
  },
  {
    "text": "宣 内 詔 曰 昨 者 睿 宗 南 廵 不 返 用 嫡 為 嗣 古 之 道 也 . [11b*1*1]\ntuyên nội chiếu viết: Tạc giả Duệ Tông Nam tuần bất phản dụng đích vi tự cổ chi đạo dã.\n然 官 家 踐 位 以 來 童 心 益 甚 乘 德 不 常 親 暱 群 小 聽 黎 亞 夫 黎 與 議 譛 誣 功 臣 扇 摇 社 稷 可 降 為 灵 德 大 王 . [11b*2*3]\nNhiên Quan gia tiễn vị dĩ lai đồng tâm ích thậm thừa đức bất thường thân nặc quần tiểu thính Lê Á Phu, Lê Dữ Nghị tiếm vu công thần phiến dao xã tắc khả giáng vi Linh Đức đại vương.\n然 國 家 不 可 以 無 主 神 噐 不 可 以 久 虚 可 奉 迎 昭 定 入 繼 大 統 . [11b*4*8]\nNhiên quốc gia bất khả dĩ vô chủ, thần khí bất khả dĩ cửu hư, khả phụng nghênh Chiêu ĐỊnh nhập kế đại thống.\n市 吿 中 外 咸 使 聞 知 . [11b*5*14]\nThị cáo trung ngoại hàm sử văn tri.\n乃 降 其 子 為 順 德 王 舊 府 軍 将 督 鉄 鐮 軍 阮 快 阮 雲 兒 管 鉄 甲 軍 阮 訶 黎 勒 管 鉄 鎗 軍 阮 八 索 欲 以 兵 劫 出 . [11b*6*4]\nNãi giáng kì tử vi Thuận Đức vương, cựu phủ quân tướng đốc Thiết Liêm quân Nguyễn Khoái, Nguyễn Vân Nhi, quản Thiết Giáp quân Nguyễn Ha, Lê Lặc, quản Thiết Sang quân Nguyễn Bát Sách, dục dĩ binh kiếp xuất.\n帝 書 解 甲 二 字 且 戒 之 曰 莫 違 父 皇 旨 眾 乃 止 . [11b*8*9]\nĐế thư Giải giáp nhị tự, thả giới chi viết: mạc vi phụ hoàng chỉ chúng nãi chỉ.\n有 󰟸 扶 下 太 陽 府 縊 之 . [11b*9*9]\nHữu khoảnh, phù hạ Thái Dương phủ ải chi.\n仙 . [11b*9*18]\nTiên..\n",
    "url": "/data/image_dvsk/ban_ky_toan_thu/quyen8/DVSKTT_ban_toan_VIII_11b.jpg"
  },
  {
    "text": "是 省 󰱑 故 事 同 平 章 以 上 得 坐 黑 交 椅 . [12a*1*1]\nthị, sảnh đài cố sự, Đồng bình chương dĩ thượng đắc toạ hắc giao KỶ.\n時 莊 定 大 王 𩖀 為 太 尉 黎 季 犛 同 平 章 事 知 審 刑 院 黎 亞 夫 既 遣 𩖀 去 黎 季 犛 椅 不 許 同 坐 . [12a*1*16]\nThời, Trang Định đại vương ngạc vi Thái uý Lê Quý Li Đồng bình chương sự tri Thẩm hình viện Lê Á Phu ký khiến ngạc khứ Lê Quý Li kỷ bất hứa đồng toạ.\n又 𡧸 奏 帝 誅 季 犛 . [12a*3*15]\nHựu mật tấu Đế tru Quý Li.\n謀 泄 致 敗 . [12a*4*4]\nMưu tiết trí bại.\n亞 夫 快 雲 兒 訶 八 索 勒 及 所 幸 學 生 劉 常 皆 見 殺 . [12a*4*8]\nÁ Phu, Khoái, Vân Nhi, Kha, Bát Sách, Lặc, cập sở hạnh học sinh Lưu Thường giai kiến sát.\n劉 常 被 刑 作 詩 云 殘 年 四 十 又 餘 三 忠 爱 逢 誅 死 正 甘 抱 義 生 前 應 不 忤 暴 詩 原 上 更 何 慚 . [12a*5*9]\nLưu Thường bị hình tác thi vân: Tàn niên tứ thập hựu dư tam, Trung ái phùng tru tử chính cam, Bão nghĩa sinh tiền ứng bất ngỗ, Bộc thi nguyên thượng cánh hà tàm.\n惟 與 議 流 寨 頭 特 與 白 再 授 北 江 路 宣 撫 使 建 新 二 年 又 以 黨 死 . [12a*7*8]\nDuy Dữ Nghị lưu Trại Đầu đặc dữ bạch tái thụ Bắc Giang lộ tuyên phủ sứ, Kiến Tân nhị niên hựu dĩ đảng tử.\n與 議 亞 夫 之 堂 兄 也 . [12a*8*15]\nDữ Nghị Á Phu chi đường huynh dã.\n八 索 迯 匿 禁 錮 其 母 始 出 受 刑 . [12a*9*5]\nBát Sách đào nặc, cấm cố kì mẫu thuỷ xuất thụ hình.\n",
    "url": "/data/image_dvsk/ban_ky_toan_thu/quyen8/DVSKTT_ban_toan_VIII_12a.jpg"
  },
  {
    "text": "史 臣 吳 士 連 曰 當 時 胡 氏 氣 燄 人 人 皆 知 其 将 篡 莊 定 王 𩖀 為 太 尉 且 藝 皇 之 子 見 社 稷 ? 傾 苟 能 納 約 自 牖 結 信 於 君 父 乎 號 有 厲 致 眾 於 朋 來 使 藝 宗 之 荒 耄 復 回 . [12b*1*1]\nSử thần Ngô Sĩ Liên viết: ĐƯơng thời Hồ thị khí diễm, nhân nhân giai tri kì tương soán, Trang Định vương ngạc vi Thái uý thả Nghệ Hoàng chi tử, kiến xã tắc tương khuynh câu năng nạp ước tự dữu kết tín ư quân phụ hồ Hiệu hữu lệ trí chúng ư bằng lai sử Nghệ Tông chi hoang mạo phục hồi.\n簡 皇 之 柔 懦 而 立 政 柄 有 歸 令 由 上 出 則 胡 氏 奸 情 有 戢 矣 . [12b*4*14]\nGiản Hoàng chi nhu nhu nhi lập chính bính hữu quy lệnh do Thượng xuất tắc Hồ thị gian tình hữu tập hĩ.\n荘 定 計 不 出 此 亞 夫 不 度 其 君 非 剛 斷 之 才 遂 勸 誅 季 犛 而 為 謀 不 𡧸 使 之 先 知 . [12b*6*3]\nTrang Định kế bất xuất thử, Á Phu bất độ kì quân phi cương đoán chi tài, toại khuyến tru Quý Li, nhi vi mưu bất mật sử chi tiên tri.\n莊 定 又 斷 之 不 早 失 其 機 會 以 至 事 敗 身 亡 及 其 軍 将 之 良 者 . [12b*7*17]\nTrang ĐỊnh hựu đoán chi bất tảo thất kì cơ hội dĩ chí sự bại thân vong cập kì quân tướng chi lương giả.\n可 勝 歎 哉 或 曰 胡 氏 上 得 君 . [12b*9*7]\nKhả thắng thán tai! Hoặc viết: Hồ thị thượng đắc quân..\n",
    "url": "/data/image_dvsk/ban_ky_toan_thu/quyen8/DVSKTT_ban_toan_VIII_12b.jpg"
  },
  {
    "text": "下 主 兵 雖 元 旦 之 有 識 且 老 於 事 猶 無 祭 何 况 莊 定 哉 曰 觀 其 内 不 自 安 而 欲 自 盡 則 季 犛 制 之 易 耳 . [13a*1*1]\nhạ chủ binh, tuy Nguyên Đán chi hữu thức, thả lão ư sự do vô tế hà, huống Trang Định tai! Viết: Quan kì nội bất tự an nhi dục tự tận, tắc Quý Li chế chi dị nhĩ.\n先 去 多 方 巨 論 以 翦 其 羽 翼 則 勢 孤 矣 . [13a*3*6]\nTiên khứ Đa Phương, Cự Luận, dĩ tiễn kì vũ dực tắc thế cô hĩ.\n初 睿 宗 后 黎 氏 靈 德 之 母 黎 季 犛 之 從 妹 也 . [13a*5*1]\nSơ Duệ Tông hậu Lê thị, Linh Đức chi mẫu, Lê Quý Li chi tòng muội dã.\n睿 宗 南 征 不 返 后 遂 削 髮 為 尼 會 藝 宗 以 靈 德 嗣 位 后 辭 讓 不 𠃔 乃 涕 泣 謂 親 人 曰 吾 兒 福 簿 難 堪 大 任 以 是 取 禍 耳 . [13a*5*18]\nDuệ Tông Nam chinh bất phản, hậu toại tước phát vi ni, hội Nghệ Tông dĩ Linh Đức tự vị, hậu từ nhượng bất doãn nãi thế khấp vị thân nhân viết: Ngô nhi phúc bạc nan kham đại nhiệm dĩ thị thủ hoạ nhĩ.\n先 皇 棄 世 未 亡 人 惟 欲 死 不 欲 見 世 事 况 見 子 之 将 危 乎 后 崩 二 年 而 靈 德 . [13a*8*9]\nTiên hoàng khí thế vị vong nhân duy dục tử bất dục kiến thế sự huống kiến tử chi tương nguy hồ? Hậu băng nhị niên nhi Linh Đức..\n",
    "url": "/data/image_dvsk/ban_ky_toan_thu/quyen8/DVSKTT_ban_toan_VIII_13a.jpg"
  },
  {
    "text": "遇 害 . [13b*1*1]\nngộ hại.\n史 臣 吳 士 連 曰 靈 德 之 立 也 由 藝 皇 其 廢 也 亦 由 藝 皇 . [13b*2*1]\nSử thần Ngô Sĩ Liên viết: Linh Đức chi lập dã do Nghệ hoàng, kì phế dã diệc do Nghệ Hoàng.\n初 不 聽 黎 后 之 辭 以 義 也 終 納 季 犛 之 譛 以 私 也 . [13b*3*5]\nSơ bất thính Lê hậu chi từ dĩ nghĩa dã, chung nạp Quý Li chi tiếm dĩ tư dã.\n然 則 初 之 立 也 何 其 明 而 終 之 廢 也 何 其 暗 歟 又 縊 殺 之 甚 矣 封 太 尉 𩖀 為 大 王 . [13b*4*7]\nNhiên tắc sơ chi lập dã hà kì minh, nhi chung chi phế dã hà kì ám, dư hựu ải sát chi, thậm hĩ! Phong Thái uý ngạc vi Đại Vương.\n先 是 靈 德 被 降 季 犛 揚 言 立 𩖀 為 嗣 . [13b*6*8]\nTiên thị, Linh Đức bị giáng, Quý Li dương ngôn lập ngạc vi tự.\n及 事 濟 𩖀 辝 季 犛 乘 間 曰 太 尉 能 辝 大 位 是 大 德 也 . [13b*7*4]\nCập sự tế ngạc từ Quý Li thừa gian viết: Thái uý năng từ đại vị thị đại đức dã.\n上 皇 然 其 言 . [13b*8*6]\nThượng hoàng nhiên kì ngôn.\n故 有 是 命 〇 . [13b*8*11]\nCố hữu thị mệnh .\n二 十 七 月 上 皇 立 少 子 昭 定 王 顒 為 皇 帝 . [13b*8*16]\nNhị thập thất nguyệt, Thượng hoàng lập thiếu tử Chiêu ĐỊnh vương Ngung vi Hoàng đế.\n顒 即 位 改 元 . [13b*9*14]\nNgung tức vị, cải nguyên..\n",
    "url": "/data/image_dvsk/ban_ky_toan_thu/quyen8/DVSKTT_ban_toan_VIII_13b.jpg"
  }
]