[
  {
    "text": "光 泰 元 年 大 赦 稱 元 皇 〇 . [14a*1*1]\nQuang Thái nguyên niên, đại xá, xưng Nguyên Hoàng .\n明 遣 杜 子 賢 鄔 潾 邢 文 博 賫 龍 章 來 封 而 靈 德 已 遇 害 . [14a*1*11]\nMinh khiến Đỗ Tử Hiền ô lân hình Văn Bác tê long chương lai phong, nhi Linh Đức dĩ ngộ hại.\n前 北 使 至 引 入 祥 符 門 惟 鄔 等 由 景 陽 門 . [14a*2*14]\nTiền, Bắc sứ chí dẫn nhập Tường Phù môn, duy lân đẳng do Cảnh Dương môn.\n順 宗 皇 帝 諱 顒 藝 宗 季 子 也 在 位 九 年 有 奇 出 家 歲 餘 季 犛 殺 之 壽 二 十 二 . [14a*4*1]\nThuận Tông Hoàng Đế [Huý Ngung, Nghệ Tông quý tử dã, tại vị cửu niên, hữu kì xuất gia tuế dư, Quý Li sát chi, thọ nhị thập nhị.\n帝 徒 擁 虚 噐 政 在 權 禍 及 身 而 不 覺 . [14a*4*30]\n] [Đế đồ ủng hư khí, chính tại quyền hoạ cập thân nhi bất giác.\n哀 哉 臣 己 巳 光 太 二 年 明 洪 武 二 十 二 年 春 正 月 立 季 犛 長 女 聖 偶 為 皇 后 號 所 居 曰 皇 元 殿 〇 . [14a*5*15]\nAi tai! thần Kỷ Tị Quang Thái nhị niên, [Minh Hồng Vũ nhị thập nhị niên,] xuân chính nguyệt, lập Quý Li trưởng nữ Thánh Ngẫu vi Hoàng hậu hiệu sở cư viết Hoàng Nguyên điện .\n二 月 塟 靈 德 大 王 于 安 排 山 命 季 貔 掌 其 事 〇 . [14a*7*13]\nNhị nguyệt, táng Linh Đức đại vương vu An Bài sơn, mệnh Quý Tì chưởng kì sự .\n三 月 以 杜 子 澄 為 御 史 大 夫 〇 . [14a*8*13]\nTam nguyệt, dĩ Đỗ Tử Trừng vi Ngự sử đại phu .\n夏 四 月 以 范 巨 論 為 僉 書 樞 𡧸 . [14a*9*7]\nHạ tứ nguyệt, dĩ Phạm Cự Luận vi Thiêm thư khu mật..\n",
    "url": "/data/image_dvsk/ban_ky_toan_thu/quyen8/DVSKTT_ban_toan_VIII_14a.jpg"
  },
  {
    "text": "院 事 . [14b*1*1]\nviện sự.\n季 犛 問 樞 𡧸 屬 誰 可 用 者 . [14b*1*3]\nQuý Li vấn khu mật thuộc thuỳ khả dụng giả.\n巨 論 薦 其 弟 范 泛 及 王 可 遵 楊 章 韓 子 西 阮 崇 阮 書 阮 景 真 並 有 名 德 可 用 唯 杜 子 滿 為 最 . [14b*1*13]\nCự Luận tiến kì đệ Phạm Phiếm, cập Vương Khả Tuân, Dương Chương, Hàn Tử Tây, Nguyễn Sùng, Nguyễn Thư, Nguyễn Cảnh Chân, tịnh hữu danh đức khả dụng, duy Đỗ Tử Mãn vi tối .\n五 月 以 王 可 遵 監 懿 安 神 翊 軍 楊 章 監 神 勇 軍 〇 . [14b*3*13]\nNgũ nguyệt, dĩ Vương Khả Tuân giám Ý Yên Thần Dực quân, Dương Chương giám Thần Dũng quân .\n秋 八 月 清 化 人 阮 清 稱 靈 德 迯 難 梁 江 民 皆 響 應 〇 . [14b*4*14]\nThu bát nguyệt, Thanh Hoá nhân Nguyễn Thanh xưng Linh Đức đào nạn, Lương Giang dân giai hưởng ứng .\n九 月 農 貢 人 阮 忌 聚 眾 劫 掠 自 稱 魯 王 田 忌 〇 . [14b*5*16]\nCửu nguyệt, Nông Cống nhân Nguyễn Kị tụ chúng kiếp lược, tự xưng Lỗ Vương Điền Kị .\n冬 十 月 占 人 㓂 清 化 范 古 無 命 季 犛 将 兵 禦 之 . [14b*6*16]\nĐông thập nguyệt, Chiêm nhân khấu Thanh Hoá phạm Cổ Vô, mệnh Quý Li tương binh ngự chi.\n賊 堰 上 流 官 軍 植 樁 盤 鴉 以 相 對 二 十 日 賊 伏 兵 象 佯 掃 寨 以 㱕 . [14b*7*16]\nTặc yển thượng lưu quan quân thực thung bàn nha dĩ tương đối Nhị thập nhật tặc phục binh tượng dương tảo trại dĩ quy.\n季 犛 整 選 取 精 名 為 敢 死 追 擊 之 . [14b*9*5]\nQuý Li chỉnh tuyển thủ tinh danh vi cảm tử truy kích chi.\n水 . [14b*9*18]\nThuỷ..\n",
    "url": "/data/image_dvsk/ban_ky_toan_thu/quyen8/DVSKTT_ban_toan_VIII_14b.jpg"
  },
  {
    "text": "軍 開 樁 出 戰 . [15a*1*1]\nquân khai thung xuất chiến.\n賊 乃 决 堰 出 象 衝 之 . [15a*1*6]\nTặc nãi quyết yển xuất tượng xung chi.\n時 精 勇 已 遠 舟 師 難 於 泝 流 因 以 敗 . [15a*1*14]\nThời, tinh dũng dĩ viễn, chu sư nan ư tố lưu nhân dĩ bại.\n績 右 聖 翊 軍 将 阮 至 一 作 陳 廷 貴 為 賊 所 擒 其 餘 軍 ? 七 十 人 皆 𨺻 死 季 犛 留 裨 将 范 可 永 與 賊 相 持 身 自 遁 還 . [15a*2*10]\nTích Hữu Thánh Dực quân tướng Nguyễn Chí [nhất tác Trần Đình Quý,] vi tặc sở cầm kì dư quân tướng thất thập nhân giai hãm tử Quý Li lưu tì tướng Phạm Khả Vĩnh dữ tặc tương trì, thân tự độn hoàn.\n阮 多 方 權 聖 翊 軍 将 . [15a*4*15]\nNguyễn Đa Phương quyền Thánh Dực quân tướng.\n是 夜 多 方 與 可 永 謀 曰 賊 勢 如 此 我 等 孤 軍 難 於 持 𠃔 . [15a*5*5]\nThị dạ, Đa Phương dữ Khả Vĩnh mưu viết: Tặc thế như thử, ngã đẳng cô quân nan ư trì doãn.\n若 欲 𤤻 師 賊 必 乘 機 躡 後 . [15a*6*8]\nNhược dục ban sư, tặc tất thừa cơ niếp hậu.\n乃 下 令 諸 軍 盛 帳 其 幟 繫 大 船 於 樁 令 人 守 更 以 輕 舟 宵 遁 . [15a*6*18]\nNãi hạ lệnh chư quân thịnh trướng kì xí hệ đại thuyền ư thung, lệnh nhân thủ canh dĩ khinh chu tiêu độn.\n季 犛 詣 闕 請 出 朱 橋 戰 船 以 益 之 . [15a*8*5]\nQuý Li nghệ khuyết thỉnh xuất Châu Kiều chiến thuyền dĩ ích chi.\n上 皇 不 許 因 求 解 兵 柄 不 復 出 師 . [15a*8*18]\nThượng hoàng bất hứa, nhân cầu giải binh bính bất phục xuất sư.\n",
    "url": "/data/image_dvsk/ban_ky_toan_thu/quyen8/DVSKTT_ban_toan_VIII_15a.jpg"
  },
  {
    "text": "史 臣 吳 士 連 曰 季 犛 身 為 大 将 繫 國 安 危 而 至 於 失 律 䘮 師 . [15b*1*1]\nSử thần Ngô Sĩ Liên viết: Quý Li thân vi đại tướng hệ quốc an nguy nhi chí ư thất luật táng sư.\n其 罪 大 矣 . [15b*2*7]\nKì tội đại hĩ.\n不 圖 後 效 以 贖 前 罪 乃 棄 師 先 歸 為 避 賊 計 又 不 自 因 請 罪 如 古 人 之 為 無 君 之 心 長 矣 . [15b*2*11]\nBất đồ hậu hiệu dĩ thục tiền tội, nãi khí sư tiên quy vi tị tặc kế, hựu bất tự nhân thỉnh tội như cổ nhân chi vi, vô quân chi tâm trưởng hĩ.\n以 軍 法 從 事 天 討 之 所 宜 加 也 . [15b*4*11]\nDĩ quân pháp tòng sự thiên thảo chi sở nghi gia dã.\n城 濮 之 戰 子 玉 䘮 師 . [15b*5*6]\nThành Bộc chi chiến Tử Ngọc táng sư.\n楚 子 殺 之 雖 過 然 楚 日 以 強 威 令 行 也 . [15b*5*14]\nSở tử sát chi tuy quá, nhiên Sở nhật dĩ cường uy lệnh hành dã.\n藝 皇 不 罪 季 犛 失 政 刑 矣 . [15b*6*12]\nNghệ Hoàng bất tội Quý Li thất chính hình hĩ.\n至 於 多 方 可 永 以 孤 軍 當 強 賊 而 宵 遁 未 必 深 責 . [15b*7*5]\nChí ư Đa Phương, Khả Vĩnh dĩ cô quân đương cường tặc nhi tiêu độn vị tất thâm trách.\n盖 用 兵 以 却 敵 為 功 左 次 無 𠧨 用 詭 退 師 兵 家 之 術 也 何 傷 乎 藝 宗 不 能 . [15b*8*7]\nCái dụng binh dĩ khước địch vi công, tả thứ vô cữu, dụng nguỵ thoái sư, binh gia chi thuật dã, hà thương hồ? Nghệ Tông bất năng..\n",
    "url": "/data/image_dvsk/ban_ky_toan_thu/quyen8/DVSKTT_ban_toan_VIII_15b.jpg"
  },
  {
    "text": "用 多 方 耳 . [16a*1*1]\ndụng Đa Phương nhĩ.\n十 一 月 上 皇 命 陳 渴 真 将 龍 捷 軍 出 師 討 賊 . [16a*2*1]\nThập nhất nguyệt, Thượng hoàng mệnh Trần Khát Chân tướng Long Tiệp quân xuất sư thảo tặc.\n渴 真 奉 命 慷 慨 涕 泣 拜 辝 . [16a*2*18]\nKhát Chân phụng mệnh, khảng khái thế khấp bái từ.\n上 皇 亦 泣 下 目 送 之 . [16a*3*10]\nThượng hoàng diệc khấp, hạ mục tống chi.\n軍 𭛁 瀘 江 至 黄 江 已 遇 賊 矣 . [16a*3*18]\nQuân phát Lô Giang chí Hoàng Giang dĩ ngộ tặc hĩ.\n渴 真 觀 無 可 戰 之 地 退 守 海 潮 江 . [16a*4*11]\nKhát Chân quan vô khả chiến chi địa, thoái thủ Hải Triều Giang.\n靈 德 弟 元 耀 欲 為 靈 德 報 仇 率 眾 降 賊 〇 . [16a*5*6]\nLinh Đức đệ Nguyên Diệu dục vi Linh Đức báo cừu, suất chúng hàng tặc .\n以 太 宰 元 晫 子 仁 靖 王 元 挺 為 司 徒 舊 翰 林 學 士 陳 蓀 為 少 保 及 家 臣 阮 康 輔 之 〇 . [16a*6*4]\nDĩ Thái tể Nguyên trác tử Nhân Tịnh vương Nguyên Đĩnh vi Tư đồ, cựu Hàn Lâm học sĩ Trần tôn vi Thiếu bảo, cập gia thần Nguyễn Khang phụ chi .\n阮 多 方 歸 自 󰔄 江 謂 己 功 髙 有 德 色 多 毀 季 犛 為 不 才 . [16a*7*18]\nNguyễn Đa Phương quy tự Ngu Giang, vị kỷ công cao, hữu đức sắc đa huỷ Quý Li vi bất tài.\n季 犛 乃 譛 曰 因 聽 多 方 而 致 敗 . [16a*9*3]\nQuý Li nãi tiếm viết: Nhân thính Đa Phương nhi trí bại.\n乃 收 多 方 . [16a*9*15]\nNãi thu Đa Phương..\n",
    "url": "/data/image_dvsk/ban_ky_toan_thu/quyen8/DVSKTT_ban_toan_VIII_16a.jpg"
  },
  {
    "text": "軍 . [16b*1*1]\nquân.\n多 方 猶 有 驕 色 上 皇 曰 合 行 小 罪 以 懲 之 . [16b*1*2]\nĐa Phương do hữu kiêu sắc, Thượng hoàng viết: Hợp hành tiểu tội dĩ trừng chi.\n季 犛 曰 多 方 勇 健 臣 恐 北 去 明 國 〇 去 占 城 放 虎 遺 患 不 如 殺 之 . [16b*1*18]\nQuý Li viết: Đa Phương dũng kiện, thần khủng Bắc khứ Minh quốc, Nam khứ Chiêm Thành, phóng hổ di hoạn bất như sát chi.\n遂 賜 死 . [16b*3*7]\nToại tứ tử.\n多 方 歎 曰 吳 以 才 致 貴 亦 以 才 致 死 但 恨 不 死 戰 陣 耳 . [16b*3*10]\nĐa Phương thán viết: Ngô dĩ tài trí quý, diệc dĩ tài trí tử, đản hận bất tử chiến trận nhĩ.\n史 臣 吳 士 連 曰 多 方 黨 於 胡 氏 天 其 或 託 此 以 誅 之 也 . [16b*5*1]\nSử thần Ngô Sĩ Liên viết: Đa Phương đảng ư Hồ thị, thiên kì hoặc thác thử dĩ tru chi dã.\n可 永 後 為 胡 氏 而 殺 順 宗 亦 以 黨 死 . [16b*6*5]\nKhả Vĩnh hậu vi Hồ thị nhi sát Thuận Tông, diệc dĩ đảng tử.\n阿 附 賊 臣 者 可 以 監 矣 . [16b*7*2]\nA phụ tặc thần giả khả dĩ giám hĩ.\n十 二 月 天 然 僧 范 書 温 反 嘯 聚 於 國 威 上 路 僣 稱 大 號 以 古 所 廬 墓 人 阮 宗 邁 羅 社 人 阮 可 行 . [16b*8*1]\nThập nhị nguyệt, Thiên Nhiên tăng Phạm Sư Ôn phản khiếu tụ ư Quốc Oai thượng lộ, tiếm xưng đại hiệu, dĩ Cổ Sở Lư Mộ nhân Nguyễn Tông Mại, La Xã nhân Nguyễn Khả Hành..\n",
    "url": "/data/image_dvsk/ban_ky_toan_thu/quyen8/DVSKTT_ban_toan_VIII_16b.jpg"
  },
  {
    "text": "為 行 遣 招 集 無 籍 之 徒 為 神 奇 勇 鬪 無 限 等 軍 犯 京 師 . [17a*1*1]\nvi Hành khiển, chiêu tập vô tịch chi đồ vi Thần Kì, Dũng Đấu, Vô Hạn, đẳng quân phạm kinh sư.\n二 帝 幸 北 江 州 . [17a*2*4]\nNhị Đế hạnh Bắc Giang châu.\n師 温 居 三 日 出 屯 嫩 州 . [17a*2*10]\nSư Ôn cư tam nhật xuất đồn Nộn Châu.\n上 皇 遣 左 聖 翊 軍 ? 黄 奉 世 討 平 之 . [17a*3*1]\nThượng hoàng khiến Tả Thánh Dực quân tướng Hoàng Phụng Thế thảo bình chi.\n先 是 奉 世 弘 化 人 與 占 城 守 将 羅 皚 相 持 於 黄 江 至 是 得 命 道 出 蔑 江 . [17a*3*15]\nTiên thị, Phụng Thế [Hoằng Hoá nhân,] dữ Chiêm Thành thủ tướng La Ngai tương trì ư Hoàng Giang, chí thị đắc mệnh đạo xuất Miệt Giang.\n時 冬 天 水 涸 浚 開 水 道 以 出 戰 艦 . [17a*5*5]\nThời đông thiên thuỷ hạc tuấn khai thuỷ đạo dĩ xuất chiến hạm.\n一 皷 遂 擒 師 温 宗 邁 可 行 皆 伏 誅 . [17a*5*18]\nNhất cổ toại cầm Sư Ôn, Tông Mại, Khả Hành, giai phục tru.\n其 餘 脅 從 一 無 所 問 . [17a*6*13]\nKì dư hiếp tòng nhất vô sở vấn.\n庚 午 三 年 明 洪 武 二 十 三 年 春 正 月 二 十 三 日 都 将 陳 渴 真 大 敗 占 城 于 海 潮 󰱐 其 主 制 蓬 莪 . [17a*8*1]\nCanh Ngọ tam niên, [Minh Hồng Vũ nhị thập tam niên,] xuân chính nguyệt, nhị thập tam nhật, đô tướng Trần Khát Chân đại bại Chiêm Thành vu Hải Triều, hoạch kì chủ Chế Bồng Nga.\n時 蓬 莪 與 . [17a*9*15]\nThời, Bồng Nga dữ..\n",
    "url": "/data/image_dvsk/ban_ky_toan_thu/quyen8/DVSKTT_ban_toan_VIII_17a.jpg"
  },
  {
    "text": "元 耀 領 戰 船 百 餘 艘 來 觀 官 軍 形 勢 . [17b*1*1]\nNguyên Diệu lĩnh chiến thuyền bách dư sưu lai quan quan quân hình thế.\n眾 船 未 會 蓬 莪 小 臣 波 漏 󰏲 為 蓬 莪 所 責 惧 誅 來 奔 軍 营 指 綠 漆 船 告 曰 此 國 王 船 也 . [17b*1*15]\nChúng thuyền vị hội, Bồng Nga tiểu thần Ba Lậu Kê vi Bồng Nga sở trách, cụ tru, lai bôn quân doanh chỉ lục tất thuyền cáo viết: Thử quốc vương thuyền dã.\n渴 真 令 火 銃 齊 ? 着 蓬 莪 貫 於 船 板 而 死 . [17b*3*12]\nKhát Chân lệnh hoả súng tề phát trước Bồng Nga quán ư thuyền bản nhi tử.\n船 中 人 𠹛 閙 號 泣 . [17b*4*10]\nThuyền trung nhân há náo, hiệu khấp.\n元 耀 反 取 蓬 莪 馘 奔 還 官 軍 龍 捷 軍 上 都 大 隊 副 范 汝 勒 頭 伍 楊 昂 遂 殺 元 耀 併 取 蓬 莪 馘 . [17b*4*17]\nNguyên Diệu phản thủ Bồng Nga quắc bôn hoàn, quan quân Long Tiệp quân thượng đô đại đội phó Phạm Nhữ Lặc, đầu ngũ Dương Ngang, toại sát Nguyên Diệu, tịnh thủ Bồng Nga quắc.\n賊 眾 大 潰 . [17b*6*16]\nTặc chúng đại hội.\n渴 真 令 軍 監 黎 克 謙 函 其 首 馘 乘 船 奏 捷 于 平 灘 行 在 . [17b*7*2]\nKhát Chân lệnh quân giám Lê Khắc Khiêm hàm kì thủ quắc thừa thuyền tấu tiệp vu Bình Than hành tại.\n時 漏 下 三 皷 上 皇 睡 熟 驚 起 以 為 賊 范 御 营 . [17b*8*5]\nThời, lậu hạ tam cổ, Thượng hoàng thuỵ thục, kinh khởi dĩ vi tặc phạm ngự doanh.\n及 聞 捷 奏 云 以 󰱐 蓬 莪 馘 乃 大 喜 召 群 . [17b*9*4]\nCập văn tiệp tấu vân dĩ hoạch Bồng Nga quắc, nãi đại hỉ, triệu quần..\n",
    "url": "/data/image_dvsk/ban_ky_toan_thu/quyen8/DVSKTT_ban_toan_VIII_17b.jpg"
  },
  {
    "text": "臣 諦 視 . [18a*1*1]\nthần đế thị.\n百 官 朝 服 呼 萬 歲 . [18a*1*4]\nBách quan triều phục hô: Vạn tuế.\n上 皇 曰 我 與 蓬 莪 相 持 久 矣 . [18a*1*11]\nThượng hoàng viết: Ngã dữ Bồng Nga tương trì cửu hĩ.\n今 日 始 得 相 見 何 異 漢 髙 祖 見 項 羽 首 . [18a*2*4]\nKim nhật thuỷ đắc tương kiến, hà dị Hán Cao Tổ kiến Hạng Vũ thủ.\n天 下 定 矣 . [18a*3*1]\nThiên hạ định hĩ.\n羅 皚 引 餘 ? 至 瀘 江 上 岸 火 塟 蓬 莪 身 屍 晝 夜 陸 行 山 脚 作 架 棧 道 𤌄 飯 其 上 且 行 且 食 全 眾 以 歸 遇 官 軍 進 擊 則 駐 象 撒 貨 以 止 之 . [18a*3*5]\nLa Ngai dẫn dư chúng chí Lô giang thượng ngạn hoả táng Bồng Nga thân thi, trú dạ lục hành sơn cước tác giá sạn đạo chử phạn kì thượng, thả hành thả thực, toàn chúng dĩ quy, ngộ quan quân tiến kích tắc trú tượng, tản hoá dĩ chỉ chi.\n是 時 乂 安 人 𢙇 貳 新 平 順 化 多 叛 從 占 故 土 哩 之 人 四 散 游 擊 莫 之 能 禦 . [18a*6*2]\nThị thời, Nghệ An nhân hoài nhị, Tân Bình, Thuận Hoá đa phản tòng Chiêm, cố thổ lí chi nhân tứ tán du kích mạc chi năng ngự.\n朝 廷 雖 以 黎 可 鑄 為 两 路 安 撫 使 但 在 京 遙 鎮 未 嘗 到 郡 惟 土 豪 潘 猛 范 矜 率 眾 歸 順 . [18a*7*12]\nTriều đình tuy dĩ Lê Khả Chú vi lưỡng lộ an phủ sứ, đản tại kinh dao trấn, vị thường đáo quận, duy thổ hào Phan Mãnh, Phạm Căng suất chúng quy thuận.\n猛 有 膽 畧 多 覘 賊 情 有 邀 . [18a*9*9]\nMãnh hữu đảm lược đa siêm tặc tình hữu yêu..\n",
    "url": "/data/image_dvsk/ban_ky_toan_thu/quyen8/DVSKTT_ban_toan_VIII_18a.jpg"
  },
  {
    "text": "擊 奔 卒 之 功 上 皇 賞 賜 特 厚 官 至 翊 衛 将 軍 又 陞 威 明 将 軍 管 新 平 順 化 聖 翊 軍 󰅾 金 雲 符 〇 . [18b*1*1]\nkích bôn tốt chi công, Thượng hoàng thưởng tứ đặc hậu quan chí Dực vệ tướng quân, hựu thăng Uy Minh tướng quân quản Tân Bình, Thuận Hoá Thánh Dực quân, đái kim vân phù .\n二 月 帝 幸 龍 興 建 昌 安 生 拜 謁 諸 陵 . [18b*2*18]\nNhị nguyệt, Đế hạnh Long Hưng, Kiến Xương, An Sinh bái yết chư lăng.\n詔 捕 賊 黨 元 挺 阮 洞 阮 𠃔 黄 科 阮 康 等 脅 從 罔 治 〇 挺 陳 蓀 赴 水 死 康 北 走 明 國 詐 稱 陳 氏 子 孫 改 名 添 平 〇 . [18b*3*14]\nChiếu bổ tặc đảng Nguyên Đĩnh, Nguyễn Động, Nguyễn Doãn, Hoàng Khoa, Nguyễn Khang đẳng, hiếp tòng võng trị, Nguyên Đĩnh Trần tôn phó thuỷ tử, Khang Bắc tẩu Minh quốc trá xưng Trần thị tử tôn, cải danh Thiêm Bình .\n以 陳 渴 真 為 龍 捷 奉 宸 内 衛 上 将 軍 封 武 節 関 内 侯 范 可 永 西 鎮 人 為 車 騎 衛 上 将 軍 封 冠 服 侯 范 勒 楊 昂 爵 賞 五 資 加 . [18b*6*2]\nDĩ Trần Khát Chân vi Long Tiệp phụng thần nội vệ thượng tướng quân, phong Vũ tiết Quan nội hầu, Phạm Khả Vĩnh [Tây trấn nhân,] vi Xa kị vệ Thượng tướng quân phong quan phục hầu, Phạm Lặc, Dương Ngang tước thưởng ngũ tư gia.\n勒 監 禁 衛 都 賜 昂 田 三 十 𤱈 . [18b*8*11]\nLặc giám Cấm vệ đô, tứ Ngang điền tam thập mẫu.\n其 餘 陞 職 爵 有 差 〇 . [18b*9*4]\nKì dư thăng chức tước hữu sai .\n夏 四 月 加 尊 先 帝 . [18b*9*12]\nHạ tứ nguyệt, gia tôn tiên đế..\n",
    "url": "/data/image_dvsk/ban_ky_toan_thu/quyen8/DVSKTT_ban_toan_VIII_18b.jpg"
  },
  {
    "text": "先 后 徽 號 及 各 處 神 祗 謚 號 〇 . [19a*1*1]\ntiên hậu huy hiệu cập các xứ thần chi thuỵ hiệu .\n六 月 二 十 五 日 暴 風 大 雨 水 〇 . [19a*1*13]\nLục nguyệt, nhị thập ngũ nhật, bạo phong đại vũ thuỷ .\n以 元 耀 弟 章 靖 王 元 熺 為 入 内 檢 校 右 相 國 平 章 事 . [19a*2*7]\nDĩ Nguyên Diệu đệ Chương Tịnh Vương Nguyên hi vi Nhập nội kiểm hiệu hữu tướng quốc bình chương sự.\n時 章 靖 王 元 熺 内 不 自 安 故 有 是 命 〇 . [19a*3*9]\nThời Chương Tĩnh Vương Nguyên hi nội bất tự an, cố hữu thị mệnh .\n羅 皚 㱕 至 占 城 㨿 國 自 立 . [19a*4*6]\nLa Ngai quy chí Chiêm Thành, cứ quốc tự lập.\n蓬 莪 子 制 麻 奴 㐌 難 與 弟 制 山 拏 恐 見 殺 遂 來 奔 . [19a*4*16]\nBồng Nga tử, Chế Ma Nô Đà Nan dữ đệ Chế Sơn Nả khủng kiến sát, toại lai bôn.\n封 麻 奴 㐌 難 為 校 正 侯 山 拏 為 亞 侯 〇 . [19a*5*17]\nPhong Ma Nô Đà Nan vi Hiệu chính hầu, Sơn Nả vi Á hầu .\n冬 十 月 浚 天 德 江 . [19a*6*14]\nĐông thập nguyệt, tuấn Thiên Đức giang.\n令 安 鑊 石 工 掘 开 天 健 山 洞 及 菌 枚 山 洞 取 前 所 藏 錢 貨 . [19a*7*3]\nLệnh An Hoạch thạch công quật khai Thiên Kiện sơn động, cập Khuẩn Mai sơn động thủ tiền sở tàng tiền hoá.\n時 二 山 俱 崩 洞 口 開 塞 鑿 開 不 得 遂 廢 之 〇 . [19a*8*7]\nThời, nhị sơn cụ băng, động khẩu khai tắc, tạc khai bất đắc, toại phế chi .\n十 一 月 十 四 日 司 徒 章 肃 國 上 侯 . [19a*9*6]\nThập nhất nguyệt, thập tứ nhật, Tư đồ Chương Túc Quốc thượng hầu..\n",
    "url": "/data/image_dvsk/ban_ky_toan_thu/quyen8/DVSKTT_ban_toan_VIII_19a.jpg"
  },
  {
    "text": "元 旦 卒 . [19b*1*1]\nNguyên Đán tốt.\n元 旦 為 人 慈 祥 儒 雅 有 古 君 子 風 . [19b*1*4]\nNguyên Đán vi nhân từ tường, nho nhã, hữu cổ quân tử phong.\n上 皇 當 幸 其 第 問 疾 及 遺 後 事 . [19b*1*17]\nThượng hoàng đương hạnh kì đệ vấn tật, cập di hậu sự.\n元 旦 皆 不 言 但 曰 願 陛 下 敬 明 國 如 父 愛 占 城 如 子 則 國 家 無 事 臣 雖 死 且 不 朽 . [19b*2*11]\nNguyên Đán giai bất ngôn, đản viết: Nguyện Bệ hạ kính Minh quốc như phụ, ái Chiêm Thành như tử, tắc quốc gia vô sự, thần tuy tử thả bất hủ.\n上 皇 為 作 詩 題 其 墓 . [19b*4*6]\nThượng hoàng vi tác thi đề kì mộ.\n元 旦 嘗 作 十 禽 詩 有 云 人 言 寄 子 與 老 鴉 不 識 老 鴉 怜 愛 否 . [19b*4*14]\nNguyên Đán thường tác Thập cầm thi hữu vân: Nhân ngôn ký tử dữ lão nha, bất thức lão nha liên ái phủ.\n盖 諷 上 皇 托 順 宗 於 季 犛 也 . [19b*6*1]\nCái phúng Thượng hoàng thác Thuận Tông ư Quý Li dã.\n史 臣 吳 士 連 曰 正 其 誼 不 謀 其 利 明 其 道 不 計 其 功 君 子 心 也 . [19b*7*1]\nSử thần Ngô Sĩ Liên: viết Chính kì nghị bất mưu kì lợi, minh kì đạo, bất kế kì công, quân tử tâm dã.\n元 旦 同 姓 大 臣 知 胡 氏 之 将 篡 陳 業 之 将 終 不 思 艱 貞 與 國 同 休 m a t - c h u 乃 . [19b*8*8]\nNguyên Đán đồng tính đại thần, tri Hồ thị chi tương soán Trần nghiệp chi tương chung bất tư gian trinh dữ quốc đồng hưu mat-chu nãi..\n",
    "url": "/data/image_dvsk/ban_ky_toan_thu/quyen8/DVSKTT_ban_toan_VIII_19b.jpg"
  },
  {
    "text": "托 子 胡 氏 為 身 後 計 圖 利 而 不 顧 義 舍 道 而 惟 計 功 烏 足 為 賢 . [20a*1*1]\nthác tử Hồ thị vi thân hậu kế, đồ lợi nhi bất cố nghĩa, xá đạo nhi duy kế công ô túc vi hiền.\n且 當 時 占 人 之 患 為 急 而 吿 以 愛 占 城 如 子 事 明 國 如 父 乃 事 大 字 小 槩 常 談 之 説 奚 補 當 務 哉 . [20a*2*8]\nThả, đương thời Chiêm nhân chi hoạn vi cấp, nhi cáo dĩ ái Chiêm Thành như tử, sự Minh quốc như phụ, nãi sự đại tự tiểu khái thường đàm chi thuyết, khê bổ đương vụ tai.\n惜 其 學 問 見 識 知 及 之 而 仁 不 能 守 之 也 . [20a*4*11]\nTích kì học vấn kiến thức tri cập chi nhi nhân bất năng thủ chi dã.\n十 二 月 以 范 歎 為 乂 安 府 知 府 . [20a*6*2]\nThập nhị nguyệt, dĩ Phạm Thán vi Nghệ An phủ tri phủ.\n辛 未 四 年 明 洪 武 二 十 四 年 春 二 月 黎 季 犛 領 軍 廵 化 州 閲 定 軍 伍 修 造 城 池 〇 . [20a*7*1]\nTân Mùi tứ niên, [Minh Hồng Vũ nhị thập tứ niên,] xuân nhị nguyệt, Lê Quý Li lĩnh quân tuần Hoá Châu, duyệt định quân ngũ, tu tạo thành trì .\n三 月 季 犛 令 左 聖 翊 軍 将 黃 奉 世 将 兵 出 哨 占 城 地 方 . [20a*8*10]\nTam nguyệt, Quý Li lệnh Tả Thánh Dực quân tướng Hoàng Phụng Thế tương binh xuất tiếu Chiêm Thành địa phương.\n占 人 設 伏 奉 世 . [20a*9*13]\nChiêm nhân thiết phục, Phụng Thế..\n",
    "url": "/data/image_dvsk/ban_ky_toan_thu/quyen8/DVSKTT_ban_toan_VIII_20a.jpg"
  },
  {
    "text": "軍 自 潰 為 賊 所 擒 . [20b*1*1]\nquân tự hội, vi tặc sở cầm.\n季 犛 以 奉 世 所 部 大 隊 副 三 十 人 斬 之 . [20b*1*8]\nQuý Li dĩ Phụng Thế sở bộ đại đội phó tam thập nhân trảm chi.\n奉 世 用 計 得 脱 復 職 如 故 〇 . [20b*2*5]\nPhụng Thế dụng kế đắc thoát, phục chức như cố .\n夏 四 月 季 犛 軍 回 . [20b*2*16]\nHạ tứ nguyệt, Quý li quân hồi .\n五 月 太 尉 莊 定 大 王 𩖀 出 亡 南 定 庄 . [20b*3*6]\nNgũ nguyệt, Thái uý Trang Định đại vương ngạc xuất vong Nam Định trang.\n庄 人 以 船 送 至 萬 寕 寨 . [20b*4*2]\nTrang nhân dĩ thuyền tống chí Vạn Ninh trại.\n寨 人 楊 度 不 納 . [20b*4*11]\nTrại nhân Dương Độ bất nạp.\n上 皇 遣 寕 衛 軍 将 阮 仁 烈 追 還 . [20b*4*17]\nThượng hoàng khiến Ninh vệ quân tướng Nguyễn Nhân Liệt truy hoàn.\n季 犛 陰 使 殺 之 . [20b*5*11]\nQuý Li âm sử sát chi.\n仁 烈 格 𩖀 死 之 回 奏 𩖀 暴 擊 為 所 殺 . [20b*5*17]\nNhân Liệt cách ngạc tử chi hồi tấu ngạc bạo kích vi sở sát.\n降 為 愍 王 . [20b*6*13]\nGiáng vi Mẫn Vương.\n後 上 皇 悔 悟 問 追 捕 愍 王 者 為 誰 . [20b*6*17]\nHậu, Thượng hoàng hối ngộ, vấn truy bổ Mẫn Vương giả vi thuỳ.\n仁 烈 惧 乃 自 縊 . [20b*7*12]\nNhân Liệt cụ nãi tự ải.\n先 是 上 皇 既 廢 靈 德 欲 立 𩖀 季 犛 以 計 誤 之 乃 立 帝 . [20b*7*18]\nTiên thị, Thượng hoàng ký phế Linh Đức, dục lập ngạc Quý Li dĩ kế ngộ chi nãi lập Đế.\n加 𩖀 大 王 仍 為 輔 臣 𩖀 與 季 犛 有 隙 多 被 季 . [20b*9*2]\nGia ngạc đại vương, những vi phụ thần ngạc dữ Quý Li hữu khích, đa bị Quý..\n",
    "url": "/data/image_dvsk/ban_ky_toan_thu/quyen8/DVSKTT_ban_toan_VIII_20b.jpg"
  },
  {
    "text": "犛 所 譛 恐 惧 驚 疑 故 至 此 耳 後 季 犛 篡 國 降 𩖀 為 列 校 判 侯 〇 . [21a*1*1]\nLi sở tiếm khủng cụ kinh nghi cố chí thử nhĩ Hậu Quý Li soán quốc giáng ngạc vi Liệt hiệu phán hầu .\n秋 八 月 化 州 諸 将 論 利 害 之 勢 . [21a*2*6]\nThu bát nguyệt, Hoá Châu chư tướng luận lợi hại chi thế.\n潘 猛 曰 天 無 二 日 民 無 二 王 . [21a*2*18]\nPhan Mãnh viết: Thiên vô nhị nhật, dân vô nhị vương.\n朱 秉 珪 曰 杨 柳 多 言 眾 皆 閉 口 . [21a*3*11]\nChu Bỉnh Khuê viết: Dương liễu đa ngôn chúng giai bế khẩu.\n未 詳 所 言 時 鄧 悉 黃 晦 卿 等 隂 書 以 遺 季 犛 . [21a*4*5]\n[vị tường sở ngôn,] Thời, Đặng Tất, Hoàng Hối Khanh đẳng âm thư dĩ di Quý Li.\n季 犛 以 為 潜 謀 不 執 秉 珪 猛 皆 被 殺 . [21a*5*2]\nQuý Li dĩ vi tiềm mưu, bất chấp Bỉnh Khuê, Mãnh giai bị sát.\n以 鄧 悉 為 右 州 判 黃 晦 卿 為 正 刑 院 大 夫 . [21a*5*16]\nDĩ Đặng Tất vi Hữu châu phán, Hoàng Hối Khanh vi Chính hình viện đại phu.\n御 史 大 夫 杜 子 澄 不 以 為 言 . [21a*6*11]\nNgự sử đại phu Đỗ Tử Trừng bất dĩ vi ngôn.\n季 犛 作 詩 遺 之 曰 借 問 子 澄 懦 中 尉 書 生 何 忍 負 平 生 〇 . [21a*7*4]\nQuý Li tác thi di chi viết: Tá vấn Tử Trừng nhu trung uý, Thư sinh hà nhẫn phụ bình sinh .\n冬 十 二 月 以 羅 脩 為 清 化 府 知 府 〇 . [21a*8*8]\nĐông thập nhị nguyệt, dĩ La Tu vi Thanh Hoá phủ tri phủ .\n造 瑞 璋 殿 . [21a*9*4]\nTạo Thuỵ Chương điện.\n",
    "url": "/data/image_dvsk/ban_ky_toan_thu/quyen8/DVSKTT_ban_toan_VIII_21a.jpg"
  },
  {
    "text": "壬 申 五 年 明 洪 武 二 十 五 年 春 二 月 殺 宗 室 陳 日 章 . [21b*1*1]\nNhâm Thân ngũ niên, [Minh Hồng Vũ nhị thập ngũ niên,] xuân nhị nguyệt, sát tông thất Trần Nhật Chương.\n日 章 謀 誅 季 犛 . [21b*1*22]\nNhật Chương mưu tru Quý Li.\n上 皇 以 為 𢙇 異 . [21b*2*5]\nThượng hoàng dĩ vi hoài dị.\n殺 之 〇 . [21b*2*11]\nSát chi .\n夏 四 月 旱 詔 求 直 言 . [21b*2*14]\nHạ tứ nguyệt, hạn chiếu cầu trực ngôn.\n裴 夢 華 上 言 畧 曰 臣 聞 童 謠 云 深 哉 黎 師 以 此 觀 之 季 犛 必 有 覘 覦 神 噐 之 意 . [21b*3*4]\nBùi Mộng Hoa thượng ngôn lược viết: Thần văn đồng dao vân: Thâm tai Lê sư, dĩ thử quan chi, Quý Li tất hữu siêm du thần khí chi ý.\n上 皇 覽 奏 以 示 季 犛 . [21b*4*16]\nThượng hoàng lãm tấu dĩ thị Quý Li.\n後 季 犛 專 政 華 隐 遁 不 出 . [21b*5*6]\nHậu Quý Li chuyên chính Hoa ẩn độn bất xuất.\n史 臣 吳 士 連 曰 易 曰 君 不 𡧸 則 失 臣 安 有 求 得 直 言 遞 以 言 示 其 所 激 者 哉 . [21b*6*1]\nSử thần Ngô Sĩ Liên viết: Dịch viết Quân bất mật tắc thất thần, an hữu cầu đắc trực ngôn, đệ dĩ ngôn thị kì sở kích giả tai.\n藝 皇 至 是 昏 耄 甚 矣 夢 華 之 不 遇 天 也 亦 陳 家 之 不 幸 也 . [21b*7*13]\nNghệ Hoàng chí thị hôn mạo thậm hĩ! Mộng Hoa chi bất ngộ thiên dã, diệc Trần gia chi bất hạnh dã.\n六 月 以 范 巨 論 知 樞 𡧸 院 事 〇 . [21b*9*1]\nLục nguyệt, dĩ Phạm Cự Luận tri Khu mật viện sự .\n秋 七 月 改 黎 仁 . [21b*9*13]\nThu thất nguyệt, cải Lê Nhân..\n",
    "url": "/data/image_dvsk/ban_ky_toan_thu/quyen8/DVSKTT_ban_toan_VIII_21b.jpg"
  },
  {
    "text": "統 名 景 奇 入 政 府 為 行 遣 〇 . [22a*1*1]\nThống danh Cảnh Kì nhập chính phủ vi Hành Khiển .\n九 月 以 何 德 鄰 為 行 遣 左 司 〇 . [22a*1*12]\nCửu nguyệt, dĩ Hà Đức Lân vi hành khiển tả ti .\n冬 十 月 置 各 䖏 江 開 及 廵 府 監 捕 盗 或 三 都 四 都 五 都 隨 其 衝 要 設 之 . [22a*2*6]\nĐông thập nguyệt, trí các xứ giang khai cập tuần phủ giám bổ khấu đạo, hoặc tam đô, tứ đô, ngũ đô tuỳ kì xung yếu thiết chi.\n潘 夫 先 曰 陳 自 裕 宗 荒 縱 之 後 加 以 占 城 侵 擾 㓂 賊 繁 多 白 日 掠 人 法 不 能 禁 . [22a*4*1]\nPhan Phu Tiên viết: Trần tự Dụ Tông hoang túng chi hậu, gia dĩ Chiêm Thành xâm nhiễu, khấu tặc phồn đa, bạch nhật lược nhân pháp bất năng cấm.\n季 犛 執 政 始 設 法 廵 捕 少 抑 之 矣 . [22a*5*14]\nQuý Li chấp chính thuỷ thiết pháp tuần bổ thiểu ức chi hĩ.\n十 二 月 詔 凣 軍 民 迯 役 罰 錢 十 鏹 刺 項 四 字 頭 目 斬 罪 田 土 没 官 〇 . [22a*7*1]\nThập nhị nguyệt, chiếu phàm quân dân đào dịch phạt tiền thập cưỡng, thích hạng tứ tự, đầu mục trảm tội, điền thổ một quan .\n季 犛 作 明 道 十 四 篇 上 進 大 畧 以 周 公 為 先 聖 孔 子 為 先 師 文 廟 以 周 公 . [22a*8*9]\nQuý Li tác Minh đạo thập tứ thiên, thượng tiến đại lược dĩ Chu Công vi tiên thánh, Khổng Tử vi tiên sư, văn miếu dĩ Chu Công..\n",
    "url": "/data/image_dvsk/ban_ky_toan_thu/quyen8/DVSKTT_ban_toan_VIII_22a.jpg"
  },
  {
    "text": "正 座 南 面 孔 子 偏 坐 西 面 論 語 有 四 疑 如 子 見 南 子 在 陳 絶 粮 公 山 佛 肸 召 子 欲 徃 之 𩔗 以 韓 愈 為 盗 儒 謂 周 戊 叔 程 顥 程 頤 楊 詩 羅 仲 素 李 延 平 朱 子 之 徒 學 博 而 才 疎 不 切 事 情 而 務 為 剽 窃 . [22b*1*1]\nchính toạ, Nam diện Khổng tử thiên toạ, Tây diện Luận ngữ hữu tứ nghi như Tử kiến Nam Tử, tại Trần tuyệt lương, Công Sơn, Phật Hật triệu Tử dục vãng chi loại, dĩ Hàn Dũ vi đạo nho vị Chu Mậu Thúc, Trình Hạo, Trình Di, Dương Thi, La Trọng Tố, Lí Diên Bình, Chu Tử, chi đồ học bác nhi tài sơ, bất thiết sự tình nhi vụ vi phiêu thiết.\n上 皇 賜 詔 奬 諭 之 . [22b*5*3]\nThượng hoàng tứ chiếu tưởng dụ chi.\n國 子 助 教 段 春 雷 上 書 言 其 不 可 流 近 州 春 雷 新 福 縣 巴 魯 社 人 明 敏 達 後 官 至 中 書 黃 門 侍 郎 兼 練 知 愛 州 通 判 卒 于 官 . [22b*5*10]\nQuốc tử trợ giáo Đoàn Xuân Lôi thượng thư ngôn kì bất khả, lưu cận châu [Xuân Lôi Tân Phúc huyện, Ba Lỗ xã nhân, minh mẫn đạt hậu quan chí Trung thư hoàng môn thị lang kiêm luyện tri Ái Châu thông phán tốt vu quan.\n詞 連 行 遣 陶 師 錫 嘗 見 其 書 降 為 中 書 侍 郎 同 知 審 刑 院 事 . [22b*7*9]\n] Từ liên Hành khiển Đào Sư Tích thường kiến kì thư, giáng vi Trung thư thị lang đồng tri Thẩm hình viện sự.\n史 臣 吳 士 連 曰 前 聖 之 道 非 孔 子 無 以 明 後 . [22b*9*1]\nSử thần Ngô Sĩ Liên viết: Tiền thánh chi đạo phi Khổng Tử vô dĩ minh hậu..\n",
    "url": "/data/image_dvsk/ban_ky_toan_thu/quyen8/DVSKTT_ban_toan_VIII_22b.jpg"
  },
  {
    "text": "聖 之 生 非 孔 子 無 以 法 . [23a*1*1]\nthánh chi sinh, phi Khổng Tử vô dĩ pháp.\n自 生 民 以 來 未 有 盛 於 孔 子 者 而 敢 輕 議 之 亦 不 知 量 也 . [23a*1*10]\nTự sinh dân dĩ lai, vị hữu thịnh ư Khổng Tử giả, nhi cảm khinh nghị chi diệc bất tri lượng dã.\n癸 酉 六 年 明 洪 武 二 十 六 年 春 正 月 以 胡 綱 監 左 聖 翊 軍 綱 演 州 人 季 犛 潜 得 胡 氏 苗 裔 圖 欲 復 舊 姓 引 綱 為 腹 心 〇 . [23a*3*1]\nQuý Dậu lục niên, [Minh Hồng Vũ nhị thập lục niên,] xuân chính nguyệt, dĩ Hồ Cương giám Tả Thánh Dực quân [Cương Diễn Châu nhân,] Quý Li tiềm đắc Hồ thị miêu duệ, đồ dục phục cựu tính, dẫn Cương vi phúc tâm .\n二 月 試 大 學 生 . [23a*5*4]\nNhị nguyệt, thí đại học sinh.\n黃 貫 之 黎 渭 叟 枚 秀 夫 同 栻 等 三 十 人 〇 . [23a*5*10]\nHoàng Quán Chi, Lê Vị Tẩu, Mai Tú Phu, Đồng Thức đẳng tam thập nhân .\n夏 四 月 試 吏 員 〇 . [23a*6*8]\nHạ tứ nguyệt, thí lại viên .\n六 月 旱 〇 . [23a*6*15]\nLục nguyệt, hạn .\n秋 七 月 暴 風 大 雨 〇 . [23a*7*1]\nThu thất nguyệt, bạo phong đại vũ .\n八 月 地 震 大 水 〇 . [23a*7*9]\nBát nguyệt, địa chấn đại thuỷ .\n九 月 蝗 冬 十 月 以 太 陽 公 主 嫁 太 保 沆 . [23a*7*16]\nCửu nguyệt, hoàng Đông thập nguyệt, dĩ Thái Dương công chúa giá Thái bảo Hàng.\n太 陽 靈 德 之 后 . [23a*8*13]\nThái Dương Linh Đức chi hậu.\n自 靈 德 遇 害 上 皇 欲 擇 賢 配 以 嫁 之 . [23a*9*1]\nTự Linh Đức ngộ hại, Thượng hoàng dục trạch hiền phối dĩ giá chi.\n太 陽 因 遊 . [23a*9*15]\nThái Dương nhân du..\n",
    "url": "/data/image_dvsk/ban_ky_toan_thu/quyen8/DVSKTT_ban_toan_VIII_23a.jpg"
  },
  {
    "text": "西 湖 奔 歸 撫 軍 司 元 淵 恭 信 王 天 澤 子 上 皇 怒 再 嫁 元 淵 弟 沆 以 辱 之 . [23b*1*1]\nTây Hồ bôn quy Phủ quân ti Nguyên Uyên [Cung Tín vương Thiên Trạch tử,] Thượng hoàng nộ, tái giá Nguyên Uyên đệ Hàng, dĩ nhục chi.\n甲 戌 七 年 明 洪 武 二 十 七 年 春 正 月 闍 婆 國 商 舶 來 進 異 馬 〇 . [23b*3*1]\nGiáp Tuất thất niên, [Minh Hồng Vũ nhị thập thất niên,] xuân chính nguyệt, Đồ Bà quốc thương bách lai tiến dị mã .\n二 月 上 皇 命 畫 工 畫 周 工 輔 成 王 霍 光 輔 昭 帝 諸 葛 輔 蜀 後 主 蘇 憲 誠 輔 李 髙 宗 名 為 四 輔 圖 以 賜 季 犛 使 輔 官 家 當 如 此 也 〇 . [23b*4*3]\nNhị nguyệt, Thượng hoàng mệnh hoạ công hoạ Chu Công phụ Thành Vương, Hoắc Quang phụ Chiêu Đế, Chư Cát phụ Thục hậu chủ, Tô Hiến Thành phụ Lí Cao Tông, danh vi tứ phụ đồ, dĩ tứ Quý Li, sử phụ Quan gia đương như thử dã .\n三 月 上 皇 夢 見 睿 宗 領 軍 來 且 誦 詩 曰 中 間 惟 有 赤 觜 侯 殷 勤 譛 上 白 鷄 樓 口 王 已 定 興 亡 事 不 在 前 頭 在 後 頭 . [23b*6*16]\nTam nguyệt, Thượng hoàng mộng kiến Duệ Tông lĩnh quân lai thả tụng thi viết: Trung gian duy hữu xích chuỷ hầu, Ân cần tiếm thượng bạch kê lâu, Khẩu vương dĩ định hưng vong sự, Bất tại tiền đầu tại hậu đầu.\n上 皇 自 折 其 字 赤 觜 季 犛 也 白 鷄 上 . [23b*9*5]\nThượng hoàng tự triết kì tự xích chuỷ Quý Li dã, bạch kê Thượng..\n",
    "url": "/data/image_dvsk/ban_ky_toan_thu/quyen8/DVSKTT_ban_toan_VIII_23b.jpg"
  },
  {
    "text": "皇 也 . [24a*1*1]\nhoàng dã.\n上 皇 辛 酉 歲 口 王 國 也 . [24a*1*3]\nThượng hoàng Tân Dậu tuế, khẩu vương quốc dã.\n其 興 亡 在 後 見 之 上 皇 深 思 之 而 勢 不 可 為 也 〇 . [24a*1*12]\nKì hưng vong tại hậu kiến chi Thượng hoàng thâm tư chi, nhi thế bất khả vi dã .\n夏 四 月 會 盟 畢 上 皇 召 季 犛 入 宫 從 容 謂 曰 平 章 親 矣 國 家 事 務 一 以 委 之 . [24a*2*13]\nHạ tứ nguyệt, hội minh tất, Thượng hoàng triệu Quý Li nhập cung thong dung vị viết: Bình Chương thân hĩ, quốc gia sự vụ nhất dĩ uỷ chi.\n今 國 勢 衰 弱 朕 方 老 耄 即 世 之 後 官 家 可 輔 則 輔 之 庸 暗 則 自 取 之 . [24a*4*6]\nKim quốc thế suy nhược, trẫm phương lão mạo, tức thế chi hậu Quan gia khả phụ tắc phụ chi, dung ám tắc tự thủ chi.\n季 犛 免 冠 叩 頭 泣 謝 指 天 地 誓 曰 臣 不 能 盡 忠 戮 力 輔 官 家 傅 之 後 裔 天 其 厭 之 . [24a*5*14]\nQuý Li miễn quan khấu đầu khấp tạ chỉ thiên địa thệ viết: Thần bất năng tận trung lục lực phụ quan gia, phó chi hậu duệ thiên kì yếm chi.\n又 曰 靈 德 王 之 不 德 非 陛 下 威 靈 則 臣 已 含 笑 入 地 得 至 今 日 乎 縱 糜 身 碎 骨 未 能 報 答 萬 一 敢 有 異 圖 〇 . [24a*7*9]\nHựu viết: Linh Đức Vương chi bất đức, phi Bệ hạ uy linh, tắc thần dĩ hàm tiếu nhập địa, đắc chí kim nhật hồ? Túng mi thân toái cốt vị năng báo đáp vạn nhất cảm hữu dị đồ .\n秋 七 月 以 馮 . [24a*9*14]\nThu thất nguyệt, dĩ Phùng..\n",
    "url": "/data/image_dvsk/ban_ky_toan_thu/quyen8/DVSKTT_ban_toan_VIII_24a.jpg"
  },
  {
    "text": "具 為 京 師 尹 改 為 中 都 尹 〇 . [24b*1*1]\nCụ vi Kinh sư doãn, cải vi Trung đô doãn .\n八 月 以 黃 晦 卿 為 三 󰅾 路 安 撫 使 〇 . [24b*1*12]\nBát nguyệt, dĩ Hoàng Hối Khanh vi Tam Đái lộ an phủ sứ .\n冬 十 一 月 罷 登 聞 檢 法 院 . [24b*2*8]\nĐông thập nhất nguyệt, bãi Đăng Văn kiểm pháp viện.\n置 上 林 寺 以 黎 季 犛 長 子 黎 元 澄 判 寺 事 . [24b*2*18]\nTrí Thượng lâm tự dĩ Lê Quý Li trưởng tử Lê Nguyên Trừng phán tự sự .\n十 二 月 十 五 日 上 皇 崩 塟 安 生 原 陵 廟 號 藝 宗 謚 曰 光 堯 英 哲 皇 帝 . [24b*3*17]\nThập nhị nguyệt, thập ngũ nhật, Thượng hoàng băng, táng Yên Sinh nguyên lăng, miếu hiệu Nghệ Tông, thuỵ viết Quang Nghiêu Anh Triết Hoàng Đế.\n史 臣 吳 士 連 曰 藝 宗 天 性 冲 和 存 心 敬 畏 然 威 武 不 足 以 却 外 敵 剛 明 不 足 以 辨 讒 言 . [24b*6*1]\nSử thần Ngô Sĩ Liên viết: Nghệ Tông thiên tính xung hoà tồn tâm kính uý, nhiên uy vũ bất túc dĩ khước ngoại địch, cương minh bất túc dĩ biện sàm ngôn.\n有 一 元 旦 而 不 能 用 乃 委 政 外 戚 使 陳 氏 社 稷 馴 致 危 亡 . [24b*7*17]\nHữu nhất Nguyên Đán nhi bất năng dụng, nãi uỷ chính ngoại thích, sử Trần thị xã tắc tuần trí nguy vong.\n所 謂 前 有 讒 而 不 見 後 有 賊 而 不 . [24b*9*5]\nSở vị: Tiền hữu sàm nhi bất kiến, hậu hữu tặc nhi bất..\n",
    "url": "/data/image_dvsk/ban_ky_toan_thu/quyen8/DVSKTT_ban_toan_VIII_24b.jpg"
  },
  {
    "text": "知 者 也 . [25a*1*1]\ntri giả dã.\n乙 酉 八 年 明 洪 武 二 十 八 年 春 二 月 二 十 日 却 月 字 南 字 諱 許 用 依 舊 . [25a*2*1]\nẤt Dậu bát niên, [Minh Hồng Vũ nhị thập bát niên,] xuân nhị nguyệt, nhị thập nhật, khước nguyệt tự Nam tự huý hứa dụng y cựu.\n季 犛 殺 宗 室 撫 軍 司 元 淵 恭 正 王 師 賢 󰱃 子 元 胤 以 居 藝 皇 丧 常 談 日 章 事 之 故 . [25a*3*6]\nQuý Li sát Tông thất phủ quân ti Nguyên Uyên, Cung Chính Vương Sư Hiền thứ tử Nguyên Dận, dĩ cư Nghệ Hoàng tang thường đàm Nhật Chương sự chi cố.\n併 士 人 阮 符 殺 之 . [25a*5*1]\nTịnh sĩ nhân Nguyễn Phù sát chi.\n師 賢 佯 為 耳 聾 得 免 . [25a*5*8]\nSư Hiền dương vi nhĩ lung đắc miễn.\n削 元 淵 陳 姓 為 枚 姓 . [25a*5*16]\nTước Nguyên Uyên Trần tính vi Mai tính.\n故 事 宗 室 有 大 故 削 属 籍 以 枚 姓 稱 之 〇 . [25a*6*6]\nCố sự, tông thất hữu đại cố tước thuộc tịch dĩ Mai tính xưng chi .\n以 季 犛 為 入 内 輔 政 太 師 平 章 軍 國 重 事 宣 忠 衛 國 大 王 󰅾 金 麟 符 〇 . [25a*7*4]\nDĩ Quý Li vi Nhập nội phụ chính thái sư bình chương quân quốc trọng sự tuyên trung vệ quốc đại vương đái kim lân phù .\n夏 四 月 詔 季 犛 入 居 省 󰱑 之 右 名 曰 畫 廬 . [25a*8*13]\nHạ tứ nguyệt, chiếu Quý Li nhập cư sảnh đài chi hữu danh viết Hoạ Lư.\n季 嫠 因 編 無 逸 篇 譯 . [25a*9*11]\nQuý Li nhân biên vô dật thiên dịch..\n",
    "url": "/data/image_dvsk/ban_ky_toan_thu/quyen8/DVSKTT_ban_toan_VIII_25a.jpg"
  },
  {
    "text": "為 國 語 以 教 官 家 有 令 則 稱 輔 政 該 教 皇 帝 〇 . [25b*1*1]\nvi quốc ngữ dĩ giáo Quan gia, hữu lệnh tắc xưng Phụ chính cai giáo Hoàng Đế .\n六 月 禁 百 官 不 得 用 大 袖 衣 許 用 小 袖 民 間 齋 忌 止 用 一 頓 . [25b*2*1]\nLục nguyệt, cấm bách quan bất đắc dụng đại tụ y, hứa dụng tiểu tụ, dân gian trai kị chỉ dụng nhất đốn.\n時 噐 皿 不 得 ? 金 朱 漆 明 . [25b*3*6]\nThời, khí mãnh bất đắc trang kim chu tất .\n明 遣 任 亨 泰 等 來 乞 師 五 萬 人 象 五 十 隻 粮 五 十 萬 石 搬 運 至 界 首 以 給 軍 . [25b*3*16]\nMinh khiến Nhâm Hanh Thái đẳng lai khất sư ngũ vạn nhân, tượng ngũ thập chích, lương ngũ thập vạn thạch, ban vận chí giới thủ dĩ cấp quân.\n時 明 人 討 龍 州 奉 義 州 叛 蛮 隂 設 此 計 欲 托 以 粮 米 数 不 足 掩 捕 國 人 . [25b*5*9]\nThời, Minh nhân thảo Long Châu, Phụng Nghĩa Châu phản man, âm thiết thử kế dục thác dĩ lương mễ số bất túc, yểm bổ quốc nhân.\n亨 泰 𡧸 告 知 之 以 故 不 興 兵 象 所 給 粮 不 多 差 官 送 至 同 登 而 還 〇 . [25b*6*18]\nHanh Thái mật cáo, tri chi dĩ cố bất hưng binh tượng sở cấp lương bất đa sai quan tống chí Đồng Đăng nhi hoàn .\n明 又 遣 使 求 僧 人 按 摩 女 火 者 皆 少 遣 之 〇 . [25b*8*8]\nMinh hựu khiến sứ cầu tăng nhân án ma nữ hoả giả giai thiểu khiến chi .\n冬 十 二 月 以 梁 元 彪 為 行 遣 知 . [25b*9*7]\nĐông thập nhị nguyệt, dĩ Lương Nguyên Bưu vi Hành khiển tri..\n",
    "url": "/data/image_dvsk/ban_ky_toan_thu/quyen8/DVSKTT_ban_toan_VIII_25b.jpg"
  },
  {
    "text": "大 宗 正 何 德 鄰 為 入 内 行 遣 門 下 左 司 黃 晦 卿 為 𭛁 運 司 范 巨 論 參 謀 軍 事 兼 樞 𡧸 院 事 . [26a*1*1]\nĐại Tông chính, Hà Đức Lân vi Nhập nội hành khiển môn hạ tả ti, Hoàng Hối Khanh vi phát vận ti, Phạm Cự Luận tham mưu quân sự kiêm Khu mật viện sự.\n丙 子 九 年 明 洪 武 二 十 九 年 春 正 月 詔 沙 汰 僧 道 年 未 及 五 十 以 上 者 勒 還 本 俗 又 俗 有 通 經 教 者 授 堂 頭 首 知 宫 知 觀 知 寺 餘 為 修 人 侍 者 〇 . [26a*3*1]\nBính Tí cửu niên, [Minh Hồng Vũ nhị thập cửu niên,] xuân chính nguyệt, chiếu sa thải tăng đạo niên vị cập ngũ thập dĩ thượng giả lặc hoàn bản tục, hựu tục hữu thông kinh giáo giả thụ Đường đầu thủ, tri cung, tri quán, tri tự, dư vi tu nhân thị giả .\n三 月 閲 定 軍 伍 〇 . [26a*5*15]\nTam nguyệt, duyệt định quân ngũ .\n夏 四 月 初 行 通 寳 會 鈔 印 成 令 人 換 錢 每 錢 一 鏹 取 鈔 一 緍 二 陌 . [26a*6*4]\nHạ tứ nguyệt, sơ hành thông bảo hội sao ấn thành lệnh nhân hoán tiền mỗi tiền nhất cưỡng thủ sao nhất mân nhị mạch.\n其 法 十 文 幅 畫 澡 三 十 文 幅 畫 水 波 一 陌 畫 云 二 陌 畫 龜 三 陌 畫 麟 五 陌 畫 鳳 一 緍 畫 龍 . [26a*7*11]\nKì pháp thập văn phúc hoạ táo, tam thập văn phúc hoạ thuỷ ba, nhất mạch hoạ vân, nhị mạch hoạ quy, tam mạch hoạ lân, ngũ mạch hoạ phụng, nhất mân hoạ long.\n僞 造 者 死 田 産 没 官 禁 . [26a*9*9]\nNguỵ tạo giả tử, điền sản một quan, cấm..\n",
    "url": "/data/image_dvsk/ban_ky_toan_thu/quyen8/DVSKTT_ban_toan_VIII_26a.jpg"
  },
  {
    "text": "絶 銅 錢 不 得 私 藏 私 用 並 𠬧 入 京 城 鼇 池 及 各 䖏 治 所 . [26b*1*1]\ntuyệt đồng tiền bất đắc tư tàng tư dụng, tịnh thu nhập kinh thành Ngao Trì cập các xứ trị sở.\n犯 之 者 罪 如 之 〇 . [26b*2*4]\nPhạm chi giả tội như chi .\n詔 定 試 舉 人 格 用 四 塲 文 字 體 罷 暗 寫 古 文 法 . [26b*2*11]\nChiếu định thí cử nhân cách dụng tứ trường văn tự thể, bãi ám tả cổ văn pháp.\n第 一 塲 用 本 經 義 一 篇 有 破 題 接 語 小 講 原 題 大 講 繳 結 五 百 字 以 上 . [26b*3*11]\nĐệ nhất trường dụng bản kinh nghĩa nhất thiên, hữu phá đề, tiếp ngữ, tiểu giảng, nguyên đề, đại giảng, chước kết ngũ bách tự dĩ thượng.\n第 二 塲 用 詩 一 篇 用 唐 律 賦 一 篇 用 古 體 或 騷 或 選 亦 五 百 字 以 上 . [26b*5*2]\nĐệ nhị trường dụng thi nhất thiên dụng Đường luật phú nhất thiên, dụng cổ thể hoặc tao hoặc tuyển diệc ngũ bách tự dĩ thượng.\n第 三 塲 詔 一 篇 用 古 體 制 一 篇 表 一 篇 用 唐 體 四 六 . [26b*6*10]\nĐệ tam trường chiếu nhất thiên, dụng cổ thể chế nhất thiên, biểu nhất thiên dụng Đường thể tứ lục.\n第 四 塲 策 一 篇 用 經 史 時 務 中 出 題 一 千 字 以 上 . [26b*7*12]\nĐệ tứ trường sách nhất thiên, dụng kinh sử, thời vụ, trung xuất đề, nhất thiên tự dĩ thượng.\n以 前 年 鄕 試 次 年 會 試 中 者 御 試 策 一 篇 定 其 第 〇 . [26b*8*13]\nDĩ tiền niên hương thí, thứ niên Hội thí, trúng giả ngự thí, sách nhất thiên định kì đệ .\n六 月 定 文 . [26b*9*15]\nLục nguyệt, định văn..\n",
    "url": "/data/image_dvsk/ban_ky_toan_thu/quyen8/DVSKTT_ban_toan_VIII_26b.jpg"
  },
  {
    "text": "武 冠 服 一 品 紫 色 二 品 大 紅 三 品 桃 紅 四 品 綠 五 六 七 品 碧 八 九 品 青 . [27a*1*1]\nvõ quan phục nhất phẩm tử sắc, nhị phẩm đại hồng, tam phẩm đào hồng, tứ phẩm lục, ngũ lục thất phẩm bích, bát cửu phẩm thanh.\n惟 内 侍 開 裙 皆 不 用 裳 . [27a*2*10]\nDuy nội thị khai quần giai bất dụng thường.\n無 品 及 宏 奴 白 色 文 . [27a*3*1]\nVô phẩm cập hoành nô bạch sắc văn.\n從 官 職 爵 六 品 以 上 用 髙 山 巾 正 六 品 得 束 󰅾 著 烏 巾 正 皂 色 從 青 色 . [27a*3*9]\nTòng quan chức tước lục phẩm dĩ thượng dụng cao sơn cân chính lục phẩm đắc thúc đái chước ô cân, chính tạo sắc, tòng thanh sắc.\n宗 七 皂 方 勝 . [27a*4*18]\nTông thất tạo phương thắng.\n武 爵 六 品 用 折 衝 巾 爵 髙 無 職 得 朿 󰅾 戴 角 頂 巾 . [27a*5*5]\nVõ tước lục phẩm dụng triết xung cân, tước cao vô chức đắc thúc đái đái giác đỉnh cân.\n七 品 以 下 用 太 古 巾 從 七 品 攅 花 巾 . [27a*6*6]\nThất phẩm dĩ hạ dụng thái cổ cân, tòng thất phẩm toàn hoa cân.\n王 侯 戴 遠 逰 巾 御 史 󰱑 却 非 巾 . [27a*7*2]\nVương hầu đái viễn du cân, Ngự sử đài khước phi cân.\n鈔 法 冠 服 等 制 皆 從 少 保 王 汝 舟 之 言 也 〇 . [27a*7*14]\nSao pháp quan phục đẳng chế giai tòng Thiếu bảo Vương Nhữ Chu chi ngôn dã .\n秋 八 月 命 龍 捷 軍 将 陳 松 伐 占 城 擒 其 将 布 冬 而 還 . [27a*8*13]\nThu bát nguyệt, mệnh Long Tiệp quân tướng Trần Tùng phạt Chiêm Thành, cầm kì tướng Bố Đông nhi hoàn.\n賜 姓 名 金 . [27a*9*15]\nTứ tính danh Kim..\n",
    "url": "/data/image_dvsk/ban_ky_toan_thu/quyen8/DVSKTT_ban_toan_VIII_27a.jpg"
  },
  {
    "text": "忠 烈 将 虎 賁 軍 . [27b*1*1]\nTrung Liệt, tướng Hổ Bôn quân.\n後 丙 戌 年 僃 多 邦 城 上 策 領 兵 就 邊 界 逆 戰 匆 使 賊 人 入 境 内 恃 其 長 兵 通 其 脉 路 . [27b*1*7]\nHậu, Bính Tuất niên bị Đa Bang thành, thượng sách lĩnh binh tựu biên giới nghịch chiến, thông sử tặc nhân nhập cảnh nội, thị kì trường binh thông kì mạch lộ.\n諸 ? 不 從 . [27b*3*3]\nChư tướng bất tòng.\n布 冬 病 尋 卒 . [27b*3*7]\nBố Đông bệnh tầm tốt .\n冬 十 月 以 胡 綱 為 演 州 路 大 知 州 鄧 思 成 判 州 事 〇 . [27b*3*13]\nĐông thập nguyệt, dĩ Hồ Cương vi Diễn Châu lộ đại tri châu, Đặng Tư Thành Phán châu sự .\n冬 十 一 月 季 犛 作 國 語 詩 義 并 序 令 女 師 教 后 妃 及 宫 人 學 習 . [27b*4*15]\nĐông thập nhất nguyệt, Quý Li tác quốc ngữ thi nghĩa, tịnh tự lệnh nữ sư giáo hậu, phi, cập cung nhân học tập.\n序 中 多 出 己 意 不 從 朱 子 集 傳 . [27b*6*2]\nTự trung đa xuất kỷ ý, bất tòng Chu Tử tập truyện.\n史 臣 吳 士 連 曰 自 孟 氏 没 師 各 傳 其 門 士 各 私 其 學 原 分 而 流 支 差 之 毫 釐 謬 以 千 里 . [27b*7*1]\nSử thần Ngô Sĩ Liên viết: Tự Mạnh thị một, sư các truyền kì môn, sĩ các tư kì học, nguyên phân nhi lưu chi, sai chi hào li mậu dĩ thiên lí.\n或 流 而 為 他 岐 或 倒 戈 而 相 攻 莫 能 歸 一 其 可 . [27b*8*17]\nHoặc lưu nhi vi tha kì, hoặc đảo qua nhi tương công, mạc năng quy nhất kì khả..\n",
    "url": "/data/image_dvsk/ban_ky_toan_thu/quyen8/DVSKTT_ban_toan_VIII_27b.jpg"
  },
  {
    "text": "稱 者 雖 曰 大 醇 未 免 小 疪 未 有 克 醇 乎 其 醇 者 也 . [28a*1*1]\nxưng giả, tuy viết đại thuần vị miễn tiểu tì, vị hữu khắc thuần hồ kì thuần giả dã.\n朱 子 生 於 宋 末 承 漢 唐 諸 儒 箋 疏 六 經 之 後 泝 流 求 源 得 聖 人 之 心 於 遺 經 明 聖 人 之 道 於 訓 解 研 精 殫 思 理 與 心 融 其 説 也 . [28a*2*3]\nChu tử sinh ư Tống mạt, thừa Hán Đường chư nho, tiên sơ lục kinh chi hậu tố lưu cầu nguyên đắc Thánh nhân chi tâm ư di kinh, minh thánh nhân chi đạo ư huấn giải nghiên tinh đan tư lí dữ tâm dung kì thuyết dã.\n詳 其 指 也 遠 所 謂 集 諸 儒 之 大 成 而 為 後 學 之 務 式 者 也 . [28a*4*17]\nTường kì chỉ dã viễn sở vị tập chư nho chi đại thành nhi vi hậu học chi vụ thức giả dã.\n况 有 程 子 倡 之 於 前 而 朱 子 補 其 未 圖 於 後 則 其 義 精 矣 . [28a*6*5]\nHuống hữu Trình tử xướng chi ư tiền nhi, Chu tử bổ kì vị đồ ư hậu tắc kì nghĩa tinh hĩ.\n後 之 有 作 恢 廓 而 亮 大 之 䐧 沃 而 光 澤 之 如 斯 而 己 烏 得 而 非 𬢱 之 哉 . [28a*7*10]\nHậu chi hữu tác khôi khuếch nhi lượng đại chi khao ốc nhi quang trạch chi như tư nhi kỷ ô đắc nhi phi nghị chi tai!..\n",
    "url": "/data/image_dvsk/ban_ky_toan_thu/quyen8/DVSKTT_ban_toan_VIII_28a.jpg"
  },
  {
    "text": "丁 丑 十 年 明 洪 武 三 十 年 春 正 月 遣 吏 部 尙 書 兼 太 史 令 杜 省 一 作 敏 相 度 清 化 府 安 孫 洞 築 城 鑿 池 立 廟 社 開 街 巷 ? 徒 都 焉 . [28b*1*1]\nĐinh Sửu thập niên, [Minh Hồng Vũ tam thập niên,] xuân chính nguyệt, khiến Lại bộ thượng thư kiêm Thái sử lệnh Đỗ Tỉnh [nhất tác Mẫn,] tương độ Thanh Hoá phủ An Tôn động trúc thành tạc trì lập miếu xã khai nhai hạng, dục đồ đô yên.\n三 月 功 畢 . [28b*3*9]\nTam nguyệt, công tất.\n初 朝 議 未 定 行 遣 范 巨 論 諫 止 之 . [28b*3*13]\nSơ, triều nghị vị định, Hành khiển Phạm Cự Luận gián chỉ chi.\n季 犛 曰 我 志 先 定 汝 何 言 哉 至 是 行 之 . [28b*4*8]\nQuý Li viết: Ngã chí tiên định nhữ hà ngôn tai! Chí thị, hành chi.\n時 樞 𡧸 主 事 侍 史 阮 汝 説 上 書 諫 其 畧 曰 昔 者 周 魏 迁 都 並 見 不 祥 . [28b*5*5]\nThời, Khu mật chủ sự Thị sử Nguyễn Nhữ Thuyết thượng thư gián kì lược, viết: Tích giả Chu Nguỵ thiên đô tịnh kiến bất tường.\n今 龍 肚 之 地 傘 圓 之 山 瀘 珥 之 河 髙 深 平 闊 . [28b*6*13]\nKim Long Đỗ chi địa, Tản Viên chi sơn, Lô nhĩ chi hà, cao thâm bình khoát.\n自 古 帝 王 開 基 立 國 莫 不 以 為 深 根 固 柢 宜 . [28b*7*12]\nTự cổ Đế vương khai cơ lập quốc mạc bất dĩ vi thâm căn cố đế nghi.\n依 於 前 事 時 元 人 伏 誅 占 㓂 授 首 . [28b*8*11]\nY ư tiền sự, thời Nguyên nhân phục tru, Chiêm khấu thụ thủ.\n願 少 思 之 以 為 國 家 碧 石 之 勢 . [28b*9*6]\nNguyện thiếu tư chi dĩ vi quốc gia bích thạch chi thế.\n安 . [28b*9*18]\nAn..\n",
    "url": "/data/image_dvsk/ban_ky_toan_thu/quyen8/DVSKTT_ban_toan_VIII_28b.jpg"
  },
  {
    "text": "孫 境 界 狹 僻 水 尾 山 頭 得 其 亂 而 不 得 其 治 . [29a*1*1]\nTôn cảnh giới hiệp tịch, thuỷ vĩ sơn đầu, đắc kì loạn nhi bất đắc kì trị.\n徒 為 恃 險 古 語 云 在 德 不 在 險 . [29a*1*18]\nĐồ vi thị hiểm, cổ ngữ vân: Tại đức bất tại hiểm.\n季 犛 不 聽 . [29a*2*12]\nQuý Li bất thính.\n後 考 績 見 汝 説 名 曰 此 嘗 言 在 德 不 在 險 者 . [29a*2*16]\nHậu khảo tích, kiến Nhữ Thuyết danh, viết: Thử thường ngôn tại đức bất tại hiểm giả.\n廢 不 用 . [29a*3*15]\nPhế bất dụng.\n潘 夫 先 曰 曹 操 迁 許 挾 天 子 以 令 諸 侯 漢 𣇄 淪 亡 實 基 於 此 . [29a*4*1]\nPhan Phu Tiên viết: Tào Tháo thiên Hứa hiệp Thiên tử, dĩ lệnh chư hầu, Hán đỉnh luân vong thực cơ ư thử.\n季 犛 徒 安 孫 弑 元 君 而 夷 宗 黨 陳 家 傾 圮 𡸈 不 在 於 斯 乎 雖 然 亂 臣 賊 子 何 世 無 之 惟 人 君 剛 以 斷 之 明 以 察 之 使 無 後 患 者 也 . [29a*5*7]\nQuý Li đồ An Tôn, thích nguyên quân, nhi di tông đảng, Trần gia khuynh bĩ há bất tại ư tư hồ? Tuy nhiên, loạn thần tặc tử hà thế vô, chi duy nhân quân cương dĩ đoán chi minh dĩ sát chi sử vô hậu hoạn giả dã.\n夏 四 月 改 清 化 鎮 為 清 都 鎮 國 威 鎮 為 廣 威 鎮 . [29a*9*1]\nHạ tứ nguyệt, cải Thanh Hoá trấn vi Thanh Đô trấn, Quốc Oai trấn vi Quảng Oai trấn,..\n",
    "url": "/data/image_dvsk/ban_ky_toan_thu/quyen8/DVSKTT_ban_toan_VIII_29a.jpg"
  },
  {
    "text": "沱 江 鎮 為 天 興 鎮 乂 安 鎮 為 臨 安 鎮 長 安 鎮 為 天 䦕 鎮 諒 江 鎮 為 諒 山 鎮 演 州 鎮 為 望 江 鎮 新 平 鎮 為 西 平 鎮 . [29b*1*1]\nĐà Giang trấn vi Thiên Hưng trấn, Nghệ An trấn vi Lâm An trấn, Trường Yên trấn vi Thiên Quan trấn, Lạng Giang trấn vi Lạng Sơn trấn, Diễn Châu trấn vi Vọng Giang trấn, Tân Bình trấn vi Tây Bình trấn.\n罷 大 小 司 社 大 撮 ? 甲 仍 依 舊 制 〇 . [29b*3*7]\nBãi đại tiểu tư xã, đại toát, quản giáp những y cựu chế .\n定 外 任 官 制 路 置 安 撫 使 副 府 置 鎮 撫 使 副 州 置 通 判 僉 判 縣 置 令 尉 主 簿 以 𬋩 之 . [29b*4*3]\nĐịnh ngoại nhiệm quan chế, lộ trí An phủ sứ, phó, phủ trí trấn phủ sứ phó, châu trí Thông phán, Thiêm phán, huyện trí Lệnh uý, Chủ bạ, dĩ quản chi.\n路 統 府 府 統 州 州 統 縣 . [29b*5*17]\nLộ thống phủ, phủ thống châu, châu thống huyện.\n凡 戸 籍 錢 榖 獄 訟 總 為 一 路 之 簿 歲 季 報 省 以 憑 󰏲 考 . [29b*6*8]\nPhàm hộ tịch, tiền cốc, ngục tụng tổng vi nhất lộ chi bạ, tuế quý báo tỉnh, dĩ bằng kê khảo.\n又 置 都 督 都 護 都 統 總 𬋩 府 太 守 司 以 轄 之 . [29b*7*11]\nHựu trí Đô đốc, đô hộ, đô thống tổng quản phủ, thái thú ti, dĩ hạt chi.\n以 副 将 黎 漢 蒼 領 東 都 路 都 護 府 太 保 陳 沆 領 北 江 路 都 統 府 陳 元 杼 . [29b*8*10]\nDĩ phó tướng Lê Hán Thương lĩnh Đông Đô lộ đô hộ phủ, Thái bảo Trần Hàng lĩnh Bắc Giang lộ đô thống phủ, Trần Nguyên Trữ..\n",
    "url": "/data/image_dvsk/ban_ky_toan_thu/quyen8/DVSKTT_ban_toan_VIII_29b.jpg"
  },
  {
    "text": "領 三 江 路 都 統 府 少 保 王 汝 舟 知 天 長 府 路 軍 民 事 行 遣 何 德 鄰 行 新 安 府 路 太 守 . [30a*1*1]\nlĩnh Tam Giang lộ đô thống phủ, Thiếu bảo Vương Nhữ Chu tri Thiên Trường phủ lộ quân dân sự, Hành khiển Hà Đức Lân hành Tân Yên phủ lộ thái thú.\n又 州 鎮 置 教 授 監 書 庫 . [30a*2*15]\nHựu châu trấn trí giáo thụ giám thư khố .\n五 月 詔 曰 古 者 國 有 學 黨 有 序 遂 有 庠 所 以 明 教 化 敦 風 俗 也 . [30a*3*7]\nNgũ nguyệt, chiếu viết: Cổ giả quốc hữu học đảng hữu tự toại hữu tường sở dĩ minh giáo hoá đôn phong tục dã.\n朕 意 甚 慕 焉 . [30a*4*13]\nTrẫm ý thậm mộ yên.\n今 國 都 之 制 已 僃 而 州 縣 尙 缺 其 何 以 廣 化 民 之 道 哉 應 令 山 南 京 北 海 東 諸 路 府 各 置 一 學 官 賜 官 田 有 差 大 府 州 十 五 𤱈 中 府 州 十 一 𤱈 小 府 州 十 𤱈 以 供 本 學 之 用 . [30a*4*18]\nKim quốc đô chi chế dĩ bị nhi châu huyện thượng khuyết kì hà dĩ quảng hoá dân chi đạo tai! Ứng lệnh Sơn Nam, Kinh Bắc, Hải Đông, chư lộ phủ các trí nhất học quan tứ quan điền hữu sai đại phủ châu thập ngũ mẫu trung phủ châu thập nhất mẫu tiểu phủ châu thập mẫu dĩ cúng bản học chi dụng.\n告 朔 一 分 學 一 分 書 燈 一 分 路 官 督 學 官 教 訓 生 徒 使 成 才 藝 每 歲 季 則 選 . [30a*8*11]\n[cáo sóc nhất phân học nhất phân thư đăng nhất phân,] Lộ quan, đốc học quan, giáo huấn sinh đồ sử thành tài nghệ, mỗi tuế quý tắc tuyển..\n",
    "url": "/data/image_dvsk/ban_ky_toan_thu/quyen8/DVSKTT_ban_toan_VIII_30a.jpg"
  },
  {
    "text": "秀 者 于 朝 . [30b*1*1]\ntú giả vu triều.\n朕 将 親 試 而 擢 之 焉 . [30b*1*5]\nTrẫm tương thân thí nhi trạc chi yên.\n史 臣 吳 士 連 曰 當 時 有 此 詔 令 何 羙 如 之 . [30b*2*1]\nSử thần Ngô Sĩ Liên viết: Đương thời hữu thử chiếu lệnh hà mĩ như chi.\n然 不 見 施 行 者 非 帝 意 也 乃 季 犛 ? 行 篡 奪 托 此 以 𠬧 人 心 爾 . [30b*2*17]\nNhiên bất kiến thi hành giả phi Đế ý dã, nãi Quý Li dục hành soán đoạt thác thử dĩ thu nhân tâm nhĩ.\n六 月 詔 限 名 田 . [30b*5*1]\nLục nguyệt, chiếu hạn danh điền.\n大 王 長 公 主 田 無 限 以 至 󰱃 民 田 十 𤱈 . [30b*5*7]\nĐại vương, trưởng công chúa điền vô hạn dĩ chí thứ dân điền thập mẫu.\n多 者 許 從 便 得 贖 罪 貶 黜 亦 如 之 . [30b*6*4]\nĐa giả hứa tòng tiện đắc chuộc tội biếm truất diệc như chi.\n餘 者 上 進 入 官 . [30b*6*17]\nDư giả thượng tiến nhập quan.\n初 宗 室 諸 家 每 令 私 奴 婢 於 瀕 海 地 築 堤 堰 障 鹹 水 . [30b*7*5]\nSơ, tông thất chư gia mỗi lệnh tư nô tì ư tần hải địa trúc đê yển chướng hàm thuỷ.\n二 三 年 後 開 墾 成 熟 互 相 嫁 取 居 之 多 立 私 庄 田 土 . [30b*8*7]\nNhị tam niên hậu, khai khẩn thành thục, hỗ tương giá thú, cư chi, đa lập tư trang điền thổ.\n故 有 是 命 〇 . [30b*9*9]\nCố hữu thị mệnh .\n右 僉 知 政 事 . [30b*9*14]\nHữu thiêm tri chính sự..\n",
    "url": "/data/image_dvsk/ban_ky_toan_thu/quyen8/DVSKTT_ban_toan_VIII_30b.jpg"
  },
  {
    "text": "行 樞 𡧸 院 事 范 巨 論 領 神 策 軍 討 宣 光 鎮 紅 衣 草 㓂 陣 𨺻 死 之 . [31a*1*1]\nhành Khu mật viện sự Phạm Cự Luận lĩnh Thần Sách quân thảo Tuyên Quang trấn Hồng y thảo khấu, trận hãm tử chi.\n贈 左 僕 射 . [31a*2*7]\nTặng Tả bộc xạ.\n巨 論 唐 以 安 縣 人 行 遣 杜 世 滿 代 領 宣 光 經 畧 使 . [31a*2*11]\nCự [Luận Đường Dĩ An huyện nhân,] Hành khiển Đỗ Thế Mãn đại lĩnh Tuyên Quang kinh lược sứ .\n冬 十 一 月 季 犛 逼 帝 徒 都 清 化 府 . [31a*3*10]\nĐông thập nhất nguyệt, Quý Li bức Đế đồ đô Thanh Hoá phủ.\n帝 先 幸 安 生 謁 諸 陵 與 之 俱 至 大 吏 鄕 行 在 號 葆 清 宫 . [31a*4*5]\nĐẾ tiên hạnh Yên Sinh yết chư lăng dữ chi cụ, chí Đại Lại hương hành tại hiệu Bảo Thanh cung.\n宫 人 陳 玉 肌 陳 玉 臉 𡧸 言 於 帝 以 為 迁 都 必 有 簒 奪 之 事 . [31a*5*8]\nCung nhân Trần Ngọc Cơ, Trần Ngọc Kiểm mật ngôn ư Đế dĩ vi thiên đô tất hữu soán đoạt chi sự.\n季 犛 聞 之 以 廟 令 黎 合 右 𨻫 父 道 梁 蓊 與 同 謀 併 殺 之 〇 . [31a*6*12]\nQuý Li văn chi, dĩ Miếu lệnh Lê Hợp, Hữu Lũng phụ đạo Lương Ông, dữ đồng mưu, tính sát chi .\n命 行 遣 同 知 大 宗 正 寺 梁 元 彪 撤 瑞 璋 大 安 諸 宫 殿 甎 瓦 大 材 悉 付 慈 廉 南 策 等 州 運 赴 新 都 遭 風 沉 . [31a*7*16]\nMệnh Hành Khiển Đồng tri đại tông chính tự Lương Nguyên Bưu triệt Thuỵ Chương, Đại An chư cung điện chuyên ngoã, đại tài, tất phó Từ Liêm, Nam Sách đẳng châu vận phó tân đô, tao phong trầm..\n",
    "url": "/data/image_dvsk/ban_ky_toan_thu/quyen8/DVSKTT_ban_toan_VIII_31a.jpg"
  },
  {
    "text": "溺 過 半 〇 . [31b*1*1]\nnịch quá bán .\n明 送 元 族 大 胡 小 胡 二 人 來 安 置 . [31b*1*5]\nMinh tống Nguyên tộc Đại Hồ, Tiểu Hồ, nhị nhân lai an trí.\n賜 大 胡 名 地 復 基 小 胡 名 地 寳 郎 〇 . [31b*1*18]\nTứ Đại Hồ danh Địa Phục Cơ, Tiểu Hồ danh Địa Bảo Lang .\n占 城 将 制 多 别 與 弟 慕 華 子 伽 葉 挈 家 來 降 . [31b*2*14]\nChiêm Thành tướng Chế Đa Biệt dữ đệ Mộ Hoa Tử Già Diệp khiết gia lai hàng.\n肆 多 别 名 大 中 授 金 吾 衛 将 軍 伽 葉 禁 衛 都 皆 丁 姓 復 鎮 化 州 禦 占 城 . [31b*3*13]\nTứ Đa Biệt danh Đại Trung, thụ Kim Ngô vệ tướng quân, Già Diệp Cấm vệ đô, giai Đinh tính, phục trấn Hoá Châu ngự Chiêm Thành.\n戊 寅 十 一 年 三 月 以 後 少 帝 建 新 元 年 明 洪 武 三 十 一 年 春 三 月 十 五 日 黎 季 犛 逼 帝 禪 位 于 皇 太 子 𭴣 . [31b*6*1]\nMậu Dần thập nhất niên, [tam nguyệt dĩ hậu, Thiếu Đế Kiến Tân nguyên niên, Minh Hồng Vũ tam thập nhất niên,] xuân tam nguyệt, thập ngũ nhật, Lê Quý Li bức Đế thiền vị vu Hoàng thái tử An.\n季 犛 有 篡 奪 之 意 然 業 以 盟 約 於 藝 皇 恐 違 其 言 陰 使 道 士 阮 󰆑 出 入 宫 中 説 帝 曰 佳 境 清 香 獨 異 凣 問 . [31b*7*15]\nQuý Li hữu soán đoạt chi ý, nhiên nghiệp dĩ minh ước ư Nghệ Hoàng, khủng vi kì ngôn, âm sử đạo sĩ Nguyễn Khánh xuất nhập cung trung thuyết Đế viết: Giai cảnh thanh hương độc dị phàm vấn..\n",
    "url": "/data/image_dvsk/ban_ky_toan_thu/quyen8/DVSKTT_ban_toan_VIII_31b.jpg"
  },
  {
    "text": "本 朝 列 聖 惟 事 釋 教 未 有 從 逰 真 仙 . [32a*1*1]\nbản triều liệt thánh, duy sự thích giáo vị hữu tòng du chân tiên.\n陛 下 尊 居 九 五 劳 于 萬 幾 . [32a*1*15]\nBệ hạ tôn cư cửu ngũ, lao vu vạn cơ.\n莫 若 禪 位 東 宫 以 葆 冲 和 . [32a*2*7]\nMạc nhược thiền vị Đông cung, dĩ bảo xung hoà.\n帝 從 其 言 . [32a*2*17]\nĐế tòng kì ngôn.\n於 是 奏 錄 舉 道 入 仙 籍 . [32a*3*3]\nƯ thị tấu lục cử đạo nhập tiên tịch.\n季 犛 創 葆 清 宫 于 大 吏 山 之 西 南 請 帝 居 之 . [32a*3*12]\nQuý Li sáng Bảo Thanh cung vu Đại Lại sơn chi Tây Nam, thỉnh Đế cư chi.\n帝 乃 禪 位 于 皇 太 子 . [32a*4*11]\nĐẾ nãi thiền vị vu Hoàng Thái tử.\n内 禪 詔 畧 曰 朕 早 慕 玄 風 非 心 黃 屋 否 . [32a*5*1]\nNội thiền chiếu lược viết: Trẫm tảo mộ huyền phong, phi tâm hoàng ốc phủ.\n德 忝 位 實 難 充 堪 . [32a*5*16]\nĐức thiểm vị thực nan sung kham.\n况 心 疾 時 作 宗 祧 時 政 以 皆 妨 . [32a*6*5]\nHuống, tâm tật thời tác, tông diêu thời chính dĩ giai phương.\n誓 言 在 初 天 地 鬼 神 之 已 聽 . [32a*6*17]\nThệ ngôn tại sơ thiên địa quỷ thần chi dĩ thính.\n今 當 禅 位 以 來 丕 基 . [32a*7*10]\nKim đương thiền vị dĩ lai phỉ cơ.\n皇 太 子 𭴣 可 即 帝 位 . [32a*7*18]\nHoàng thái tử An khả tức Đế vị.\n輔 政 太 師 黎 季 犛 以 國 祖 攝 政 . [32a*8*8]\nPhụ chính Thái sư Lê Quý Li dĩ Quốc tổ nhiếp chính.\n朕 自 為 太 上 元 君 皇 帝 養 素 葆 清 宫 以 諧 夙 . [32a*9*2]\nTrẫm tự vi Thái Thượng Nguyên Quân Hoàng Đế, dưỡng tố Bảo Thanh cung dĩ hài túc..\n",
    "url": "/data/image_dvsk/ban_ky_toan_thu/quyen8/DVSKTT_ban_toan_VIII_32a.jpg"
  },
  {
    "text": "願 . [32b*1*1]\nnguyện.\n皇 太 子 𭴣 即 位 於 葆 清 宫 改 元 建 新 元 年 大 赦 . [32b*1*2]\nHoàng Thái tử An tức vị ư Bảo Thanh cung, cải nguyên Kiến Tân nguyên niên, đại xá.\n尊 欽 聖 皇 后 為 皇 太 后 . [32b*2*2]\nTôn Khâm Thánh Hoàng hậu vi Hoàng thái hậu.\n時 太 子 生 甫 三 歲 受 禪 不 能 拜 . [32b*2*11]\nThời, Thái tử sinh phủ tam tuế, thụ thiền bất năng bái.\n季 犛 令 太 后 拜 于 前 太 子 從 之 . [32b*3*5]\nQuý Li lệnh Thái hậu bái vu tiền, Thái tử tòng chi.\n季 犛 自 稱 欽 德 興 烈 大 王 . [32b*3*17]\nQuý Li tự xưng Khâm Đức Hưng Liệt Đại Vương.\n榜 文 曰 中 書 尙 書 省 奉 攝 政 該 教 皇 帝 聖 旨 云 云 . [32b*4*9]\nBảng văn viết: Trung thư thượng thư sảnh phụng nhiếp chính cai giáo hoàng đế thánh chỉ vân vân.\n是 日 登 新 都 御 殿 󰆑 成 賜 五 品 以 上 宴 許 士 女 觀 逰 於 城 之 南 門 日 以 繼 夜 〇 . [32b*5*10]\nThị nhật đăng tân đô ngự điện khánh thành, tứ ngũ phẩm dĩ thượng yến, hứa sĩ nữ quan du ư thành chi nam môn nhật dĩ kế dạ .\n令 有 田 者 供 報 田 𤱈 . [32b*7*4]\nLệnh hữu điền giả cúng báo điền mẫu.\n行 遣 何 德 鄰 𡧸 與 家 人 言 曰 設 此 法 以 奪 民 田 耳 . [32b*7*12]\nHành khiển Hà Đức Lân mật dữ gia nhân ngôn viết: Thiết thử pháp dĩ đoạt dân điền nhĩ.\n季 犛 聞 之 降 為 户 部 尙 書 . [32b*8*13]\nQuý Li văn chi, giáng vi Hộ bộ thượng thư.\n又 令 民 標 題 姓 名 於 田 上 . [32b*9*5]\nHựu lệnh dân tiêu đề tính danh ư điền thượng.\n路 府 州 縣 . [32b*9*15]\nLộ phủ châu huyện..\n",
    "url": "/data/image_dvsk/ban_ky_toan_thu/quyen8/DVSKTT_ban_toan_VIII_32b.jpg"
  }
]