[
  {
    "text": "官 公 同 檢 度 修 簿 五 年 乃 成 . [33a*1*1]\nquan công đồng kiểm độ tu bạ ngũ niên nãi thành.\n無 供 結 者 取 為 田 公 少 帝 名 𭴣 順 宗 子 也 . [33a*1*12]\nVô cúng kết giả thủ vi [điền công,] Thiếu Đế [danh An, Thuận Tông tử dã.\n在 位 二 年 季 犛 篡 位 廢 為 保 寕 大 王 . [33a*2*9]\nTại vị nhị niên, Quý Li soán vị phế vi Bảo Ninh Đại Vương.\n附 胡 季 犛 漢 蒼 季 犛 字 理 元 自 推 其 先 祖 胡 興 逸 本 浙 江 人 五 季 後 漢 時 來 守 演 州 . [33a*3*1]\n] Phụ Hồ Quý Li, Hán Thương [Quý Li tự Lí Nguyên, tự suy kì tiên tổ Hồ Hưng Dật, bản Chiết Giang nhân, Ngũ Quý Hậu Hán thời lai thú Diễn Châu.\n其 後 家 居 本 州 之 泡 突 鄕 因 為 寨 主 至 李 時 取 月 的 公 主 生 月 端 公 主 . [33a*4*3]\nKì hậu gia cư bản châu chi Bào Đột hương nhân vi trại chủ chí Lí thời thú Nguyệt Đích công chúa sinh Nguyệt Đoan công chúa.\n至 十 二 代 孫 胡 廉 徒 居 清 化 大 吏 鄕 為 宣 尉 黎 訓 󰒂 子 . [33a*4*30]\nChí thập nhị đại, tôn Hồ Liêm đồ cư Thanh Hoá Đại Lại hương, vi Tuyên uý Lê Huấn nghĩa tử.\n自 此 以 黎 為 姓 . [33a*5*17]\nTự thử dĩ Lê vi tính.\n季 犛 其 四 世 孫 也 . [33a*5*23]\nQuý Li kì tứ thế tôn dã.\n陳 藝 宗 時 自 祗 侯 四 局 正 掌 陞 樞 𡧸 大 使 迁 小 司 空 進 封 司 平 章 事 累 加 輔 政 太 師 攝 政 欽 德 興 烈 大 王 國 祖 章 皇 遂 移 陳 祚 國 號 大 󰔄 復 姓 胡 未 踰 年 以 位 與 其 子 漢 蒼 . [33a*5*30]\nTrần Nghệ Tông thời, tự Chi hậu tứ cục chính chưởng, thăng Khu mật đại sứ, thiên Tiểu tư không, tiến phong Ti Bình chương sự, luỵ gia phụ chính thái sư nhiếp chính Khâm Đức Hưng Liệt Đại Vương Quốc Tổ Chương Hoàng, toại di Trần, tộ quốc hiệu Đại Ngu, phục tính Hồ, vị du niên dĩ vị dữ kì tử Hán Thương.\n漢 蒼 舊 名 火 僣 位 六 年 餘 . [33a*7*27]\nHán Thương cựu danh Hoả, tiếm vị lục niên dư.\n後 父 子 皆 為 明 人 所 擄 〇 . [33a*8*3]\nHậu phụ tử giai vi Minh nhân sở lỗ .\n舊 以 二 胡 紀 年 今 黜 而 正 之 . [33a*8*13]\nCựu dĩ nhị Hồ kỷ niên kim truất nhi chính chi.\n己 卯 建 新 二 年 明 太 祖 建 文 元 年 夏 四 月 季 犛 逼 令 帝 出 . [33a*8*24]\n]\n",
    "url": "/data/image_dvsk/ban_ky_toan_thu/quyen8/DVSKTT_ban_toan_VIII_33a.jpg"
  },
  {
    "text": "家 奉 道 教 居 淡 水 村 玉 清 觀 𡧸 使 内 寝 學 生 阮 謹 隨 行 護 視 . [33b*1*1]\ngia phụng Đạo giáo, cư Đạm Thuỷ thôn, Ngọc Thanh quan, mật sử nội tẩm học sinh Nguyễn Cẩn tuỳ hành hộ thị.\n帝 問 曰 汝 之 侍 我 欲 何 為 耶 謹 不 忍 言 . [33b*2*6]\nĐế vấn viết: Nhữ chi thị ngã dục hà vi da? Cẩn bất nhẫn ngôn.\n季 犛 作 詩 告 謹 曰 元 君 不 死 汝 當 死 之 . [33b*3*3]\nQuý Li tác thi cáo Cẩn viết: Nguyên Quân bất tử nhữ đương tử chi.\n又 作 詩 上 元 君 曰 前 有 庸 暗 君 昏 德 及 靈 德 何 不 早 安 排 徒 使 劳 人 力 謹 遂 進 毒 藥 不 死 又 進 椰 漿 而 斷 食 又 不 子 . [33b*3*18]\nHựu tác thi thượng Nguyên Quân viết: Tiền hữu dung ám quân, Hôn Đức cập Linh Đức, Hà bất tảo an bài, Đồ sử lao nhân lực? Cẩn toại tiến độc dược bất tử, hựu tiến gia tương nhi đoạn thực hựu bất tử.\n至 是 令 軍 騎 衛 上 将 軍 范 可 永 縊 之 . [33b*6*8]\nChí thị, lệnh quân kị vệ thượng tướng quân Phạm Khả Vĩnh ải chi.\n塟 安 生 陵 廟 號 順 宗 〇 . [33b*7*4]\nTáng Yên Sinh lăng, miếu hiệu Thuận Tông .\n太 保 陳 沆 上 將 軍 陳 渴 真 等 謀 誅 季 犛 不 克 死 之 . [33b*7*13]\nThái bảo Trần Hàng, Thượng tướng quân Trần Khát Chân đẳng mưu tru Quý Li bất khắc, tử chi.\n是 日 季 犛 會 盟 於 頓 山 . [33b*8*14]\nThị nhật, Quý Li hội minh ư Đốn Sơn.\n渴 真 等 已 有 誅 之 之 意 . [33b*9*5]\nKhát Chân đẳng dĩ hữu tru chi chi ý.\n季 犛 坐 渴 真 . [33b*9*14]\nQuý Li toạ Khát Chân..\n",
    "url": "/data/image_dvsk/ban_ky_toan_thu/quyen8/DVSKTT_ban_toan_VIII_33b.jpg"
  },
  {
    "text": "家 樓 以 觀 之 比 天 子 幸 廟 泊 寺 之 例 . [34a*1*1]\ngia lầu dĩ quan chi, tỉ Thiên tử hạnh miếu bạc tự chi lệ.\n可 永 姪 范 祖 𠬧 及 刺 客 范 牛 悉 按 劎 欲 進 . [34a*1*15]\nKhả Vĩnh điệt Phạm Tổ Thu cập thích khách Phạm Ngưu Tất án kiếm dục tiến.\n渴 真 瞪 目 止 之 遂 不 果 . [34a*2*13]\nKhát Chân trừng mục chỉ chi, toại bất quả.\n季 犛 心 動 而 起 衛 士 擁 下 樓 . [34a*3*4]\nQuý Li tâm động nhi khởi vệ sĩ ủng hạ lầu.\n牛 悉 擲 劎 於 地 曰 舉 眾 徒 死 耳 . [34a*3*15]\nNgưu Tất trịch kiếm ư địa viết: Cử chúng đồ tử nhĩ.\n事 覺 宗 室 沆 柱 國 日 暾 将 軍 陳 渴 真 范 可 永 行 遣 何 德 鄰 梁 元 彪 范 翁 善 范 牛 悉 等 僚 屬 親 戚 凡 三 百 七 十 餘 人 皆 被 殺 没 籍 其 家 女 人 為 婢 男 子 自 一 歳 以 上 或 生 瘞 於 地 或 沉 於 水 . [34a*4*9]\nSự giác, tông thất Hàng, Trụ quốc Nhật Thôn, Tướng quân Trần Khát Chân, Phạm Khả Vĩnh, Hành khiển Hà Đức Lân, Lương Nguyên Bưu, Phạm Ông Thiện, Phạm Ngưu Tất đẳng liêu thuộc thân thích phàm tam bách thất thập dư nhân giai bị sát, một tịch kì gia, nữ nhân vi tì, nam tử tự nhất tuế dĩ thượng hoặc sinh ế ư địa hoặc trầm ư thuỷ.\n逮 捕 餘 黨 連 年 不 絶 . [34a*8*7]\nĐãi bổ dư đảng liên niên bất tuyệt.\n相 識 者 但 以 目 而 不 敢 偶 語 . [34a*8*15]\nTương thức giả đản dĩ mục nhi bất cảm ngẫu ngữ.\n人 家 不 容 行 人 宿 歇 有 宿 歇 . [34a*9*8]\nNhân gia bất dung hành nhân túc hiết, hữu túc hiết..\n",
    "url": "/data/image_dvsk/ban_ky_toan_thu/quyen8/DVSKTT_ban_toan_VIII_34a.jpg"
  },
  {
    "text": "者 則 吿 鄰 家 公 同 審 問 帖 子 行 李 經 由 以 為 保 証 . [34b*1*1]\ngiả tắc cáo lân gia công đồng thẩm vấn thiếp tử, hành lí, kinh do, dĩ vi bảo chứng.\n各 社 並 置 廵 店 日 夜 廵 警 . [34b*2*2]\nCác xã tịnh trí tuần điếm nhật dạ tuần cảnh.\n盟 誓 之 禮 自 此 不 復 行 矣 . [34b*2*12]\nMinh thệ chi lễ tự thử bất phục hành hĩ.\n渴 真 永 寕 縣 何 朗 人 三 代 為 上 ? 軍 . [34b*3*4]\nKhát Chân Vĩnh Ninh huyện Hà Lãng nhân, tam đại vi Thượng tướng quân.\n世 傳 渴 真 臨 刑 時 上 頓 山 驚 號 三 聲 死 踰 三 日 靣 猶 生 蠅 蚋 不 敢 集 . [34b*3*18]\nThế truyền Khát Chân lâm hình thời, thượng Đốn Sơn kinh hiệu tam thanh, tử du tam nhật diện do sinh, dăng nhuế bất cảm tập.\n後 或 遇 旱 禱 雨 輙 應 . [34b*5*8]\nHậu, hoặc ngộ hạn, đảo vũ triếp ứng.\n元 彪 宣 光 人 . [34b*5*16]\nNguyên Bưu Tuyên Quang nhân.\n先 祖 世 充 李 朝 撮 通 王 兼 父 道 . [34b*6*3]\nTiên tổ Thế Sung Lí triều Toát Thông Vương kiêm phụ đạo.\n子 文 献 桂 並 封 侯 . [34b*6*15]\nTử Văn, Hiến, Quế, tịnh phong hầu.\n桂 子 孝 抱 以 擊 唆 都 功 封 冠 服 侯 . [34b*7*4]\nQuế tử Hiếu Bão dĩ kích Toa Đô công, phong Quan phục hầu.\n孝 抱 生 世 則 封 勒 順 侯 . [34b*7*17]\nHiếu Bão sinh Thế Tắc, phong Lặc Thuận hầu.\n世 則 生 菊 孫 為 觀 察 使 . [34b*8*8]\nThế Tắc sinh Cúc Tôn vi quan sát sứ.\n菊 孫 生 元 彪 . [34b*8*17]\nCúc Tôn sinh Nguyên Bưu.\n",
    "url": "/data/image_dvsk/ban_ky_toan_thu/quyen8/DVSKTT_ban_toan_VIII_34b.jpg"
  },
  {
    "text": "史 臣 吳 士 連 曰 季 犛 至 是 罪 惡 貫 盈 矣 . [35a*1*1]\nSử thần Ngô Sĩ Liên viết: Quý Li chí thị tội ác quán doanh hĩ.\n陳 沆 先 期 交 懽 将 相 矣 . [35a*1*16]\nTrần Hàng tiên kì giao hoan tướng tướng hĩ.\n苟 䏻 臨 機 而 斷 聲 以 弑 君 之 罪 倂 可 永 誅 之 則 名 正 言 順 而 事 濟 矣 . [35a*2*8]\nCâu năng lâm cơ nhi đoạn thanh dĩ thích quân chi tội, tính Khả Vĩnh tru chi, tắc danh chính ngôn thuận nhi sự tế hĩ.\n惜 其 猶 豫 懾 怯 取 敗 也 . [35a*3*17]\nTích kì do dự nhiếp khiếp thủ bại dã.\n六 月 季 犛 自 稱 國 祖 章 皇 服 蒲 黃 色 居 仁 壽 宫 依 太 子 例 出 入 用 黃 盖 十 二 柄 子 漢 蒼 稱 攝 太 傅 居 皇 元 殿 之 右 . [35a*5*2]\nLục nguyệt, Quý Li tự xưng Quốc Tổ Chương Hoàng phục bồ hoàng sắc cư Nhân Thọ cung, y Thái tử lệ, xuất nhập dụng hoàng cái thập nhị bính, tử Hán Thương xưng Nhiếp thái phó cư Hoàng Nguyên điện chi hữu.\n元 澄 為 司 徒 . [35a*7*9]\nNguyên Trừng vi Tư đồ.\n榜 文 曰 奉 攝 政 國 祖 章 皇 但 稱 予 而 未 敢 稱 朕 . [35a*7*14]\nBảng văn viết: Phụng nhiếp chính Quốc Tổ Chương Hoàng, đản xưng dư nhi vị cảm xưng trẫm.\n史 臣 吳 士 連 曰 楚 公 子 圉 未 篡 之 前 設 服 離 . [35a*9*1]\nSử thần Ngô Sĩ Liên viết: Sở công tử Ngữ vị soán chi tiền, thiết phục li..\n",
    "url": "/data/image_dvsk/ban_ky_toan_thu/quyen8/DVSKTT_ban_toan_VIII_35a.jpg"
  },
  {
    "text": "衛 蒲 宫 有 前 踞 傲 整 居 先 露 其 氣 以 挫 折 於 人 人 無 或 違 然 後 無 所 忌 憚 而 大 肆 其 惡 . [35b*1*1]\nvệ bồ cung hữu tiền cứ ngạo chỉnh cư tiên lộ kì khí dĩ toả triết ư nhân, nhân vô hoặc vi nhiên hậu vô sở kị đạn nhi đại tứ kì ác.\n胡 氏 所 為 同 出 一 ? 秋 七 月 清 化 古 滕 人 阮 用 甫 上 書 其 畧 曰 章 皇 何 號 蒲 黃 何 色 𥘾 先 帝 顧 托 何 季 犛 囚 數 日 餘 乃 釋 〇 . [35b*2*17]\nHồ thị sở vi đồng xuất nhất ve-chu Thu thất nguyệt, Thanh Hoá Cổ Đằng nhân Nguyễn Dụng Phủ thượng thư kì lược viết: Chương Hoàng hà hiệu? Bồ hoàng hà sắc? nhị tiên đế cố thác hà? Quý Li tù số nhật dư nãi thích .\n八 月 盗 阮 汝 盖 竄 鐵 山 偽 造 寳 鈔 行 使 . [35b*6*4]\nBát nguyệt, đạo Nguyễn Nhữ Cái thoán Thiết Sơn, nguỵ tạo bảo sao hành sử.\n會 順 宗 見 弑 渴 真 被 殺 遂 招 誘 良 民 得 眾 萬 餘 徃 來 立 石 底 江 歷 山 沱 江 傘 圓 等 處 恣 行 侵 掠 州 縣 不 能 制 〇 . [35b*7*1]\nHội Thuận Tông kiến thích, Khát Chân bị sát, toại chiêu dụ lương dân đắc chúng vạn dư vãng lai Lập, Thạch, Để Giang, Lịch Sơn, Đà Giang, Tản Viên, đẳng xứ tứ hành xâm lược, châu huyện bất năng chế .\n九 月 移 杲 田 罪 人 就 清 化 湘 没 . [35b*9*7]\nCửu nguyệt, di Cảo Điền tội nhân tựu Thanh Hoá Tương Một..\n",
    "url": "/data/image_dvsk/ban_ky_toan_thu/quyen8/DVSKTT_ban_toan_VIII_35b.jpg"
  },
  {
    "text": "社 〇 . [36a*1*1]\nxã .\n令 陳 寗 督 清 化 府 人 樹 刺 竹 於 城 西 邊 . [36a*1*3]\nLệnh Trần Ninh đốc Thanh Hoá phủ nhân thụ thích trúc ư thành tây biên.\n南 自 頓 山 北 自 安 縣 直 至 泡 潭 口 西 自 域 山 可 朗 市 至 𤂬 江 園 繞 為 羅 城 . [36a*1*18]\nNam tự Đốn Sơn, Bắc tự An huyện trực chí Bào Đàm khẩu, Tây tự Vực Sơn, Khả Lãng thị chí Lỗi Giang viên nhiễu vi la thành.\n人 民 道 笋 者 處 死 . [36a*3*10]\nNhân dân đạo duẫn giả xử tử .\n拖 林 野 設 舘 舍 有 大 津 橋 至 潭 舍 渡 以 便 軍 民 徃 來 憇 歇 〇 . [36a*3*18]\nTha lâm dã thiết quán xá, hữu đại tân kiều chí đàm xá, độ dĩ tiện quân dân vãng lai khệ hiết .\n大 吏 江 置 廵 檢 所 令 施 大 索 於 江 中 凡 上 水 船 使 之 曳 索 隨 次 而 行 不 得 爭 先 〇 . [36a*5*5]\nĐại Lại Giang trí tuần kiểm sở, lệnh thi đại sách ư giang trung, phàm thượng thuỷ thuyền sử chi duệ sách, tuỳ thứ nhi hành bất đắc tranh tiên .\n冬 十 月 改 流 罪 人 為 浚 渠 兵 浚 圍 沉 濠 等 港 至 河 華 海 口 以 便 舟 船 徃 來 〇 . [36a*6*18]\nĐông thập nguyệt, cải lưu tội nhân vi tuấn cừ binh tuấn Vi Trầm, Hào đẳng cảng chí Hà Hoa hải khẩu dĩ tiện chu thuyền vãng lai .\n十 二 月 命 東 路 安 撫 使 阮 鵬 󰁮 討 阮 汝 盖 平 之 鵬 󰁮 北 江 東 岸 人 . [36a*8*11]\nThập nhị nguyệt, mệnh Đông lộ An phủ sứ Nguyễn Bằng Cử thảo Nguyễn Nhữ Cái bình chi [Bằng Cử Bắc Giang Đông Ngạn nhân,]..\n",
    "url": "/data/image_dvsk/ban_ky_toan_thu/quyen8/DVSKTT_ban_toan_VIII_36a.jpg"
  }
]