[
  {
    "text": "庚 辰 三 年 是 歲 陳 亡 〇 . [36b*1*1]\nCanh Thìn tam niên, [Thị tuế Trần vong .\n三 月 以 後 季 犛 簒 國 稱 聖 元 元 年 . [36b*1*10]\nTam nguyệt dĩ hậu, Quý Li soán quốc xưng Thánh Nguyên Nguyên niên .\n明 建 文 二 年 春 正 月 黎 季 犛 立 其 子 漢 蒼 為 太 子 . [36b*1*24]\nMinh Kiến Văn nhị niên,] xuân chính nguyệt, Lê Quý Li lập kì tử Hán Thương vi Thái tử.\n初 季 犛 欲 立 漢 蒼 而 未 决 假 名 硯 為 語 曰 此 一 卷 奇 石 有 時 為 雲 為 雨 以 潤 生 民 . [36b*2*13]\nSơ, Quý Li dục lập Hán Thương nhi vị quyết, giả danh nghiên vi ngữ viết: Thử nhất quyển kì thạch hữu thời vi vân vi vũ dĩ nhuận sinh dân.\n使 長 子 澄 對 以 觀 其 志 . [36b*4*8]\nSử trưởng tử Trừng đối dĩ quan kì chí.\n澄 對 曰 這 三 寸 小 松 他 日 作 楝 作 梁 以 扶 社 稷 . [36b*4*17]\nTrừng đối viết: Giá tam thốn tiểu tùng tha nhật tác luyện tác lương dĩ phù xã tắc.\n意 遂 决 . [36b*5*17]\nÝ toại quyết.\n二 月 二 十 八 日 黎 季 犛 逼 帝 禪 位 及 劫 宗 室 群 臣 三 上 表 勸 進 偽 為 固 辭 曰 入 地 有 期 将 何 面 目 見 先 帝 於 地 下 乎 已 而 自 為 帝 建 元 聖 元 國 號 大 󰔄 . [36b*6*2]\nNhị nguyệt, nhị thập bát nhật, Lê Quý Li bức Đế thiền vị, cập kiếp tông thất quần thần tam thượng biểu khuyến tiến, nguỵ vi cố từ viết: Nhập địa hữu kì tương hà diện mục kiến tiên đế ư địa hạ hồ? Dĩ nhi tự vi Đế, kiến nguyên Thánh Nguyên, quốc hiệu Đại Ngu.\n改 姓 胡 . [36b*9*5]\nCải tính Hồ.\n",
    "url": "/data/image_dvsk/ban_ky_toan_thu/quyen8/DVSKTT_ban_toan_VIII_36b.jpg"
  },
  {
    "text": "潘 孚 先 曰 孔 子 曰 非 其 鬼 而 祭 之 諂 也 . [37a*1*1]\nPhan Phu Tiên viết: Khổng tử viết: Phi kì quỷ nhi tế chi siểm dã.\n故 狄 青 辝 不 為 梁 惠 公 之 後 劉 曄 謝 不 為 劉 太 后 之 親 . [37a*1*16]\nCố, Địch Thanh từ bất vi Lương Huệ Công chi hậu, Lưu Việp tạ bất vi Lưu Thái Hậu chi thân.\n唐 禘 帝 堯 而 先 儒 議 之 . [37a*3*3]\nĐường đế Đế Nghiêu nhi tiên nho nghị chi.\n昭 烈 齣 中 山 靖 王 而 温 公 不 取 夫 𡸈 私 於 取 舍 哉 . [37a*3*12]\nChiêu Liệt xuất Trung Sơn Tĩnh Vương nhi Ôn Công bất thú phu há tư ư thú xá tai.\n盖 族 屬 初 遠 世 代 變 遷 難 於 必 信 也 . [37a*4*14]\nCái tộc thuộc sơ viễn thế đại biến thiên, nan ư tất tín dã.\n季 犛 乃 遠 引 胡 公 滿 之 後 禘 󰔄 舜 之 所 自 出 其 誣 世 僣 窃 之 罪 莫 大 焉 史 臣 吳 士 連 曰 孚 先 從 温 公 之 説 謂 昭 烈 出 自 中 山 靖 王 族 屬 疎 遠 難 信 是 不 信 諸 葛 武 . [37a*5*11]\nQuý Li nãi viễn dẫn Hồ Công Mãn chi hậu, đế Ngu thuấn chi sở tự xuất kì, vu thế tiếm thiết chi tội mạc đại yên! Sử thần Ngô Sĩ Liên viết: Phu Tiên tòng Ôn Công chi thuyết, vị Chiêu Liệt xuất tự Trung Sơn Tịnh Vương tộc thuộc sơ viễn nan tín, thị bất tín Chư Cát Vũ..\n",
    "url": "/data/image_dvsk/ban_ky_toan_thu/quyen8/DVSKTT_ban_toan_VIII_37a.jpg"
  },
  {
    "text": "侯 之 言 矣 . [37b*1*1]\nhầu chi ngôn hĩ.\n夫 以 諸 葛 之 賢 且 世 代 未 甚 遠 . [37b*1*5]\nPhu dĩ Chư Cát chi hiền, thả thế đại vị thậm viễn.\n其 稱 昭 烈 為 帝 室 之 胃 𡸈 無 所 㨿 而 𮢶 空 言 之 哉 朱 子 已 從 其 説 夫 復 奚 疑 哉 . [37b*1*17]\nKì xưng Chiêu Liệt vi Đế thất chi vị há vô sở cứ, nhi tạc không ngôn chi tai! Chu Tử dĩ tòng kì thuyết, phu phục hề nghi tai.\n胡 季 犛 廢 帝 為 保 寕 大 王 以 帝 外 孫 故 不 弑 〇 . [37b*4*1]\nHồ Quý Li phế Đế vi Bảo Ninh Đại Vương, dĩ Đế ngoại tôn cố bất thích .\n三 江 路 献 黑 鳥 朱 觜 名 暎 鳥 能 説 成 人 語 . [37b*5*1]\nTam Giang lộ hiến hắc điểu chu chuỷ danh ánh điểu, năng thuyết thành nhân ngữ.\n其 鄕 婦 嘗 得 一 鳥 卵 混 寄 鷄 卵 中 及 生 長 嘗 婦 養 猪 效 喚 猪 声 漸 成 人 語 者 隨 〇 . [37b*5*17]\n[Kì hương phụ thường đắc nhất điểu noãn, hỗn ký kê noãn trung, cập sinh trưởng thường phụ dưỡng trư hiệu hoán trư thanh tiệm thành nhân ngữ giả,] tuỳ .\n城 内 人 献 白 鳥 〇 . [37b*6*29]\nThành nội nhân hiến bạch điểu .\n季 犛 遣 三 舘 屬 官 祗 候 内 人 内 寝 學 生 分 行 各 路 潜 訪 官 吏 得 失 民 間 利 病 以 為 黜 陟 永 為 定 式 . [37b*7*5]\nQuý Li khiến tam quán thuộc quan, Chi hậu nội nhân, nội tẩm học sinh phân hành các lộ tiềm phỏng quan lại đắc thất dân gian lợi bệnh dĩ vi truất trắc vĩnh vi định thức.\n自 此 輙 易 守 令 〇 . [37b*9*6]\nTự thử, triếp dị thủ lệnh .\n秋 八 月 季 犛 試 . [37b*9*13]\nThu bát nguyệt, Quý Li thí..\n",
    "url": "/data/image_dvsk/ban_ky_toan_thu/quyen8/DVSKTT_ban_toan_VIII_37b.jpg"
  },
  {
    "text": "太 學 生 劉 叔 儉 等 二 十 人 . [38a*1*1]\nthái học sinh, Lưu Thúc Kiệm đẳng nhị thập nhân.\n阮 廌 李 子 晋 武 夢 原 黃 憲 阮 誠 皆 預 焉 . [38a*1*11]\nNguyễn Trãi, Lí Tử Tấn, Vũ Mộng Nguyên, Hoàng Hiến, Nguyễn Thành, giai dự yên.\n晋 夢 原 誠 仕 今 朝 為 國 子 監 祭 酒 献 至 國 子 監 教 授 . [38a*2*8]\n[Tấn, Mộng, Nguyên, Thành sĩ kim triều vi Quốc Tử Giám tế tửu, Hiến chí Quốc Tử Giám giáo thụ.\n賦 題 用 靈 金 藏 . [38a*3*1]\n] Phú đề dụng Linh Kim Tàng.\n諸 生 請 講 題 問 有 故 事 否 . [38a*3*7]\nChư sinh thỉnh giảng đề, vấn hữu cố sự phủ.\n惟 裴 應 斗 以 宋 朝 孫 何 科 巵 言 日 出 對 故 講 之 . [38a*3*17]\nDuy Bùi Ứng Đẩu dĩ Tống triều Tôn Hà Khoa chi ngôn Nhật xuất đối cố giảng chi.\n應 斗 山 圍 人 陳 朝 監 書 庫 . [38a*4*17]\n[Ứng Đẩu Sơn Vi nhân, Trần triều giám thư khố.\n至 是 解 聀 入 試 年 已 五 十 授 諫 聀 言 事 件 旨 降 太 子 説 書 . [38a*5*7]\nChí thị giải chức, nhập thí, niên dĩ ngũ thập, thụ gián chức ngôn sự kiện chỉ giáng Thái tử thuyết thư.\n未 幾 降 為 太 子 賓 客 . [38a*5*29]\nVị cơ giáng vi Thái tử tân khách.\n〇 . [38a*6*1]\n] .\n冬 十 二 月 季 犛 求 内 外 族 譜 祖 母 朱 氏 母 范 氏 曰 畵 氏 族 〇 . [38a*6*2]\nĐông thập nhị nguyệt, Quý Li cầu nội ngoại tộc phổ tổ mẫu Chu thị, mẫu Phạm thị viết Hoạ thị tộc .\n季 犛 以 行 遣 杜 滿 為 水 軍 都 将 左 聖 翊 軍 将 陳 問 賜 姓 胡 同 都 将 龍 捷 軍 将 陳 松 賜 姓 胡 為 步 軍 都 将 左 聖 翊 軍 将 杜 元 拓 同 都 将 . [38a*7*7]\nQuý Li dĩ Hành khiển Đỗ Mãn vi Thuỷ quân đô tướng, Tả Thánh Dực quân tướng Trần Vấn [tứ tính Hồ,] Đồng đô tướng, Long Tiệp quân tướng Trần Tùng [tứ tính Hồ,] vi Bộ quân đô tướng, Tả Thánh Dực quân tướng Đỗ Nguyên Thác đồng đô tướng..\n",
    "url": "/data/image_dvsk/ban_ky_toan_thu/quyen8/DVSKTT_ban_toan_VIII_38a.jpg"
  },
  {
    "text": "領 兵 十 五 萬 伐 占 城 〇 . [38b*1*1]\nlĩnh binh thập ngũ vạn phạt Chiêm Thành .\n季 犛 以 位 與 其 子 漢 蒼 自 稱 太 上 皇 同 聽 政 . [38b*1*10]\nQuý Li dĩ vị dữ kì tử Hán Thương, tự xưng Thái thượng hoàng, đồng thính chính.\n漢 蒼 封 其 妃 陳 氏 為 献 嘉 皇 后 居 扶 桑 宫 . [38b*2*9]\nHán Thương phong kì phi Trần thị vi Hiến Gia Hoàng Hậu, cư Phù Tang cung.\n以 桑 字 與 同 聲 改 扶 極 宫 . [38b*3*7]\nDĩ tang tự dữ tang đồng thanh, cải Phù Cực cung .\n季 犛 遣 使 如 明 . [38b*4*1]\nQuý Li khiến sứ như Minh.\n先 是 漢 蒼 母 徽 寕 公 主 追 尊 太 慈 皇 后 陳 明 宗 之 女 也 . [38b*4*7]\nTiên thị, Hán Thương mẫu Huy Ninh công chúa [truy tôn Thái Từ Hoàng Hậu,] Trần Minh Tông chi nữ dã.\n初 嫁 駙 驥 郎 陳 仁 榮 藝 宗 奪 取 以 嫁 季 犛 生 欽 聖 皇 后 及 漢 蒼 . [38b*5*7]\nSơ giá Phò Ký Lang Trần Nhân Vinh, Nghệ Tông đoạt thú, dĩ giá Quý Li, sinh Khâm Thánh Hoàng Hậu, cập Hán Thương.\n至 是 遣 使 吿 明 稱 陳 氏 已 絶 漢 蒼 明 宗 外 孫 暫 權 國 事 〇 . [38b*6*13]\nChí thị, khiến sứ cáo Minh, xưng Trần thị dĩ tuyệt, Hán Thương Minh Tông ngoại tôn tạm quyền quốc sự .\n漢 蒼 權 商 旅 船 定 上 中 下 三 等 税 . [38b*7*17]\nHán Thương quyền thương lữ thuyền định thượng, trung, hạ, tam đẳng thuế.\n上 等 每 棹 錢 五 緡 中 等 每 棹 四 緡 下 等 每 棹 三 緡 〇 . [38b*8*12]\nThượng đẳng mỗi trạo tiền ngũ mân, trung đẳng mỗi trạo tứ mân, hạ đẳng mỗi trạo tam mân .\n是 歲 占 城 主 . [38b*9*14]\nThị tuế, Chiêm Thành chủ..\n",
    "url": "/data/image_dvsk/ban_ky_toan_thu/quyen8/DVSKTT_ban_toan_VIII_38b.jpg"
  },
  {
    "text": "羅 皑 卒 子 巴 的 吏 立 . [39a*1*1]\nLa Ngai tốt, tử Ba Đích Lại lập.\n辛 巳 漢 蒼 紹 成 元 年 明 建 文 三 年 春 二 月 雷 震 城 上 店 次 〇 . [39a*2*1]\nTân Tị [Hán Thương Thiệu Thành nguyên niên, Minh Kiến Văn tam niên,] xuân nhị nguyệt, lôi chấn thành thượng điếm thứ .\n漢 蒼 改 陳 氏 協 紀 曆 行 順 天 曆 . [39a*2*25]\nHán Thương cải Trần thị Hiệp kỷ lịch hành Thuận Thiên lịch .\n三 月 雷 震 東 宫 死 者 凣 三 人 〇 . [39a*3*13]\nTam nguyệt, lôi chấn Đông Cung, tử giả phàm tam nhân .\n夏 四 月 漢 蒼 攅 造 天 下 户 籍 . [39a*4*7]\nHạ tứ nguyệt, Hán Thương toàn tạo thiên hạ hộ tịch.\n許 註 胡 氏 族 演 州 清 化 二 派 . [39a*4*18]\nHứa chú Hồ thị tộc Diễn Châu, Thanh Hoá nhị phái.\n籍 人 口 二 歲 以 上 並 以 見 在 為 實 不 許 流 亡 而 猶 有 著 籍 者 . [39a*5*11]\nTịch nhân khẩu nhị tuế dĩ thượng tịnh dĩ kiến tại vi thực, bất hứa lưu vong nhi do hữu trước tịch giả.\n榜 示 藩 鎮 凡 有 京 人 旅 寓 勒 還 原 籍 . [39a*6*16]\nBảng thị phiên trấn phàm hữu kinh nhân lữ ngụ, lặc hoàn nguyên tịch.\n先 是 季 犛 嘗 與 群 臣 言 曰 安 得 百 萬 兵 以 敵 北 㓂 同 知 樞 𡧸 使 黃 晦 卿 進 是 策 . [39a*7*12]\nTiên thị, Quý Li thường dữ quần thần ngôn viết: An đắc bách vạn binh dĩ địch Bắc khấu? Đồng tri Khu mật sứ Hoàng Hối Khanh tiến thị sách.\n至 是 籍 成 點 十 五 歲 以 上 六 十 歲 . [39a*9*6]\nChí thị tịch thành, điểm thập ngũ tuế dĩ thượng lục thập tuế..\n",
    "url": "/data/image_dvsk/ban_ky_toan_thu/quyen8/DVSKTT_ban_toan_VIII_39a.jpg"
  },
  {
    "text": "故 紹 成 二 年 點 兵 㔫 多 〇 . [39b*1*9]\nCố, Thiệu Thành nhị niên điểm binh vưu đa .\n漢 蒼 立 限 名 家 奴 法 照 依 品 級 有 差 餘 者 上 進 每 人 還 鈔 五 緡 應 得 者 出 呈 三 代 囑 書 外 國 奴 無 例 . [39b*2*1]\nHán Thương lập hạn danh gia nô pháp, chiếu y phẩm cấp hữu sai, dư giả thượng tiến, mỗi nhân hoàn sao ngũ mân, ứng đắc giả xuất trình tam đại chúc thư, ngoại quốc nô vô lệ.\n皆 有 題 額 樣 為 記 . [39b*4*3]\nGiai hữu đề ngạch dạng vi kí.\n官 奴 火 珠 樣 或 取 充 殿 前 軍 公 主 楊 棠 樣 大 王 朱 圈 二 一 品 黑 圈 各 一 二 品 以 下 黑 圈 二 . [39b*4*10]\nQuan nô hoả châu dạng hoặc thủ sung điện tiền quân, Công chúa dương đường dạng, Đại vương chu khuyên nhị, nhất phẩm hắc khuyên các nhất, nhị phẩm dĩ hạ hắc khuyên nhị.\n時 士 大 夫 貪 富 貴 希 胡 氏 意 上 書 勸 誅 陳 氏 子 孫 及 减 損 田 奴 以 抑 其 勢 . [39b*6*8]\nThời, sĩ đại phu tham phú quý hi Hồ thị ý thượng thư khuyến tru Trần thị tử tôn, cập giảm tổn điền nô dĩ ức kì thế.\n如 黃 晦 卿 阮 希 周 同 栻 之 徒 其 餘 不 可 勝 數 〇 . [39b*7*18]\nNhư Hoàng Hối Khanh, Nguyễn Hi Chu, Đồng Thức chi đồ kì dư bất khả thắng số .\n胡 松 之 擊 占 城 也 聽 丁 大 中 之 言 步 軍 行 山 脚 與 . [39b*8*18]\nHồ TÙng chi kích Chiêm Thành dã, thính Đinh Đại Trung chi ngôn, bộ quân hành sơn cước dữ..\n以 下 得 人 数 倍 於 前 . [39b*1*1]\ndĩ hạ, đắc nhân số bội ư tiền.\n",
    "url": "/data/image_dvsk/ban_ky_toan_thu/quyen8/DVSKTT_ban_toan_VIII_39b.jpg"
  },
  {
    "text": "舟 師 󰘌 遠 遭 時 水 潦 将 士 路 居 絶 粮 三 日 灸 皮 甲 以 食 軍 還 以 松 行 險 路 遇 失 軍 機 當 斬 縁 有 潜 邸 勳 勞 免 死 徒 社 兵 . [40a*1*1]\nchu sư cách viễn tao thời thuỷ lạo, tướng sĩ lộ cư tuyệt lương tam nhật, cứu bì giáp dĩ thực quân hoàn dĩ Tùng hành hiểm lộ ngộ thất quân cơ đương trảm duyên hữu tiềm để huân lao miễn tử đồ xã binh .\n漢 蒼 置 常 平 倉 給 鈔 諸 路 依 價 𨤠 榖 以 實 之 . [40a*3*11]\nHán Thương trí thường bình thương cấp sao chư lộ y giá ve-chu cốc dĩ thực chi.\n時 路 府 州 縣 官 数 有 更 置 不 果 行 〇 . [40a*4*10]\nThời lộ phủ châu huyện quan số hữu canh trí bất quả hành .\n漢 蒼 置 鄕 亭 官 有 正 有 副 . [40a*5*6]\nHán Thương trí Hương đình quan, hữu chính hữu phó.\n後 上 用 一 員 〇 . [40a*5*16]\nHậu thượng dụng nhất viên .\n漢 蒼 令 諸 路 蒸 甎 甎 音 專 甓 也 以 供 𣑦 城 之 役 . [40a*6*4]\nHán Thương lệnh chư lộ chưng chuyên [chuyên âm chuyên bích dã,] dĩ cúng trúc thành chi dịch.\n先 是 築 西 都 城 多 運 石 頭 以 就 之 尋 又 崩 塌 . [40a*7*2]\nTiên thị, trúc Tây Đô thành đa vận thạch đầu dĩ tựu chi tầm hựu băng tháp.\n至 是 始 用 上 甎 下 石 〇 . [40a*8*1]\nChí thị, thuỷ dụng thượng chuyên hạ thạch .\n漢 蒼 定 大 󰔄 官 制 刑 律 . [40a*8*10]\nHán Thương định Đại Ngu quan chế hình luật.\n冬 十 二 月 漢 蒼 以 阮 𢒎 卿 為 翰 林 學 士 . [40a*9*1]\nĐông thập nhị nguyệt, Hán Thương dĩ Nguyễn Phi Khanh vi Hàn lâm học sĩ.\n",
    "url": "/data/image_dvsk/ban_ky_toan_thu/quyen8/DVSKTT_ban_toan_VIII_40a.jpg"
  },
  {
    "text": "壬 午 漢 蒼 紹 成 二 年 明 建 文 四 年 春 二 月 漢 蒼 閲 定 軍 伍 〇 . [40b*1*1]\nNhâm Ngọ, [Hán Thương Thiệu Thành nhị niên, Minh Kiến Văn tứ niên,] xuân nhị nguyệt, Hán Thương duyệt định quân ngũ .\n三 月 漢 蒼 修 治 道 路 自 西 都 城 至 化 州 . [40b*1*25]\nTam nguyệt, Hán Thương tu trị đạo lộ tự Tây Đô thành chí Hoá Châu.\n沿 途 置 庯 舍 傳 書 謂 之 曰 千 里 衢 . [40b*2*15]\nDuyên đồ trí phố xá truyền thư vị chi viết Thiên lí cù .\n夏 六 月 漢 蒼 以 同 栻 中 賛 賜 姓 魏 比 唐 魏 徵 也 〇 . [40b*3*11]\nHạ lục nguyệt, Hán Thương dĩ Đồng Thức trung tán tứ tính Nguỵ [tỉ Đường Nguỵ Trưng dã,] .\n秋 七 月 漢 蒼 大 舉 擊 占 城 以 杜 满 為 都 将 殿 内 判 首 阮 喟 為 招 諭 使 東 都 路 安 撫 使 阮 鵬 舉 同 招 諭 使 . [40b*4*13]\nThu thất nguyệt, Hán Thương đại cử kích Chiêm thành dĩ Đỗ Mãn vi đô tướng, điện nội phán thủ Nguyễn Vị vi Chiêu dụ sứ, Đông Đô lộ an phủ sứ Nguyễn Bằng Cử đồng chiêu dụ sứ.\n大 軍 将 臨 境 丁 大 中 騎 馬 先 諸 軍 行 遇 賊 将 制 吒 難 交 戰 俱 死 之 . [40b*6*13]\nĐại quân tương lâm cảnh, Đinh Đại Trung kị mã tiên chư quân hành, ngộ tặc tướng Chế Trá Nan, giao chiến cụ tử chi.\n占 主 巴 的 吏 惧 遣 舅 布 田 進 白 黑 象 二 及 諸 方 物 仍 献 占 洞 之 地 請 退 師 . [40b*8*2]\nChiêm chủ Ba Đích lại cụ, khiến cữu Bố Điền tiến bạch hắc tượng nhị, cập chư phương vật, những hiến Chiêm Động chi địa, thỉnh thoái sư.\n布 田 至 季 犛 脅 使 . [40b*9*12]\nBố Điền chí, Quý Li hiếp sử..\n",
    "url": "/data/image_dvsk/ban_ky_toan_thu/quyen8/DVSKTT_ban_toan_VIII_40b.jpg"
  },
  {
    "text": "改 表 倂 以 古 壘 洞 納 之 . [41a*1*1]\ncải biểu tính dĩ Cổ Luỹ Động nạp chi.\n因 分 其 地 爲 升 華 思 義 四 州 . [41a*1*10]\nNhân phân kì địa vi Thăng, Hoa, Tư, Nghĩa tứ châu.\n置 升 華 路 安 撫 使 副 以 轄 之 其 原 頭 為 新 寕 鎮 . [41a*2*3]\nTrí Thăng Hoa lộ an phủ sứ phó dĩ hạt chi, kì nguyên đầu vi Tân Ninh trấn.\n占 城 收 其 近 便 人 民 還 國 存 者 補 為 軍 . [41a*3*3]\nChiêm Thành thu kì cận tiện nhân dân hoàn quốc, tồn giả bổ vi quân .\n漢 蒼 調 除 順 化 路 安 撫 使 阮 景 真 為 升 華 路 安 撫 使 . [41a*4*1]\nHán Thương điều trừ Thuận Hoá lộ an phủ sứ Nguyễn Cảnh Chân vi Thăng Hoa lộ An phủ sứ.\n景 真 上 言 請 依 漢 唐 故 事 募 人 納 粟 以 實 邊 或 賜 爵 或 免 罪 名 有 差 . [41a*5*3]\nCảnh Chân thượng ngôn thỉnh y Hán Đường cố sự mộ nhân nạp túc dĩ thực biên hoặc tứ tước hoặc miễn tội danh hữu sai.\n季 犛 批 云 識 得 幾 字 能 説 漢 唐 事 所 謂 啞 人 能 言 只 取 笑 耳 . [41a*6*11]\nQuý Li phê vân: Thức đắc cơ tự năng thuyết Hán Đường sự, sở vị á nhân năng ngôn, chỉ thủ tiếu nhĩ .\n漢 蒼 以 效 正 侯 制 摩 奴 㐌 難 為 古 壘 縣 上 侯 鎮 思 義 州 招 撫 屬 占 之 眾 以 圖 進 取 〇 . [41a*7*17]\nHán Thương dĩ Hiệu chính hầu Chế Ma Nô Đà Nan vi Cổ Luỹ huyện thượng hầu, trấn Tư Nghĩa châu, chiêu phủ thuộc Chiêm chi chúng dĩ đồ tiến thủ .\n造 雅 樂 以 文 官 . [41a*9*13]\nTạo nhã nhạc, dĩ văn quan..\n",
    "url": "/data/image_dvsk/ban_ky_toan_thu/quyen8/DVSKTT_ban_toan_VIII_41a.jpg"
  },
  {
    "text": "子 為 經 緯 郎 武 官 子 為 整 頓 郎 習 文 武 舞 〇 . [41b*1*1]\ntử vi Kinh vĩ lang, vũ quan tử vi chỉnh đốn lang, tập văn vũ vũ .\n八 月 漢 蒼 築 郊 壇 於 頓 山 行 郊 祀 禮 大 赦 . [41b*1*18]\nBát nguyệt, Hán Thương trúc Giao đàn ư Đốn Sơn, hành giao tự lễ, đại xá.\n是 日 漢 蒼 坐 雲 龍 輿 出 自 南 門 宫 嬪 命 婦 文 武 朝 臣 逐 次 陪 從 . [41b*2*16]\nThị nhật, Hán Thương toạ vân long dư xuất tự Nam môn, cung tần mệnh phụ văn võ triều thần trục thứ bồi tòng.\n婦 人 冠 服 减 夫 一 等 本 身 貴 者 不 减 . [41b*4*4]\nPhụ nhân quan phục giảm phu nhất đẳng, bản thân quý giả bất giảm.\n前 代 故 事 有 謁 二 等 禮 儀 百 官 騶 從 甚 盛 . [41b*4*18]\nTiền đại cố sự hữu yết nhị đẳng lễ nghi bách quan sô tòng thậm thịnh.\n三 年 一 行 大 禮 天 子 坐 太 平 車 刻 木 作 僊 人 形 四 十 綉 衣 執 旌 前 導 或 於 朱 雀 池 乘 小 舟 錦 䌫 以 引 之 二 年 中 禮 坐 百 禽 椅 每 年 小 禮 坐 小 椅 未 嘗 郊 祀 . [41b*5*16]\nTam niên nhất hành đại lễ, Thiên tử toạ Thái Bình xa, khắc mộc tác tiên nhân hình tứ thập tú y chấp tinh tiền đạo, hoặc ư Chu tước trì thừa tiểu chu cẩm lãm dĩ dẫn chi, nhị niên trung lễ toạ bách cầm ỷ, mỗi niên tiểu lễ toạ tiểu ỷ, vị thường giao tự.\n漢 蒼 始 行 之 . [41b*9*2]\nHán Thương thuỷ hành chi.\n以 献 爵 時 手 顫 顫 音 戰 四 之 寒 掉 也 酒 瀉 . [41b*9*7]\nDĩ hiến tước thời, thủ chiến [chiến âm chiến tứ chi hàn trạo dã,] tửu tả..\n",
    "url": "/data/image_dvsk/ban_ky_toan_thu/quyen8/DVSKTT_ban_toan_VIII_41b.jpg"
  },
  {
    "text": "干 地 而 止 〇 . [42a*1*1]\ncan địa nhi chỉ .\n漢 蒼 新 定 諸 税 例 田 租 . [42a*1*6]\nHán Thương tân định chư thuế lệ điền tô.\n前 朝 𤱈 徵 粟 三 升 今 徵 五 升 . [42a*1*15]\nTiền triều mẫu trưng túc tam thăng, kim trưng ngũ thăng.\n桑 洲 前 朝 𤱈 徵 錢 九 鏹 或 七 鏹 今 徵 上 等 𤱈 鈔 五 緡 中 等 鈔 四 緡 下 等 鈔 三 緡 . [42a*2*8]\nTang châu Tiền triều mẫu trưng tiền cửu cưỡng hoặc thất cưỡng, kim trưng thượng đẳng mẫu sao ngũ mân, trung đẳng sao tứ mân, hạ đẳng sao tam mân.\n丁 男 歲 供 錢 前 徵 三 鏹 今 照 田 止 五 髙 徵 鈔 五 陌 六 髙 至 一 𤱈 徵 一 緡 一 𤱈 一 髙 至 五 髙 徵 一 緡 五 陌 一 𤱈 六 髙 至 二 𤱈 徵 二 緡 二 𤱈 一 髙 至 五 髙 徵 二 緡 六 陌 二 𤱈 六 髙 以 上 徵 三 緡 . [42a*4*2]\nĐinh nam tuế cúng tiền tiền trưng tam cưỡng, kim chiếu điền chỉ ngũ cao trưng sao ngũ mạch, lục cao chí nhất mẫu trưng nhất mân, nhất mẫu nhất cao chí ngũ cao trưng nhất mân ngũ mạch, nhất mẫu lục cao chí nhị mẫu trưng nhị mân, nhị mẫu nhất cao chí ngũ cao trưng nhị mân lục mạch, nhị mẫu lục cao dĩ thượng trưng tam mân.\n丁 男 無 田 及 孤 兒 寡 婦 有 田 停 徵 〇 . [42a*7*18]\nĐinh nam vô điền, cập cô nhi, quả phụ hữu điền đình trưng .\n士 人 阮 禀 上 書 以 為 前 胡 宜 遜 位 退 居 金 甌 後 胡 尊 為 上 皇 . [42a*8*14]\nSĩ nhân Nguyễn Bẩm thượng thư dĩ vi Tiền Hồ nghi tốn vị thoái cư Kim Âu, Hậu Hồ tôn vi Thượng hoàng..\n",
    "url": "/data/image_dvsk/ban_ky_toan_thu/quyen8/DVSKTT_ban_toan_VIII_42a.jpg"
  },
  {
    "text": "太 子 芮 正 位 官 家 . [42b*1*1]\nThái tử Nhuệ chính vị Quan gia.\n季 犛 大 怒 以 禀 指 斥 乘 輿 事 情 切 害 斬 之 . [42b*1*8]\nQuý Li đại nộ, dĩ Bẩm chỉ xích thừa dư sự tình, thiết hại trảm chi.\n癸 未 漢 蒼 開 大 元 年 . [42b*3*1]\nQuý Mùi, [Hán Thương Khai Đại nguyên niên .\n明 太 宗 永 樂 元 年 春 二 月 漢 蒼 起 ? 無 田 而 有 財 者 遷 升 華 居 住 編 為 軍 伍 路 府 州 縣 官 相 地 居 之 . [42b*3*10]\nMinh Thái Tông Vĩnh LẠc nguyên niên,] xuân nhị nguyệt, Hán Thương khởi phát vô điền nhi hữu tài giả thiên Thăng Hoa cư trú, biên vi quân ngũ, lộ phủ châu huyện quan tương địa cư chi.\n居 某 州 則 刺 某 州 二 字 於 两 臂 為 記 . [42b*5*4]\nCư mỗ châu tắc thích mỗ châu nhị tự ư lưỡng tí vi kí.\n次 年 𭛁 妻 子 後 隨 中 途 遭 風 溺 死 民 多 怨 咨 . [42b*5*18]\nThứ niên phát thê tử hậu tuỳ trung đồ tao phong nịch tử, dân đa oán tư .\n漢 蒼 募 民 納 牛 賜 爵 以 給 升 華 居 遷 民 〇 . [42b*6*18]\nHán Thương mộ dân nạp ngưu tứ tước dĩ cấp Thăng Hoa cư thiên dân .\n漢 蒼 以 清 化 府 路 為 京 畿 三 輔 改 清 化 府 為 天 昌 府 併 九 真 愛 州 為 三 輔 . [42b*7*16]\nHán Thương dĩ Thanh Hoá phủ lộ vi Kinh kì Tam phụ, cải Thanh Hoá phủ vi Thiên Xương phủ, tính Cửu Chân, Ái Châu, vi Tam phụ.\n又 改 演 州 為 靈 原 府 併 為 四 . [42b*9*8]\nHựu cải Diễn Châu vi Linh Nguyên phủ, tính vi tứ..\n",
    "url": "/data/image_dvsk/ban_ky_toan_thu/quyen8/DVSKTT_ban_toan_VIII_42b.jpg"
  },
  {
    "text": "輔 . [43a*1*1]\nphụ.\n改 建 昌 府 為 建 寕 府 改 大 吏 山 為 金 甌 山 . [43a*1*2]\nCải Kiến Xương phủ vi Kiến Ninh phủ, cải Đại Lại sơn vi Kim Âu sơn.\n置 市 監 攽 枰 尺 升 斗 定 鈔 價 使 相 貿 易 . [43a*1*18]\nTrí thị giám ban bính xích, thăng, đấu, định sao giá sử tương mậu dịch.\n時 商 賈 多 嫌 弊 鈔 . [43a*2*15]\nThời thương giá đa hiềm tệ sao.\n又 立 拒 斥 髙 價 閉 肆 護 助 之 條 以 罪 之 . [43a*3*4]\nHựu lập cự xích cao giá bế tứ hộ trợ chi điều dĩ tội chi.\n漢 蒼 禁 宗 室 宫 人 不 得 稱 貴 號 犯 者 罪 之 〇 . [43a*4*2]\nHán Thương cấm tông thất cung nhân bất đắc xưng quý hiệu, phạm giả tội chi .\n漢 蒼 命 誅 方 術 人 陳 德 輝 . [43a*5*1]\nHán Thương mệnh tru phương thuật nhân Trần Đức Huy.\n德 輝 少 時 口 容 拳 手 過 膝 或 曰 他 日 必 貴 . [43a*5*11]\nĐức Huy thiếu thời, khẩu dung quyền, thủ quá tất, hoặc viết tha nhật tất quý.\n及 長 學 方 術 常 以 夜 間 擊 柝 作 奇 兵 法 如 有 千 萬 人 皷 譟 相 攻 之 状 又 遍 行 各 社 盗 取 廵 邏 人 姓 名 編 為 軍 籍 . [43a*6*9]\nCập trưởng, học phương thuật thường dĩ dạ gian kích thác tác kì binh pháp như hữu thiên vạn nhân cổ táo tương công chi trạng, hựu biến hành các xã đạo thủ tuần la nhân tính danh biên vi quân tịch.\n事 覺 收 捕 得 方 術 一 書 僞 印 一 顆 小 劎 一 銅 柝 一 . [43a*8*15]\nSự giác thu bổ đắc phương thuật nhất thư, nguỵ ấn nhất khoả, tiểu kiếm nhất, đồng thác nhất.\n䖏 陵 遲 . [43a*9*16]\nXử lăng trì..\n",
    "url": "/data/image_dvsk/ban_ky_toan_thu/quyen8/DVSKTT_ban_toan_VIII_43a.jpg"
  },
  {
    "text": "罪 軍 籍 投 之 水 火 不 問 〇 . [43b*1*1]\ntội quân tịch đầu chi thuỷ hoả, bất vấn .\n漢 蒼 創 天 昌 諸 陵 寝 廟 薦 享 其 祖 考 早 晚 血 食 又 創 靈 原 泡 突 諸 陵 寝 廟 以 享 其 先 祖 京 城 創 東 太 廟 以 奉 本 宗 西 太 廟 以 奉 外 家 陳 明 宗 藝 宗 〇 . [43b*1*11]\nHán Thương sáng Thiên Xương chư lăng tẩm miếu, tiến hưởng kì tổ khảo tảo vãn huyết thực, hựu sáng Linh Nguyê, Bào Đột chư lăng tẩm miếu dĩ hưởng kì tiên tổ, kinh thành sáng Đông Thái miếu dĩ phụng bản tông, Tây thái miếu dĩ phụng ngoại gia Trần Minh Tông, Nghệ Tông .\n明 遣 鄔 脩 來 告 太 宗 即 位 改 元 . [43b*4*13]\nMinh khiến ô Tu lai cáo Thái Tông tức vị, cải nguyên.\n時 明 帝 都 金 陵 燕 王 棣 反 殺 三 司 官 以 兵 向 闕 所 至 克 捷 入 城 恣 其 殺 戮 . [43b*5*7]\nThời, Minh đế đô Kim Lăng, Yên Vương Lệ phản, sát tam ti quan, dĩ binh hướng khuyết, sở chí khắc tiệp nhập thành tứ kì sát lục.\n建 文 自 焚 死 . [43b*6*17]\nKiến Văn tự phàn tử.\n棣 自 立 為 帝 改 元 永 樂 . [43b*7*4]\nLệ tự lập vi Đế, cải nguyên Vĩnh Lạc.\n時 有 詩 云 江 上 黃 旗 動 天 邊 紫 詔 回 建 文 年 已 没 洪 武 運 重 開 朝 士 遭 刑 戮 宫 娥 覩 劫 灰 誰 知 千 載 後 青 史 有 . [43b*7*13]\nThời hữu thi vân: Giang thượng hoàng kì động, Thiên biên tử chiếu hồi, Kiến Văn niên dĩ một, Hồng Vũ vận trùng khai, Triều sĩ tao hình lục, Cung nga đổ kiếp khôi, Thuỳ tri thiên tải hậu, Thanh sử hữu..\n",
    "url": "/data/image_dvsk/ban_ky_toan_thu/quyen8/DVSKTT_ban_toan_VIII_43b.jpg"
  },
  {
    "text": "餘 哀 . [44a*1*1]\ndư ai.\n或 曰 解 繁 所 作 以 此 得 禍 厂 . [44a*1*3]\nHoặc viết Giải Tấn sở tác dĩ thử đắc hoạ .\n漢 蒼 造 小 釘 船 以 擊 占 城 預 分 思 義 以 南 至 暹 羅 界 板 達 郎 黑 白 及 沙 離 牙 等 地 為 州 縣 . [44a*1*14]\nHán Thương tạo tiểu đinh thuyền dĩ kích Chiêm Thành, dự phân Tư Nghĩa dĩ Nam chí Xiêm La giới Bản Đạt Lang, Hắc Bạch, cập Sa Li Nha đẳng địa vi châu huyện.\n加 范 元 瑰 千 牛 奉 宸 二 衛 大 将 軍 領 龍 捷 軍 行 水 軍 都 将 胡 問 副 之 . [44a*3*12]\nGia Phạm Nguyên Khôi, Thiên Ngưu, Phụng Thần nhị vệ đại tướng quân lĩnh Long Tiệp quân hành, thuỷ quân đô tướng Hồ Vấn phó chi.\n杜 滿 領 天 綱 章 聖 拱 宸 軍 行 步 軍 都 将 杜 元 拓 副 之 . [44a*5*2]\nĐỗ Mãn lĩnh Thiên Cương, Chương Thánh, Củng Thần, quân hành, bộ quân đô tướng Đỗ Nguyên Thác phó chi.\n水 步 合 二 十 萬 並 受 元 瑰 節 制 . [44a*6*3]\nThuỷ bộ hợp nhị thập vạn, tịnh thụ Nguyên Khôi tiết chế.\n臨 陣 怯 敵 者 斬 妻 子 田 産 没 官 . [44a*6*15]\nLâm trận khiếp địch giả trảm thê tử điền sản một quan.\n諸 軍 入 占 境 大 修 戰 具 圍 闍 槃 城 欲 𨺻 之 . [44a*7*9]\nChư quân nhập Chiêm cảnh, đại tu chiến cụ, vi Đồ Bàn thành dục hãm chi.\n以 師 行 閲 九 月 絶 粮 不 克 而 還 . [44a*8*7]\nDĩ sư hành duyệt cửu nguyệt tuyệt lương, bất khắc nhi hoàn.\n杜 元 拓 以 違 都 将 令 免 死 徒 兵 〇 . [44a*9*1]\nĐỗ Nguyên Thác dĩ vi đô tướng lệnh, miễn tử đồ binh .\n占 城 求 救 於 . [44a*9*14]\nChiêm Thành cầu cứu ư..\n",
    "url": "/data/image_dvsk/ban_ky_toan_thu/quyen8/DVSKTT_ban_toan_VIII_44a.jpg"
  },
  {
    "text": "明 . [44b*1*1]\nMinh.\n明 人 駕 海 船 九 艘 來 救 . [44b*1*2]\nMinh nhân giá hải thuyền cửu sưu lai cứu.\n諸 軍 還 遇 諸 海 外 . [44b*1*11]\nChư quân hoàn ngộ chư hải ngoại.\n明 人 謂 元 瑰 曰 可 速 班 師 不 可 久 留 . [44b*1*18]\nMinh nhân vị Nguyên Khôi viết: Khả tốc ban sư bất khả cửu lưu.\n元 瑰 自 占 城 回 季 犛 責 以 不 能 盡 戮 明 人 之 故 . [44b*2*14]\nNguyên Khôi tự Chiêm Thành hồi, Quý Li trách dĩ bất năng tận lục Minh nhân chi cố.\n潘 孚 先 曰 元 瑰 本 無 将 才 獨 善 於 工 作 以 外 戚 之 恩 特 加 侯 秩 而 是 役 以 成 其 功 與 漢 武 帝 遣 貳 師 李 廣 利 伐 大 宛 何 以 異 哉 𰎟 山 人 方 士 阮 大 能 以 火 鍼 療 人 病 . [44b*4*1]\nPhan Phu Tiên viết: Nguyên Khôi bản vô tướng tài, độc thiện ư công tác, dĩ ngoại thích chi ân đặc gia hầu trật, nhi thị dịch dĩ thành kì công dữ Hán Vũ Đế khiến nhị sư Lí Quảng lợi phạt Đại Uyển hà dĩ dị tai! Giáp Sơn nhân phương sĩ Nguyễn Đại Năng dĩ hoả trâm liệu nhân bệnh.\n漢 蒼 除 為 廣 濟 署 丞 . [44b*7*15]\nHán Thương trừ vi Quảng tế thự thừa.\n置 廣 濟 官 属 自 此 始 . [44b*8*5]\nTrí Quảng tế quan thuộc tự thử thuỷ.\n大 能 僞 巧 有 力 能 𭛁 強 弩 後 以 廣 濟 令 兼 将 兵 戈 营 調 将 崇 威 . [44b*8*13]\nĐại Năng nguỵ xảo hữu lực năng phát cường nỗ hậu dĩ Quảng tế, lệnh kiêm tướng binh qua doanh, điều tướng Sùng Uy..\n",
    "url": "/data/image_dvsk/ban_ky_toan_thu/quyen8/DVSKTT_ban_toan_VIII_44b.jpg"
  },
  {
    "text": "軍 〇 . [45a*1*1]\nquân .\n是 時 明 使 徃 來 絡 繹 道 路 有 徵 求 者 有 責 問 者 漢 蒼 令 隨 方 救 解 度 於 奔 命 〇 . [45a*1*3]\nThị thời, Minh sứ vãng lai lạc dịch đạo lộ hữu trưng cầu giả hữu trách vấn giả, Hán Thương lệnh tuỳ phương cứu giải độ ư bôn mệnh .\n冬 十 月 漢 蒼 殺 在 北 内 官 阮 筭 等 親 属 初 明 太 祖 嘗 求 火 者 僧 人 按 摩 女 我 皆 徇 情 許 之 . [45a*2*15]\nĐông thập nguyệtm Hán Thương sát tại Bắc nội quan Nguyễn Toán đẳng thân thuộc, Sơ Minh Thái Tổ thường cầu hoả giả tăng nhân án ma nữ ngã giai tuân tình hứa chi.\n數 年 放 僧 人 秀 女 還 但 留 火 者 充 内 官 及 太 宗 即 位 有 南 侵 志 遣 阮 筭 徐 箇 阮 宗 道 吳 信 等 為 使 訪 問 親 属 𡧸 告 之 曰 如 有 北 兵 來 揭 黃 旗 題 内 官 某 人 姓 名 親 属 必 不 被 害 . [45a*4*13]\nSố niên phóng tăng nhân tú nữ hoàn đản lưu hoả giả sung nội quan cập Thái Tông tức vị hữu Nam xâm chí khiến Nguyễn Toán, Từ Cá, Nguyễn Tông Đạo, Ngô Tín đẳng vi sứ phỏng vấn thân thuộc, mật cáo chi viết: như hữu Bắc binh lai yết hoàng kì, đề Nội quan mỗ nhân tính danh thân thuộc tất bất bị hại.\n事 覺 盡 收 其 親 属 殺 之 . [45a*8*7]\nSự giác tận thu kì thân thuộc sát chi.\n甲 申 漢 蒼 開 大 二 年 明 永 樂 一 年 春 二 月 漢 蒼 以 新 興 府 路 安 . [45a*9*1]\nGiáp Thân [Hán Thương Khai Đại nhị niên, Minh Vĩnh Lạc nhất niên,] xuân nhị nguyệt, Hán Thương dĩ Tân Hưng phủ lộ an..\n",
    "url": "/data/image_dvsk/ban_ky_toan_thu/quyen8/DVSKTT_ban_toan_VIII_45a.jpg"
  },
  {
    "text": "撫 使 兼 東 都 判 陳 國 傑 能 築 隄 障 鹹 水 便 民 耕 種 賞 爵 一 資 〇 . [45b*1*1]\nphủ sứ kiêm Đông Đô phán Trần Quốc Kiệt năng trúc đê chướng hàm thuỷ tiện dân canh chủng, thưởng tước nhất tư .\n漢 蒼 遣 潘 和 甫 遣 白 黑 二 象 于 明 . [45b*2*7]\nHán Thương khiến Phan Hoà Phủ khiến bạch hắc nhị tượng vu Minh.\n先 是 占 城 既 貢 白 黑 二 象 及 献 地 以 求 緩 師 既 而 又 詭 辝 告 明 謂 胡 氏 侵 地 及 邀 取 貢 象 . [45b*3*2]\nTiên thị, chiêm Thành ký cống bạch hắc nhị tượng cập hiến địa dĩ cầu hoãn sư, ký nhi hựu nguỵ từ cáo Minh vị Hồ thị xâm địa cập yêu thủ cống tượng.\n至 是 明 遣 使 責 問 故 遣 之 〇 . [45b*4*18]\nChí thị, Minh khiến sứ trách vấn, cố khiến chi .\n漢 蒼 定 試 󰁮 人 . [45b*5*11]\nHán Thương định thí cử nhân.\n式 以 今 年 八 月 鄕 試 中 者 免 徭 役 . [45b*5*17]\nThức dĩ kim niên bát nguyệt hương thí trúng giả miễn diêu dịch.\n明 年 八 月 禮 部 試 中 者 免 選 補 . [45b*6*12]\nMinh niên bát nguyệt lễ bộ thí trúng giả miễn tuyển bổ.\n又 明 年 八 月 會 試 中 者 充 太 學 生 . [45b*7*6]\nHựu minh niên bát nguyệt hội thí trúng giả sung Thái học sinh.\n又 明 年 再 行 鄕 試 如 前 年 . [45b*8*1]\nHựu minh niên tái hành hương thí như tiền niên.\n時 士 人 專 業 期 於 進 取 止 得 禮 部 試 遭 乱 中 止 . [45b*8*11]\nThời, sĩ nhân chuyên nghiệp kì ư tiến thủ chỉ đắc Lễ bộ thí, tao loạn trung chỉ.\n試 法 倣 元 時 叄 塲 文 . [45b*9*11]\nThí pháp phỏng Nguyên thời tam trường văn..\n",
    "url": "/data/image_dvsk/ban_ky_toan_thu/quyen8/DVSKTT_ban_toan_VIII_45b.jpg"
  },
  {
    "text": "字 分 為 四 塲 . [46a*1*1]\ntự phân vi tứ trường.\n又 有 書 筭 塲 為 五 塲 . [46a*1*6]\nHựu hữu thư toán trường vi ngũ trường.\n軍 人 俳 優 犯 罪 並 不 得 預 補 . [46a*1*14]\nQuân nhân bài ưu phạm tội tịnh bất đắc dự bổ.\n初 壬 午 選 壮 丁 貧 者 為 助 役 軍 又 改 陪 衛 軍 分 為 左 右 行 號 以 禽 獸 如 鳳 凰 麒 麟 之 𩔗 以 宗 室 文 武 帶 𬋩 之 〇 . [46a*2*7]\nSơ, Nhâm Ngọ tuyển tráng đinh bần giả vi trợ dịch quân, hựu cải Bồi vệ quân phân vi tả hữu, hàng hiệu dĩ cầm thú [như phụng hoàng, kì lân chi loại,] dĩ tông thất văn vũ đái quản chi .\n漢 蒼 開 蓮 港 自 新 平 至 順 化 界 泥 沙 噴 起 用 功 不 成 〇 . [46a*4*10]\nHán Thương khai Liên Cảng tự Tân Bình chí Thuận Hoá giới, nê sa phun khởi, dụng công bất thành .\n化 州 腰 海 門 决 . [46a*5*13]\nHoá Châu yêu Hải môn quyết.\n漢 蒼 命 以 京 軍 填 塞 之 〇 . [46a*6*1]\nHán Thương mệnh dĩ kinh quân điền tái chi .\n漢 蒼 造 鉄 釘 船 以 防 北 㓂 有 中 艚 載 粮 之 號 載 粮 古 樓 船 特 載 粮 為 名 耳 上 有 棧 道 通 行 以 便 戰 鬪 下 則 二 人 摇 一 棹 . [46a*6*11]\nHán Thương tạo thiết đinh thuyền dĩ phòng Bắc khấu, hữu trung tào tải lương chi hiệu, tải lương cổ lâu thuyền đặc tải lương vi danh nhĩ, thượng hữu sạn đạo thông hành dĩ tiện chiến đấu, hạ tắc nhị nhân dao nhất trạo.\n季 犛 殺 舊 将 軍 胡 松 . [46a*9*2]\nQuý Li sát cựu tướng quân Hồ Tùng.\n先 是 松 旣 解 職 請 賣 本 . [46a*9*10]\nTiên thị, Tùng ký giải chức, thỉnh mại bản..\n",
    "url": "/data/image_dvsk/ban_ky_toan_thu/quyen8/DVSKTT_ban_toan_VIII_46a.jpg"
  },
  {
    "text": "家 噐 械 不 許 欲 用 之 也 . [46b*1*1]\ngia khí giới, bất hứa dục dụng chi dã.\n松 又 隂 與 故 行 遣 梁 元 彪 妻 陳 季 女 通 . [46b*1*10]\nTùng hựu âm dữ cố Hành khiển Lương Nguyên Bưu thê, Trần Quý nữ thông.\n季 犛 怒 曰 如 珪 如 璋 出 自 松 門 . [46b*2*7]\nQuý Li nộ viết: Như khuê như chương xuất tự Tùng môn.\n松 與 占 降 人 制 山 拏 謀 反 隂 結 占 城 人 交 通 聲 息 . [46b*3*1]\nTùng dữ Chiêm hàng nhân Chế Sơn Nả mưu phản, âm kết Chiêm Thành nhân giao thông thanh tức.\n事 覺 松 及 季 女 並 處 死 〇 . [46b*4*2]\nSự giác, Tùng cập Quý nữ tịnh xử tử .\n明 遣 行 人 李 錡 來 錡 𢫔 作 威 福 鞭 笞 伴 送 督 辨 等 官 務 令 速 去 不 計 日 程 . [46b*4*12]\nMinh khiến hành nhân Lí quý lai quý chen tác uy phúc tiên si bạn tống đốc biện đẳng quan vụ lệnh tốc khứ bất kế nhật trình.\n前 使 者 自 東 都 至 西 京 十 二 日 錡 行 八 日 及 到 舘 遍 觀 形 勢 . [46b*6*4]\nTiền, sứ giả tự Đông Đô chí Tây Kinh thập nhị nhật, quý hành bát nhật cập đáo quán, biến quan hình thế.\n錡 回 季 犛 恐 泄 事 情 邊 范 六 材 追 殺 之 . [46b*7*9]\nquý hồi, Quý Li khủng tiết sự tình biên Phạm Lục Tài truy sát chi.\n至 諒 山 而 錡 已 出 開 矣 . [46b*8*6]\nChí Lạng Sơn nhi quý dĩ xuất khai hĩ.\n錡 劾 奏 胡 氏 稱 帝 并 作 詩 有 凌 慢 語 〇 . [46b*8*15]\nquý hặc tấu Hồ thị xưng Đế, tịnh tác thi hữu lăng mạn ngữ .\n漢 蒼 令 官 員 不 得 . [46b*9*12]\nHán Thương lệnh quan viên bất đắc..\n",
    "url": "/data/image_dvsk/ban_ky_toan_thu/quyen8/DVSKTT_ban_toan_VIII_46b.jpg"
  },
  {
    "text": "著 舄 惟 許 著 生 麻 鞋 . [47a*1*1]\ntrước tả, duy hứa trước sinh ma hài.\n前 代 故 事 正 六 品 以 上 方 得 著 舄 〇 . [47a*1*9]\nTiền đại cố sự chính lục phẩm dĩ thượng phương đắc trước tả .\n漢 蒼 令 諸 路 蒸 熟 米 給 升 華 等 州 從 黃 晦 卿 之 言 也 . [47a*2*5]\nHán Thương lệnh chư lộ chưng thục mễ cấp Thăng, Hoa đẳng châu, tòng Hoàng Hối Khanh chi ngôn dã .\n漢 蒼 令 諸 路 編 無 田 者 為 窮 隊 〇 . [47a*3*8]\nHán Thương lệnh chư lộ biên vô điền giả vi cùng đội .\n漢 蒼 禁 天 下 諸 人 不 得 用 熟 搗 絹 為 衣 止 許 畧 搗 . [47a*4*3]\nHán Thương cấm thiên hạ chư nhân bất đắc dụng thục đảo quyến vi y, chỉ hứa lược đảo.\n乙 酉 漢 蒼 開 大 三 年 明 永 樂 三 年 春 二 月 季 犛 殺 士 人 阮 翁 喬 黎 頔 初 季 犛 嘗 作 詩 戒 漢 蒼 及 元 澄 其 畧 曰 天 也 襨 地 也 載 兄 弟 二 人 如 何 不 相 愛 嗚 呼 哀 哉 兮 𰙔 慷 慨 翁 喬 妻 嘗 出 入 宫 中 以 語 翁 喬 . [47a*6*1]\nẤt Dậu [Hán Thương Khai Đại tam niên, Minh Vĩnh Lạc tam niên,] xuân nhị nguyệt, Quý Li sát sĩ nhân Nguyễn Ông Kiều, Lê địch Sơ Quý Li thường tác thi giới Hán Thương cập Nguyên Trừng kì lược viết: Thiên dã phức địa dã tải, huynh đệ nhị nhân như hà bất tương ái, ô hô ai tai hề ca khảng khái! Ông Kiều thê thường xuất nhập cung trung, dĩ ngữ Ông Kiều.\n翁 喬 . [47a*9*17]\nÔng Kiều..\n",
    "url": "/data/image_dvsk/ban_ky_toan_thu/quyen8/DVSKTT_ban_toan_VIII_47a.jpg"
  },
  {
    "text": "傳 誦 於 華 盖 橋 . [47b*1*1]\ntruyền tụng ư Hoa Cái kiều.\n澄 府 學 生 阮 錦 阮 汝 明 具 以 吿 澄 . [47b*1*7]\nTrừng phủ học sinh Nguyễn Cẩm, Nguyễn Nhữ Minh cụ dĩ cáo Trừng.\n澄 白 季 犛 . [47b*2*2]\nTrừng bạch Quý Li.\n季 犛 𡧸 令 中 都 尹 杜 子 徹 捕 之 . [47b*2*6]\nQuý Li mật lệnh Trung đô doãn Đỗ Tử Triệt bổ chi.\n子 徹 為 設 盤 ? 誘 翁 喬 𦤶 下 獄 . [47b*2*18]\nTử Triệt vi thiết bàn xan, dụ Ông Kiều trí hạ ngục.\n翁 喬 失 措 辝 連 黎 頔 杜 蕞 等 . [47b*3*12]\nÔng Kiều thất thố từ liên Lê địch Đỗ Toái đẳng.\n蕞 迯 得 免 . [47b*4*5]\nToái đào đắc miễn.\n翁 喬 頔 皆 被 殺 其 何 日 宣 等 流 遠 州 . [47b*4*9]\nÔng Kiều địch giai bị sát, kì Hà Nhật Tuyên đẳng lưu viễn châu.\n阮 汝 明 等 坐 聽 徒 九 真 州 役 . [47b*5*5]\nNguyễn Nhữ Minh đẳng toạ thính đồ Cửu Chân châu dịch.\n數 月 子 徹 忽 暴 病 索 筆 曰 我 與 汝 相 訟 須 㬰 乃 死 . [47b*5*16]\nSố nguyệt, Tử Triệt hốt bạo bệnh, sách bút viết: Ngã dữ nhữ tương tụng, tu du nãi tử.\n後 日 宣 又 以 黨 死 〇 . [47b*6*17]\nHậu Nhật Tuyên hựu dĩ đảng tử .\n明 遣 使 求 割 諒 山 禄 州 之 地 . [47b*7*7]\nMinh khiến sứ cầu cát Lạng Sơn, Lộc Châu chi địa.\n時 廣 西 思 明 土 官 黃 廣 成 > > 告 謂 禄 州 係 体 府 故 地 也 . [47b*7*18]\n[Thời Quảng Tây Tư Minh thổ quan Hoàng Quảng Thành cáo vị Lộc Châu hệ thể phủ cố địa dã.\n季 犛 命 行 遣 黃 晦 卿 為 割 地 使 . [47b*8*21]\n] Quý Li mệnh hành khiển Hoàng Hối Khanh vi cát địa sứ.\n晦 卿 以 古 樓 等 村 凡 五 十 九 村 還 之 . [47b*9*5]\nHối Khanh dĩ Cổ Lâu đẳng thôn phàm ngũ thập cửu thôn hoàn chi..\n",
    "url": "/data/image_dvsk/ban_ky_toan_thu/quyen8/DVSKTT_ban_toan_VIII_47b.jpg"
  },
  {
    "text": "季 犛 責 辱 晦 卿 以 所 還 數 多 凡 彼 所 置 土 官 𡧸 令 土 人 以 毒 鴆 之 〇 . [48a*1*1]\nQuý Li trách nhục Hối Khanh dĩ sở hoàn số đa, phàm bỉ sở trí thổ quan mật lệnh thổ nhân dĩ độc chậm chi .\n漢 蒼 令 各 鎮 源 頭 納 樁 木 . [48a*2*9]\nHán Thương lệnh các trấn nguyên đầu nạp thung mộc.\n武 寕 州 許 取 古 法 陵 烏 米 木 送 各 軍 植 諸 海 口 及 大 江 要 處 以 防 北 㓂 〇 . [48a*3*1]\nVũ Ninh châu hứa thủ Cổ Pháp lăng ô mễ mộc tống các quân thực chư hải khẩu cập đại giang yếu xứ dĩ phòng Bắc khấu .\n歲 饑 〇 . [48a*4*11]\nTuế cơ .\n漢 蒼 令 諸 府 路 州 縣 官 點 視 富 家 粟 之 多 少 與 民 和 糶 有 差 〇 . [48a*4*14]\nHán Thương lệnh chư phủ lộ châu huyện quan điểm thị phú gia túc chi đa thiểu, dữ dân hoà thiếu hữu sai .\n夏 六 月 雷 震 東 宫 . [48a*6*2]\nHạ lục nguyệt, lôi chấn Đông cung.\n同 乳 奴 死 漢 蒼 命 求 直 言 〇 . [48a*6*9]\n[đồng nhũ nô tử,] Hán Thương mệnh cầu trực ngôn .\n赦 〇 . [48a*6*20]\nXá .\n漢 蒼 議 移 修 東 都 宫 殿 於 古 列 洞 . [48a*7*2]\nHán Thương nghị di tu Đông Đô cung điện ư Cổ Liệt động.\n時 北 㓂 将 興 而 民 众 憚 遠 役 故 設 此 以 收 人 心 . [48a*7*15]\nThời Bắc khấu tương hưng, nhi dân chúng đạn viễn dịch, cố thiết thử dĩ thu nhân tâm.\n然 卒 不 果 行 〇 . [48a*8*15]\nNhiên tốt bất quả hành .\n漢 蒼 置 軍 噐 四 庫 不 問 軍 民 凡 有 巧 藝 者 . [48a*9*3]\nHán Thương trí quân khí tứ khố, bất vấn quân dân phàm hữu xảo nghệ giả..\n",
    "url": "/data/image_dvsk/ban_ky_toan_thu/quyen8/DVSKTT_ban_toan_VIII_48a.jpg"
  },
  {
    "text": "皆 充 役 〇 . [48b*1*1]\ngiai sung dịch .\n秋 七 月 季 犛 漢 蒼 廵 省 京 路 山 川 及 諸 海 口 欲 知 險 易 也 . [48b*1*5]\nThu thất nguyệt, Quý Li Hán Thương tuần tỉnh kinh lộ sơn xuyên cập chư hải khẩu, dục tri hiểm dị dã.\n八 月 還 〇 . [48b*2*9]\nBát nguyệt hoàn .\n漢 蒼 命 禮 部 試 ? 人 中 選 一 百 七 十 名 以 胡 彦 臣 黎 拱 宸 充 太 學 生 裏 行 瞿 昌 朝 等 六 人 充 資 善 堂 學 生 . [48b*2*13]\nHán Thương mệnh Lễ Bộ thí cử nhân trúng tuyển nhất bách thất thập danh, dĩ Hồ Ngạn Thần, Lê Củng Thần sung Thái học sinh lí hành, Cù Xương Triều đẳng lục nhân sung Tư Thiện đường học sinh.\n資 善 堂 本 陳 朝 太 子 學 名 〇 . [48b*4*17]\n[Tư Thiện đường bản Trần triều Thái tử học danh,] .\n明 遣 内 官 阮 宗 道 等 來 〇 . [48b*5*8]\nMinh khiến nội quan Nguyễn Tông Đạo đẳng lai .\n九 月 漢 蒼 命 試 史 員 〇 . [48b*5*18]\nCửu nguyệt, Hán Thương mệnh thí sử viên .\n漢 蒼 定 南 北 班 軍 分 為 十 二 衛 殿 後 東 西 軍 分 為 八 衛 每 衛 十 八 隊 每 隊 十 八 人 . [48b*6*6]\nHán Thương định Nam Bắc ban quân phân vi thập nhị vệ, Điện hậu Đông Tây quân phân vi bát vệ, mỗi vệ thập bát đội, mỗi đội thập bát nhân.\n大 軍 三 十 隊 中 軍 二 十 隊 营 十 五 隊 團 十 隊 禁 衛 都 五 隊 . [48b*8*1]\nĐại quân tam thập đội, trung quân nhị thập đội, doanh thập ngũ đội, đoàn thập đội, Cấm vệ đô ngũ đội.\n大 将 軍 統 之 〇 . [48b*9*5]\nĐại tướng quân thống chi .\n漢 蒼 遣 左 刑 部 郎 中 . [48b*9*11]\nHán Thương khiến tả hình bộ lang trung..\n",
    "url": "/data/image_dvsk/ban_ky_toan_thu/quyen8/DVSKTT_ban_toan_VIII_48b.jpg"
  },
  {
    "text": "范 耕 如 明 求 和 通 判 劉 光 庭 副 之 . [49a*1*1]\nPhạm Canh như Minh cầu hoà, Thông phán lưu Quang Đình phó chi.\n明 獨 留 耕 而 遣 光 庭 還 〇 . [49a*1*14]\nMinh độc lưu Canh nhi khiến Quang Đình hoàn .\n季 犛 貶 阮 景 真 升 華 路 安 撫 使 以 豊 國 監 ? 幹 阮 彦 光 為 宣 撫 使 兼 新 寕 鎮 制 置 使 . [49a*2*6]\nQuý Li biếm Nguyễn Cảnh Chân Thăng Hoa lộ an phủ sứ, dĩ Phong quốc giám quản cán Nguyễn Ngạn Quang vi Tuyên phủ sứ kiêm Tân Ninh trấn chế trí sứ.\n季 犛 作 詩 賜 之 曰 邊 郡 承 宣 資 壮 志 䧺 藩 節 制 有 徽 猷 青 松 保 爾 歲 寒 節 白 髮 寬 予 西 顧 󰪽 訓 飾 兵 農 皆 就 緒 解 停 鎮 戍 是 何 秋 勤 勞 物 謂 無 知 者 四 目 原 非 蔽 冕 旈 〇 . [49a*4*2]\nQuý Li tác thi tứ chi viết: Biên quận thừa tuyên tư tráng chí, Hùng phiên tiết chế hữu huy du, Thanh tùng bảo nhĩ tuế hàn tiết, Bạch phát khoan dư tây cố ưu, Huấn sức binh nông giai tựu tự, Giải đình trấn thú thị hà thu, Cần lao vật vị vô tri giả, Tứ mục nguyên phi tế miện lưu .\n季 犛 自 以 年 七 十 賜 諸 路 父 老 七 十 以 上 爵 一 資 婦 人 賜 鈔 京 城 賜 爵 及 酺 〇 . [49a*7*12]\nQuý Li tự dĩ niên thất thập tứ chư lộ phụ lão thất thập dĩ thượng tước nhất tư, phụ nhân tứ sao, kinh thành tứ tước cập bồ .\n漢 蒼 遣 東 路 太 守 黃 晦 卿 督 民 夫 . [49a*9*6]\nHán Thương khiến Đông lộ thái thú Hoàng Hối Khanh đốc dân phu..\n",
    "url": "/data/image_dvsk/ban_ky_toan_thu/quyen8/DVSKTT_ban_toan_VIII_49a.jpg"
  },
  {
    "text": "築 多 邦 城 以 捍 賊 . [49b*1*1]\ntrúc Đa Bang thành dĩ hãn tặc.\n時 有 神 祠 為 其 所 毀 晦 卿 夜 夢 神 人 來 告 復 修 之 . [49b*1*8]\nThời, hữu thần từ vi kì sở huỷ, Hối Khanh dạ mộng thần nhân lai cáo, phục tu chi.\n晦 卿 作 詩 有 云 茅 簷 命 也 供 樵 爨 老 木 時 乎 厄 斧 斤 𧥾 者 知 其 不 善 終 . [49b*2*9]\n[Hối Khanh tác thi hữu vân: Mao thiềm mệnh dã cúng tiều thoán Lão mộc thời hồ ách phủ cân thí giả tri kì bất thiện chung,] .\n漢 蒼 令 東 都 衛 軍 植 樁 截 白 鶴 江 口 以 禦 賊 自 宣 光 來 者 〇 . [49b*3*10]\nHán Thương lệnh Đông Đô vệ quân thực thung tiệt Bạch Hạc giang khẩu dĩ ngự tặc tự Tuyên Quang lai giả .\n漢 蒼 詔 諸 路 安 撫 使 赴 闕 與 京 官 會 議 或 戰 或 和 . [49b*4*11]\nHán Thương chiếu chư lộ an phủ sứ phó khuyết, dữ kinh quan hội nghị hoặc chiến hoặc hoà.\n有 勸 戰 勿 為 他 日 之 患 者 . [49b*5*12]\nHữu khuyến chiến vật vi tha nhật chi hoạn giả.\n北 〇 鎮 撫 阮 均 以 為 姑 和 之 從 他 所 好 以 緩 師 可 也 . [49b*6*4]\nBắc Giang trấn phủ Nguyễn Quân dĩ vi cô hoà chi tòng tha sở hảo dĩ hoãn sư khả dã.\n左 相 國 澄 曰 臣 不 怕 戰 但 怕 民 心 之 從 違 耳 . [49b*7*6]\nTả tướng quốc Trừng viết: Thần bất phạ chiến, đản phạ dân tâm chi tòng vi nhĩ.\n季 犛 以 檳 榔 金 匣 賜 之 . [49b*8*5]\nQuý Li dĩ tân lang kim hạp tứ chi.\n史 臣 吳 士 連 曰 天 命 在 乎 民 心 . [49b*9*1]\nSử thần Ngô Sĩ Liên viết: Thiên mệnh tại hồ dân tâm.\n澄 之 言 深 得 . [49b*9*13]\nTrừng chi ngôn thâm đắc..\n",
    "url": "/data/image_dvsk/ban_ky_toan_thu/quyen8/DVSKTT_ban_toan_VIII_49b.jpg"
  },
  {
    "text": "其 要 不 可 以 胡 氏 故 廢 澄 之 言 . [50a*1*1]\nkì yếu bất khả dĩ Hồ thị cố phế Trừng chi ngôn.\n漢 蒼 命 禁 精 酒 以 其 糜 榖 也 〇 . [50a*2*1]\nHán Thương mệnh cấm tinh tửu, dĩ kì mi cốc dã .\n漢 蒼 罷 鄕 亭 官 . [50a*2*13]\nHán Thương bãi hương đình quan.\n丙 戌 漢 蒼 開 大 四 年 明 永 樂 四 年 夏 四 月 明 遣 征 南 ? 軍 右 軍 都 督 同 知 韓 觀 參 将 都 督 同 知 黃 中 領 廣 西 兵 十 萬 來 侵 假 送 僞 陳 王 添 平 還 國 觀 留 界 首 不 行 . [50a*3*1]\nBính Tuất [Hán Thương Khai Đại tứ niên, Minh Vĩnh Lạc tứ niên,] hạ tứ nguyệt, Minh khiến Chinh Nam tướng quân hữu quân Đô đốc đồng tri Hàn Quan, Tham tướng đô đốc đồng tri Hoàng Trung lĩnh Quảng Tây binh thập vạn lai xâm, giả tống nguỵ Trần Vương Thiêm Bình hoàn quốc, quan lưu giới thủ bất hành.\n八 日 黃 中 犯 冷 涇 䦕 胡 軍 敗 績 . [50a*6*2]\nBát nhật, Hoàng Trung phạm Lãnh Kinh quan, Hồ quân bại tích.\n是 日 早 諸 軍 水 步 交 戰 二 衛 大 将 范 元 瑰 振 綱 軍 将 朱 秉 忠 三 輔 軍 将 陳 元 暄 左 神 翊 軍 陳 太 僕 皆 敗 死 . [50a*6*14]\nThị nhật, tảo chư quân thuỷ bộ giao chiến, nhị vệ đại tướng Phạm Nguyên Khôi, Chấn Cương quân tướng Chu Bỉnh Trung, Tam Phụ quân tướng Trần Nguyên Huyên, Tả Thần Dực quân Trần Thái Bộc giai bại tử.\n左 相 國 澄 舍 舟 上 岸 幾 𨺻 㥯 扶 下 船 得 脱 . [50a*8*18]\nTả tướng quốc Trừng xá chu thượng ngạn cơ hãm, cấp phù hạ thuyền đắc thoát.\n以 彼 軍 . [50a*9*16]\nDĩ bỉ quân..\n",
    "url": "/data/image_dvsk/ban_ky_toan_thu/quyen8/DVSKTT_ban_toan_VIII_50a.jpg"
  },
  {
    "text": "少 輕 之 故 也 . [50b*1*1]\nthiểu khinh chi cố dã.\n惟 左 聖 翊 軍 胡 問 自 武 髙 引 軍 奄 至 敗 之 . [50b*1*6]\nDuy Tả Thánh Dực quân Hồ Vấn tự Vũ Cao dẫn quân yểm chí bại chi.\n中 料 不 敵 夜 漏 二 皷 遁 歸 . [50b*2*4]\nTrung liệu bất địch, dạ lậu nhị cổ độn quy.\n右 聖 翊 軍 将 胡 射 北 江 聖 翊 軍 ? 陳 挺 先 已 受 命 截 支 陵 ? . [50b*2*14]\nHữu Thánh Dực quân tướng Hồ Xạ, Bắc Giang Thánh Dực quân tướng Trần Đĩnh tiên dĩ thụ mệnh tiệt Chi Lăng quan.\n明 乃 解 送 添 平 遣 軍 醫 髙 景 照 𦤶 降 書 云 黃 總 兵 官 差 小 人 前 來 達 官 人 知 這 事 情 . [50b*4*1]\nMinh nãi giải tống Thiêm Bình, khiến quân y cao Cảnh chiếu trí hàng thư vân: Hoàng Tổng binh quan sai tiểu nhân tiền lai đạt quan nhân tri giá sự tình.\n先 為 陳 添 平 走 到 朝 廷 奏 他 正 是 安 南 國 王 子 以 此 差 大 兵 來 招 . [50b*5*15]\nTiên vi Trần Thiêm Bình tẩu đáo triều đình tấu tha chính thị An Nam quốc vương tử, dĩ thử sai đại binh lai chiêu.\n不 期 彼 䖏 百 姓 俱 各 不 服 顯 是 虚 誕 . [50b*7*4]\nBất kì bỉ xứ bách tính cụ các bất phục hiển thị hư đản.\n今 退 官 軍 回 奏 遇 䦕 隘 去 䖏 守 把 路 塞 不 通 . [50b*7*18]\nKim thoái quan quân hồi tấu ngộ quan ải khứ xứ thủ bả lộ tái bất thông.\n今 将 添 平 來 献 放 去 幸 甚 . [50b*8*17]\nKim tương Thiêm Bình lai hiến phóng khứ hạnh thậm.\n胡 射 許 之 . [50b*9*9]\nHồ Xạ hứa chi.\n故 俘 虜 雖 多 而 . [50b*9*13]\nCố phù lỗ tuy đa nhi..\n",
    "url": "/data/image_dvsk/ban_ky_toan_thu/quyen8/DVSKTT_ban_toan_VIII_50b.jpg"
  },
  {
    "text": "明 人 亦 有 奔 逸 者 . [51a*1*1]\nMinh nhân diệc hữu bôn dật giả.\n献 捷 󰍶 鞠 問 添 平 是 何 宗 派 添 平 不 以 吿 . [51a*1*8]\nHiến tiệp tất cúc vấn Thiêm Bình thị hà tông phái Thiêm Bình bất dĩ cáo.\n令 諸 人 有 䏻 認 識 者 賞 爵 一 資 無 敢 認 者 . [51a*2*6]\nLệnh chư nhân hữu năng nhận thức giả thưởng tước nhất tư, vô cảm nhận giả.\n處 陵 遲 罪 . [51a*3*4]\nXử lăng trì tội.\n添 平 陳 元 輝 家 奴 即 阮 康 也 . [51a*3*8]\nThiêm Bình Trần Nguyên Huy gia nô, tức Nguyễn Khang dã.\n其 俘 囚 兵 𭛁 居 乂 安 種 田 官 吏 留 在 京 付 貴 人 家 收 養 〇 . [51a*4*1]\nKì phù tù binh phát cư Nghệ An chủng điền, quan lại lưu tại kinh phò quý nhân gia thu dưỡng .\n明 内 錦 衣 衛 范 質 言 於 漢 蒼 曰 劉 光 庭 奉 使 到 北 京 拜 添 平 即 日 收 光 庭 斬 之 . [51a*5*5]\nMinh nội cẩm y vệ Phạm Chất ngôn ư Hán Thương viết: Lưu Quang Đình phụng sứ đáo Bắc kinh bái Thiêm Bình, tức nhật thu Quang Đình trảm chi .\n漢 蒼 賞 戰 功 爵 名 三 資 . [51a*6*18]\nHán Thương thưởng chiến công tước danh tam tư.\n胡 射 以 聽 明 人 擒 送 添 平 之 計 𦤶 黃 中 等 奔 逸 而 不 得 萬 全 射 與 其 下 止 得 二 資 . [51a*7*9]\nHồ Xạ dĩ thính Minh nhân cầm tống Thiêm Bình chi kế trí Hoàng Trung đẳng bôn dật nhi bất đắc vạn toàn, Xạ dữ kì hạ chỉ đắc nhị tư.\n内 外 文 武 表 賀 辝 不 受 〇 . [51a*9*4]\nNội ngoại văn võ biểu hạ từ bất thụ .\n初 明 人 之 入 . [51a*9*14]\nSơ, Minh nhân chi nhập..\n",
    "url": "/data/image_dvsk/ban_ky_toan_thu/quyen8/DVSKTT_ban_toan_VIII_51a.jpg"
  },
  {
    "text": "境 也 令 人 民 禾 榖 並 除 去 諒 州 武 寕 北 江 嘉 林 三 󰅾 清 野 萧 然 . [51b*1*1]\ncảnh dã, lệnh nhân dân hoà cốc tịnh trừ khứ, Lạng Châu, Vũ Ninh, Bắc Giang, Gia Lâm Tam Đái thanh dã tiêu nhiên.\n明 人 退 人 民 復 業 〇 . [51b*2*7]\nMinh nhân thoái, nhân dân phục nghiệp .\n漢 蒼 遣 三 江 安 撫 使 陳 恭 肃 如 明 求 和 且 解 添 平 事 愛 州 通 判 枚 秀 夫 副 之 僉 判 蔣 資 為 從 事 . [51b*2*15]\nHán Thương khiến Tam Giang an phủ sứ Trần Cung Túc như Minh cầu hoà thả giải Thiêm Bình sự, Ái Châu thông phán Mai Tú Phu phó chi, Thiêm phán Tưởng Tư vi tòng sự.\n明 留 之 後 獲 二 胡 始 放 還 〇 . [51b*4*15]\nMinh lưu chi, hậu hoạch nhị Hồ thuỷ phóng hoàn .\n漢 蒼 召 升 華 宣 撫 使 阮 彦 光 為 大 理 正 以 義 州 鎮 撫 使 黎 光 祖 行 升 華 宣 撫 使 晦 卿 以 行 遣 左 司 侍 郎 兼 領 升 華 太 守 新 寕 節 制 專 治 一 方 . [51b*5*8]\nHán Thương triệu Thăng Hoa tuyên phủ sứ Nguyễn Ngạn Quang vi Đại Lí chính, dĩ Nghĩa Châu trấn phủ sứ Lê Quang Tổ hành Thăng Hoa tuyên phủ sứ, Hối Khanh dĩ Hành khiển tả ti thị lang, kiêm lĩnh Thăng Hoa thái thú, Tân Ninh tiết chế chuyên trị nhất phương.\n杜 满 解 尙 書 令 右 參 知 政 事 以 行 遣 兵 部 尙 書 兼 千 牛 衛 大 将 軍 杜 人 鑑 代 . [51b*8*7]\nĐỗ Mãn giải Thượng thư, lệnh Hữu tham tri chính sự dĩ Hành khiển Binh bộ thượng thư kiêm Thiên ngưu vệ đại tướng quân Đỗ Nhân Giám đại.\n監 . [51b*9*18]\nGiám..\n",
    "url": "/data/image_dvsk/ban_ky_toan_thu/quyen8/DVSKTT_ban_toan_VIII_51b.jpg"
  },
  {
    "text": "天 綱 軍 内 人 吳 免 為 行 遣 尙 書 令 右 參 知 政 事 兼 知 天 昌 府 諸 陵 〇 . [52a*1*1]\nThiên Cương quân nội nhân Ngô Miễn vi Hành khiển thượng thư lệnh hữu tham tri chính sự kiêm tri Thiên Xương phủ chư lăng .\n六 月 報 天 塔 頂 落 東 都 安 撫 使 黎 凱 不 報 . [52a*2*9]\nLục nguyệt, Báo Thiên tháp đỉnh lạc, Đông Đô an phủ sứ Lê Khải bất báo.\n貶 一 資 . [52a*3*7]\nBiếm nhất tư.\n行 遣 門 下 右 司 郎 中 陳 彦 昭 罷 為 户 部 尙 書 以 簽 知 内 𡧸 兼 知 審 刑 院 事 阮 謹 為 行 遣 門 下 右 司 郎 中 〇 . [52a*3*10]\nHành khiển môn hạ hữu ti lang trung Trần Ngạn Chiêu bãi vi Hộ bộ Thượng thư, dĩ Thiêm tri nội mật kiêm tri Thẩm hình viện sự Nguyễn Cẩn vi Hành khiển môn hạ hữu ti lang trung .\n漢 蒼 增 補 鄕 軍 以 有 爵 者 權 押 募 亡 命 人 為 勇 悍 軍 置 千 百 户 以 𬋩 之 〇 . [52a*5*14]\nHán thương tăng bổ hương quân dĩ hữu tước giả quyền áp mộ vong mệnh nhân vi Dũng Hãn quân, trí Thiên bách hộ dĩ quản chi .\n季 犛 夢 神 人 誦 詩 云 二 月 在 家 四 月 亂 華 五 月 風 波 八 月 山 何 十 月 龍 車 〇 . [52a*7*6]\nQuý Li mộng thần nhân tụng thi vân: Nhị nguyệt tại gia, tứ nguyệt loạn Hoa, ngũ nguyệt phong ba, Bát nguyệt sơn hà, Thập nguyệt long xa .\n秋 七 月 漢 蒼 令 諸 路 樹 柵 大 江 南 岸 自 多 邦 城 至 嚕 . [52a*8*17]\nThu thất nguyệt, Hán Thương lệnh chư lộ thụ sách Đại giang nam ngạn tự Đa Bang thành chí Lỗ..\n",
    "url": "/data/image_dvsk/ban_ky_toan_thu/quyen8/DVSKTT_ban_toan_VIII_52a.jpg"
  },
  {
    "text": "江 諒 州 至 住 江 以 爲 守 僃 之 計 〇 . [52b*1*1]\nGiang, Lạng Châu chí Trú Giang, dĩ vi thủ bị chi kế .\n漢 蒼 令 三 󰅾 北 江 之 民 儲 蓄 過 江 於 荒 閑 處 營 造 房 屋 将 徒 居 焉 . [52b*1*14]\nHán Thương lệnh Tam Đái, Bắc Giang chi dân trừ súc quá giang ư hoang nhàn xứ doanh tạo phòng ốc tương đồ cư yên .\n漢 蒼 徵 ? 官 聽 候 儲 用 . [52b*3*4]\nHán Thương trưng cựu quan thính hậu trừ dụng .\n九 月 明 遣 征 夷 右 副 將 軍 掛 征 夷 副 将 軍 印 新 成 侯 張 輔 參 将 熒 陽 伯 陳 旭 領 兵 四 十 萬 犯 坡 壘 關 一 休 一 行 更 番 相 濟 . [52b*3*14]\nCửu nguyệt, Minh khiến Chinh Di hữu phó tướng quân quải Chinh Di phó tướng quân ấn Tân Thành hầu Trương Phụ, Tham tướng Huỳnh Dương Bá Trần Húc lĩnh binh tứ thập vạn phạm Pha Luỹ quan, nhất hưu nhất hành cánh phiên tương tế.\n征 夷 左 副 将 軍 西 平 侯 沐 𣆭 參 将 右 軍 都 督 同 知 豐 城 侯 李 彬 亦 領 兵 四 十 萬 犯 富 令 關 鑿 山 伐 木 開 道 進 兵 . [52b*6*6]\nChinh Di tả phó tướng quân Tây Bình hầu Mộc Thạnh, Tham tướng hữu quân đô đốc đồng tri Phong Thành hầu Lí Bân, diệc lĩnh binh tứ thập vạn phạm Phú Linh quan, tạc sơn, phạt mộc, khai đạo, tiến binh.\n二 道 兵 總 八 十 萬 . [52b*8*12]\nNhị đạo binh tổng bát thập vạn.\n十 一 月 會 白 鶴 江 列 營 大 江 北 岸 直 抵 住 江 . [52b*9*1]\nThập nhất nguyệt, hội Bạch Hạc Giang liệt doanh Đại Giang Bắc ngạn trực để Trú Giang.\n漢 . [52b*9*18]\nHán..\n",
    "url": "/data/image_dvsk/ban_ky_toan_thu/quyen8/DVSKTT_ban_toan_VIII_52b.jpg"
  },
  {
    "text": "蒼 令 大 江 軍 聽 左 相 國 澄 節 制 住 江 軍 聽 簽 聞 朝 政 胡 杜 節 制 . [53a*1*1]\nThương lệnh Đại Giang quân thính Tả tướng quốc Trừng tiết chế, Trú Giang quân thính Thiêm văn triều chính Hồ Đỗ tiết chế.\n外 連 水 軍 戰 艦 岸 上 兵 象 對 壘 未 嘗 一 戰 . [53a*2*7]\nNgoại liên thuỷ quân chiến hạm ngạn thượng binh tượng đối luỹ vị thường nhất chiến.\n先 是 明 遣 太 子 太 傅 成 國 公 朱 ? 以 總 兵 掛 征 夷 将 軍 印 領 眾 南 侵 . [53a*3*5]\nTiên thị, Minh khiến Thái tử Thái phó Thành quốc công Chu Năng dĩ tổng binh, quải Chinh Di tướng quân ấn, lĩnh chúng nam xâm.\n䏻 至 廣 西 太 平 府 卒 . [53a*4*13]\nNăng chí Quảng Tây Thái Bình phủ tốt.\n䏻 預 出 榜 數 胡 氏 之 罪 及 塲 言 尋 陳 氏 復 其 王 爵 . [53a*5*3]\nNăng dự xuất bảng số Hồ thị chi tội, cập trường ngôn tầm Trần thị phục kì vương tước.\n至 是 輔 𣆭 等 多 以 木 牌 書 其 榜 順 流 放 下 . [53a*6*4]\nChí thị, Phụ Thạnh đẳng đa dĩ mộc bài thư kì bảng thuận lưu phóng hạ.\n諸 軍 見 者 謂 祈 必 然 且 厭 胡 氏 苛 政 罔 有 戰 心 〇 . [53a*7*2]\nChư quân kiến giả vị kì tất nhiên thả yếm Hồ thị hà chính võng hữu chiến tâm .\n莫 迪 莫 邃 莫 遠 及 阮 勛 冒 姓 莫 者 皆 不 得 志 𨒖 降 於 明 明 並 授 以 官 . [53a*8*3]\nMạc Địch, Mạc Thuý, Mạc Viễn cập Nguyễn Huân mạo tính Mạc giả giai bất đắc chí nghênh hàng ư Minh, Minh tịnh thụ dĩ quan.\n後 邃 至 參 政 迪 指 揮 . [53a*9*11]\nHậu Thuý chí Tham chính, Địch chỉ huy..\n",
    "url": "/data/image_dvsk/ban_ky_toan_thu/quyen8/DVSKTT_ban_toan_VIII_53a.jpg"
  },
  {
    "text": "使 遠 盐 運 使 勛 布 政 使 . [53b*1*1]\nsứ, Viễn diêm vận sứ, Huân bố chính sứ.\n邃 迪 遠 莫 挺 〇 . [53b*1*10]\n[Thuý, Địch, Viễn, Mạc Đĩnh .\n之 之 孫 也 . [53b*1*16]\nChi chi tôn dã.\n冬 十 月 人 復 至 瀘 江 以 北 復 清 野 如 初 〇 . [53b*1*20]\n] Đông thập nguyệt, nhân phục chí Lô giang dĩ Bắc phục thanh dã như sơ .\n十 二 月 二 日 明 人 奪 𧻗 池 木 丸 江 岸 及 白 鶴 江 樁 . [53b*2*14]\nThập nhị nguyệt, nhị nhật, Minh nhân đoạt Việt Trì, Mộc Hoàn giang ngạn, cập Bạch Hạc giang thung.\n左 聖 翊 軍 将 胡 射 失 守 移 陣 大 江 之 南 . [53b*3*15]\nTả Thánh Dực quân tướng Hồ Xạ thất thủ di trận Đại Giang chi Nam.\n七 日 夜 明 人 舁 音 于 對 󰁮 也 . [53b*4*12]\nThất nhật, dạ, Minh nhân dư [âm vu đối cử dã.\n船 出 天 幕 江 州 北 岸 . [53b*5*4]\n] thuyền xuất Thiên Mạc giang châu Bắc ngạn.\n軍 将 陳 挺 敗 之 . [53b*5*13]\nQuân tướng Trần đĩnh bại chi.\n明 将 以 其 退 者 行 軍 令 . [53b*5*19]\nMinh tướng dĩ kì thoái giả hành quân lệnh.\n眾 皆 效 死 自 願 立 功 . [53b*6*8]\nChúng giai hiệu tử, tự nguyện lập công.\n久 日 夜 明 人 襲 胡 軍 於 木 丸 州 . [53b*6*16]\nCửu nhật, dạ, Minh nhân tập Hồ quân ư Mộc Hoàn châu.\n左 神 翊 軍 将 阮 公 瑰 方 以 女 色 自 娛 不 爲 僃 船 燒 始 盡 全 軍 陷 没 寂 無 戰 聲 上 下 水 軍 莫 有 救 者 但 遙 請 左 相 國 澄 誰 . [53b*7*10]\nTả Thần Dực quân tướng Nguyễn Công Khôi phương dĩ nữ sắc tự ngu bất vi bị, thuyền thiêu thuỷ tận, toàn quân hãm một tịch vô chiến thanh, thượng hạ thuỷ quân mạc hữu cứu giả, đản dao thỉnh Tả tướng quốc Trừng thuỳ..\n",
    "url": "/data/image_dvsk/ban_ky_toan_thu/quyen8/DVSKTT_ban_toan_VIII_53b.jpg"
  },
  {
    "text": "可 代 守 . [54a*1*1]\nkhả đại thủ.\n明 人 遂 渡 江 造 浮 橋 以 濟 . [54a*1*4]\nMinh nhân toại độ giang tạo phù kiều dĩ tế.\n十 二 日 早 明 人 張 輔 率 都 督 黄 中 都 指 揮 蔡 福 攻 多 邦 城 之 西 北 . [54a*1*14]\nThập nhị nhật, tảo, Minh nhân Trương Phụ suất Đô đốc Hoàng Trung đô chỉ huy Thái Phúc công Đa Bang thành chi Tây Bắc.\n木 𣆭 率 都 督 陳 濬 等 攻 城 之 東 南 . [54a*3*3]\nMộc Thạnh suất Đô đốc Trần Tuấn đẳng công thành chi Đông Nam.\n積 屍 ? 與 城 齊 猶 且 進 戰 無 敢 止 者 . [54a*3*16]\nTích thi tương dữ thành tề do thả tiến chiến vô cảm chỉ giả.\n天 長 軍 将 阮 宗 杜 等 穴 城 以 出 象 . [54a*4*12]\nThiên Trường quân tướng Nguyễn Tông Đỗ đẳng huyệt thành dĩ xuất tượng.\n明 人 以 火 箭 射 之 . [54a*5*7]\nMinh nhân dĩ hoả tiễn xạ chi.\n象 退 縮 明 人 隨 象 以 入 . [54a*5*14]\nTượng thoái súc Minh nhân tuỳ tượng dĩ nhập.\n城 遂 陷 . [54a*6*5]\nThành toại hãm.\n沿 江 諸 軍 大 潰 退 據 黃 江 明 人 入 東 都 擄 掠 女 子 玉 帛 會 計 粮 儲 分 官 辨 事 招 集 流 民 為 久 居 計 . [54a*6*8]\nDuyên giang chư quân đại hội thoái cứ Hoàng Giang, Minh nhân nhập Đông Đô lỗ lược nữ tử ngọc bạch, hội kế lương trừ phân quan biện sự chiêu tập lưu dân vi cửu cư kế.\n多 閹 割 童 男 及 𠬧 各 處 銅 錢 驛 送 金 陵 . [54a*8*9]\nĐa yêm cát đồng nam cập thu các xứ đồng tiền dịch tống Kim Lăng.\n",
    "url": "/data/image_dvsk/ban_ky_toan_thu/quyen8/DVSKTT_ban_toan_VIII_54a.jpg"
  }
]