[
  {
    "text": "大 越 史 記 本 紀 全 書 卷 之 九 後 陳 紀 簡 定 帝 諱 頠 藝 宗 之 次 子 也 . [1a*1*1]\nĐại Việt Sử Ký Bản Kỷ Toàn Thư quyển chi cửu Hậu Trần kỷ Giản Định Đế [Huý Ngỗi, Nghệ Tông chi thứ tử dã.\n𦾔 號 簡 定 . [1a*3*12]\nCựu hiệu Giản Định.\n胡 氏 改 對 日 南 郡 王 . [1a*3*16]\nHồ thị cải đối Nhật Nam Quận Vương.\n胡 末 起 兵 興 復 陳 室 . [1a*3*24]\nHồ mạt khởi binh hưng phục Trần thất.\n在 位 二 年 餘 〇 . [1a*3*32]\nTại vị nhị niên dư .\n帝 無 撥 亂 才 又 棄 其 輔 自 取 滅 亡 非 不 幸 也 . [1a*4*5]\nĐế vô bát loạn tài, hựu khí kì phụ, tự thủ diệt vong, phi bất hạnh dã.\n丁 亥 興 󰆑 元 年 十 月 以 前 漢 蒼 開 大 五 年 〇 . [1a*4*22]\n] Đinh Hợi Hưng Khánh nguyên niên, [Thập nguyệt dĩ tiền Hán Thương Khai Đại ngũ niên .\n明 永 樂 五 年 春 二 月 二 十 日 胡 左 相 國 澄 進 軍 嚕 江 . [1a*5*18]\nMinh Vĩnh Lạc ngũ niên,] xuân nhị nguyệt, nhị thập nhật, Hồ Tả tướng quốc Trừng tiến quân Lô Giang.\n明 人 㨿 两 岸 夾 攻 . [1a*6*11]\nMinh nhân cứ lưỡng ngạn hiệp công.\n澄 軍 敗 績 退 保 悶 口 . [1a*6*18]\nTrừng quân bại tích, thoái bảo Muộn khẩu.\n季 犛 漢 蒼 並 回 清 化 . [1a*7*8]\nQuý Li, Hán Thương tịnh hồi Thanh Hoá.\n京 路 多 從 賊 以 叛 胡 杜 胡 射 棄 平 灘 過 太 平 大 全 至 悶 口 併 力 築 壘 鑄 火 噐 造 艨 艟 以 拒 敵 . [1a*7*16]\nKinh lộ đa tòng tặc dĩ phản Hồ Đỗ, Hồ Xạ khí Bình Than quá Thái Bình, Đại Toàn chí Muộn khẩu, tính lực trúc luỹ, chú hoả khí, tạo mông đồng dĩ cự địch.\n募 登 者 賜 . [1a*9*15]\nMộ đăng giả tứ..\n",
    "url": "/data/image_dvsk/ban_ky_toan_thu/quyen9/DVSKTT_ban_toan_IX_1a.jpg"
  },
  {
    "text": "身 爵 一 男 妻 宗 姬 給 田 十 𤱈 〇 . [1b*1*1]\nthân tước, nhất nam thê tông, cơ cấp điền thập mẫu .\n胡 侍 中 陳 元 祉 天 徽 公 主 出 避 亂 人 民 出 塗 山 中 書 令 陳 師 賢 與 天 嘉 公 主 泝 大 江 並 降 于 明 . [1b*1*13]\nHồ thị trung Trần Nguyên Chỉ Thiên Huy công chúa xuất tị loạn nhân dân xuất Đồ Sơn, Trung thư lệnh Trần Sư Hiền dữ Thiên Gia công chúa tố Đại Giang, tịnh hàng vu Minh .\n胡 神 丁 軍 ? 吳 成 順 風 乘 潮 進 擊 突 至 膠 水 . [1b*3*14]\nHồ Thần Đinh quân tướng Ngô Thành thuận phong thừa triều tiến kích đột chí Giao Thuỷ.\n輔 𣆭 分 兵 两 岸 截 之 成 勢 孤 陷 陣 死 贈 驍 衛 将 軍 〇 . [1b*4*13]\nPhụ Thạnh phân binh lưỡng ngạn tiệt chi, Thành thế cô, hãm trận tử, tặng Kiêu vệ tướng quân .\n建 興 人 阮 日 堅 聚 眾 殺 鎮 撫 使 潘 和 甫 降 于 張 輔 後 日 堅 驕 矜 不 法 輔 殺 之 . [1b*5*15]\nKiến Hưng nhân Nguyễn Nhật Kiên tụ chúng sát trấn phủ sứ Phan Hoà Phủ hàng vu Trương Phụ, [hậu Nhật Kiên kiêu căng bất pháp phụ sát chi.\n明 人 與 胡 軍 對 壘 日 夜 相 攻 暑 雨 疾 疫 淖 音 閙 泥 也 濕 難 居 乃 移 屯 鹹 子 關 立 寨 以 嚴 僃 之 . [1b*7*5]\n] Minh nhân dữ Hồ quân đối luỹ nhật dạ tương công, thử vũ tật dịch náo [âm náo nê dã,] thấp nan cư, nãi di đồn Hàm Tử quan lập trại, dĩ nghiêm bị chi.\n左 相 國 澄 及 胡 杜 亦 移 軍 黃 江 又 迎 季 犛 漢 蒼 至 . [1b*8*20]\nTả tướng quốc Trừng cập Hồ Đỗ diệc di quân Hoàng Giang, hựu nghênh Quý Li, Hán Thương chí..\n",
    "url": "/data/image_dvsk/ban_ky_toan_thu/quyen9/DVSKTT_ban_toan_IX_1b.jpg"
  },
  {
    "text": "自 清 化 . [2a*1*1]\ntự Thanh Hoá.\n時 京 路 人 爲 明 人 役 使 及 失 家 属 自 𢙇 怨 憤 . [2a*1*4]\nThời, kinh lộ nhân vi Minh nhân dịch sử, cập thất gia thuộc, tự hoài oán phẫn.\n軍 人 丁 男 各 詣 軍 門 自 效 立 功 〇 . [2a*2*3]\nQuân nhân đinh nam các nghệ quân môn tự hiệu lập công .\n三 月 三 十 日 胡 左 相 國 澄 胡 杜 杜 满 進 軍 鹹 子 關 胡 射 陳 挺 領 南 岸 步 軍 杜 人 鑑 陳 克 莊 領 北 岸 步 軍 阮 公 拯 領 艨 艟 一 百 艘 為 前 鋒 . [2a*2*16]\nTam nguyệt, tam thập nhật, Hồ tả tướng quốc Trừng, Hồ Đỗ, Đỗ Mãn tiến quân Hàm Tử quan, Hồ Xạ, Trần Đĩnh lĩnh Nam ngạn bộ quân, Đỗ Nhân Giám, Trần Khắc Trang lĩnh Bắc ngạn bộ quân, Nguyễn Công Chửng lĩnh mông đồng nhất bách sưu vi tiền phong.\n澄 杜 在 營 中 . [2a*5*13]\nTrừng, Đỗ tại doanh trung.\n杜 满 胡 問 等 領 水 軍 . [2a*5*18]\nĐỗ Mãn, Hồ Vấn đẳng lĩnh thuỷ quân.\n水 步 合 七 萬 號 二 十 一 萬 並 進 . [2a*6*8]\nThuỷ bộ hợp thất vạn, hiệu nhị thập nhất vạn, tịnh tiến.\n明 人 遂 分 水 步 二 面 衝 之 . [2a*7*2]\nMinh nhân toại phân thuỷ bộ nhị diện xung chi.\n胡 两 岸 步 兵 倒 戈 赴 水 死 惟 水 軍 得 脱 . [2a*7*12]\nHồ lưỡng ngạn bộ binh đảo qua phó thuỷ tử duy thuỷ quân đắc thoát.\n然 艨 艟 粮 船 皆 沉 溺 無 一 人 生 還 者 . [2a*8*9]\nNhiên mông đồng lương thuyền giai trầm nịch vô nhất nhân sinh hoàn giả.\n時 胡 射 知 明 人 有 伏 不 肯 進 軍 . [2a*9*5]\nThời, Hồ Xạ tri Minh nhân hữu phục, bất khẳng tiến quân.\n胡 杜 . [2a*9*17]\nHồ Đỗ..\n",
    "url": "/data/image_dvsk/ban_ky_toan_thu/quyen9/DVSKTT_ban_toan_IX_2a.jpg"
  },
  {
    "text": "令 人 讓 曰 将 軍 何 不 討 賊 射 遂 進 敗 績 . [2b*1*1]\nlệnh nhân nhượng viết: Tướng quân hà bất thảo tặc? Xạ toại tiến, bại tích.\n北 江 安 撫 使 阮 希 周 為 張 輔 所 擒 . [2b*1*16]\nBắc Giang an phủ sứ Nguyễn Hi Chu vi Trương Phụ sở cầm.\n希 周 罵 輔 為 殘 賊 . [2b*2*11]\nHi Chu mạ Phụ vi tàn tặc.\n輔 殺 之 . [2b*2*18]\nPhụ sát chi .\n夏 四 月 朔 明 詔 遍 求 陳 氏 子 孫 立 為 國 王 . [2b*3*4]\nHạ tứ nguyệt, sóc, Minh chiếu biến cầu Trần thị tử tôn lập vi quốc vương.\n官 吏 耆 老 人 等 累 稱 為 黎 氏 滅 尽 無 可 継 承 陳 後 請 安 南 國 本 交 州 願 復 古 郡 縣 與 民 更 新 置 交 趾 都 指 揮 使 司 承 宣 布 政 使 司 提 刑 按 察 使 司 及 衛 所 府 州 縣 各 衙 門 . [2b*4*2]\nQuan lại kì lão nhân đẳng luỵ xưng vi Lê thị diệt tận, vô khả kế thừa Trần hậu, thỉnh An Nam quốc bản Giao Châu, nguyện phục cổ quận huyện dữ dân cánh tân trí Giao Chỉ đô chỉ huy sứ ti thừa tuyên bố chính sử ti đề hình án sát sử ti cập vệ sở phủ châu huyện các nha môn.\n以 都 指 揮 吕 疑 掌 都 司 . [2b*7*12]\nDĩ đô chỉ huy Lữ Nghi chưởng đô ti.\n北 京 行 部 尙 書 黃 福 牚 布 按 二 司 . [2b*8*3]\nBắc Kinh hành bộ thượng thư Hoàng Phúc chưởng Bố, Án nhị ti.\n仍 禁 差 𤼵 及 停 徵 諸 税 三 年 〇 . [2b*8*16]\nNhững cấm sai phát cập đình trưng chư thuế tam niên .\n季 犛 漢 蒼 率 将 佐 官 屬 . [2b*9*10]\nQuý Li, Hán Thương suất tướng tá quan thuộc..\n",
    "url": "/data/image_dvsk/ban_ky_toan_thu/quyen9/DVSKTT_ban_toan_IX_2b.jpg"
  },
  {
    "text": "胡 軍 不 戰 而 潰 . [3a*1*15]\nHồ quân bất chiến nhi hội.\n二 十 九 日 明 人 犯 典 更 海 口 . [3a*2*3]\nNhị thập cửu nhật, Minh nhân phạm Điển Canh hải khẩu.\n胡 軍 揭 舟 自 潰 . [3a*2*14]\nHồ quân yết chu tự hội.\n二 胡 ? 避 深 江 不 果 . [3a*3*2]\nNhị Hồ dục tị Thâm Giang bất quả.\n魏 栻 請 二 胡 焚 身 . [3a*3*10]\nNguỵ Thức thỉnh nhị Hồ phàn thân.\n曰 國 以 近 亡 王 者 不 死 人 手 . [3a*3*17]\nViết: Quốc dĩ cận vong vương giả bất tử nhân thủ.\n季 犛 怒 斬 之 〇 . [3a*4*10]\nQuý Li nộ, trảm chi .\n五 月 五 日 明 人 犯 日 南 州 奇 羅 海 口 阮 大 阮 大 先 事 胡 氏 後 叛 胡 降 于 明 至 是 引 明 人 來 侵 獲 右 相 國 季 貔 及 其 子 判 中 都 阮 𠧨 . [3a*4*16]\nNgũ nguyệt, ngũ nhật, Minh nhân phạm Nhật Nam châu, Kì La hải khẩu, Nguyễn Đại [Nguyễn Đại tiên sự Hồ thị hậu phản Hồ hàng vu Minh, chí thị dẫn Minh nhân lai xâm,] hoạch Hữu tướng quốc Quý Tì, cập kì tử Phán trung đô Nguyễn Cữu.\n十 一 日 明 人 犯 永 寧 . [3a*7*4]\nThập nhất nhật, Minh nhân phạm Vĩnh Ninh.\n衛 軍 王 柴 胡 等 七 人 獲 季 犛 於 止 止 灘 . [3a*7*12]\nVệ quân Vương Sài Hồ đẳng thất nhân hoạch Quý Li ư Chỉ Chỉ than.\n交 州 右 衛 軍 季 保 等 十 人 獲 左 相 國 澄 於 奇 羅 海 口 . [3a*8*9]\nGiao Châu Hữu vệ quân Quý Bảo đẳng thập nhân hoạch Tả tướng quốc Trừng ư kì La hải khẩu.\n十 二 日 莫 邃 下 頭 目 . [3a*9*11]\nThập nhị nhật, Mạc Thuý hạ đầu mục..\n過 海 回 清 化 . [3a*1*1]\nquá hải hồi Thanh Hoá.\n二 十 三 日 明 人 犯 𤂬 江 . [3a*1*6]\nNhị thập tam nhật, Minh nhân phạm Lỗi Giang.\n",
    "url": "/data/image_dvsk/ban_ky_toan_thu/quyen9/DVSKTT_ban_toan_IX_3a.jpg"
  },
  {
    "text": "阮 如 卿 等 獲 漢 倉 及 其 太 子 芮 於 髙 望 山 中 . [3b*1*1]\nNguyễn Như Khanh đẳng hoạch Hán Thương cập kì Thái tử Nhuệ ư Cao Vọng sơn trung.\n胡 杜 范 六 材 阮 彦 光 段 󰲧 󰲧 音 蓬 皆 被 擒 . [3b*1*18]\nHồ Đỗ, Phạm Lục Tài, Nguyễn Ngạn Quang, Đoàn bồng [Bồng âm bồng,] giai bị cầm.\n其 餘 陳 日 昭 阮 飛 卿 阮 謹 杜 满 並 以 先 降 . [3b*2*17]\nKì dư Trần Nhật Chiêu, Nguyễn Phi Khanh, Nguyễn Cẩn, Đỗ Mãn tịnh dĩ tiên hàng.\n惟 行 遣 右 參 知 政 事 吳 免 直 長 喬 表 赴 水 死 . [3b*3*13]\nDuy Hành khiển hữu tham tri chính sự Ngô Miễn, trực trường Kiều Biểu phó thuỷ tử.\n免 之 死 也 其 妻 阮 氏 仰 天 嘆 曰 吾 夫 事 主 一 生 受 禄 今 而 死 節 是 得 所 也 . [3b*4*12]\nMiễn chi tử dã kì thê Nguyễn thị ngưỡng thiên thán viết: Ngô phu sự chủ nhất sinh thụ lộc, kim nhi tử tiết thị đắc sở dã.\n又 何 怨 乎 妾 若 苟 活 𡸈 無 所 之 但 夫 道 君 恩 一 時 辜 負 吾 不 忍 也 寧 相 隨 耳 . [3b*6*4]\nHựu hà oán hồ? Thiếp nhược câu hoạt há vô sở chi đản phu đạo quân ân nhất thời cô phụ, ngô bất nhẫn dã! Ninh tương tuỳ nhĩ.\n言 訖 亦 赴 水 死 . [3b*7*15]\nNgôn hất, diệc phó thuỷ tử.\n史 臣 吳 士 連 曰 吳 免 之 妻 阮 氏 非 徒 死 義 而 . [3b*9*1]\nSử thần Ngô Sĩ Liên viết: Ngô Miễn chi thê Nguyễn thị phi đồ tử nghĩa nhi..\n",
    "url": "/data/image_dvsk/ban_ky_toan_thu/quyen9/DVSKTT_ban_toan_IX_3b.jpg"
  },
  {
    "text": "已 其 言 足 為 世 勸 . [4a*1*1]\ndĩ kì ngôn túc vi thế khuyến.\n故 表 而 出 之 . [4a*1*8]\nCố biểu nhi xuất chi.\n初 二 胡 之 到 奇 羅 也 欲 奔 新 平 民 有 父 老 拜 謁 曰 此 處 名 覊 黎 上 有 天 擒 山 其 兆 不 祥 . [4a*2*1]\nSơ, nhị Hồ chi đáo Kì La dã, dục bôn Tân Bình, dân hữu phụ lão bái yết viết: Thử xứ danh Ki Lê, thượng hữu Thiên Cầm sơn, kì triệu bất tường.\n願 勿 留 . [4a*3*16]\nNguyện vật lưu.\n斬 之 . [4a*4*1]\nTrảm chi.\n至 是 果 於 此 就 縛 〇 . [4a*4*3]\nChí thị, quả ư thử tựu phược .\n明 人 計 所 獲 府 州 四 十 八 縣 一 百 六 十 八 户 三 百 一 十 二 萬 九 千 七 百 象 一 百 一 十 二 馬 四 百 二 十 牛 三 萬 五 千 七 百 五 十 船 八 天 八 百 六 十 五 〇 . [4a*4*11]\nMinh nhân kế sở hoạch phủ châu tứ thập bát, huyện nhất bách lục thập bát, hộ tam bách nhất thập nhị vạn cửu thiên thất bách, tượng nhất bách nhất thập nhị, mã tứ bách nhị thập, ngưu tam vạn ngũ thiên thất bách ngũ thập, thuyền bát thiên bát bách lục thập ngũ .\n初 黃 晦 卿 受 命 治 升 華 . [4a*7*13]\nSơ, Hoàng Hối Khanh thụ mệnh trị Thăng Hoa.\n到 郡 時 以 土 官 大 知 州 鄧 悉 范 世 矜 為 腹 心 悉 . [4a*8*4]\nĐáo quận thời, dĩ thổ quan đại tri châu Đặng Tất, Phạm Thế Căng vi phúc tâm tất.\n與 左 州 判 阮 嚕 素 以 功 相 忌 . [4a*9*4]\nDữ tả châu phán Nguyễn Rổ tố dĩ công tương kị.\n會 二 胡 西 . [4a*9*15]\nHội nhị Hồ Tây..\n",
    "url": "/data/image_dvsk/ban_ky_toan_thu/quyen9/DVSKTT_ban_toan_IX_4a.jpg"
  },
  {
    "text": "行 為 明 人 所 逼 書 報 晦 卿 取 遷 民 三 之 一 併 土 軍 史 嚕 領 之 為 勤 王 以 勑 封 古 壘 縣 上 侯 制 摩 奴 難 為 升 華 郡 王 以 撫 占 城 之 ? . [4b*1*1]\nhành, vi Minh nhân sở bức, thư báo Hối Khanh thủ thiên dân tam chi nhất, tính thổ quân sử Rỗ lĩnh chi vi cần vương, dĩ sắc phong Cổ Luỹ huyện thượng hầu Chế Ma Nô Đà Nan vi Thăng Hoa quận vương dĩ phủ Chiêm Thành chi chúng.\n晦 卿 皆 隐 不 以 示 眾 . [4b*3*15]\nHối Khanh giai ẩn, bất dĩ thị chúng.\n及 占 城 舉 兵 欲 𠬧 故 地 遷 民 驚 散 . [4b*4*5]\nCập Chiêm Thành cử binh dục thu cố địa, thiên dân kinh tán.\n晦 卿 等 回 化 州 獨 摩 奴 㐌 難 與 占 城 相 拒 勢 孤 力 屈 為 占 人 所 殺 . [4b*4*18]\nHối Khanh đẳng hồi Hoá Châu, độc Ma Nô Đà Nan dữ Chiêm Thành tương cự, thế cô lực khuất, vi Chiêm nhân sở sát.\n晦 卿 先 於 義 州 約 眾 盟 誓 . [4b*6*7]\nHối Khanh tiên ư Nghĩa Châu ước chúng minh thệ.\n嚕 知 悉 與 晦 卿 有 異 圖 嚕 不 預 盟 . [4b*6*17]\nRỗ tri Tất dữ Hối Khanh hữu dị đồ, Rỗ bất dự minh.\n晦 卿 之 回 化 州 也 嚕 領 迁 民 陸 行 差 遲 . [4b*7*12]\nHối Khanh chi hồi Hoá Châu dã, Rỗ lĩnh thiên dân lục hành sai trì.\n悉 水 行 先 至 . [4b*8*9]\nTất thuỷ hành tiên chí.\n順 化 路 鎮 撫 使 阮 豐 拒 之 不 納 . [4b*8*14]\nThuận Hoá Lộ trấn phủ sử Nguyễn Phong cự chi bất nạp.\n悉 力 戰 殺 豐 遂 入 城 又 與 嚕 . [4b*9*8]\nTất lực chiến, sát Phong toại nhập thành, hựu dữ Rỗ..\n",
    "url": "/data/image_dvsk/ban_ky_toan_thu/quyen9/DVSKTT_ban_toan_IX_4b.jpg"
  },
  {
    "text": "戰 月 餘 . [5a*1*1]\nchiến nguyệt dư.\n嚕 無 援 乃 挈 家 去 占 城 . [5a*1*4]\nRỗ vô viện nãi khiết gia khứ Chiêm Thành.\n晦 卿 以 嚕 母 及 家 属 殺 之 . [5a*1*13]\nHối Khanh dĩ Rỗ mẫu cập gia thuộc sát chi.\n占 城 授 嚕 大 官 . [5a*2*5]\nChiêm Thành thụ Rỗ đại quan.\n後 明 索 嚕 至 金 陵 假 授 湖 廣 指 揮 使 尋 殺 之 . [5a*2*11]\nHậu, Minh sách Rỗ chí Kim Lăng, giả thụ Hồ Quảng chỉ huy sứ, tầm sát chi.\n二 胡 既 敗 世 矜 回 新 平 迎 降 明 人 於 乂 安 領 張 輔 知 府 劄 擄 掠 人 民 而 還 . [5a*3*10]\nNhị Hồ ký bại, Thế Căng hồi Tân Bình nghênh hàng Minh nhân ư Nghệ An, lĩnh Trương Phụ tri phủ tráp, lỗ lược nhân dân nhi hoàn.\n占 城 復 㨿 升 華 因 㓂 化 州 . [5a*5*2]\nChiêm Thành phục cứ Thăng Hoa, nhân khấu Hoá Châu.\n悉 請 官 属 於 輔 以 管 之 . [5a*5*12]\nTất thỉnh quan thuộc ư Phụ dĩ quản chi.\n占 城 引 軍 還 . [5a*6*3]\nChiêm Thành dẫn quân hoàn.\n至 是 悉 令 人 送 晦 卿 歸 至 丹 咍 海 口 自 刎 死 . [5a*6*8]\nChí thị, Tất lệnh nhân tống Hối Khanh quy chí Đan Thai hải khẩu tự vẫn tử.\n輔 以 其 首 梟 東 都 市 〇 . [5a*7*7]\nPhụ dĩ kì thủ kiêu Đông Đô thị .\n張 輔 沐 𣆭 差 都 督 僉 事 柳 昇 横 海 将 軍 魯 麟 神 機 将 軍 張 勝 都 指 揮 俞 讓 指 揮 同 知 梁 鼎 指 揮 僉 事 申 . [5a*7*16]\nTrương Phụ, Mộc Thạnh sai Đô Đốc thiêm sự Liễu Thăng, Hoành hải tướng quân Lỗ Lân, Thần cơ tướng quân Trương Thắng, Đô chỉ huy Du Nhượng, Chỉ huy đồng tri Lương Đỉnh, Chỉ huy thiêm sự Thân..\n",
    "url": "/data/image_dvsk/ban_ky_toan_thu/quyen9/DVSKTT_ban_toan_IX_5a.jpg"
  },
  {
    "text": "誌 俘 送 季 犛 及 其 子 漢 蒼 澄 澈 汪 孫 芮 滷 范 幼 孫 五 郎 弟 季 貔 姪 元 𠧨 子 騂 叔 驊 伯 駿 廷 燁 廷 爌 ? 臣 東 山 鄕 侯 胡 杜 行 遣 阮 彦 光 黎 景 琦 ? 軍 縣 伯 段 󰲧 亭 伯 陳 湯 夢 中 郎 将 范 六 才 及 其 印 信 至 金 陵 以 献 〇 . [5b*1*1]\nChí phù tống Quý Li cập kì tử Hán Thương, Trừng, Triệt, Uông, tôn Nhuệ, Lỗ, Phạm, ấu tôn Ngũ lang, đệ Quý Tì, điệt Nguyên Cữu, Tử tuynh Thúc Hoa, Bá Tuấn, Đình Diệp, Đình Hoảng, tướng thần Đông Sơn hương hầu Hồ Đỗ, Hành khiển Nguyễn Ngạn Quang, Lê Cảnh Kì, tướng quân huyện bá Đoàn bồng, Đình bá Trần Thang Mộng, Trung lang tướng Phạm Lục Tài, cập kì ấn tín chí Kim Lăng dĩ hiến .\n胡 氏 之 到 金 陵 也 明 帝 問 曰 中 國 如 此 何 不 畏 服 而 敢 憑 淩 抗 拒 具 以 不 對 曰 嘗 告 諸 來 使 者 不 為 才 知 . [5b*5*9]\nHồ thị chi đáo Kim Lăng dã, Minh đế vấn viết: Trung Quốc như thử hà bất uý phục nhi cảm bằng lăng kháng cự? Cụ dĩ bất đối viết: Thường cáo chư lai sứ giả bất vi tài tri.\n明 遂 以 王 汝 相 同 彦 栩 䏓 均 黎 師 凱 假 授 京 北 侍 郎 山 西 陝 西 山 東 參 政 遣 人 護 送 中 途 殺 之 〇 . [5b*7*13]\nMinh toại dĩ Vương Nhữ Tương, Đồng Ngạn Hủ, Nguyễn Quân, Lê Sư Khải giả thụ Kinh Bắc thị lang Sơn Tây, Thiểm Tây, Sơn Đông tham chính khiến nhân hộ tống, trung đồ sát chi .\n秋 七 月 暴 風 . [5b*9*14]\nThu thất nguyệt, bạo phong..\n",
    "url": "/data/image_dvsk/ban_ky_toan_thu/quyen9/DVSKTT_ban_toan_IX_5b.jpg"
  },
  {
    "text": "大 水 . [6a*1*1]\nđại thuỷ.\n明 人 以 山 林 隐 逸 𢙇 才 抱 德 聰 明 正 直 挺 身 自 拨 明 經 能 文 博 學 有 才 練 達 吏 事 能 曉 書 筭 言 語 利 便 孝 悌 力 田 相 貌 魁 偉 脊 力 勇 敢 慣 習 海 道 磚 巧 香 匠 等 科 搜 尋 名 人 正 身 陸 續 送 金 陵 授 官 回 任 府 州 縣 . [6a*1*3]\nMinh nhân dĩ sơn lâm ẩn dật, hoài tài bão đức, thông minh chính trực, đĩnh thân tự bạt, minh kinh năng văn, bác học hữu tài, luyện đạt lại sự, năng hiểu thư toán, ngôn ngữ lợi tiện, hiếu đễ lực điền, tướng mạo khôi vĩ, tích lực dũng cảm, quán tập hải đạo, chuyên xảo hương tượng, đẳng khoa sưu tầm danh nhân chính thân lục tục tống Kim Lăng thụ quan, hồi nhiệm phủ châu huyện.\n稍 有 名 稱 者 皆 應 之 惟 裴 應 斗 以 眼 疾 辝 下 齋 學 生 李 子 構 等 數 人 隐 不 出 而 已 . [6a*5*10]\nSảo hữu danh xưng giả giai ứng chi duy Bùi Ứng Đẩu dĩ nhãn tật từ, hạ trai học sinh Lí Tử Cấu đẳng số nhân ẩn bất xuất nhi dĩ.\n時 有 諺 云 欲 活 入 隐 林 山 欲 死 吳 朝 做 官 . [6a*7*5]\nThời hữu ngạn vân: Dục hoạt nhập ẩn lâm sơn dục tử ngô triều tố quan.\n及 我 太 祖 髙 皇 帝 除 殘 僞 官 有 惡 名 者 尽 誅 之 果 如 其 . [6a*8*3]\nCập ngã Thái Tổ Cao Hoàng Đế trừ tàn nguỵ quan hữu ác danh giả tận tru chi, quả như kì..\n",
    "url": "/data/image_dvsk/ban_ky_toan_thu/quyen9/DVSKTT_ban_toan_IX_6a.jpg"
  },
  {
    "text": "言 〇 . [6b*1*1]\nngôn .\n張 輔 以 阮 大 擒 一 胡 有 功 劄 付 交 趾 都 指 揮 使 . [6b*1*3]\nTrương Phụ dĩ Nguyễn Đại cầm nhất Hồ hữu công, tráp phó Giao Chỉ đô chỉ huy sứ.\n大 驕 矜 有 德 色 多 為 不 法 荒 色 縱 酒 譛 𢙇 叛 志 . [6b*2*3]\nĐại kiêu căng hữu đức sắc đa vi bất pháp hoang sắc tung tửu tiếm hoài phản chí.\n輔 殺 之 . [6b*3*3]\nPhụ sát chi .\n八 月 張 輔 沐 𣆭 班 師 留 都 司 吕 疑 尙 書 黄 福 鎮 守 . [6b*3*7]\nBát nguyệt, Trương Phụ, Mộc Thạnh ban sư, lưu Đô ti Lữ Nghi, Thượng thư Hoàng Phúc trấn thủ.\n福 山 東 昌 邑 人 初 黄 福 督 廣 西 土 兵 調 運 粮 儲 隨 軍 進 征 . [6b*4*8]\n[Phúc Sơn Đông, Xương Ấp nhân,] Sơ Hoàng Phúc đốc Quảng Tây thổ binh điều vận lương trừ, tuỳ quân tiến chinh.\n至 是 留 之 福 為 人 聰 慧 善 應 變 有 治 民 才 人 服 其 能 . [6b*5*9]\nChí thị lưu chi Phúc vi nhân thông tuệ thiện ứng biến hữu trị dân tài nhân phục kì năng.\n潘 孚 先 曰 胡 氏 亡 國 阮 希 周 罵 賊 胡 射 杜 人 鑑 人 鑑 杜 子 也 满 陣 亡 黎 景 琦 至 金 陵 不 食 . [6b*7*1]\nPhan Phu Tiên viết: Hồ thị vong quốc, Nguyễn Hi Chu mạ tặc, Hồ Xạ, Đỗ Nhân Giám [Nhân Giám Đỗ tử dã,] Mãn trận vong, Lê Cảnh Kì chí Kim Lăng bất thực.\n若 此 之 類 似 可 以 死 節 稱 然 希 周 嘗 勸 胡 氏 殺 陳 . [6b*8*19]\nNhược thử chi loại tự khả dĩ tử tiết xưng, nhiên Hi Chu thường khuyến Hồ thị sát Trần..\n",
    "url": "/data/image_dvsk/ban_ky_toan_thu/quyen9/DVSKTT_ban_toan_IX_6b.jpg"
  },
  {
    "text": "族 人 鑑 父 子 陳 氏 舊 臣 所 謂 司 惡 相 濟 者 也 . [7a*1*1]\ntộc, Nhân Giám phụ tử Trần thị cựu thần sở vị ti ác tương tế giả dã.\n射 之 兄 翁 善 被 黨 死 射 不 以 介 𢙇 又 為 敵 愾 所 謂 徒 知 食 禄 死 難 之 為 義 而 不 知 其 人 之 不 義 也 . [7a*2*1]\nXạ chi huynh Ông Thiện bị đảng tử, Xạ bất dĩ giới hoài, hựu vi địch khái, sở vị đồ tri thực lộc tử nan chi vi nghĩa nhi bất tri kì nhân chi bất nghĩa dã.\n景 琦 為 人 適 己 自 便 窍 取 禄 位 不 死 於 簒 奪 之 時 而 死 於 䘮 亡 之 日 不 足 稱 也 . [7a*4*4]\nCảnh Kì vi nhân thích kỷ tự, tiện khiếu thủ lộc, vị bất tử ư soán đoạt chi thời nhi tử ư tang vong chi nhật bất túc xưng dã.\n他 如 吳 免 阮 令 喬 表 本 是 宦 官 之 臣 其 死 宜 矣 嗚 呼 楊 䧺 投 閣 非 不 忠 且 義 而 臣 莽 之 罪 難 逃 . [7a*5*17]\nTha như Ngô Miễn, Nguyễn Lệnh, Kiều Biểu bản thị hoạn quan chi thần kì tử nghi hĩ! Ô hô! Dương Hùng đầu các phi bất trung thả nghĩa nhi thần Mãng chi tội nan đào.\n召 忽 之 死 不 足 以 善 其 道 然 反 側 于 寧 不 惕 然 爲 之 寒 心 也 哉 . [7a*8*2]\nTriệu Hốt chi tử bất túc dĩ thiện kì đạo nhiên phản trắc vu ninh bất thích nhiên vi chi hàn tâm dã tai!..\n",
    "url": "/data/image_dvsk/ban_ky_toan_thu/quyen9/DVSKTT_ban_toan_IX_7a.jpg"
  },
  {
    "text": "史 臣 吳 士 連 曰 昔 夏 徵 舒 弑 陳 靈 公 中 國 不 能 討 . [7b*1*1]\nSử thần Ngô Sĩ Liên viết: Tích Hạ Trưng Thư thích Trần Linh Công, trung quốc bất năng thảo.\n楚 子 入 陳 殺 而 轘 諸 粟 門 春 秋 與 其 討 也 . [7b*2*3]\nSở Tử nhập Trần sát nhi hoàn chư túc môn, Xuân Thu dữ kì thảo dã.\n胡 氏 弑 陳 順 宗 而 簒 其 國 陳 沆 陳 渴 真 諸 人 謀 誅 之 而 不 能 克 身 死 之 . [7b*3*2]\nHồ thị thích Trần Thuận Tông nhi soán kì quốc, Trần Hàng, Trần Khát Chân chư nhân mưu tru chi nhi bất năng khắc thân tử chi.\n後 七 八 年 間 無 有 能 再 舉 者 自 謂 國 人 無 敢 誰 何 然 乱 臣 賊 子 人 人 得 而 誅 之 而 天 討 之 在 天 下 不 容 一 日 捨 也 . [7b*4*12]\nHậu thất bát niên gian vô hữu năng tái cử giả, tự vị quốc nhân vô cảm thuỳ hà nhiên loạn thần tặc tử nhân nhân đắc nhi tru chi nhi thiên thảo chi tại thiên hạ bất dung nhất nhật xá dã.\n國 人 誅 之 不 克 鄰 國 人 誅 之 可 也 . [7b*7*4]\nQuốc nhân tru chi bất khắc lân quốc nhân tru chi khả dã.\n鄰 國 人 誅 之 不 克 夷 狄 誅 之 可 也 . [7b*7*17]\nLân quốc nhân tru chi bất khắc di địch tru chi khả dã.\n故 夫 明 人 得 以 誅 之 也 . [7b*8*13]\nCố phu Minh nhân đắc dĩ tru chi dã.\n至 於 假 仁 義 茶 毒 生 灵 則 是 一 殘 . [7b*9*5]\nChí ư giả nhân nghĩa trà độc sinh linh tắc thị nhất tàn..\n",
    "url": "/data/image_dvsk/ban_ky_toan_thu/quyen9/DVSKTT_ban_toan_IX_7b.jpg"
  },
  {
    "text": "賊 爾 . [8a*1*1]\ntặc nhĩ.\n故 我 太 祖 髙 皇 帝 又 得 以 誅 之 . [8a*1*3]\nCố ngã Thái Tổ Cao Hoàng Đế hựu đắc dĩ tru chi.\n嗚 呼 大 惡 之 罪 𡸈 能 逃 天 討 之 誅 哉 天 理 昭 昭 如 是 吁 可 畏 也 . [8a*2*11]\nÔ hô! Đại ác chi tội há năng đào thiên thảo chi tru tai! Thiên lí chiêu chiêu như thị hu khả uý dã.\n冬 十 月 初 二 日 簡 定 帝 即 位 于 長 安 州 謨 渡 建 元 興 󰆑 . [8a*4*1]\nĐông thập nguyệt, sơ nhị nhật, Giản Định đế tức vị vu Trường Yên châu Mô Độ, kiến nguyên Hưng Khánh.\n先 是 張 輔 榜 𠬧 陳 氏 宗 室 及 舊 臣 頭 目 以 歸 帝 竄 身 潜 行 至 謨 渡 . [8a*5*4]\nTiên thị, Trương Phụ bảng thu Trần thị tông thất cập cựu thần đầu mục dĩ quy, Đế thoán thân tiềm hành chí Mô Độ.\n天 長 人 陳 肇 基 率 眾 立 之 以 舊 號 稱 . [8a*6*11]\nThiên Trường nhân Trần Triệu Cơ suất chúng lập chi dĩ cựu hiệu xưng.\n四 月 明 人 犯 行 營 新 集 之 軍 不 戰 而 潰 . [8a*7*7]\nTứ nguyệt, Minh nhân phạm hành doanh, tân tập chi quân bất chiến nhi hội.\n遂 西 幸 乂 安 暫 駐 焉 . [8a*8*4]\nToại Tây hạnh Nghệ An tạm trú yên.\n化 州 大 知 州 鄧 悉 聞 之 殺 明 官 領 眾 來 會 進 其 女 充 後 宫 . [8a*8*12]\nHoá châu đại tri châu Đặng Tất văn chi sát Minh quan lĩnh chúng lai hội, tiến kì nữ sung hậu cung.\n帝 封 悉 . [8a*9*16]\nĐế phong Tất..\n",
    "url": "/data/image_dvsk/ban_ky_toan_thu/quyen9/DVSKTT_ban_toan_IX_8a.jpg"
  },
  {
    "text": "為 國 公 共 圖 恢 復 〇 . [8b*1*1]\nvi Quốc công, cộng đồ khôi phục .\n明 人 疑 土 官 右 參 議 裴 伯 耆 𢙇 異 捕 送 金 陵 . [8b*1*9]\nMinh nhân nghi thổ quan Hữu tham nghị Bùi Bá Kì hoài dị, bổ tống Kim Lăng.\n伯 耆 下 洪 扶 内 人 本 陳 渴 真 黨 稱 南 朝 忠 義 臣 出 亡 明 國 會 見 僞 陳 王 添 平 先 到 . [8b*2*8]\nBá Kì [Hạ Hồng, Phù Nội nhân,] bản Trần Khát Chân đảng, xưng Nam triều trung nghĩa thần, xuất vong Minh quốc, hội kiến nguỵ Trần vương Thiêm Bình tiên đáo.\n明 人 問 識 否 . [8b*4*1]\nMinh nhân vấn thức phủ.\n伯 耆 以 不 知 對 . [8b*4*6]\nBá Kì dĩ bất tri đối.\n及 明 送 添 平 還 國 問 合 用 幾 多 人 添 平 曰 不 過 數 千 到 彼 則 人 自 服 . [8b*4*12]\nCập Minh tống Thiêm Bình hoàn quốc vấn hợp dụng cơ đa nhân, Thiêm Bình viết: Bất quá số thiên đáo bỉ tắc nhân tự phục.\n伯 耆 曰 不 可 . [8b*6*2]\nBá Kì viết: Bất khả.\n明 帝 怒 廢 伯 耆 陝 西 甘 肅 安 置 . [8b*6*7]\nMinh đế nộ, phế Bá Kì Thiểm Tây, Cam Túc an trí.\n及 添 平 敗 召 伯 耆 還 勑 賜 諄 諄 以 立 陳 氏 . [8b*7*1]\nCập Thiêm Bình bại, triệu Bá Kì hoàn, sắc tứ truân truân dĩ lập Trần thị.\n伯 耆 當 作 輔 臣 爲 言 使 從 軍 以 授 是 官 伯 耆 不 預 同 僚 衙 門 但 家 居 横 驛 多 𠬧 舊 官 之 失 所 者 . [8b*7*17]\nBá Kì đương tác phụ thần vi ngôn sử tòng quân dĩ thụ thị quan, Bá Kì bất dự đồng liêu nha môn đản gia cư hoành dịch đa thu cựu quan chi thất sở giả.\n時 東 . [8b*9*17]\nThời, Đông..\n",
    "url": "/data/image_dvsk/ban_ky_toan_thu/quyen9/DVSKTT_ban_toan_IX_8b.jpg"
  },
  {
    "text": "潮 土 豪 范 振 立 陳 月 湖 為 王 於 平 灘 題 招 安 旗 曰 忠 義 軍 . [9a*1*1]\nTriều thổ hào Phạm Chấn lập Trần Nguyệt Hồ vi Vương ư Bình Than đề chiêu an kì viết Trung nghĩa quân.\n故 明 人 疑 之 . [9a*2*5]\nCố Minh nhân nghi chi.\n陳 月 湖 為 明 人 所 擒 . [9a*2*10]\nTrần Nguyệt Hồ vi Minh nhân sở cầm.\n范 振 遁 . [9a*2*18]\nPhạm Chấn độn .\n十 二 月 命 陳 元 樽 陳 楊 庭 舊 行 遣 陳 彦 昭 復 與 范 振 𠬧 兵 於 平 灘 . [9a*3*4]\nThập nhị nguyệt, mệnh Trần Nguyên Tôn, Trần Dương Đình, cựu Hành khiển Trần Ngạn Chiêu phục dữ Phạm Chấn thu binh ư Bình Than.\n未 幾 潰 散 奔 乂 安 行 在 〇 . [9a*4*11]\nVị cơ hội tán, bôn Nghệ An hành tại .\n誅 僞 官 陳 叔 瑤 陳 日 昭 及 其 下 六 百 餘 人 . [9a*5*3]\nTru nguỵ quan Trần Thúc Dao, Trần Nhật Chiêu cập kì hạ lục bách dư nhân.\n初 明 人 以 陳 氏 宗 室 陳 叔 瑤 陳 元 旦 子 也 守 演 州 舊 将 軍 陳 日 昭 守 乂 安 . [9a*6*1]\nSơ, Minh nhân dĩ Trần thị tông thất Trần Thúc Dao [Trần Nguyên Đán tử dã,] thủ Diễn Châu, cựu tướng quân Trần Nhật Chiêu thủ Nghệ An.\n至 是 帝 即 位 以 不 先 奉 迎 誅 之 . [9a*7*9]\nChí thị, Đế tức vị dĩ bất tiên phụng nghênh, tru chi.\n史 臣 吳 士 連 曰 天 下 大 乱 乂 演 之 人 民 未 知 . [9a*9*1]\nSử thần Ngô Sĩ Liên viết: Thiên hạ đại loạn, Nghệ Diễn chi nhân dân vị tri..\n",
    "url": "/data/image_dvsk/ban_ky_toan_thu/quyen9/DVSKTT_ban_toan_IX_9a.jpg"
  },
  {
    "text": "真 主 . [9b*1*1]\nchân chúa.\n叔 瑤 宗 室 子 日 昭 舊 将 軍 授 明 官 爵 守 其 土 統 其 民 民 能 無 從 乎 誅 叔 瑤 日 昭 可 也 其 ? 撫 而 用 之 無 感 恩 乎 乃 多 殺 戮 何 以 為 仁 義 之 師 哉 黎 截 黎 元 鼎 潜 兵 於 喝 江 謀 襲 重 光 帝 . [9b*1*3]\nThúc Dao tông thất tử, Nhật Chiêu cựu tướng quân thụ Minh quan tước, thủ kì thổ, thống kì dân, dân năng vô tòng hồ? Tru Thúc Dao, Nhật Chiêu khả dã, kì chúng phủ nhi dụng chi, vô cảm ân hồ, nãi đa sát lục hà dĩ vi nhân nghĩa chi sư tai! Lê Tiệt, Lê Nguyên Đỉnh tiềm binh ư Hát Giang mưu tập Trùng Quang Đế.\n帝 止 誅 截 鼎 餘 皆 赦 之 . [9b*5*4]\nĐế chỉ tru Tiệt, Đỉnh dư giai xá chi.\n視 簡 定 帝 何 如 也 是 歲 饑 疫 人 民 不 得 耕 種 死 者 相 󰥺 . [9b*5*13]\nThị Giản Định Đế hà như dã? Thị tuế, cơ dịch, nhân dân bất đắc canh chủng, tử giả tương chẩm.\n戊 子 二 年 明 永 樂 六 年 春 正 月 三 十 日 明 将 張 輔 土 官 莫 邃 等 范 演 州 . [9b*8*1]\nMậu Tí nhị niên, [Minh Vĩnh Lạc lục niên,] xuân chính nguyệt, tam thập nhật, Minh tướng Trương Phụ thổ quan Mạc Thuý đẳng phạm Diễn Châu.\n帝 與 鄧 悉 以 眾 寡 不 敵 南 行 化 . [9b*9*7]\nĐế dữ Đặng Tất dĩ chúng quả bất địch, Nam hành Hoá..\n",
    "url": "/data/image_dvsk/ban_ky_toan_thu/quyen9/DVSKTT_ban_toan_IX_9b.jpg"
  },
  {
    "text": "州 明 人 追 之 犯 布 政 海 口 范 世 矜 迎 降 . [10a*1*1]\nChâu, Minh nhân truy chi phạm Bố Chính hải khẩu, Phạm Thế Căng nghênh hàng.\n輔 劄 授 新 平 知 府 及 置 流 官 分 治 . [10a*1*16]\nPhụ tráp thụ Tân Bình tri phủ, cập trí lưu quan phân trị.\n輔 還 東 都 . [10a*2*11]\nPhụ hoàn Đông Đô.\n夏 四 月 鄧 悉 奉 帝 復 幸 乂 安 . [10a*2*15]\nHạ tứ nguyệt, Đặng Tất phụng Đế phục hạnh Nghệ An .\n明 詔 畧 曰 尙 念 餘 ? 困 本 愚 昧 或 廹 饑 󰠃 或 為 强 所 驅 或 為 姦 所 誘 事 非 得 己 情 有 可 矜 槩 而 罪 之 朕 實 不 忍 . [10a*3*9]\nMinh chiếu lược viết: Thượng niệm dư chúng khốn bản ngu muội, hoặc bách cơ cùng, hoặc vi cường sở khu, hoặc vi gian sở dụ, sự phi đắc kỷ tình hữu khả căng khái, nhi tội chi, trẫm thực bất nhẫn.\n詔 書 到 日 咸 赦 除 之 . [10a*5*15]\nChiếu thư đáo nhật hàm xá trừ chi.\n交 趾 所 属 軍 民 衙 門 官 吏 體 朕 至 仁 務 隆 寬 恤 無 爲 嚴 急 無 肆 侵 漁 一 切 不 急 之 務 俱 且 亭 罷 〇 . [10a*6*5]\nGiao Chỉ sở thuộc quân dân nha môn quan lại thể trẫm chí nhân vụ long khoan tuất, vô vi nghiêm cấp vô tứ xâm ngư, nhất thiết bất cấp chi vụ cụ thả đình bãi .\n六 月 十 六 日 鄧 悉 大 破 叛 臣 范 世 矜 於 日 麗 海 口 獲 之 及 其 姪 范 棟 髙 送 行 在 誅 . [10a*8*6]\nLục nguyệt, thập lục nhật, Đặng Tất đại phá phản thần Phạm Thế Căng ư Nhật Lệ hải khẩu, hoạch chi cập kì điệt Phạm Đống Cao, tống hành tại tru..\n",
    "url": "/data/image_dvsk/ban_ky_toan_thu/quyen9/DVSKTT_ban_toan_IX_10a.jpg"
  },
  {
    "text": "之 . [10b*1*1]\nchi.\n先 是 世 矜 授 明 官 作 威 福 僣 稱 睿 武 大 王 . [10b*1*2]\nTiên thị, Thế Căng thụ Minh quan tác oai phúc tiếm xưng Duệ Vũ Đại Vương.\n至 是 集 眾 據 安 代 山 悉 討 平 之 〇 . [10b*1*18]\nChí thị, tập chúng cứ An Đại sơn, Tất thảo bình chi .\n秋 九 月 地 震 屋 舍 樹 木 如 傾 . [10b*2*13]\nThu cửu nguyệt, địa chấn, ốc xá thụ mộc như khuynh .\n冬 十 月 國 公 鄧 悉 調 順 化 新 平 乂 安 演 州 清 化 等 路 軍 進 討 東 都 師 經 長 安 福 成 等 䖏 舊 官 属 及 諸 豪 傑 無 不 應 從 . [10b*3*7]\nĐông thập nguyệt, quốc công Đặng Tất điều Thuận Hoá, Tân Bình, Nghệ An, Diễn Châu, Thanh Hoá đẳng lộ quân tiến thảo Đông Đô sư kinh, Trường Yên, Phúc Thành đẳng xứ, cựu quan thuộc cập chư hào kiệt vô bất ứng tòng.\n悉 擇 其 才 各 置 以 官 〇 . [10b*5*15]\nTất trạch kì tài các trí dĩ quan .\n十 二 月 十 四 日 國 公 鄧 悉 大 破 明 師 於 逋 姑 桿 . [10b*6*6]\nThập nhị nguyệt, thập tứ nhật, quốc công Đặng Tất đại phá Minh sư ư Bô Cô cán.\n時 明 遣 總 兵 沐 𣆭 以 黔 國 公 掛 征 夷 将 軍 印 領 兵 五 萬 侵 自 雲 南 至 逋 姑 會 . [10b*7*6]\nThời, Minh khiến Tổng binh Mộc Thạnh dĩ Kiềm quốc công quải Chinh Di tướng quân ấn lĩnh binh ngũ vạn xâm tự Vân Nam chí Bô Cô hội.\n帝 亦 目 乂 安 至 軍 容 整 肅 方 潮 强 風 勁 令 諸 軍 守 樁 . [10b*8*17]\nĐế diệc mục Nghệ An chí quân dung chỉnh túc phương triều cường phong kình lệnh chư quân thủ thung..\n",
    "url": "/data/image_dvsk/ban_ky_toan_thu/quyen9/DVSKTT_ban_toan_IX_10b.jpg"
  },
  {
    "text": "及 登 两 岸 築 壘 . [11a*1*1]\ncập đăng lưỡng ngạn trúc luỹ.\n𣆭 亦 分 水 步 相 持 . [11a*1*7]\nThạnh diệc phân thuỷ bộ tương trì.\n帝 援 桴 鼓 之 令 諸 軍 乘 機 縱 擊 自 巳 至 申 . [11a*1*14]\nĐế viện phù cổ chi, lệnh chư quân thừa cơ tung kích, tự Tị chí Thân.\n明 人 敗 北 斬 兵 步 尙 書 劉 檇 都 司 吕 毅 及 新 舊 軍 十 萬 餘 ? 獨 沐 𣆭 走 脱 奔 古 弄 城 . [11a*2*12]\nMinh nhân bại, Bắc trảm Binh bộ thượng thư Lưu Tuy, Đô ti Lữ Nghị, cập tân cựu quân thập vạn dư chúng, độc Mộc Thạnh tẩu thoát bôn Cổ Lộng thành.\n帝 謂 諸 軍 曰 乘 破 竹 之 勢 席 卷 長 驅 疾 雷 不 及 掩 耳 進 攻 東 関 城 破 之 必 矣 . [11a*4*8]\nĐế vị chư quân viết: Thừa phá trúc chi thế tịch quyển trường khu tật lôi bất cập yểm nhĩ tiến công Đông Quan thành phá chi tất hĩ.\n悉 曰 且 收 餘 寇 毋 致 後 患 . [11a*6*1]\nTất viết: Thả thu dư khấu vô trí hậu hoạn.\n猶 豫 久 不 决 . [11a*6*11]\nDo dự cửu bất quyết.\n東 関 守 兵 赴 援 接 沐 𣆭 回 悉 分 軍 圍 各 城 檄 諸 路 行 軍 討 賊 . [11a*6*16]\nĐông Quan thủ binh phó viện tiếp Mộc Thạnh hồi/ Tất phân quân vi các thành hịch chư lộ hành quân thảo tặc.\n潘 孚 先 曰 鄧 悉 但 知 行 軍 之 爲 急 而 不 知 救 . [11a*9*1]\nPhan Phu Tiên viết: Đặng Tất đản tri hành quân chi vi cấp nhi bất tri cứu..\n",
    "url": "/data/image_dvsk/ban_ky_toan_thu/quyen9/DVSKTT_ban_toan_IX_11a.jpg"
  },
  {
    "text": "鶇 都 之 尤 急 . [11b*1*1]\nĐông Đô chi vưu cấp.\n東 都 國 之 形 勢 據 東 都 則 諸 路 無 不 應 而 中 州 豪 傑 皆 在 焉 . [11b*1*6]\nĐông Đô quốc chi hình thế, cứ Đông Đô tắc chư lộ vô bất ứng, nhi trung châu hào kiệt giai tại yên.\n舍 此 不 圖 分 軍 散 處 所 以 號 令 不 一 卒 至 傾 襨 宜 哉 史 臣 吳 士 連 曰 唐 太 宗 之 用 兵 多 乘 破 竹 之 勢 以 取 勝 盖 有 英 䧺 之 姿 而 将 卒 素 所 練 習 也 . [11b*2*12]\nXá thử bất đồ phân quân tán xứ, sở dĩ hiệu lệnh bất nhất, tốt chí khuynh phức nghi tai! Sử thần Ngô Sĩ Liên viết: Đường Thái Tông chi dụng binh đa thừa phá trúc chi thế dĩ thủ thắng cái hữu anh hùng chi tư nhi tướng tốt tố sở luyện tập dã.\n帝 討 决 勝 而 悉 不 從 固 爲 可 惜 然 悉 盖 料 帝 非 太 宗 之 䧺 而 兵 自 遠 來 粮 或 不 繼 京 路 之 兵 未 集 寧 守 什 圍 伍 攻 之 法 也 . [11b*6*2]\nĐế thảo quyết thắng nhi Tất bất tòng, cố vi khả tích, nhiên Tất cái liệu Đế phi Thái Tông chi hùng, nhi binh tự viễn lai lương hoặc bất kế, kinh lộ chi binh vị tập ninh thủ thập vi ngũ công chi pháp dã.\n不 然 古 弄 城 距 逋 姑 不 過 半 日 而 尙 不 能 乘 破 竹 以 進 . [11b*8*14]\nBất nhiên, Cổ Lộng thành cự Bô Cô bất quá bán nhật nhi thượng bất năng thừa phá trúc dĩ tiến,..\n",
    "url": "/data/image_dvsk/ban_ky_toan_thu/quyen9/DVSKTT_ban_toan_IX_11b.jpg"
  },
  {
    "text": "况 東 䦕 乎 討 未 為 甚 失 矣 . [12a*1*1]\nhuống Đông Quan hồ! Thảo vị vi thậm thất hĩ.\n在 帝 信 讒 而 逮 殺 之 耳 . [12a*1*11]\nTại Đế tín sàm nhi đãi sát chi nhĩ.\n嗚 呼 鄧 悉 破 勍 敵 之 後 經 營 纔 旬 月 間 功 未 及 半 而 死 非 其 罪 傾 襨 之 禍 𡸈 悉 之 罪 哉 官 軍 至 建 昌 府 土 官 同 知 陳 國 傑 竄 林 中 饑 死 . [12a*2*3]\nÔ hô! Đặng Tất phá kình địch chi hậu kinh doanh tài tuần nguyệt gian công vị cập bán nhi tử phi kì tội khuynh phức chi hoạ há Tất chi [tội tai!] Quan quân chí Kiến Xương phủ, thổ quan đồng tri Trần Quốc Kiệt thoán lâm trung cơ tử.\n陳 福 聞 之 爲 之 立 祠 . [12a*5*1]\nTrần Phúc văn chi vi chi lập từ.\n史 臣 吳 士 連 曰 國 傑 之 饑 死 非 為 明 守 節 耻 前 日 之 受 明 官 也 . [12a*6*1]\nSử thần Ngô Sĩ Liên viết: Quốc Kiệt chi cơ tử phi vi Minh thủ tiết xỉ tiền nhật chi thụ Minh quan dã.\n此 可 見 羞 惡 之 心 爲 義 之 端 惜 乎 國 傑 之 不 能 耻 於 其 初 也 . [12a*7*8]\nThử khả kiến tu ác chi tâm vi nghĩa chi đoan tích hồ! Quốc Kiệt chi bất năng xỉ ư kì sơ dã.\n己 丑 三 年 三 月 以 後 重 光 帝 元 年 明 永 樂 七 年 春 二 月 殺 國 公 鄧 悉 . [12a*9*1]\nKỉ Sửu tam niên, [tam nguyệt dĩ hậu, Trùng Quang Đế nguyên niên, Minh Vĩnh Lạc thất niên,] xuân nhị nguyệt, sát Quốc công Đặng Tất..\n",
    "url": "/data/image_dvsk/ban_ky_toan_thu/quyen9/DVSKTT_ban_toan_IX_12a.jpg"
  },
  {
    "text": "及 同 知 樞 密 院 事 參 謀 軍 事 阮 景 真 . [12b*1*1]\ncập Đồng tri Khu Mật viện sự tham mưu quân sự Nguyễn Cảnh Chân.\n時 帝 次 黃 江 内 人 阮 蕢 蕢 或 作 蕢 學 生 阮 夢 莊 𡧸 奏 阮 景 真 鄧 悉 專 權 予 奪 若 不 早 圖 恐 後 難 制 . [12b*1*15]\nThời, Đế thứ Hoàng Giang, nội nhân Nguyễn Quỹ [Quỹ hoặc tác quỹ] học sinh Nguyễn Mộng Trang mật tấu Nguyễn Cảnh Chân, Đặng Tất chuyên quyền, dư đoạt, nhược bất tảo đồ khủng hậu nạn chế.\n帝 召 二 人 至 扼 殺 悉 真 奔 上 岸 力 士 追 斬 之 . [12b*3*14]\nĐế triệu nhị nhân chí, ách sát Tất, Chân bôn thượng ngạn lực sĩ truy trảm chi.\n史 臣 吳 士 連 曰 帝 幸 脱 險 陷 之 中 求 濟 國 家 之 難 得 悉 父 子 将 才 景 真 父 子 謀 畧 足 以 興 恢 復 之 功 成 中 興 之 業 . [12b*5*1]\nSử thần Ngô Sĩ Liên viết: Đế hạnh thoát hiểm hãm chi trung, cầu tế quốc gia chi nan, đắc Tất phụ tử tương tài, Cảnh Chân phụ tử mưu lược, túc dĩ hưng khôi phục chi công, thành trung hưng chi nghiệp.\n逋 姑 之 捷 國 勢 復 振 乃 聽 竪 子 讒 間 之 言 一 朝 殺 二 輔 臣 自 剪 其 股 胘 羽 翼 事 何 由 濟 故 君 德 貴 乎 剛 明 . [12b*7*10]\nBô Cô chi tiệp quốc thế phục chấn, nãi thính thụ tử sàm gián chi ngôn, nhất triều sát nhị phụ thần, tự tiễn kì cổ huyền vũ dực, sự hà do tế! Cố, quân đức quý hồ cương minh.\n剛 則 . [12b*9*16]\nCương tắc..\n",
    "url": "/data/image_dvsk/ban_ky_toan_thu/quyen9/DVSKTT_ban_toan_IX_12b.jpg"
  },
  {
    "text": "斷 明 則 能 察 . [13a*1*1]\nđoán, minh tắc năng sát.\n于 時 帝 召 二 臣 至 引 二 竪 数 以 讒 譛 大 臣 之 罪 立 斬 之 則 威 令 行 而 悉 等 勇 益 奮 感 益 深 設 有 奪 權 之 萌 𡸈 不 畏 威 而 自 戢 何 患 難 制 哉 既 不 能 然 則 淪 胥 以 溺 而 死 而 已 . [13a*1*6]\nVu thời, Đế triệu nhị thần chí, dẫn nhị thụ số dĩ sàm trấm đại thần chi tội, lập trảm chi tắc uy lệnh hành nhi Tất đẳng dũng ích phấn cảm ích thâm, thiết hữu đoạt quyền chi manh há bất uý uy nhi tự tập hà hoạn nạn chế tai! Ký bất năng nhiên tắc luân tế dĩ nịch nhi tử nhi dĩ.\n阮 景 真 子 景 異 鄧 悉 子 容 皆 憤 其 父 死 非 辜 領 順 化 軍 回 清 化 奉 迎 入 内 侍 中 陳 季 擴 至 乂 安 立 爲 帝 〇 . [13a*6*1]\nNguyễn Cảnh Chân tử Cảnh Dị, Đặng Tất tử Dung, giai phẫn kì phụ tử phi cô, lĩnh Thuận Hoá quân hồi Thanh Hoá phụng nghênh Nhập nội thị trung Trần Quý Khoáng chí Nghệ An lập vi Đế .\n三 月 十 七 日 帝 御 位 於 支 羅 改 元 重 光 以 阮 帥 為 太 傅 阮 景 異 爲 太 保 鄧 容 同 平 章 . [13a*8*5]\nTam nguyệt, thập thất nhật, Đế ngự vị ư Chi La, cải nguyên Trùng Quang, dĩ Nguyễn Soái vi Thái, phó Nguyễn Cảnh Dị vi Thái bảo, Đặng Dung Đồng bình chương..\n",
    "url": "/data/image_dvsk/ban_ky_toan_thu/quyen9/DVSKTT_ban_toan_IX_13a.jpg"
  },
  {
    "text": "事 阮 章 爲 司 馬 . [13b*1*1]\nsự, Nguyễn Chương vi Tư mã.\n簡 定 帝 守 御 天 城 與 明 相 拒 . [13b*1*7]\nGiản Định Đế thủ Ngự Thiên thành dữ Minh tương cự.\n帥 等 會 軍 潜 襲 獲 之 夏 . [13b*1*18]\nSoái đẳng hội quân tiềm tập hoạch chi .\n夏 四 月 七 日 興 󰆑 太 后 與 行 遣 黎 截 黎 元 鼎 潜 起 兵 於 渴 江 謀 襲 重 光 帝 . [13b*2*9]\nHạ tứ nguyệt, thất nhật, Hưng Khánh Thái Hậu dữ Hành khiển Lê Tiệt, Lê Nguyên Đỉnh tiềm khởi binh ư Hát Giang, mưu tập Trùng Quang Đế.\n乂 安 人 阮 棹 泄 其 事 重 光 帝 誅 截 元 鼎 等 餘 皆 赦 之 . [13b*4*1]\nNghệ An nhân Nguyễn Trạo tiết kì sự, Trùng Quang Đế tru Tiệt, Nguyên Đỉnh đẳng, dư giai xá chi.\n二 十 日 阮 帥 等 引 興 󰆑 帝 至 乂 安 三 制 江 . [13b*5*3]\nNhị thập nhật, Nguyễn Soái đẳng dẫn Hưng Khánh Đế chí Nghệ An Tam Chế giang.\n重 光 降 服 下 船 奉 迎 . [13b*6*1]\nTrùng Quang giáng phục hạ thuyền phụng nghênh.\n時 天 地 陰 曀 忽 出 彩 色 黄 雲 眾 皆 驚 異 乃 尊 興 󰆑 帝 爲 上 皇 同 戮 力 擊 賊 . [13b*6*9]\nThời, thiên địa âm ê, hốt xuất thái sắc hoàng vân, chúng giai kinh dị, nãi tôn Hưng Khánh Đế vi Thượng hoàng đồng lục lực kích tặc.\n五 月 重 光 妃 殂 〇 . [13b*8*1]\nNgũ nguyệt, Trùng Quang phi tồ .\n六 月 興 󰆑 太 后 崩 〇 . [13b*8*8]\nLục nguyệt Hưng Khánh Thái Hậu băng .\n秋 七 月 淫 雨 兼 旬 不 止 〇 . [13b*8*16]\nThu thất nguyệt, dâm vũ kiêm tuần bất chỉ .\n明 總 兵 沐 𣆭 遣 黄 羅 來 . [13b*9*8]\nMinh Tổng binh Mộc Thạnh khiến Hoàng La lai.\n帝 令 . [13b*9*17]\nĐế lệnh..\n",
    "url": "/data/image_dvsk/ban_ky_toan_thu/quyen9/DVSKTT_ban_toan_IX_13b.jpg"
  },
  {
    "text": "人 接 於 清 化 弩 江 〇 . [14a*1*1]\nnhân tiếp ư Thanh Hoá Nỗ Giang .\n二 帝 出 師 討 賊 . [14a*1*9]\nNhị Đế xuất sư thảo tặc.\n上 皇 進 兵 下 洪 帝 師 進 平 灘 駐 營 . [14a*1*15]\nThượng hoàng tiến binh Hạ Hồng, Đế sư tiến Bình Than trú doanh.\n明 人 閉 城 自 守 . [14a*2*10]\nMinh nhân bế thành tự thủ.\n帝 令 四 五 日 一 次 出 哨 . [14a*2*16]\nĐế lệnh tứ ngũ nhật nhất thứ xuất tiêu.\n諸 路 豪 傑 皆 響 應 惟 三 江 知 府 杜 維 忠 維 忠 洮 江 土 豪 保 養 明 官 不 從 而 以 . [14a*3*7]\nChư lộ hào kiệt giai hưởng ứng, duy Tam Giang tri phủ Đỗ Duy Trung [Duy Trung Thao Giang thổ hào,] bảo dưỡng Minh quan bất tòng nhi dĩ.\n會 總 兵 張 輔 以 英 國 公 掛 征 夷 将 軍 印 來 援 . [14a*4*18]\nHội Tổng binh Trương Phụ dĩ Anh Quốc công quải Chinh di tướng quân ấn lai viện.\n明 人 復 振 . [14a*5*14]\nMinh nhân phục chấn.\n上 皇 乃 棄 船 上 岸 如 天 䦕 鎮 . [14a*5*18]\nThượng Hoàng nãi khí thuyền thượng ngạn như Thiên Quan trấn.\n帝 疑 上 皇 有 異 志 令 阮 帥 追 之 不 及 . [14a*6*11]\nĐế nghi Thượng hoàng hữu dị chí, lệnh Nguyễn Soái truy chi bất cập.\n張 輔 分 軍 躡 至 併 獲 太 保 陳 希 葛 及 寶 璽 俘 送 金 陵 尋 被 害 . [14a*7*7]\nTrương Phụ phân quân niếp chí tính hoạch Thái bảo Trần Hi Cát cập bảo tỉ phù tống Kim Lăng, tầm bị hại.\n八 月 重 光 帝 與 張 輔 拒 持 於 平 灘 . [14a*8*12]\nBát nguyệt, Trùng Quang Đế dữ Trương Phụ cự trì ư Bình Than.\n帝 分 命 平 章 鄧 容 守 鹹 子 䦕 . [14a*9*7]\nĐế phân mệnh Bình chương Đặng Dung thủ Hàm Tử quan.\n時 . [14a*9*18]\nThời,..\n",
    "url": "/data/image_dvsk/ban_ky_toan_thu/quyen9/DVSKTT_ban_toan_IX_14a.jpg"
  },
  {
    "text": "頗 乏 食 容 分 兵 收 獲 早 稻 以 供 軍 食 . [14b*1*1]\npha phạp thực, Dung phân binh thu hoạch tảo đạo dĩ cúng quân thực.\n明 人 覘 知 之 以 水 軍 犯 鹹 子 䦕 . [14b*1*15]\nMinh nhân xiêm tri chi dĩ thuỷ quân phạm Hàm Tử quan.\n容 軍 自 潰 . [14b*2*9]\nDung quân tự hội.\n帝 聞 失 守 自 度 不 支 乃 引 軍 回 乂 安 復 圖 進 取 . [14b*2*13]\nĐế văn thất thủ, tự độ bất chi nãi dẫn quân hồi Nghệ An phục đồ tiến thủ.\n輔 所 至 多 行 殺 戮 或 積 尸 爲 山 或 抽 腸 繫 樹 成 煎 肉 取 䐧 或 炮 烙 爲 戲 至 有 剖 胎 為 二 馘 以 應 令 . [14b*3*13]\nPhụ sở chí đa hành sát lục, hoặc tích thi vi sơn, hoặc trừu trường hệ thụ thành tiên nhục thủ cao, hoặc bào lạc vi hí chí hữu phẫu thai vi nhị quắc dĩ ứng lệnh.\n諸 京 路 以 次 受 行 . [14b*5*14]\nChư kinh lộ dĩ thứ thụ hàng.\n其 遣 民 尽 掠 為 奴 婢 及 輔 賣 去 而 四 散 者 矣 . [14b*6*3]\nKì khiến dân tận lược vi nô tì cập Phụ mại khứ nhi tứ tán giả hĩ.\n尙 書 黄 福 復 設 官 分 任 清 化 以 北 . [14b*7*2]\nThượng thư Hoàng Phúc phục thiết quan phân nhiệm Thanh Hoá dĩ Bắc.\n諸 府 縣 土 人 有 能 招 安 及 殺 掠 有 功 者 張 輔 並 劄 授 官 . [14b*7*15]\nChư phủ huyện thổ nhân hữu năng chiêu an cập sát lược hữu công giả Trương Phụ tịnh tráp thụ quan.\n黄 福 請 陞 太 原 宣 光 二 州 爲 府 〇 . [14b*8*18]\nHoàng Phúc thỉnh thăng Thái Nguyên, Tuyên Quang nhị châu vi phủ .\n是 歲 饑 疫 甚 於 . [14b*9*13]\nThị tuế, cơ dịch thậm ư..\n",
    "url": "/data/image_dvsk/ban_ky_toan_thu/quyen9/DVSKTT_ban_toan_IX_14b.jpg"
  }
]