[
  {
    "text": "前 年 . [15a*1*1]\ntiền niên.\n重 光 帝 諱 季 擴 愍 王 𩖀 之 󰱃 子 藝 宗 之 孫 簡 定 帝 之 姪 也 . [15a*2*1]\nTrùng Quang Đế [Huý Quý Khoáng, Mẫn Vương Ngạc chi thứ tử, Nghệ Tông chi tôn, Giản Định Đế chi điệt dã.\n在 位 五 年 . [15a*2*23]\nTại vị ngũ niên.\n帝 遭 時 板 蕩 歷 勵 志 圖 回 不 祐 陳 飲 恨 以 死 . [15a*3*1]\nĐế tao thời bản đãng, lịch lệ chí đồ hồi, bất hựu Trần, ẩm hận dĩ tử.\n悲 夫 天 庚 寅 重 光 二 年 明 永 樂 八 年 春 正 月 張 輔 令 明 人 於 近 城 去 處 增 置 屯 田 及 徵 太 原 宣 光 三 江 稻 榖 為 軍 儲 〇 . [15a*3*18]\nBi phu!] thiên Canh Dần Trùng Quang nhị niên, [Minh Vĩnh lạc bát niên,] xuân chính nguyệt, Trương Phụ lệnh Minh nhân ư cận thành khứ xứ tăng trí đồn điền, cập trưng Thái Nguyên, Tuyên Quang, Tam Giang đạo cốc vi quân trừ .\n夏 五 月 帝 率 阮 景 異 等 進 軍 下 洪 󰲨 津 破 都 督 江 浩 軍 乘 勝 逐 北 進 軍 平 灘 焚 毀 明 人 船 寨 殆 尽 〇 . [15a*6*4]\nHạ ngũ nguyệt, Đế suất Nguyễn Cảnh Dị đẳng tiến quân Hạ Hồng la tân phá Đô đốc Giang Hạo quân, thừa thắng trục bắc tiến quân Bình Than, phàn huỷ Minh nhân thuyền trại đãi tận .\n是 時 豪 傑 從 風 響 應 清 化 人 同 墨 號 爲 擄 掠 将 軍 殺 破 賊 徒 不 可 勝 紀 明 指 揮 左 . [15a*8*6]\nThị thời, hào kiệt tòng phong hưởng ứng, Thanh Hoá nhân Đồng Mặc hiệu vi Lỗ lược tướng quân sát phá tặc đồ bất khả thắng kỷ, Minh chỉ huy Tả..\n",
    "url": "/data/image_dvsk/ban_ky_toan_thu/quyen9/DVSKTT_ban_toan_IX_15a.jpg"
  },
  {
    "text": "翟 就 擒 王 宣 一 作 王 亶 勢 窮 自 刎 . [15b*1*1]\nĐịch tựu cầm, Vương Tuyên [nhất tác Vương Đàn,] thế cùng tự vẫn.\n興 󰆑 帝 授 墨 清 化 郡 府 管 . [15b*1*14]\nHưng Khánh Đế thụ Mặc Thanh Hoá quận phủ quản.\n又 有 阮 銀 河 雖 不 及 墨 亦 諸 豪 之 尤 者 . [15b*2*4]\nHựu hữu Nguyễn Ngân Hà tuy bất cập Mặc, diệc chư hào chi vưu giả.\n清 威 黎 蘂 殺 都 司 盧 旺 父 子 於 玉 傘 橋 又 慈 廉 明 人 畏 憚 . [15b*3*1]\nThanh Oai Lê Nhị sát Đô ti Lư Vượng phụ tử ư Ngọc Tản kiều, hựu cứ Từ Liêm, Minh nhân uý đạn.\n清 潭 黎 康 長 安 杜 檜 阮 囂 亦 擁 眾 拒 敵 . [15b*4*6]\nThanh Đàm Lê Khang, Trường Yên Đỗ Cối, Nguyễn Hiêu diệc ủng chúng cự địch.\n但 節 制 不 一 軍 無 統 攝 後 皆 會 散 . [15b*5*3]\nĐản tiết chế bất nhất, quân vô thống nhiếp, hậu giai hội tán.\n會 張 輔 至 演 州 帝 復 引 軍 還 乂 安 〇 . [15b*5*16]\nHội Trương Phụ chí Diễn Châu, Đế phục dẫn quân hoàn Nghệ An .\n黄 福 請 拨 土 官 職 田 隨 其 品 秩 召 人 佃 種 收 租 代 禄 流 官 聽 供 兵 種 田 收 榖 䦕 之 食 米 . [15b*6*12]\nHoàng Phúc thỉnh bạt thổ quan chức điền tuỳ kì phẩm trật, triệu nhân điền chủng thu tô đại lộc, lưu quan thính cúng binh chủng điền thu cốc quan chi thực mễ.\n辛 卯 三 年 明 永 樂 九 年 春 正 月 張 輔 劄 各 府 土 官 以 為 . [15b*9*1]\nTân Mão tam niên, [Minh Vĩnh Lạc cửu niên,] xuân chính nguyệt, Trương Phụ tráp các phủ thổ quan dĩ vi..\n",
    "url": "/data/image_dvsk/ban_ky_toan_thu/quyen9/DVSKTT_ban_toan_IX_15b.jpg"
  },
  {
    "text": "從 征 之 役 有 府 州 土 官 󰅾 管 者 有 置 千 百 長 隷 以 爲 指 揮 千 户 者 〇 . [16a*1*1]\ntòng chinh, chi dịch hữu phủ châu thổ quan đái quản giả, hữu trí thiên bách trưởng lệ dĩ vi chỉ huy thiên hộ giả .\n二 月 明 詔 赦 畧 曰 交 趾 既 属 於 職 方 連 歲 未 臻 於 休 . [16a*2*9]\nNhị nguyệt, Minh chiếu xá lược viết: Giao Chỉ ký thuộc ư chức, phương liên tuế vị trăn ư hưu.\n息 憫 兹 困 弊 之 後 特 敷 寬 恤 之 恩 󰱃 使 兆 民 咸 霑 德 澤 . [16a*3*11]\nTức mẫn tư khốn tệ chi hậu, đặc phu khoan tuất chi ân thứ sử triệu dân hàm triêm đức trạch.\n又 諭 官 員 軍 民 等 曰 交 趾 之 人 皆 爲 天 民 既 以 撫 之 皆 朕 赤 子 . [16a*4*14]\nHựu dụ quan viên quân dân đẳng viết: Giao Chỉ chi nhân giai vi thiên dân, ký dĩ phủ chi giai trẫm xích tử.\n彼 一 時 從 㓂 徒 者 朕 聞 受 戮 實 側 然 傷 𢙇 𡸈 忍 使 其 如 此 . [16a*6*2]\nBỉ nhất thời tòng khấu đồ giả, trẫm văn thụ lục thực trắc, nhiên thương hoài há nhẫn sử kì như thử.\n但 作 惡 者 止 有 数 人 海 濱 山 峝 百 姓 爲 其 所 逼 脅 或 助 與 粮 食 或 󰅾 領 同 行 到 處 爲 冦 皆 出 於 不 得 已 爲 其 所 誤 非 由 本 心 . [16a*7*6]\nĐản tác ác giả chỉ hữu số nhân, hải tân sơn động bách tính vi kì sở bức hiếp, hoặc trợ dữ lương thực, hoặc đái lĩnh đồng hành đáo xứ vi khấu, giai xuất ư bất đắc dĩ vi kì sở ngộ phi do bản tâm.\n若 能 . [16a*9*17]\nNhược năng..\n",
    "url": "/data/image_dvsk/ban_ky_toan_thu/quyen9/DVSKTT_ban_toan_IX_16a.jpg"
  },
  {
    "text": "幡 然 自 悔 咸 與 維 新 . [16b*1*1]\nphướn nhiên tự hối, hàm dữ duy tân.\n為 惡 止 数 人 於 百 姓 無 罪 . [16b*1*9]\nVi ác chỉ số nhân ư bách tính vô tội.\n其 間 挺 然 有 勇 感 見 識 之 士 能 執 此 数 人 來 献 必 與 之 高 官 加 之 重 爵 . [16b*2*1]\nKì gian đĩnh nhiên hữu dũng cảm kiến thức chi sĩ năng chấp thử số nhân lai hiến, tất dữ chi cao quan, gia chi trọng tước.\n若 此 等 人 能 洗 心 條 慮 故 過 自 新 不 但 宥 釋 其 罪 又 必 榮 之 以 官 〇 . [16b*3*10]\nNhược thử đẳng nhân năng tẩy tâm điều lự cố quá tự tân, bất đản hựu thích kì tội hựu tất vinh chi dĩ quan .\n三 明 差 官 賫 勑 賜 土 官 曰 爾 以 魁 傑 之 才 敦 厚 之 質 明 達 先 見 昔 輸 誠 効 力 尽 忠 朝 廷 撫 念 爾 勞 特 加 顯 職 . [16b*4*18]\nTam Minh sai quan tê sắc tứ thổ quan viết: Nhĩ dĩ khôi kiệt chi tài đôn hậu chi chất minh đạt tiên kiến tích thâu thành hiệu lực tận trung triều đình, phủ niệm nhĩ lao đặc gia hiển chức.\n今 聞 余 能 脩 厥 職 竭 力 建 功 勦 戮 叛 賊 固 守 境 土 脊 兹 忠 誠 𡸈 勝 嘉 悅 兹 者 餘 冦 未 寧 尔 尙 益 懋 乃 功 戮 力 勦 蕩 以 紹 前 績 . [16b*7*5]\nKim văn dư năng tu quyết chức, kiệt lực kiến công, tiễu lục phản tặc, cố thủ cảnh thổ, tích tư trung thành há thắng gia duyệt tư giả dư khấu vị ninh nhĩ thượng ích mậu nãi công lục lực tiễu đãng dĩ thiệu tiền tích.\n特 遣 人 . [16b*9*16]\nĐặc khiến nhân..\n",
    "url": "/data/image_dvsk/ban_ky_toan_thu/quyen9/DVSKTT_ban_toan_IX_16b.jpg"
  },
  {
    "text": "勞 賜 . [17a*1*1]\nlao tứ.\n爾 其 欽 哉 . [17a*1*3]\nNhĩ kì khâm tai.\n服 此 寵 命 命 . [17a*1*7]\nPhục thử sủng mệnh .\n秋 七 月 底 江 大 水 决 綴 堤 漂 民 廬 舍 〇 . [17a*1*12]\nThu thất nguyệt, Để giang đại thuỷ quyết xuyết đê phiêu dân lư xá .\n九 月 帝 及 阮 帥 等 分 道 進 海 口 獲 士 人 指 揮 阮 正 於 排 淋 梟 首 而 還 . [17a*2*9]\nCửu nguyệt, Đế cập Nguyễn Soái đẳng phân đạo tiến hải khẩu, hoạch sĩ nhân chỉ huy Nguyễn Chính ư Bài Lâm, kiêu thủ nhi hoàn.\n命 行 胡 彦 臣 爲 求 封 使 審 刑 裴 訥 言 副 之 賫 表 文 方 物 及 代 身 金 銀 二 軀 . [17a*3*17]\nMệnh Hành Hồ Ngạn Thần vi cầu phong sứ, thẩm hình Bùi Nột Ngôn phó chi, tê biểu văn phương vật cập đại thân kim ngân nhị khu.\n先 是 帝 遣 行 遣 阮 日 孜 及 審 刑 黎 銀 求 封 . [17a*5*9]\nTiên thị, Đế khiến Hành khiển Nguyễn Nhật Tư cập Thẩm hình Lê Ngân cầu phong.\n明 帝 怒 囚 殺 之 . [17a*6*7]\nMinh đế nộ, tù sát chi.\n至 是 再 命 彦 臣 等 行 . [17a*6*13]\nChí thị, tái mệnh Ngạn Thần đẳng hành.\n至 燕 京 明 帝 遣 胡 澄 托 以 恩 意 問 國 主 强 弱 事 情 虚 實 . [17a*7*3]\nChí Yên kinh, Minh đế khiến Hồ Trừng thác dĩ ân, ý vấn quốc chủ cường nhược sự tình hư thực.\n彦 臣 爲 尽 言 之 . [17a*8*6]\nNgạn Thần vi tận ngôn chi.\n訥 言 不 屈 . [17a*8*12]\nNột Ngôn bất khuất.\n明 假 授 帝 為 交 趾 布 政 使 彦 臣 乂 安 知 府 . [17a*8*16]\nMinh giả thụ Đế vi Giao Chỉ Bố chính sứ, Ngạn Thần Nghệ An tri phủ.\n使 回 訥 言 具 . [17a*9*14]\nSứ hồi, Nột Ngôn cụ..\n",
    "url": "/data/image_dvsk/ban_ky_toan_thu/quyen9/DVSKTT_ban_toan_IX_17a.jpg"
  },
  {
    "text": "白 彦 臣 漏 泄 國 事 及 授 僞 令 . [17b*1*1]\nbạch Ngạn Thần lậu tiết quốc sự cập thụ nguỵ lệnh.\n秋 禁 誅 之 之 . [17b*1*12]\nThu cấm tru chi .\n以 國 姊 長 公 主 嫁 化 州 人 胡 貝 𢪒 爲 司 圖 仍 命 出 清 化 禦 賊 . [17b*1*17]\nDĩ quốc tỉ trưởng công chúa giá Hoá Châu nhân Hồ Bối, bái vi Tư đồ, những mệnh xuất Thanh Hoá ngự tặc .\n明 捕 參 議 解 縉 囚 殺 之 . [17b*3*5]\nMinh bổ Tham nghị Giải Tấn tù sát chi.\n縉 江 西 吉 安 人 縉 進 士 及 第 除 翰 林 學 士 言 事 忤 旨 出 爲 交 趾 參 議 . [17b*3*14]\n[Tấn Giang Tây Cát An nhân,] Tấn tiến sĩ cập đệ trừ Hàn Lâm học sĩ, ngôn sự ngỗ chỉ xuất vi Giao Chỉ tham nghị.\n到 司 又 言 交 趾 分 置 郡 縣 不 如 因 舊 封 建 士 豪 以 相 管 . [17b*5*1]\nĐáo ti, hựu ngôn: Giao Chỉ phân trí quận huyện, bất như nhân cựu phong kiến sĩ hào dĩ tương quản.\n攝 縱 有 所 得 不 償 所 失 所 利 不 藥 所 傷 . [17b*6*4]\nNhiếp tung hữu sở đắc bất thường sở thất sở lợi bất dược sở thương.\n明 帝 覧 奏 大 怒 以 爲 私 於 陳 氏 不 利 於 國 詔 捕 下 錦 衣 衛 囚 之 病 卒 . [17b*7*1]\nMinh đế lãm tấu, đại nộ, dĩ vi tư ư Trần thị, bất lợi ư quốc, chiếu bổ hạ cẩm y vệ tù chi, bệnh tốt.\n至 明 仁 宗 即 位 之 歲 始 得 歸 塟 家 屬 還 鄕 . [17b*8*9]\nChí Minh Nhân Tông tức vị chi tuế, thuỷ đắc quy táng, gia thuộc hoàn hương.\n",
    "url": "/data/image_dvsk/ban_ky_toan_thu/quyen9/DVSKTT_ban_toan_IX_17b.jpg"
  },
  {
    "text": "史 臣 吳 士 連 曰 直 臣 之 言 非 利 於 身 而 利 於 國 . [18a*1*1]\nSử thần Ngô Sĩ Liên viết: Trực thần chi ngôn phi lợi ư thân nhi lợi ư quốc.\n然 庸 君 中 主 徃 徃 不 以 爲 利 而 欲 害 之 者 . [18a*2*2]\nNhiên dung quân trung chủ vãng vãng bất dĩ vi lợi, nhi dục hại chi giả.\n由 其 蔽 之 也 深 . [18a*3*1]\nDo kì kính tế chi dã thâm.\n明 太 祖 一 崩 喜 功 好 大 之 貪 得 我 國 解 縉 𡸈 不 知 言 之 觸 怒 哉 乃 爲 國 不 顧 身 也 . [18a*3*8]\nMinh Thái Tổ nhất băng hỉ công hảo đại chi tham đắc ngã quốc, Giải Tấn há bất tri ngôn chi xúc nộ tai! Nãi vi quốc bất cố thân dã.\n太 宗 不 從 黷 武 窮 兵 其 於 必 得 . [18a*5*5]\nThái Tông bất tòng độc vũ cùng binh kì ư tất đắc.\n縉 之 言 時 若 未 驗 及 我 . [18a*5*17]\nTấn chi ngôn thời nhược vị nghiệm cập ngã.\n太 祖 戡 乱 除 殘 得 王 通 蠟 書 言 使 用 兵 如 原 征 之 数 得 六 七 大 将 軍 如 張 輔 方 可 圖 之 縱 得 不 可 守 之 然 從 縉 之 言 始 驗 . [18a*7*1]\nThái Tổ kham loạn trừ tàn đắc Vương Thông lạp thư ngôn: Sử dụng binh như nguyên chinh chi số, đắc lục thất đại tướng quân như Trương Phụ phương khả đồ chi, tung đắc bất khả thủ chi, nhiên tòng Tấn chi ngôn thuỷ nghiệm.\n直 臣 之 言 𡸈 不 . [18a*9*12]\nTrực thần chi ngôn há bất..\n",
    "url": "/data/image_dvsk/ban_ky_toan_thu/quyen9/DVSKTT_ban_toan_IX_18a.jpg"
  },
  {
    "text": "利 於 國 哉 在 乎 人 有 以 察 之 也 . [18b*1*1]\nlợi ư quốc tai! Tại hồ nhân hữu dĩ sát chi dã.\n明 人 捕 送 教 授 黎 景 恂 于 金 陵 . [18b*2*1]\nMinh nhân bổ tống giáo thụ Lê Cảnh Tuân vu Kim Lăng.\n初 景 恂 爲 胡 氏 下 齋 學 生 . [18b*2*13]\nSơ, Cảnh Tuân vi Hồ thị hạ trai học sinh.\n興 ? 元 年 作 萬 言 書 献 參 議 裴 伯 耆 有 上 中 下 三 策 . [18b*3*5]\nHưng Khánh nguyên niên tác vạn ngôn thư hiến Tham nghị Bùi Bá Kì hữu thượng trung hạ tam sách.\n大 畧 以 爲 明 國 既 有 勑 賜 閣 下 隨 軍 征 進 俟 胡 氏 成 擒 擇 陳 氏 子 孫 立 之 加 爵 居 國 爲 輔 . [18b*4*7]\nĐại lược dĩ vi Minh quốc ký hữu sắc tứ các hạ tuỳ quân chinh tiến, sĩ HỒ thị thành cầm trạch Trần thị tử tôn lập chi, gia tước, cư quốc vi phụ.\n見 今 設 立 布 政 司 授 閣 下 以 髙 爵 者 給 陳 氏 廟 洗 掃 人 . [18b*6*5]\nKiến kim thiết lập Bố chính ti thụ các hạ dĩ cao tước giả cấp Trần thị miếu tẩy tảo nhân.\n閣 下 苟 能 復 奏 辨 官 吏 耆 者 之 所 言 明 陳 氏 子 孫 之 未 絶 而 别 宣 詔 勑 復 封 陳 氏 此 上 策 也 . [18b*7*8]\nCác hạ câu năng phục tấu biện quan lại kì giả chi sở ngôn minh Trần thị tử tôn chi vị tuyệt nhi biệt tuyên chiếu sắc phục phong Trần thị, thử thượng sách dã.\n不 能 如 是 乞 罷 本 職 願 爲 陳 氏 . [18b*9*7]\nBất năng như thị khất bãi bản chức nguyện vi Trần thị..\n",
    "url": "/data/image_dvsk/ban_ky_toan_thu/quyen9/DVSKTT_ban_toan_IX_18b.jpg"
  },
  {
    "text": "祠 官 此 中 策 也 . [19a*1*1]\ntừ quan thử trung sách dã.\n若 戀 其 󰠃 官 貪 其 厚 禄 斬 爲 下 矣 . [19a*1*7]\nNhược luyến kì cùng quan tham kì hậu lộc, trảm vi hạ hĩ.\n如 出 其 上 則 僕 猶 人 參 甘 草 枳 殼 陳 皮 充 於 藥 籠 之 中 惟 閣 下 之 所 用 也 . [19a*2*2]\nNhư xuất kì thượng tắc bộc do nhân sâm, cam thảo, chỉ xác trần bì sung ư dược lung chi trung duy các hạ chi sở dụng dã.\n出 其 中 則 僕 願 執 籩 豆 奔 走 其 間 亦 惟 閣 下 之 所 使 也 . [19a*3*12]\nXuất kì trung tắc bộc nguyện chấp biên đậu bôn tẩu kì gian diệc duy các hạ chi sở sử dã.\n出 其 下 則 僕 約 寂 耕 閑 以 終 餘 年 而 已 . [19a*4*15]\nXuất kì hạ tắc bộc ước tịch canh nhàn dĩ chung dư niên nhi dĩ.\n及 籍 伯 耆 家 得 其 書 以 聞 . [19a*5*12]\nCập tịch Bá Kì gia đắc kì thư dĩ văn.\n令 捉 問 之 近 已 乱 亡 不 知 所 去 . [19a*6*4]\nLệnh tróc vấn chi cận dĩ loạn vong bất tri sở khứ.\n至 是 新 設 交 州 學 校 得 之 捕 送 金 陵 下 錦 衣 獄 居 五 年 與 子 太 顛 俱 病 死 . [19a*6*16]\nChí thị, tân thiết Giao Châu học hiệu đắc chi bổ tống Kim Lăng, hạ Cẩm y ngục, cư ngũ niên dữ tử Thái Điên cụ bệnh tử.\n史 臣 吳 士 連 曰 景 恂 三 策 有 丈 夫 志 氣 其 受 . [19a*9*1]\nSử thần Ngô Sĩ Liên viết: Cảnh Tuân tam sách hữu trượng phu chí khí kì thụ..\n",
    "url": "/data/image_dvsk/ban_ky_toan_thu/quyen9/DVSKTT_ban_toan_IX_19a.jpg"
  },
  {
    "text": "明 教 授 職 出 於 隱 逸 而 不 免 也 歟 壬 辰 四 年 明 永 樂 十 年 春 正 月 太 原 大 慈 父 道 阮 芮 起 兵 徃 返 三 島 山 爲 明 張 輔 所 擒 . [19b*1*1]\nMinh giáo thụ chức xuất ư ẩn dật nhi bất miễn dã ru? Nhâm Thìn tứ niên, [Minh Vĩnh Lạc thập niên,] xuân chính nguyệt, Thái Nguyên Đại Từ phụ đạo Nguyễn Nhuệ khởi binh vãng phản Tam Đảo sơn, vi Minh Trương Phụ sở cầm .\n時 京 路 皆 附 於 明 百 姓 當 差 納 粮 以 從 守 任 之 差 發 . [19b*3*14]\nThời, kinh lộ giai phò ư Minh, bách tính đương sai nạp lương dĩ tòng thủ nhiệm chi sai phát.\n土 軍 造 船 屯 田 以 助 總 兵 之 役 . [19b*4*16]\nThổ quân tạo thuyền đồn điền dĩ trợ tổng binh chi dịch.\n演 州 以 南 不 得 耕 種 〇 . [19b*5*10]\nDiễn Châu dĩ Nam bất đắc canh chủng .\n夏 六 月 明 張 輔 沐 𣆭 引 兵 侵 乂 安 行 在 遇 阮 帥 阮 景 異 鄧 容 等 於 謨 渡 . [19b*6*1]\nHạ lục nguyệt, Minh Trương Phụ, Mộc Thạnh dẫn binh xâm Nghệ An, hành tại ngộ Nguyễn Soái, Nguyễn Cảnh Dị, Đặng Dung đẳng ư Mô Độ.\n容 輔 皆 殊 死 戰 未 决 勝 負 . [19b*7*10]\nDung, Phụ giai thù tử chiến vị quyết thắng phụ.\n帥 景 異 漂 海 而 走 . [19b*8*2]\nSoái, Cảnh Dị phiêu hải nhi tẩu.\n胡 貝 棄 船 登 岸 . [19b*8*9]\nHồ Bối khí thuyền đăng ngạn.\n容 孤 軍 無 援 遂 輕 船 越 海 以 遁 . [19b*8*15]\nDung cô quân vô viện, toại khinh thuyền việt hải dĩ độn.\n",
    "url": "/data/image_dvsk/ban_ky_toan_thu/quyen9/DVSKTT_ban_toan_IX_19b.jpg"
  },
  {
    "text": "史 臣 吳 士 連 曰 臨 兵 制 勝 之 道 在 乎 恊 同 心 力 向 . [20a*1*1]\nSử thần Ngô Sĩ Liên viết: Lâm binh chế thắng chi đạo tại hồ hiệp đồng tâm lực hướng.\n使 帥 等 與 容 同 心 力 戰 容 輔 未 知 誰 勝 負 盖 天 不 佑 陳 也 . [20a*2*3]\nSử Soái đẳng dữ Dung đồng tâm lực chiến, Dung Phụ vị tri thuỳ thắng phụ, cái thiên bất hựu Trần dã.\n秋 七 月 明 遣 總 兵 韓 觀 以 右 軍 都 督 同 知 掛 征 南 将 軍 印 來 鎮 守 〇 . [20a*4*1]\nThu thất nguyệt, Minh khiến Tổng binh Hàn Quan dĩ Hữu quân đô đốc đồng tri quải Chinh Nam tướng quân ấn lai trấn thủ .\n明 張 負 令 三 江 宣 化 等 州 以 給 粮 〇 . [20a*5*9]\nMinh Trương Phụ lệnh Tam Giang, Tuyên Hoá đẳng châu dĩ cấp lương .\n明 張 輔 等 復 冦 乂 安 行 在 清 化 演 州 皆 𨺻 〇 . [20a*6*5]\nMinh Trương Phụ đẳng phục khấu Nghệ An, hành tại Thanh Hoá, Diễn Châu giai hãm .\n冬 十 二 月 明 勑 諭 布 政 司 州 府 縣 官 吏 耆 老 人 等 曰 朕 承 天 命 統 治 天 下 惟 使 天 下 之 民 舉 得 其 安 . [20a*7*4]\nĐông thập nhị nguyệt, Minh sắc dụ Bố chính ti châu, phủ, huyện, quan lại, kì lão nhân đẳng viết: Trẫm thừa thiên mệnh thống trị thiên hạ, duy sử thiên hạ chi dân cử đắc kì an.\n交 趾 遠 在 海 濱 舊 爲 中 國 之 地 . [20a*9*6]\nGiao Chỉ viễn tại hải tân, cựu vi Trung Quốc chi địa.\n今 . [20a*9*18]\nKim..\n",
    "url": "/data/image_dvsk/ban_ky_toan_thu/quyen9/DVSKTT_ban_toan_IX_20a.jpg"
  },
  {
    "text": "已 復 故 軍 民 歸 化 於 兹 有 年 已 立 牧 伯 官 守 令 軍 衛 司 選 任 忠 良 贒 能 者 以 撫 治 之 . [20b*1*1]\ndĩ phục cố, quân dân quy hoá ư tư hữu niên, dĩ lập mục, bá, quan, thủ, lệnh, quân, vệ, ti, tuyển nhiệm trung lương hiền năng giả dĩ phủ trị chi.\n朕 夙 夜 在 念 尙 慮 地 遠 民 繁 化 有 不 浹 不 得 以 被 國 家 愛 養 恩 澤 . [20b*2*15]\nTrẫm túc dạ tại niệm, thượng lự địa viễn dân phồn, hoá hữu bất tiếp bất đắc dĩ bị quốc gia ái dưỡng ân trạch.\n今 爾 等 皆 忠 良 之 臣 務 體 朕 奉 天 愛 民 之 意 興 民 之 利 除 民 之 害 順 其 好 惡 而 革 其 奸 弊 . [20b*4*4]\nKim, nhĩ đẳng giai trung lương chi thần vụ thể trẫm phụng thiên ái dân chi ý, hưng dân chi lợi, trừ dân chi hại, thuận kì hảo ác nhi cách kì gian tệ.\n教 民 以 耕 桑 使 之 不 違 其 時 則 衣 食 有 所 養 教 民 以 孝 悌 忠 信 導 民 以 禮 義 廉 耻 則 風 俗 有 以 成 . [20b*6*2]\nGiáo dân dĩ canh tang, sử chi bất vi, kì thời tắc y thực hữu sở dưỡng giáo dân dĩ hiếu đễ trung tín đạo dân dĩ lễ nghĩa, liêm sỉ, tắc phong tục hữu dĩ thành.\n死 喪 患 難 相 恤 相 助 困 󰠃 顛 連 相 賙 相 扶 . [20b*8*3]\nTử táng hoạn nan tương tuất tương trợ, khốn cùng điên liên tương chu tương phù.\n老 以 訓 其 幼 少 以 事 其 長 各 循 其 性 無 悖 於 禮 . [20b*9*1]\nLão dĩ huấn kì ấu, thiếu dĩ sự kì trưởng, các tuần kì tính vô bột ư lễ.\n",
    "url": "/data/image_dvsk/ban_ky_toan_thu/quyen9/DVSKTT_ban_toan_IX_20b.jpg"
  },
  {
    "text": "勿 爲 盗 窃 勿 爲 欺 罔 毋 舞 文 以 弄 法 毋 徇 私 以 滅 公 使 之 安 生 樂 業 永 爲 無 事 之 天 民 共 樂 太 平 之 盛 治 則 爾 等 克 惧 乃 職 克 共 乃 事 克 承 朕 代 天 子 民 之 德 意 媲 古 之 循 良 名 垂 耀 於 青 史 𡸈 不 偉 哉 〇 . [21a*1*1]\nVật vi đạo thiết, vật vi khi võng, vô vũ văn dĩ lộng pháp, vô tuân tư dĩ diệt công, sử chi an sinh lạc nghiệp, vĩnh vi vô sự chi, thiên dân cộng lạc thái bình chi thịnh trị, tắc nhĩ đẳng khắc cụ nãi chức khắc cộng nãi sự khắc thừa trẫm đại thiên tử dân chi đức ý tỉ cổ chi tuần lương danh thuỳ diệu ư thanh sử há bất vĩ tai .\n諒 山 農 文 歷 聚 兵 據 其 地 扼 塞 明 人 徃 來 之 路 殺 獲 無 筭 . [21a*5*6]\nLạng Sơn Nông Văn Lịch tụ binh cứ kì địa ách tắc, Minh nhân vãng lai chi lộ sát hoạch vô toán.\n參 政 莫 邃 常 領 兵 深 入 中 毒 箭 死 後 文 歷 通 其 下 妻 眾 憤 殺 之 〇 . [21a*6*10]\nTham chính Mạc Thuý thường lĩnh binh thâm nhập trúng độc tiễn tử hậu Văn Lịch thông kì hạ thê, chúng phẫn sát chi .\n莅 仁 阮 了 招 率 陸 那 武 禮 等 縣 人 攻 掠 明 人 數 年 . [21a*7*17]\nLi Nhân Nguyễn Liễu chiêu suất Lục Na, Vũ Lễ đẳng huyện nhân công lược Minh nhân số niên.\n帝 在 乂 安 路 阻 不 通 眾 稍 潰 散 . [21a*8*18]\nĐế tại Nghệ An lộ trở bất thông chúng sảo hội tán.\n參 議 阮 勛 假 爲 婚 . [21a*9*12]\nTham nghị Nguyễn Huân giả vi hôn..\n",
    "url": "/data/image_dvsk/ban_ky_toan_thu/quyen9/DVSKTT_ban_toan_IX_21a.jpg"
  },
  {
    "text": "姻 誘 致 殺 之 . [21b*1*1]\nnhân dụ trí sát chi.\n癸 巳 五 年 明 永 樂 十 一 年 春 正 月 帝 率 阮 帥 阮 景 異 等 復 ? 兵 過 海 至 雲 屯 海 東 及 諸 海 濱 哨 取 粮 食 擊 明 人 之 屯 戍 者 〇 . [21b*2*1]\nQuý Tị ngũ niên, [Minh Vĩnh Lạc thập nhất niên,] xuân chính nguyệt, Đế suất Nguyễn Soái, Nguyễn Cảnh Dị đẳng phục tương binh quá hải chí Vân Đồn, Hải Đông cập chư hải tân tiêu thủ lương thực kích Minh nhân chi đồn nhung giả .\n明 黃 福 選 取 匠 人 及 其 家 小 送 燕 京 造 船 〇 . [21b*4*8]\nMinh Hoàng Phúc tuyển thủ tượng nhân cập kì gia tiểu tống Yên Kinh tạo thuyền .\n二 月 明 張 輔 令 軍 人 以 盐 易 三 江 宣 化 㱕 化 稻 穀 爲 軍 儲 . [21b*5*7]\nNhị nguyệt, Minh Trương Phụ lệnh quân nhân dĩ diêm dịch Tam Giang, Tuyên Hoá, Quy Hoá đạo cốc vi quân trừ.\n又 募 客 商 納 粟 載 船 回 廣 東 福 建 浙 江 四 川 雲 南 等 䖏 𤼵 賣 〇 . [21b*6*11]\nHựu mộ khách thương nạp túc tải thuyền hồi Quảng Đông, Phúc Kiến, Chiết Giang, Tứ Xuyên, Vân Nam đẳng xứ phát mại .\n三 月 四 日 帝 復 還 乂 安 . [21b*7*17]\nTam nguyệt, tứ nhật, Đế phục hoàn Nghệ An.\n軍 人 僅 存 十 之 三 四 〇 . [21b*8*8]\nQuân nhân cẩn tồn thập chi tam tứ .\n總 兵 韓 觀 病 死 于 東 䦕 城 〇 . [21b*8*17]\nTổng binh Hàn Quan bệnh tử vu Đông Quan thành .\n夏 四 月 明 張 輔 等 冦 乂 . [21b*9*10]\nHạ tứ nguyệt, Minh Trương Phụ đẳng khấu Nghệ..\n",
    "url": "/data/image_dvsk/ban_ky_toan_thu/quyen9/DVSKTT_ban_toan_IX_21b.jpg"
  },
  {
    "text": "安 〇 . [22a*1*1]\nAn .\n帝 幸 化 州 命 󰱑 官 阮 表 充 求 封 使 賫 方 物 至 乂 安 . [22a*1*3]\nĐế hạnh Hoá Châu, mệnh Đài quan Nguyễn Biểu sung cầu phong sứ, tê phương vật chí Nghệ An.\n張 輔 留 之 . [22a*2*4]\nTrương Phụ lưu chi.\n表 怒 罵 輔 曰 内 圖 政 取 之 討 外 揚 仁 義 之 師 旣 許 立 陳 氏 子 孫 又 設 置 郡 縣 不 惟 掠 取 貨 寶 抑 且 殘 害 生 民 . [22a*2*8]\nBiểu nộ mạ Phụ viết: Nội đồ chính thủ chi thảo ngoại dương nhân nghĩa chi sư, ký hứa lập Trần thị tử tôn, hựu thiết trí quận huyện, bất duy lược thủ hoá bảo ức thả tàn hại sinh dân.\n真 䖈 賊 也 . [22a*4*13]\nChân ngược tặc dã.\n輔 大 怒 殺 之 〇 . [22a*4*17]\nPhụ đại nộ, sát chi .\n六 月 明 張 輔 與 沐 𣆭 會 諸 将 議 攻 取 之 計 . [22a*5*5]\nLục nguyệt, Minh Trương Phụ dữ Mộc Thạnh hội chư tướng nghị công thủ chi kế.\n𣆭 曰 化 州 山 髙 海 闊 未 易 圖 也 . [22a*6*3]\nThạnh viết: Hoá Châu sơn cao hải khoát vị dị đồ dã.\n輔 曰 生 我 也 是 化 州 作 鬼 也 是 化 州 . [22a*6*15]\nPhụ viết: Sinh ngã dã thị Hoá Châu tác quỷ dã thị Hoá Châu.\n未 平 化 州 我 何 靣 目 見 主 上 乎 遂 𤼵 舟 師 凣 二 十 一 日 犯 順 化 州 城 〇 . [22a*7*11]\nVị bình Hoá Châu ngã hà diện mục kiến chúa thượng hồ? Toại phát chu sư phàm nhị thập nhất nhật, phạm Thuận Hoá châu thành .\n秋 九 月 明 張 輔 等 與 阮 帥 戰 于 蔡 茄 港 . [22a*9*2]\nThu cửu nguyệt, Minh Trương Phụ đẳng dữ Nguyễn Soái chiến vu Sái Già cảng.\n南 北 . [22a*9*17]\nNam Bắc..\n",
    "url": "/data/image_dvsk/ban_ky_toan_thu/quyen9/DVSKTT_ban_toan_IX_22a.jpg"
  },
  {
    "text": "相 持 鄧 容 伏 兵 象 夜 襲 輔 營 . [22b*1*1]\ntương trì, Đặng Dung phục binh tượng dạ tập Phụ doanh.\n容 登 輔 船 欲 生 獲 之 而 不 辨 其 人 . [22b*1*12]\nDung đăng Phụ thuyền, dục sinh hoạch chi nhi bất biện kì nhân.\n輔 急 乘 小 船 遁 . [22b*2*7]\nPhụ cấp thừa tiểu thuyền độn.\n明 軍 半 潰 燒 毀 舟 船 噐 械 畧 尽 . [22b*2*13]\nMinh quân bán hội thiêu huỷ chu thuyền khí giới lược tận.\n帥 等 不 同 併 力 . [22b*3*7]\nSoái đẳng bất đồng tính lực.\n輔 見 容 軍 少 復 來 與 戰 . [22b*3*13]\nPhụ kiến Dung quân thiếu phục lai dữ chiến.\n容 軍 奔 潰 自 是 竄 伏 山 谷 . [22b*4*4]\nDung quân bôn hội tự thị thoán phục sơn cốc.\n史 臣 吳 士 連 曰 蔡 茄 之 戰 鄧 容 阮 帥 以 孤 軍 敗 亡 之 餘 當 悍 将 勍 敵 之 賊 . [22b*5*1]\nSử thần Ngô Sĩ Liên viết: Thái Già chi chiến, Đặng Dung, Nguyễn Soái dĩ cô quân bại vong chi dư đương hãn tướng kình địch chi tặc.\n容 夜 襲 賊 營 驚 走 其 帥 燒 尽 舟 船 噐 械 非 信 有 将 才 能 如 是 乎 然 終 於 敗 亡 天 也 . [22b*6*12]\nDung dạ tập tặc doanh kinh tẩu kì soái, thiêu tận chu thuyền khí giới, phi tín hữu tướng tài năng như thị hồ? Nhiên, chung ư bại vong thiên dã.\n雖 敗 亦 榮 何 則 容 等 姜 不 與 賊 俱 生 期 於 必 滅 故 能 尽 心 竭 力 左 右 . [22b*8*9]\nTuy bại diệc vinh, hà tắc? Dung đẳng khương bất dữ tặc cụ sinh, kì ư tất diệt cố năng tận tâm kiệt lực tả hữu..\n",
    "url": "/data/image_dvsk/ban_ky_toan_thu/quyen9/DVSKTT_ban_toan_IX_22b.jpg"
  },
  {
    "text": "重 光 以 圖 恢 復 . [23a*1*1]\nTrùng Quang dĩ đồ khôi phục.\n五 年 之 間 與 賊 持 戰 雖 有 不 利 志 不 爲 衰 氣 益 以 奮 力 竭 而 後 已 人 臣 . [23a*1*7]\nNgũ niên chi gian, dữ tặc trì chiến tuy hữu bất lợi, chí bất vi suy, khí ích dĩ phấn, lực kiệt nhi hậu dĩ nhân thần.\n為 國 之 忠 百 世 之 下 猶 可 想 也 . [23a*2*17]\nVi quốc chi trung bách thế chi hạ do khả tưởng dã.\n昔 魯 與 齊 戰 于 乾 時 敗 績 . [23a*3*12]\nTích Lỗ dữ Tề chiến vu Can Thời, bại tích.\n聖 人 不 以 敗 諱 特 書 以 示 榮 子 讐 戰 也 . [23a*4*5]\nThánh nhân bất dĩ bại huý, đặc thư dĩ thị vinh tử cừu chiến dã.\n不 以 成 敗 論 然 則 蔡 茄 之 戰 明 軍 半 潰 我 軍 力 竭 而 後 敗 榮 矣 夫 冬 十 月 明 張 輔 以 都 督 黄 中 爲 前 哨 捍 上 流 . [23a*5*3]\nBất dĩ thành bại luận nhiên tắc Thái Già chi chiến Minh quân bán hội, ngã quân lực kiệt nhi hậu bại, vinh hĩ phu! Đông thập nguyệt, Minh Trương Phụ dĩ Đô đốc Hoàng Trung vi tiền tiêu hãn thượng lưu.\n阮 帥 遣 刺 客 二 人 載 草 順 流 至 輔 船 . [23a*7*18]\nNguyễn Soái khiến thích khách nhị nhân tải thảo thuận lưu chí Phụ thuyền.\n一 人 登 船 首 二 人 登 船 尾 . [23a*8*14]\nNhất nhân đăng thuyền thủ nhị nhân đăng thuyền vĩ.\n輔 覺 覔 得 二 人 殺 一 放 一 仍 賜 以 . [23a*9*6]\nPhụ giác, mịch đắc nhị nhân sát nhất phóng nhất những tứ dĩ..\n",
    "url": "/data/image_dvsk/ban_ky_toan_thu/quyen9/DVSKTT_ban_toan_IX_23a.jpg"
  },
  {
    "text": "財 . [23b*1*1]\ntài.\n明 日 會 諸 将 議 . [23b*1*2]\nMinh nhật, hội chư tướng nghị.\n黄 中 言 不 合 輔 意 . [23b*1*8]\nHoàng Trung ngôn bất hợp Phụ ý.\n輔 怒 数 罪 守 僃 不 謹 致 有 刺 客 之 事 斬 之 . [23b*1*15]\nPhụ nộ số tội thủ bị bất cẩn trí hữu thích khách chi sự, trảm chi.\n諸 将 皆 失 色 〇 . [23b*2*13]\nChư tướng giai thất sắc .\n十 二 月 阮 景 異 鄧 容 等 爲 明 張 輔 所 獲 . [23b*3*1]\nThập nhị nguyệt, Nguyễn Cảnh Dị, Đặng Dung đẳng vi Minh Trương Phụ sở hoạch.\n景 異 面 叱 輔 曰 我 欲 殺 爾 反 爲 所 擒 . [23b*3*16]\nCảnh Dị diện sất Phụ viết: Ngã dục sát nhĩ, phản vi sở cầm.\n罵 不 絶 口 . [23b*4*12]\nMạ bất tuyệt khẩu.\n輔 大 怒 殺 之 而 啖 其 肝 〇 . [23b*4*16]\nPhụ đại nộ, sát chi nhi đạm kì can .\n帝 奔 老 撾 . [23b*5*8]\nĐế bôn Lão Qua.\n輔 令 人 索 之 送 至 軍 門 . [23b*5*12]\nPhụ lệnh nhân sách chi, tống chí quân môn.\n順 化 人 皆 降 . [23b*6*3]\nThuận Hoá nhân giai hàng.\n陳 遂 亡 〇 . [23b*6*8]\nTrần toại vong .\n初 後 陳 之 起 兵 興 復 也 舊 鎮 撫 潘 季 祐 有 謀 𡱮 賛 成 之 功 累 遷 . [23b*6*12]\nSơ, hậu Trần chi khởi binh hưng phục dã, cựu Trấn phủ Phan Quý Hựu hữu mưu hoạ tán thành chi công luỵ thiên.\n少 保 及 張 輔 冦 乂 安 帝 幸 化 州 季 祐 降 賊 . [23b*7*18]\nThiếu bảo cập Trương phụ khấu Nghệ An, Đế hạnh Hoá Châu, Quý Hựu hàng tặc.\n輔 大 喜 . [23b*8*16]\nPhụ đại hỉ.\n旬 日 季 又 病 死 劄 授 子 僚 乂 安 知 州 厚 賞 其 家 . [23b*9*1]\nTuần nhật, Quý Hựu bệnh tử, tráp thụ tử liêu Nghệ An tri châu, hậu thưởng kì gia.\n",
    "url": "/data/image_dvsk/ban_ky_toan_thu/quyen9/DVSKTT_ban_toan_IX_23b.jpg"
  },
  {
    "text": "僚 以 将 相 之 賢 否 兵 數 之 多 少 山 川 之 險 易 告 之 . [24a*1*1]\nLiêu dĩ tướng tương chi hiền phủ, binh số chi đa thiểu, sơn xuyên chi hiểm dịch cáo chi.\n輔 於 是 决 志 平 化 州 . [24a*2*2]\nPhụ ư thị quyết chí bình Hoá Châu.\n右 陳 十 二 帝 起 丙 戌 終 己 卯 共 一 百 七 十 四 年 并 後 陳 二 帝 七 年 . [24a*3*1]\nHữu Trần thập nhị Đế, khởi Bính Tuất chung Kỷ Mão, cộng nhất bách thất thập tứ niên, tính Hậu Trần nhị Đế thất niên.\n史 臣 吳 士 連 曰 重 光 帝 以 一 旅 之 眾 圖 復 國 板 蕩 流 離 之 餘 譬 猶 以 一 木 之 大 厦 於 既 傾 後 𡸈 不 知 其 勢 之 不 回 也 哉 姑 盡 其 所 當 為 天 命 可 回 也 . [24a*5*1]\nSử thần Ngô Sĩ Liên viết: Trùng Quang Đế dĩ nhất lữ chi chúng đồ phục quốc bản đãng lưu li, chi dư tỉ do dĩ nhất mộc chi đại hạ ư ký khuynh hậu, há bất tri kì thế chi bất hồi dã tai! Cô tận kì sở đương vi thiên mệnh khả hồi dã.\n至 於 賊 俘 虜 以 㱕 義 不 受 辱 甘 水 死 與 國 俱 亡 國 君 死 社 稷 . [24a*8*6]\nChí ư tặc phù lỗ dĩ quy nghĩa bất thụ nhục cam thuỷ tử dữ quốc cụ vong quốc quân tử xã tắc.\n帝 其 以 之 而 . [24a*9*12]\nĐế kì dĩ chi nhi.\n帝 . [24a*9*17]\nĐế..\n",
    "url": "/data/image_dvsk/ban_ky_toan_thu/quyen9/DVSKTT_ban_toan_IX_24a.jpg"
  }
]