[
  {
    "text": "諸 臣 景 異 罵 賊 欲 其 速 殺 . [24b*1*1]\nchư thần Cảnh Dị mạ tặc dục kì tốc sát.\n阮 表 數 賊 罪 惡 以 皆 表 表 可 稱 者 . [24b*1*11]\nNguyễn Biểu số tặc tội ác dĩ giai biểu, biểu khả xưng giả.\n獨 胡 彦 臣 奉 使 辱 命 已 受 誅 潘 僚 告 賊 以 國 之 彊 弱 雖 免 死 於 一 時 而 我 太 祖 髙 皇 帝 又 誅 之 也 . [24b*2*7]\nĐộc Hồ Ngạn Thần phụng sứ nhục mệnh dĩ thụ tru, Phan Liêu cáo tặc dĩ quốc chi cường nhược tuy miễn tử ư nhất thời nhi ngã Thái Tổ Cao Hoàng Đế hựu tru chi dã.\n嗚 呼 人 臣 之 忠 於 國 者 雖 死 其 義 無 𠧨 且 流 芳 於 無 窮 . [24b*4*10]\nÔ hô! Nhân thần chi trung ư quốc giả tuy tử kì nghĩa vô cữu thả lưu phương ư vô cùng.\n其 不 忠 皆 國 者 不 免 於 死 又 遣 臭 於 千 載 有 如 此 夫 属 明 紀 甲 午 明 永 樂 十 二 年 春 正 月 明 張 輔 沐 𣆭 招 撫 新 平 順 化 󰰻 分 官 治 與 土 官 同 辨 事 取 勘 人 口 攅 造 户 󰀋 . [24b*5*12]\nKì bất trung giai quốc giả bất miễn ư tử hựu khiến xú ư thiên tải hữu như thử phu! Thuộc Minh Kỷ Giáp Ngọ, [Minh Vĩnh Lạc thập nhị niên,] xuân chính nguyệt, Minh Trương Phụ Mộc Thạnh chiêu phủ Tân Bình, Thuận Hoá bạt phân quan trị dữ thổ quan đồng biện sự, thủ khám nhân khẩu, toàn tạo hộ sách..\n",
    "url": "/data/image_dvsk/ban_ky_toan_thu/quyen9/DVSKTT_ban_toan_IX_24b.jpg"
  },
  {
    "text": "升 華 府 雖 有 設 官 而 占 城 猶 有 長 路 占 管 明 但 載 空 名 而 以 〇 . [25a*1*1]\nThăng Hoa phủ tuy hữu thiết quan nhi Chiêm Thành do hữu trường lộ chiếm quản, Minh đản tải không danh nhi dĩ .\n京 路 仕 䆠 有 避 賊 從 重 光 帝 如 化 州 者 至 是 有 挈 家 去 老 撾 者 去 占 城 者 國 人 自 是 尽 為 明 人 臣 妾 矣 〇 . [25a*2*7]\nKinh lộ sĩ quan hữu tị tặc tòng Trùng Quang Đế như Hoá Châu giả, chí thị hữu khiết gia khứ Lão Oa giả, khứ Chiêm Thành giả, quốc nhân tự thị tận vi Minh nhân thần thiếp hĩ .\n夏 四 月 明 總 兵 張 輔 沐 𣆭 兵 部 侍 郎 陳 洽 偕 重 光 帝 阮 帥 鄧 容 還 東 關 . [25a*4*11]\nHạ tứ nguyệt, Minh tổng binh Trương Phụ, Mộc Thạnh Binh bộ thị lang Trần Hiệp giai Trùng Quang Đế, Nguyễn Soái, Đặng Dung hoàn Đông Quan.\n各 府 州 縣 官 僃 禮 物 圖 帳 彩 旗 來 賀 . [25a*6*2]\nCác phủ, châu, huyện, quan bị lễ vật, đồ trướng, thái kì, lai hạ.\n令 人 送 燕 京 重 光 帝 至 途 中 赴 水 死 . [25a*6*16]\nLệnh nhân tống Yên Kinh, Trùng Quang Đế chí đồ trung phó thuỷ tử.\n帥 見 重 光 帝 已 赴 水 没 日 與 監 守 指 揮 圍 棊 得 慣 以 棊 秤 打 之 墮 水 死 . [25a*7*12]\nSoái kiến Trùng Quang Đế dĩ phó thuỷ, một nhật dữ giám thủ chỉ huy vi kì đắc quán dĩ kì xứng đả chi đoạ thuỷ tử.\n帥 遂 隨 入 水 死 . [25a*9*3]\nSoái toại tuỳ nhập thuỷ tử.\n國 統 遂 属 于 明 〇 . [25a*9*9]\nQuốc thống toại thuộc vu Minh .\n秋 七 月 . [25a*9*16]\nThu thất nguyệt,..\n",
    "url": "/data/image_dvsk/ban_ky_toan_thu/quyen9/DVSKTT_ban_toan_IX_25a.jpg"
  },
  {
    "text": "張 輔 劄 各 府 州 縣 凣 軍 家 虜 󰱐 小 厮 婦 女 而 迯 在 各 䖏 者 捉 送 軍 門 . [25b*1*1]\nTrương Phụ tráp các phủ, châu, huyện, phàm quân gia lỗ hoạch tiểu tư, phụ nữ nhi đào tại các xứ giả tróc tống quân môn.\n各 官 希 上 司 意 多 捕 貧 民 流 移 者 觧 送 之 . [25b*2*9]\nCác quan hi thượng ti ý đa bổ bần dân lưu di giả giải tống chi .\n八 月 明 張 輔 沐 𣆭 陳 洽 北 還 分 軍 鎮 守 〇 . [25b*3*8]\nBát nguyệt, Minh Trương Phụ, Mộc Thạnh, Trần Hiệp Bắc hoàn, phân quân trấn thủ .\n九 月 明 黃 福 榜 示 各 府 州 縣 設 立 文 廟 社 稷 風 雲 山 川 無 祀 等 神 壇 壝 時 行 祭 禮 〇 . [25b*4*6]\nCửu nguyệt, Minh Hoàng Phúc bảng thị các phủ châu huyện, thiết lập Văn miếu, xã tắc, phong vân, sơn xuyên vô tự đẳng thần đàn duy thời hành tế lễ .\n明 禁 男 女 不 許 剪 髮 婦 女 穿 短 衣 長 裙 化 成 俗 〇 . [25b*6*2]\nMinh cấm nam nữ bất hứa tiễn phát, phụ nữ xuyên đoản y trường quần, hoá thành tục .\n冬 十 月 明 開 設 學 校 及 劄 訪 求 儒 醫 隂 陽 僧 道 令 府 州 縣 以 禮 敦 請 從 右 參 議 彭 道 祥 之 言 也 〇 . [25b*7*3]\nĐông thập nguyệt, Minh khai thiết học hiệu cập tráp phỏng cầu nho, y, âm dương, tăng đạo, lệnh phủ, châu, huyện, dĩ lễ đôn thỉnh, tòng Hữu tham nghị Bành Đạo Tường chi ngôn dã .\n明 開 墾 田 粮 桑 絲 每 户 一 𤱈 開 爲 三 𤱈 . [25b*9*4]\nMinh khai khẩn điền lương, tang ti, mỗi hộ nhất mẫu khai vi tam mẫu,..\n",
    "url": "/data/image_dvsk/ban_ky_toan_thu/quyen9/DVSKTT_ban_toan_IX_25b.jpg"
  },
  {
    "text": "是 後 勸 課 户 口 歲 增 田 每 户 十 𤱈 謂 每 𤱈 三 髙 . [26a*1*1]\nThị hậu, khuyến khoá hộ khẩu tuế tăng điền mỗi hộ thập mẫu, [vị mỗi mẫu tam cao.\n十 𤱈 實 三 𤱈 每 𤱈 徵 粟 五 升 沙 洲 每 户 一 𤱈 徵 絲 一 兩 每 絲 一 斤 織 絹 一 匹 . [26a*1*19]\nthập mẫu thực tam mẫu,] Mỗi mẫu trưng túc ngũ thăng, sa châu mỗi hộ nhất mẫu trưng ti nhất lượng, mỗi ti nhất cân chức quyên nhất thất.\n乙 未 明 永 樂 十 三 年 秋 八 月 明 取 勘 金 銀 塲 起 夫 淘 採 及 捕 白 象 氽 珍 珠 . [26a*4*1]\nẤt Mùi [Minh Vĩnh Lạc thập tam niên,] thu bát nguyệt, Minh thủ khám kim ngân trường khởi phu đào thải, cập bổ bạch tượng, thộn trân châu.\n重 税 後 斂 民 不 聊 生 . [26a*5*7]\nTrọng thuế hậu liễm dân bất liêu sinh.\n海 濱 盐 塲 禁 民 私 賣 並 令 内 官 管 閙 又 設 立 本 塲 局 使 副 以 分 管 之 . [26a*5*15]\nHải tân diêm trường cấm dân tư mại, tịnh lệnh nội quan quản náo hựu thiết lập bản trường cục sử phó dĩ phân quản chi.\n府 州 縣 置 税 課 司 河 泊 所 副 使 〇 . [26a*7*5]\nPhủ châu huyện trí thuế khoá ti hà bạc sở phó sứ .\n明 開 盐 法 先 令 本 塲 使 副 督 人 煎 煮 每 月 若 干 送 提 舉 卑 收 貯 . [26a*7*18]\nMinh khai diêm pháp, tiên lệnh bản trường sử phó đốc nhân tiên chử mỗi nguyệt nhược can tống đề cử ti thu trữ.\n内 官 募 商 出 金 領 布 政 勘 給 大 勘 . [26a*9*6]\nNội quan mộ thương xuất kim lĩnh Bố chính khám cấp Đại khám..\n",
    "url": "/data/image_dvsk/ban_ky_toan_thu/quyen9/DVSKTT_ban_toan_IX_26a.jpg"
  },
  {
    "text": "合 開 盐 十 斤 小 勘 盐 合 開 一 斤 方 得 𤼵 賣 . [26b*1*1]\nhợp khai diêm thập cân, tiểu khám diêm hợp khai nhất cân, phương đắc phát mại.\n如 無 同 私 盐 法 又 禁 行 人 例 得 盐 三 碗 鹹 一 堈 而 已 . [26b*1*17]\nNhư vô đồng tư diêm pháp hựu cấm hành nhân lệ đắc diêm tam oản hàm nhất cương nhi dĩ .\n九 月 明 黃 福 差 官 押 路 送 府 州 縣 儒 醫 隂 陽 僧 道 正 身 赴 燕 京 除 授 官 職 回 本 衙 門 管 事 . [26b*3*2]\nCửu nguyệt, Minh Hoàng Phúc sai quan áp lộ tống phủ châu huyện nho y âm dương tăng đạo chính thân phó Yên Kinh, trừ thụ quan chức hồi bản nha môn quản sự.\n仍 令 所 在 官 司 給 與 盤 費 伴 送 無 者 懲 治 沿 途 應 付 口 粮 脚 刅 〇 . [26b*4*18]\nNhững lệnh sở tại quan ti cấp dữ bàn phí bạn tống vô giả trừng trị duyên đồ ứng phó khẩu lương cước ban .\n冬 十 月 明 總 兵 張 輔 復 以 征 虜 副 将 軍 來 鎮 守 〇 . [26b*6*7]\nĐông thập nguyệt, Minh Tổng binh Trương Phụ phục dĩ Chinh lỗ phó tướng quân lai trấn thủ .\n明 開 永 安 萬 寧 水 路 設 置 迎 運 水 驛 直 至 欽 州 又 設 馬 驛 直 至 横 州 . [26b*7*8]\nMinh khai Vĩnh An, Vạn Ninh thuỷ lộ thiết trí nghênh vận thuỷ dịch trực chí Khâm Châu, hựu thiết mã dịch trực chí Hoành Châu.\n丙 申 明 永 樂 十 四 年 春 正 月 明 起 送 文 武 上 官 耆 老 赴 燕 . [26b*9*1]\nBính Thân [Minh Vĩnh Lạc thập tứ niên,] xuân chính nguyệt, Minh khởi tống văn võ thượng quan, kì lão, phó Yên..\n",
    "url": "/data/image_dvsk/ban_ky_toan_thu/quyen9/DVSKTT_ban_toan_IX_26b.jpg"
  },
  {
    "text": "京 换 總 兵 劄 用 部 帖 黄 實 授 官 職 保 . [27a*1*1]\nKinh, hoán Tổng binh tráp dụng bộ thiếp hoàng thực thụ quan chức bảo.\n陞 參 議 阮 勛 爲 左 布 政 使 知 府 梁 汝 笏 杜 維 忠 爲 參 政 . [27a*1*15]\nThăng Tham nghị Nguyễn Huân vi Tả bố chính sứ, Tri phủ Lương Nhữ Hốt, Đỗ Duy Trung vi Tham chính.\n其 餘 陞 知 府 同 知 府 知 州 同 知 州 知 縣 等 官 . [27a*2*18]\nKì dư thăng Tri phủ, đồng tri phủ, tri châu, đồng tri châu, tri huyện, đẳng quan.\n因 賜 勑 曰 昔 平 定 交 趾 爾 充 輸 誠 効 義 歸 心 朝 廷 朕 嘉 爾 誠 授 以 官 職 . [27a*3*17]\nNhân tứ sắc viết: Tích bình định Giao Chỉ nhĩ sung thâu thành hiệu nghĩa quy tâm triều đình, trẫm gia nhĩ thành thụ dĩ quan chức.\n爾 自 受 命 以 來 能 尽 心 竭 力 奪 忠 敵 愾 勦 戮 叛 逆 撫 安 境 土 勉 脩 厥 貢 職 屡 加 陞 賜 以 彰 爾 能 . [27a*5*8]\nNhĩ tự thụ mệnh dĩ lai, năng tận tâm kiệt lực đoạt trung địch khái tiễu lục phản nghịch phủ an cảnh thổ miễn tu quyết cống chức lũ gia thăng tứ dĩ chương nhĩ năng.\n今 詣 闕 朝 貢 眷 兹 誠 悃 宜 用 褒 嘉 . [27a*7*8]\nKim, nghệ khuyết triều cống quyến tư thành khuôn nghi dụng bao gia.\n今 特 陞 爾 爲 某 官 . [27a*8*3]\nKim đặc thăng nhĩ vi mỗ quan.\n爾 尙 益 勵 忠 勤 恪 脩 臣 節 勞 來 撫 綏 俾 其 民 各 安 生 業 同 享 太 平 之 福 . [27a*8*10]\nNhĩ thượng ích lệ trung cần khác tu thần tiết lao lai phủ tuy tỉ kì dân các an sinh nghiệp đồng hưởng thái bình chi phúc..\n",
    "url": "/data/image_dvsk/ban_ky_toan_thu/quyen9/DVSKTT_ban_toan_IX_27a.jpg"
  },
  {
    "text": "則 上 天 保 之 爾 茂 膺 爵 禄 延 及 子 孫 而 爾 之 令 名 缹 諸 簡 󰀋 永 匕 無 窮 焉 二 . [27b*1*1]\ntắc thượng thiên bảo chi, nhĩ mậu ứng tước lộc diên cập tử tôn nhi, nhĩ chi lệnh danh dao chư giản sách vĩnh chuỷ vô cùng yên .\n二 月 明 張 輔 劄 閲 土 軍 名 数 取 民 户 三 之 一 分 隷 各 衛 所 每 户 各 三 丁 爲 准 . [27b*2*12]\nNhị nguyệt, Minh Trương Phụ tráp duyệt thổ quân danh số, thủ dân hộ tam chi nhất phân, lệ các vệ, sở, mỗi hộ các tam đinh vi chuẩn.\n清 化 以 南 人 丁 稀 少 以 二 丁 為 准 . [27b*4*5]\nThanh Hoá dĩ Nam nhân đinh hi thiếu, dĩ nhị đinh vi chuẩn.\n非 衛 所 而 有 要 害 所 亦 立 堡 栅 以 民 兵 守 之 〇 . [27b*4*18]\nPhi vệ sở nhi hữu yếu hại sở diệc lập bảo sách dĩ dân binh thủ chi .\n秋 九 月 新 安 縣 兵 起 . [27b*5*18]\nThu cửu nguyệt, Tân An huyện binh khởi.\n張 輔 平 之 〇 . [27b*6*8]\nTrương Phụ bình chi .\n明 招 誘 前 朝 舊 官 假 拨 軍 民 衙 門 辨 事 轉 送 燕 京 留 之 . [27b*6*13]\nMinh chiêu dụ tiền triều cựu quan, giả bạt quân dân nha môn biện sự, chuyển tống Yên Kinh lưu chi.\n奔 競 之 徒 素 非 舊 官 未 得 實 授 官 職 亦 挺 身 出 國 内 爲 之 空 虚 居 數 年 艱 苦 往 匕 迯 回 〇 . [27b*7*16]\nBôn cạnh chi đồ tố phi cựu quan vị đắc thực thụ quan chức diệc đĩnh thân xuất, quốc nội vi chi không hư, cư số niên gian khổ vãng chuỷ đào hồi .\n明 起 送 土 吏 . [27b*9*14]\nMinh khởi tống thổ lại..\n",
    "url": "/data/image_dvsk/ban_ky_toan_thu/quyen9/DVSKTT_ban_toan_IX_27b.jpg"
  },
  {
    "text": "满 九 年 者 留 拨 在 京 衙 辨 事 除 未 满 者 放 回 . [28a*1*1]\nmãn cửu niên giả lưu bạt tại kinh nha biện sự, trừ vị mãn giả phóng hồi.\n丁 酉 明 永 樂 十 五 年 明 内 官 馬 騏 奏 總 兵 張 輔 在 交 趾 選 取 土 人 壮 勇 者 爲 圍 子 手 . [28a*2*1]\nĐinh Dậu, [Minh Vĩnh Lạc thập ngũ niên,] Minh nội quan Mã Kì tấu Tổng binh Trương Phụ tại Giao Chỉ tuyển thủ thổ nhân tráng dũng giả vi vi tử thủ.\n明 帝 疑 之 召 輔 還 遣 豐 城 侯 李 彬 以 總 兵 征 夷 将 軍 代 守 守 . [28a*3*11]\nMinh đế nghi chi, triệu Phụ hoàn, khiến Phong Thành hầu Lí Bân dĩ Tổng binh chinh di tướng quân đại thủ .\n明 遣 監 察 御 史 分 司 廵 按 自 此 始 〇 . [28a*4*16]\nMinh khiến Giám sát ngự sử phân ti, tuần án tự thử thuỷ .\n明 兵 部 尙 書 陳 洽 復 賛 總 兵 軍 政 〇 . [28a*5*12]\nMinh binh bộ Thượng thư Trần Hiệp phục tán Tổng binh quân chính .\n明 定 歲 貢 儒 學 生 員 充 國 子 監 府 學 每 年 二 名 州 學 二 年 三 名 縣 學 一 年 一 名 . [28a*6*8]\nMinh định tuế cống nho học sinh viên, sung Quốc tử giám, phủ học mỗi niên nhị danh, châu học nhị niên tam danh, huyện học nhất niên nhất danh.\n後 又 定 府 學 每 年 一 名 州 學 三 年 二 名 縣 學 二 年 一 名 . [28a*8*2]\nHậu, hựu định phủ học mỗi niên nhất danh, châu học tam niên nhị danh, huyện học nhị niên nhất danh.\n吏 部 勘 合 仰 交 趾 布 政 按 察 二 司 及 . [28a*9*5]\nLại bộ khám hợp ngưỡng Giao Chỉ Bố chính Án Sát nhị ti, cập..\n",
    "url": "/data/image_dvsk/ban_ky_toan_thu/quyen9/DVSKTT_ban_toan_IX_28a.jpg"
  },
  {
    "text": "府 州 縣 官 期 以 明 年 正 月 一 日 到 京 朝 覲 不 問 正 佐 但 在 任 年 深 者 󰅾 首 領 官 吏 同 去 . [28b*1*1]\nphủ châu huyện quan kì dĩ minh niên chính nguyệt, nhất nhật, đáo kinh triều cận, bất vấn chính tá, đản tại nhiệm niên thâm giả, đái thủ lĩnh quan lại đồng khứ.\n仍 勘 自 甲 午 年 七 月 至 本 年 六 月 終 三 年 内 户 口 田 粮 等 項 造 須 知 󰀋 進 呈 󰏲 考 . [28b*2*16]\nNhững khám tự Giáp Ngọ niên thất nguyệt chí bản niên lục nguyệt chung, tam niên nội hộ khẩu điền lương đẳng hạng tạo tu tri sách, tiến trình kê khảo.\n黄 福 劄 令 豪 富 土 官 阮 勛 梁 汝 笏 杜 維 忠 杜 希 望 梁 士 永 楊 巨 覺 等 並 以 家 人 赴 燕 京 報 效 營 造 宫 殿 . [28b*4*11]\nHoàng Phúc tráp lệnh hào phú thổ quan Nguyễn Huân, Lương Nhữ Hốt, Đỗ Duy Trung, Đỗ Hi Vọng, Lương Sĩ Vĩnh, Dương Cự Giác đẳng tịnh dĩ gia nhân phó Yên Kinh báo hiệu doanh tạo cung điện.\n明 帝 曰 遠 人 󰠡 苦 優 賜 遣 還 . [28b*6*15]\nMinh đế viết Viễn nhân gian khổ ưu tứ khiến hoàn.\n大 越 史 記 本 紀 全 書 卷 之 九 終 . [28b*9*1]\nĐại Việt Sử Ký Bản Kỷ Toàn Thư quyển chi cửu Chung.\n",
    "url": "/data/image_dvsk/ban_ky_toan_thu/quyen9/DVSKTT_ban_toan_IX_28b.jpg"
  }
]