[
  {
    "text": "帝 篤 志 好 𭓇 親 賢 樂 善 足 爲 承 平 之 良 主 不 幸 早 殁 惜 哉 ] 其 母 荘 順 皇 太 后 阮 氏 諱 環 天 施 平 陵 人 也 . [36a*1*1]\nĐế đốc chí hiếu học, thân hiền, lạc thiện, túc vi thừa bình chi lương chủ, bất hạnh tảo một, tích tai!] Kì mẫu Trang Thuận hoàng thái hậu Nguyễn Thị, huý Hoàn, Thiên Thi, Bình Lăng nhân dã.\n以 洪 德 十 九 年 八 月 初 一 日 而 生 帝 . [36a*2*18]\nDĩ Hồng Đức thập cửu niên, bát nguyệt, sơ nhất nhật, nhi sinh đế.\n景 統 二 年 三 月 立 爲 皇 太 子 . [36a*3*14]\nCảnh Thống nhị niên, tam nguyệt lập vi hoàng thái tử.\n及 憲 宗 崩 遂 即 皇 帝 位 改 元 泰 貞 以 生 日 爲 天 明 聖 節 稱 嗣 皇 後 追 上 尊 謚 廟 號 肅 宗 . [36a*4*8]\nCập Hiến Tông băng, toại tức hoàng đế vị, cải nguyên Thái Trinh, dĩ sinh nhật vi Thiên minh thánh tiết, xưng Tự Hoàng, hậu truy thượng tôn thuỵ, miếu hiệu Túc Tông.\n帝 既 即 位 稱 嗣 皇 告 天 地 宗 廟 . [36a*7*1]\nĐế ký tức vị, xưng Tự Hoàng, cáo thiên địa tông miếu.\n尊 祖 母 長 樂 皇 太 后 爲 太 皇 太 后 . [36a*7*13]\nTôn tổ mẫu Trường Lạc hoàng thái hậu vi thái hoàng thái hậu.\n秋 七 月 郭 有 嚴 等 奉 使 還 自 明 . [36a*9*1]\nThu, thất nguyệt, Quách Hữu Nghiêm đẳng phụng sứ hoàn tự Minh.\n八 月 初 一 日 . [36a*9*13]\nBát nguyệt, sơ nhất nhật,..\n",
    "url": "/data/image_dvsk/ban_ky_thuc_luc/quyen14/DVSKTT_ban_thuc_XIV_36a.jpg"
  },
  {
    "text": "以 生 日 爲 天 明 聖 節 . [36b*1*1]\ndĩ sinh nhật vi Thiên minh thánh tiết.\n是 月 有 長 星 見 西 北 . [36b*1*9]\nThị nguyệt, hữu trường tinh hiện Tây Bắc.\n九 月 初 八 日 奉 寶 冊 上 大 行 皇 帝 尊 謚 曰 體 天 凝 道 懋 德 至 仁 昭 文 紹 武 宣 哲 欽 聖 彰 孝 睿 皇 帝 廟 號 憲 宗 . [36b*2*1]\nCửu nguyệt, sơ bát nhật, phụng bảo sách thượng Đại Hành hoàng đế, tôn thuỵ viết: Thể Thiên Ngưng Đạo Mậu Đức Chí Nhân Chiêu Văn Thiệu Vũ Tuyên Triết Khâm Thánh Chương Hiếu Duệ Hoàng Đế, miếu hiệu Hiến Tông.\n母 貴 妃 爲 荘 順 明 懿 皇 太 后 . [36b*4*6]\nMẫu quý phi vi Trang Thuận Minh Ý Hoàng thái hậu.\n逆 人 段 世 儂 等 伏 誅 . [36b*4*17]\nNghịch nhân Đoàn Thế Nùng đẳng phục tru.\n時 世 儂 反 於 髙 平 捕 獲 之 及 其 黨 五 百 餘 人 皆 伏 誅 . [36b*5*8]\nThời, Thế Nùng phản ư Cao Bằng, bổ hoạch chi cập kì đảng ngũ bách dư nhân, giai phục tru.\n冬 十 月 十 八 日 甲 辰 憲 宗 皇 帝 梓 宫 𭛁 引 回 西 京 . [36b*7*1]\nĐông, thập nguyệt, thập bát nhật, Giáp Thìn, Hiến Tông hoàng đế tử cung phát dẫn hồi Tây Kinh.\n十 一 月 初 八 日 遷 塟 裕 陵 . [36b*8*2]\nThập nhất nguyệt, sơ bát nhật, thiên táng Dụ Lăng.\n禮 官 按 故 事 奏 請 立 碑 . [36b*8*12]\nLễ quan án cố sự, tấu thỉnh lập bi.\n帝 可 其 奏 乃 命 文 臣 阮 仁 浹 范 盛 程 志 . [36b*9*4]\nĐế khả kì tấu, nãi mệnh văn thần Nguyễn Nhân Thiếp, Phạm Thịnh, Trình Chí..\n",
    "url": "/data/image_dvsk/ban_ky_thuc_luc/quyen14/DVSKTT_ban_thuc_XIV_36b.jpg"
  },
  {
    "text": "森 等 󰱇 碑 文 . [37a*1*1]\nSâm đẳng tuyển bi văn.\n遣 使 如 明 . [37a*1*6]\nKhiển sứ như Minh.\n吏 部 左 侍 郎 鄧 讚 撿 討 屈 瓊 玖 户 科 都 給 事 中 刘 光 輔 等 歳 貢 兵 部 右 侍 郎 阮 鄰 監 察 御 史 阮 敬 嚴 等 告 哀 禮 部 右 侍 郎 阮 寶 珪 東 閣 校 書 陳 曰 良 校 理 武 珠 等 求 封 . [37a*1*10]\nLại bộ Tả thị lang Đặng Tán, Kiểm thảo Khuất Quỳnh Cửu, Hộ khoa đô cấp sự trung Lưu Quang Phụ đẳng tuế cống; Binh bộ Hữu thị lang Nguyễn Lân, Giám sát ngự sử Nguyễn Kính Nghiêm đẳng cáo ai; Lễ bộ Hữu thị lang Nguyễn Bảo Khuê, Đông các hiệu thư Trần Viết Lương, Hiệu lí Vũ Châu đẳng cầu phong.\n是 月 初 八 日 帝 弗 豫 . [37a*5*5]\nThị nguyệt, sơ bát nhật, đế phất dự.\n初 帝 即 位 出 囚 人 放 宫 女 停 不 急 之 務 减 偏 重 之 役 抑 貢 献 省 力 役 任 勳 舊 攢 威 權 抑 戒 外 戚 发 篤 親 藩 凡 經 綸 大 經 建 立 大 本 無 所 不 用 其 極 . [37a*5*13]\nSơ đế tức vị, xuất tù nhân, phóng cung nữ, đình bất cấp chi vụ, giảm thiên trọng chi dịch, ức cống hiến tỉnh lực dịch, nhiệm huân cựu, toản uy quyền, ức giới ngoại thích, phát đốc thân phiên; phàm kinh luân đại kinh, kiến lập đại bản, vô sở bất dụng kì cực.\n天 下 臣 民 皆 拭 目 以 觀 初 政 以 爲 成 康 文 景 . [37a*9*1]\nThiên hạ thần dân giai thức mục dĩ quan sơ chính, dĩ vi Thành, Khang, Văn, Cảnh..\n",
    "url": "/data/image_dvsk/ban_ky_thuc_luc/quyen14/DVSKTT_ban_thuc_XIV_37a.jpg"
  },
  {
    "text": "復 見 於 今 日 . [37b*1*1]\nphục kiến ư kim nhật.\n十 二 月 初 六 日 壬 戌 帝 勑 諭 朝 臣 屏 山 侯 黎 廣 度 贑 川 伯 黎 能 讓 及 文 武 臣 僚 等 朕 疾 未 痊 慮 付 托 重 寄 恐 有 未 堪 . [37b*1*6]\nThập nhị nguyệt, sơ lục nhật Nhâm Tuất, đế sắc dụ triều thần Bình Sơn hầu Lê Quảng Độ, Cống Xuyên bá Lê Năng Nhượng, cập văn vũ thần liêu đẳng: \"Trẫm tật vị thuyên, lự phó thác trọng ký khủng hữu vị kham.\n先 皇 帝 第 二 子 濬 賢 明 仁 孝 可 嗣 正 統 以 承 祖 宗 以 撫 臣 民 . [37b*3*16]\nTiên hoàng đế đệ nhị tử Tuấn, hiền minh nhân hiếu, khả tự chính thống, dĩ thừa tổ tông, dĩ phủ thần dân.\n大 臣 百 官 盡 其 忠 貞 以 輔 成 大 業 棊 親 王 僣 于 天 位 天 下 共 誅 之 . [37b*5*5]\nĐại thần bách quan, tận kì trung trinh dĩ phụ thành đại nghiệp; kì thân vương tiếm vu thiên vị, thiên hạ cộng tru chi.\n初 七 日 癸 亥 帝 疾 大 漸 八 日 甲 子 崩 于 皇 極 殿 遺 詔 百 官 䘮 服 一 循 古 禮 . [37b*6*13]\nSơ thất nhật Quý Hợi, đế tật đại tiệm; bát nhật Giáp Tí, băng vu Hoàng Cực điện, di chiếu bách quan tang phục nhất tuần cổ lễ.\n十 八 日 甲 戌 中 軍 都 督 府 左 都 督 屏 山 侯 黎 廣 度 宗 人 令 叙 恩 使 黎 能 讓 . [37b*8*7]\nThập bát nhật Giáp Tuất, Trung quân Đô đốc phủ Tả đô đốc Bình Sơn hầu Lê Quảng Độ, Tông nhân lệnh Tự ân sứ Lê Năng Nhượng,..\n",
    "url": "/data/image_dvsk/ban_ky_thuc_luc/quyen14/DVSKTT_ban_thuc_XIV_37b.jpg"
  },
  {
    "text": "暨 公 侯 伯 駙 馬 都 尉 五 府 六 部 御 史 󰱑 東 閣 翰 林 六 寺 六 科 提 刑 十 三 道 等 官 詣 興 明 殿 奉 迎 憲 宗 第 二 子 濬 即 皇 帝 位 . [38a*1*1]\nkị công, hầu, bá, phò mã, đô uý, Ngũ phủ, Lục bộ, Ngự sử đài, Đông các, Hàn lâm, Lục tự, lục khoa, đề hình thập tam đạo đẳng quan, nghệ Hưng Minh điện phụng nghênh Hiến Tông đệ nhị tử Tuấn tức hoàng đế vị.\n大 赦 改 元 以 明 年 爲 端 慶 元 年 . [38a*3*15]\nĐại xá, cải nguyên dĩ minh niên vi Đoan Khánh nguyên niên.\n時 阮 寶 珪 如 明 未 過 䦕 再 改 封 表 文 送 𭁈 寶 珪 奉 行 . [38a*4*11]\nThời, Nguyễn Bảo Khuê như Minh vị quá quan, tái cải phong biểu văn tống dữ Bảo Khuê phụng hành.\n是 時 頒 大 赦 詔 . [38a*5*16]\nThị thời, ban đại xá chiếu.\n條 于 天 下 其 一 中 進 士 科 未 有 除 用 而 病 故 者 許 子 孫 蔭 如 官 員 例 并 入 流 試 官 許 饒 一 男 󰱇 丁 壮 一 男 . [38a*6*6]\nĐiều vu thiên hạ kì nhất trung Tiến sĩ khoa vị hữu trừ dụng nhi bệnh cố giả, hứa tử tôn ấm như quan viên lệ, tịnh nhập lưu thí quan hứa nhiêu nhất nam, tuyển đinh tráng nhất nam.\n二 十 五 日 定 五 城 門 外 作 直 店 例 . [38a*8*12]\nNhị thập ngũ nhật, định Ngũ Thành môn ngoại tác trực điếm lệ.\n勑 㫖 五 城 門 外 效 力 神 . [38a*9*9]\nSắc chỉ: Ngũ Thành môn ngoại, Hiệu lực, Thần..\n",
    "url": "/data/image_dvsk/ban_ky_thuc_luc/quyen14/DVSKTT_ban_thuc_XIV_38a.jpg"
  },
  {
    "text": "武 殿 前 構 作 瓦 屋 二 連 每 連 七 間 . [38b*1*1]\nvũ, Điện tiền, cấu tác ngoã ốc nhị liên, mỗi liên thất gian.\n每 日 該 把 門 用 一 人 出 直 店 譏 察 并 錦 衣 肅 清 員 人 亦 在 . [38b*1*14]\nMỗi nhật, cai bả môn dụng nhất nhân xuất trực điếm cơ sát, tịnh Cẩm y túc thanh viên nhân diệc tại.\n夜 間 内 臣 即 在 󰱑 門 内 . [38b*3*2]\nDạ gian, nội thần tức tại đài môn nội.\n若 一 連 神 武 殿 前 效 力 用 二 員 軍 二 十 人 盾 五 十 靣 手 箭 五 枝 宿 直 如 法 . [38b*3*11]\nNhược nhất liên Thần vũ, Điện tiền, Hiệu lực, dụng nhị viên quân, nhị thập nhân, thuẫn ngũ thập diện, thủ tiễn ngũ chi, túc trực như pháp.\n二 十 六 日 勑 㫖 五 府 軍 店 外 作 木 柜 例 . [38b*5*5]\nNhị thập lục nhật, sắc chỉ ngũ phủ quân điếm ngoại tác mộc củ lệ.\n係 外 店 每 店 相 󰘌 並 著 木 柜 柱 要 大 每 店 用 鈎 五 柄 有 尖 頭 頭 亦 有 鈎 置 在 店 两 頭 守 把 . [38b*6*4]\nHệ ngoại điếm, mỗi điếm tương cách tịnh trước mộc củ, trụ yếu đại, mỗi điếm dụng câu ngũ bính hữu tiêm đầu, đầu diệc hữu câu, trí tại điếm lưỡng đầu thủ bả.\n官 員 軍 人 並 在 直 店 不 得 湊 作 以 别 務 . [38b*8*5]\nQuan viên quân nhân tịnh tại trực điếm, bất đắc tấu tác dĩ biệt vụ.\n",
    "url": "/data/image_dvsk/ban_ky_thuc_luc/quyen14/DVSKTT_ban_thuc_XIV_38b.jpg"
  }
]