[
  {
    "text": "威 穆 帝 [ 諱 濬 又 諱 諠 憲 宗 第 二 子 肅 宗 之 󰱃 兄 也 在 位 五 年 壽 二 十 二 歳 爲 簡 脩 公 潆 所 逐 尋 遇 害 塟 安 陵 帝 嗜 酒 好 殺 荒 色 立 威 屠 戮 宗 室 幽 殺 祖 母 外 戚 縱 横 百 姓 怨 怒 時 稱 鬼 王 徵 見 矣 ] . [39a*1*1]\nUy Mục Đế [Huý Tuấn, hựu huý Huyên, Hiến Tông đệ nhị tử, Túc Tông chi thứ huynh dã tại vị ngũ niên thọ nhị thập nhị tuế vi Giản Tu công Dinh sở trục, tầm ngộ hại, táng An Lăng\n亂 其 母 昭 仁 皇 太 后 阮 氏 諱 瑾 東 岸 扶 軫 人 也 少 孤 貧 自 賣 𭁈 奉 天 人 其 家 有 罪 没 入 官 婢 以 故 得 入 侍 𬋩 寕 皇 后 . [39a*3*7]\nĐế thị tửu, hiếu sát, hoang sắc lập uy, đồ lục tông thất, u sát tổ mẫu, ngoại thích túng hoành, bách tính oán nộ, thời xưng Quỷ vương, trưng hiện hĩ].\n憲 宗 爲 太 子 時 見 有 羙 姿 悅 之 納 以 爲 妃 . [39a*6*10]\nloạn Kì mẫu Chiêu Nhân Hoàng thái hậu Nguyễn thị, huý Cẩn, Đông Ngàn, Phù Chẩn nhân dã, thiếu cô bần, tự mại dữ Phụng Thiên nhân, kì gia hữu tội một nhập quan tì, dĩ cố đắc nhập thị Quản Ninh hoàng hậu.\n以 洪 德 十 九 年 五 月 五 日 子 時 而 生 帝 . [39a*7*9]\nHiến Tông vi Thái tử thời, kiến hữu mĩ tư duyệt chi, nộp dĩ vi phi.\n泰 貞 元 年 肅 宗 崩 無 嗣 󰱃 母 敬 妃 阮 氏 於 禁 中 定 謀 立 之 遂 即 皇 帝 位 . [39a*8*7]\nDĩ Hồng Đức thập cửu niên, ngũ nguyệt, ngũ nhật, Tí thì nhi sinh đế.\n大 . [39a*9*17]\nThái Trinh nguyên niên, Túc Tông băng, vô tự, thứ mẫu Kính phi Nguyễn thị ư cấm trung định mưu lập chi, toại tức hoàng đế vị.\n.\nĐạị.\n",
    "url": "/data/image_dvsk/ban_ky_thuc_luc/quyen14/DVSKTT_ban_thuc_XIV_39a.jpg"
  },
  {
    "text": "赦 改 元 以 誕 日 爲 天 慶 聖 節 稱 瓊 都 洞 主 . [39b*1*1]\nxá, cải nguyên, dĩ đản nhật vi Thiên khánh thánh tiết, xưng Quỳnh Đô động chủ.\n乙 丑 端 慶 元 年 [ 明 弘 治 十 八 年 ] . [39b*2*1]\nẤt Sửu, Đoan Khánh nguyên niên [Minh, Hoằng Trị thập bát niên].\n春 正 月 朔 日 食 . [39b*2*13]\nXuân, chính nguyệt, sóc, nhật thực.\n二 十 一 日 詔 各 處 承 宣 官 員 百 姓 等 大 事 用 大 方 紙 小 事 用 小 方 紙 . [39b*2*19]\nNhị thập nhất nhật, chiếu các xứ Thừa tuyên quan viên bách tính đẳng: Đại sự dụng đại phương chỉ, tiểu sự dụng tiểu phương chỉ.\n嘱 書 文 契 用 大 紙 不 得 猶 狃 用 方 紙 如 前 . [39b*4*6]\nChúc thư, văn khế dụng đại chỉ, bất đắc do nữu dụng phương chỉ như tiền.\n聽 一 箇 月 悉 如 明 令 . [39b*5*4]\nThính nhất cá nguyệt tất như minh lệnh.\n若 官 員 百 姓 嘱 書 文 契 猶 用 方 紙 許 本 族 人 族 長 投 告 驗 實 以 虚 論 賣 者 失 其 己 分 買 者 失 其 原 錢 嘱 書 文 契 並 不 用 . [39b*5*12]\nNhược quan viên bách tính chúc thư, văn khế do dụng phương chỉ, hứa bản tộc nhân, tộc trưởng đầu cáo, nghiệm thực dĩ hư luận, mại giả thất kì kỷ phần, mãi giả thất kì nguyên tiền, chúc thư văn khế tịnh bất dụng.\n二 月 十 六 日 甲 戌 上 大 行 皇 帝 尊 謚 曰 昭 義 顯 仁 温 恭 淵 默 惇 孝 𠃔 恭 欽 皇 帝 廟 號 肅 . [39b*8*3]\nNhị nguyệt, thập lục nhật Giáp Tuất, thượng Đại Hành Hoàng Đế tôn thuỵ viết: Chiêu Nghĩa Hiển Nhân Ôn Cung Uyên Mặc Đôn Hiếu Doãn Cung Khâm Hoàng Đế, miếu hiệu Túc..\n",
    "url": "/data/image_dvsk/ban_ky_thuc_luc/quyen14/DVSKTT_ban_thuc_XIV_39b.jpg"
  },
  {
    "text": "宗 . [40a*1*1]\nTông.\n十 八 日 丙 子 追 尊 生 母 阮 氏 爲 昭 仁 弘 懿 皇 太 后 . [40a*1*2]\nThập bát nhật Bính Tí, truy tôn sinh mẫu Nguyễn thị vi Chiêu Nhân Hoằng Ý Hoàng thái hậu.\n會 試 天 下 󰁮 人 取 黎 鼐 [ 唐 安 擇 人 ] 慕 等 五 十 五 人 . [40a*2*4]\nHội thí thiên hạ cử nhân, thủ Lê Nại [Đường An, Trạch nhân] Mộ đẳng ngũ thập ngũ nhân.\n廷 試 賜 第 一 甲 黎 鼐 裴 𠃔 文 陳 棐 [ 彰 德 芝 泥 人 啓 之 子 ] 三 名 進 士 及 第 第 二 甲 阮 肖 象 陳 磊 等 十 六 名 進 士 出 身 第 三 甲 范 󰦛 碏 阮 胥 等 三 十 六 名 同 進 士 出 身 . [40a*3*4]\nĐình thí, tứ Đệ nhất giáp Lê Nại, Bùi Doãn Văn, Trần Phỉ [Chương Đức, Chi Nê nhân Khải chi tử] tam danh Tiến sĩ cập đệ; Đệ nhị giáp Nguyễn Tiếu Tượng; Trần Lỗi đẳng thập lục danh Tiến sĩ xuất thân; Đệ tam giáp Phạm Đôn Thục, Nguyễn Tư đẳng tam thập lục danh đồng Tiến sĩ xuất thân.\n三 月 肅 宗 皇 帝 梓 宫 𭛁 引 回 西 京 . [40a*6*7]\nTam nguyệt, Túc Tông hoàng đế tử cung phát dẫn hồi Tây Kinh.\n癸 卯 塟 于 敬 陵 . [40a*7*3]\nQuý Mão, táng vu Kính Lăng.\n禮 官 奏 請 立 碑 帝 可 其 奏 命 覃 文 禮 阮 人 浹 范 盛 程 志 森 等 󰱇 碑 文 . [40a*7*9]\nLễ quan tấu thỉnh lập bi, đế khả kì tấu, mệnh Đàm Văn Lễ, Nguyễn Nhân Thiếp, Phạm Thịnh, Trình Chí Sâm đẳng tuyển bi văn.\n二 十 二 日 太 皇 太 后 阮 氏 暴 崩 于 長 樂 殿 正 寝 年 . [40a*8*17]\nNhị thập nhị nhật, Thái hoàng thái hậu Nguyễn thị bạo băng vu Trường Lạc điện chính tẩm, niên..\n",
    "url": "/data/image_dvsk/ban_ky_thuc_luc/quyen14/DVSKTT_ban_thuc_XIV_40a.jpg"
  },
  {
    "text": "六 十 五 . [40b*1*1]\nlục thập ngũ.\n初 肅 宗 崩 無 嗣 内 臣 阮 汝 爲 欲 立 帝 太 皇 太 后 以 帝 婢 妾 之 子 不 可 以 承 大 統 固 要 立 吕 瑰 王 . [40b*1*4]\nSơ Túc Tông băng vô tự, nội thần Nguyễn Nhữ Vi dục lập đế, Thái hoàng thái hậu dĩ đế tì thiếp chi tử, bất khả dĩ thừa đại thống, cố yếu lập Lữ Khôi Vương.\n於 是 汝 爲 諷 太 后 使 出 迎 吕 瑰 王 汝 爲 等 乃 閉 諸 城 門 立 帝 . [40b*3*4]\nƯ thị Nhữ Vi phúng Thái hậu sử xuất nghênh Lữ Khôi Vương, Nhữ Vi đẳng nãi bế chư thành môn lập đế.\n太 后 見 帝 已 立 不 悅 . [40b*4*8]\nThái hậu kiến đế dĩ lập, bất duyệt.\n後 帝 遂 使 左 右 密 弑 之 輟 朝 七 日 . [40b*4*16]\nHậu đế toại sử tả hữu mật thích chi, xuyết triều thất nhật.\n二 十 七 日 升 祔 母 昭 仁 弘 懿 皇 太 后 于 東 京 太 廟 明 德 宫 . [40b*5*11]\nNhị thập thất nhật, thăng phụ mẫu Chiêu Nhân Hoằng Ý Hoàng thái hậu vu Đông Kinh Thái Miếu Minh Đức cung.\n是 月 化 外 州 透 入 爭 那 巖 䦕 田 . [40b*6*16]\nThị nguyệt, hoá ngoại châu thấu nhập tranh Na Nham quan điền.\n帝 命 丹 溪 伯 鄭 侑 經 理 明 光 地 方 立 䦕 隘 而 還 . [40b*7*11]\nĐế mệnh Đan Khê bá Trịnh Hựu kinh lí Minh Quang địa phương, lập quan ải nhi hoàn.\n夏 四 月 二 十 七 日 追 尊 祖 母 謚 曰 徽 嘉 靜 穆 温 恭 柔 順 太 皇 太 后 . [40b*8*11]\nHạ, tứ nguyệt, nhị thập thất nhật, truy tôn tổ mẫu thuỵ viết: Huy Gia Tĩnh Mục Ôn Cung Nhu Thuận Thái hoàng thái hậu.\n",
    "url": "/data/image_dvsk/ban_ky_thuc_luc/quyen14/DVSKTT_ban_thuc_XIV_40b.jpg"
  },
  {
    "text": "帝 建 真 元 殿 作 寶 瑞 堂 於 東 岸 扶 軫 鄕 作 宣 󰕑 堂 於 水 堂 華 陵 鄕 又 作 光 羙 殿 於 廣 德 隷 園 坊 以 恭 奉 太 皇 太 后 先 祖 . [41a*1*1]\nĐế kiến Chân Nguyên điện, tác Bảo Thuỵ đường ư Đông Ngàn, Phù Chẩn hương; tác Tuyên Dự đường ư Thuỷ Đường, Hoa Lăng hương; hựu tác Quang Mĩ điện ư Quảng Đức, Lệ Viên phường dĩ cung phụng Thái hoàng thái hậu tiên tổ.\n五 月 初 七 日 明 孝 宗 崩 謚 曰 敬 皇 帝 . [41a*3*9]\nNgũ nguyệt, sơ thất nhật, Minh Hiếu Tông băng, thuỵ viết: Kính hoàng đế.\n十 三 日 命 鄭 侑 徃 宣 光 公 幹 . [41a*4*6]\nThập tam nhật, mệnh Trịnh Hựu vãng Tuyên Quang công cán.\n二 十 五 日 以 誕 日 爲 天 慶 聖 節 . [41a*5*1]\nNhị thập ngũ nhật, dĩ đản nhật vi Thiên khánh thánh tiết.\n二 十 八 日 明 皇 太 子 厚 照 即 皇 帝 位 改 元 正 德 [ 是 爲 武 宗 ] . [41a*5*13]\nNhị thập bát nhật, Minh hoàng thái tử Hậu Chiếu tức hoàng đế vị, cải nguyên Chính Đức [Thị vi Vũ Tông].\n. [41a*6*18]\nDĩ Dương Trực Nguyên vi Hộ bộ Tả thị lang kiêm Chiêu Văn quán.\n以 楊 直 原 爲 户 部 左 侍 郎 兼 昭 文 舘 . [41a*8*1]\nLục nguyệt, sơ ngũ nhật, biếm Lễ bộ Thượng thư Đàm Văn Lễ, Ngự sử đài Đô ngự sử Nguyễn Quang Bật đẳng vu Quảng Nam, tầm sát chi.\n六 月 初 五 日 貶 禮 部 尚 書 覃 文 禮 御 史 󰱑 都 御 史 阮 光 弼 等 于 廣 南 尋 殺 之 初 憲 宗 寝 疾 帝 母 . [41a*9*12]\nSơ, Hiến Tông tẩm tật, đế mẫu..\n",
    "url": "/data/image_dvsk/ban_ky_thuc_luc/quyen14/DVSKTT_ban_thuc_XIV_41a.jpg"
  },
  {
    "text": "昭 仁 皇 后 以 婢 妾 得 寵 生 帝 而 早 殁 . [41b*1*1]\nChiêu Nhân hoàng hậu dĩ tì thiếp đắc sủng, sinh đế nhi tảo một.\n󰱃 母 敬 妃 無 子 養 爲 己 子 意 欲 立 之 恐 大 臣 不 從 以 金 賂 文 禮 不 受 . [41b*1*15]\nThứ mẫu Kính phi vô tử, dưỡng vi kỷ tử, ý dục lập chi, khủng đại thần bất tòng, dĩ kim lộ, Văn Lễ bất thụ.\n及 憲 宗 大 漸 文 禮 𭁈 光 弼 受 遺 詔 輔 皇 太 子 嗣 位 . [41b*3*5]\nCập Hiến Tông đại tiệm, Văn Lễ dữ Quang Bật thụ di chiếu phụ hoàng thái tử tự vị.\n時 諸 王 爭 立 文 禮 恐 变 起 倉 卒 乃 入 寝 殿 取 傳 國 寶 㱕 家 再 𭁈 文 武 諸 大 臣 共 立 肅 宗 即 帝 位 . [41b*4*6]\nThời, chư vương tranh lập, Văn Lễ khủng biến khởi thảng thốt, nãi nhập tẩm điện thủ truyền quốc bảo quy gia, tái dữ văn vũ chư đại thần cộng lập Túc Tông tức đế vị.\n帝 深 憾 之 . [41b*6*6]\nĐế thâm hám chi.\n至 是 以 姜 种 阮 汝 爲 謀 貶 二 人 行 廣 南 承 宣 使 . [41b*6*10]\nChí thị, dĩ Khương Chủng, Nguyễn Nhữ Vi mưu biếm nhị nhân hành Quảng Nam thừa tuyên sứ.\n至 真 福 縣 大 江 帝 使 人 道 追 逼 令 自 盡 . [41b*7*10]\nChí Chân Phúc huyện đại giang, đế sử nhân đạo truy bức lệnh tự tận.\n二 人 當 投 水 中 吟 國 語 詩 而 没 . [41b*8*7]\nNhị nhân đương đầu thuỷ trung, ngâm quốc ngữ thi nhi một.\n後 廷 臣 心 知 二 人 死 非 其 罪 爭 之 帝 㱕 𠧨 於 汝 . [41b*9*1]\nHậu đình thần tâm tri nhị nhân tử phi kì tội, tranh chi, đế quy cữu ư Nhữ..\n",
    "url": "/data/image_dvsk/ban_ky_thuc_luc/quyen14/DVSKTT_ban_thuc_XIV_41b.jpg"
  },
  {
    "text": "爲 遂 殺 之 . [42a*1*1]\nVi toại sát chi.\n以 黎 嵩 爲 清 華 承 宣 使 . [42a*1*5]\nDĩ Lê Tung vi Thanh Hoa Thừa tuyên sứ.\n起 吳 煥 爲 清 華 憲 察 使 . [42a*1*14]\nKhởi Ngô Hoán vi Thanh Hoa Hiến sát sứ.\n煥 前 被 充 軍 再 試 中 生 徒 至 是 起 用 . [42a*2*7]\nHoán tiền bị sung quân, tái thí trúng sinh đồ, chí thị khởi dụng.\n丙 寅 二 年 [ 明 武 宗 德 元 年 ] . [42a*4*1]\nBính Dần, nhị niên [Minh, Vũ Tông, Đức nguyên niên].\n正 春 初 仁 睦 門 陳 𬋩 領 [ 陳 姓 缺 其 名 ? ? 領 官 名 也 ] 本 陳 朝 之 外 孫 生 二 女 長 曰 松 次 曰 竹 . [42a*4*11]\nChính Xuân, sơ, Nhân Mục môn Trần quản lĩnh, [Trần tính, khuyết kì danh, quản lĩnh quan danh dã] bản Trần triều chi ngoại tôn sinh nhị nữ, trưởng viết Tùng, thứ viết Trúc.\n帝 聞 松 有 羙 色 󰱇 入 後 宫 生 皇 子 而 早 没 . [42a*5*20]\nĐế văn Tùng hữu mĩ sắc, tuyển nhập hậu cung, sinh hoàng tử nhi tảo một.\n後 竹 亦 入 侍 . [42a*6*15]\nHậu Trúc diệc nhập thị.\n二 月 󰱇 黄 丁 . [42a*7*2]\nNhị nguyệt, tuyển hoàng đinh.\n黜 范 謙 柄 爲 海 陽 憲 察 使 . [42a*7*7]\nTruất Phạm Khiêm Bính vi Hải Dương Hiến sát sứ.\n時 謙 柄 坐 𭁈 黎 𡺄 石 誌 爲 朝 中 所 劾 故 黜 之 . [42a*8*1]\nThời, Khiêm Bính toạ dữ Lê Sạn thạch chí, vi triều trung sở hặc, cố truất chi.\n召 附 翼 縣 知 縣 阮 貴 雅 爲 提 刑 監 察 御 史 . [42a*9*1]\nTriệu Phụ Dực huyện Tri huyện Nguyễn Quý Nhã vi Đề hình giám sát ngự sử.\n先 是 . [42a*9*17]\nTiên thị,..\n",
    "url": "/data/image_dvsk/ban_ky_thuc_luc/quyen14/DVSKTT_ban_thuc_XIV_42a.jpg"
  },
  {
    "text": "貴 雅 應 制 落 韻 被 黜 . [42b*1*1]\nQuý Nhã ứng chế lạc vận bị truất.\n至 是 召 還 用 之 . [42b*1*9]\nChí thị triệu hoàn dụng chi.\n夏 四 月 十 三 日 起 復 杜 絪 仍 禮 部 右 侍 郎 翰 林 院 侍 讀 參 掌 翰 林 院 事 以 絪 丁 母 󰪽 始 服 闋 故 也 . [42b*2*1]\nHạ, tứ nguyệt, thập tam nhật, khởi phục Đỗ Nhân nhưng Lễ bộ Hữu thị lang, Hàn lâm viện thị độc, Tham chưởng Hàn lâm viện sự, dĩ Nhân đinh mẫu ưu thuỷ phục khuyết cố dã.\n[ 闋 音 缺 終 曰 闋 ] . [42b*4*2]\n[Khuyết âm khuyết chung viết khuyết].\n服 冬 十 二 月 十 二 日 遣 兵 部 尚 書 阮 光 羙 吏 科 都 給 事 中 阮 旌 提 刑 監 察 御 史 阮 仲 逵 爲 提 調 監 試 監 考 考 試 軍 色 民 人 書 筭 於 講 武 殿 庭 . [42b*4*8]\nphục Đông, thập nhị nguyệt, thập nhị nhật, khiển Binh bộ Thượng thư Nguyễn Quang Mĩ, Lại khoa đô cấp sự trung Nguyễn Tinh, Đề hình giám sát ngự sử Nguyễn Trọng Quỳ vi Đề điệu, giám thí, giám khảo, khảo thí quân sắc dân nhân thư toán ư Giảng Võ điện đình.\n應 考 者 三 萬 餘 人 取 中 者 阮 子 棊 等 一 千 五 百 十 九 人 . [42b*7*17]\nỨng khảo giả, tam vạn dư nhân, thủ trúng giả, Nguyễn Tử Kì đẳng nhất thiên ngũ bách thập cửu nhân.\n改 定 軍 號 勇 士 副 軍 以 下 . [42b*9*2]\nCải định quân hiệu dũng sĩ phó quân dĩ hạ.\n",
    "url": "/data/image_dvsk/ban_ky_thuc_luc/quyen14/DVSKTT_ban_thuc_XIV_42b.jpg"
  },
  {
    "text": "丁 卯 三 年 [ 明 正 二 年 ] . [43a*1*1]\nĐinh Mão, tam niên [Minh, Chính nhị niên].\n德 春 正 月 初 九 日 明 遣 正 使 翰 林 院 編 脩 曾 鐸 副 使 吏 科 右 給 事 中 張 弘 志 來 告 即 位 并 賜 彩 幣 . [43a*1*9]\nĐức Xuân, chính nguyệt, sơ cửu nhật, Minh khiển chánh sứ Hàn lâm viện biên tu Tăng Đạc, phó sứ Lại khoa hữu cấp sự trung Trương Hoằng Chí lai cáo tức vị, tịnh tứ thái tệ.\n以 阮 󰉎 爲 海 陽 承 宣 使 . [43a*4*1]\nDĩ Nguyễn Xao vi Hải Dương Thừa tuyên sứ.\n初 󰉎 奉 北 使 有 北 󰥺 甚 好 不 以 上 進 爲 舍 人 所 奏 黜 還 家 至 是 始 用 之 . [43a*4*10]\nSơ, Xao phụng Bắc sứ, hữu Bắc chẩm thậm hảo, bất dĩ thượng tiến, vi xá nhân sở tấu, truất hoàn gia, chí thị thuỷ dụng chi.\n後 󰉎 卒 于 任 所 . [43a*5*19]\nHậu Xao tốt vu nhiệm sở.\n閏 正 月 明 遣 行 人 司 行 人 何 露 來 諭 祭 于 憲 宗 睿 皇 帝 . [43a*7*1]\nNhuận chính nguyệt, Minh khiển Hành nhân ti hành nhân Hà Lộ lai dụ tế vu Hiến Tông Duệ Hoàng Đế.\n明 又 遣 正 使 翰 林 院 編 脩 沈 濤 副 使 工 科 左 給 事 中 許 天 錫 賫 詔 勑 封 帝 爲 安 南 國 王 . [43a*8*4]\nMinh hựu khiển Chánh sứ Hàn lâm viện biên tu Thẩm Đào, phó sứ Công khoa tả cấp sự trung Hứa Thiên Tích tê chiếu sắc phong đế vi An Nam quốc vương.\n",
    "url": "/data/image_dvsk/ban_ky_thuc_luc/quyen14/DVSKTT_ban_thuc_XIV_43a.jpg"
  },
  {
    "text": "并 賜 皮 弁 冠 服 一 副 常 服 一 套 . [43b*1*1]\nTịnh tứ bì biền quan phục nhất phó, thường phục nhất sáo.\n天 錫 見 帝 相 題 詩 曰 安 南 四 百 運 尤 長 天 意 如 何 降 鬼 王 . [43b*1*13]\nThiên Tích kiến đế tướng, đề thi viết: An Nam tứ bách vận vưu trường, Thiên ý như hà giáng quỷ vương.\n覆 考 書 筭 一 百 四 十 四 人 中 者 阮 子 棊 二 十 五 人 充 華 文 𭓇 生 . [43b*2*17]\nPhúc khảo thư toán nhất bách tứ thập tứ nhân, trúng giả Nguyễn Tử Kì nhị thập ngũ nhân, sung Hoa Văn học sinh.\n新 置 強 力 司 . [43b*4*6]\nTân trí cường lực ti.\n知 府 阮 贄 被 外 戚 姜 种 親 人 打 死 復 甦 . [43b*4*11]\nTri phủ Nguyễn Chí bị ngoại thích Khương Chủng thân nhân đả tử phục tô.\n先 是 贄 仕 憲 宗 時 爲 中 書 監 正 字 會 試 中 塲 以 帝 外 鄕 東 岸 人 除 奉 天 府 少 尹 後 任 富 平 府 知 府 . [43b*5*9]\nTiên thị, Chí sĩ Hiến Tông thời, vi Trung thư giám chính tự, Hội thí trúng trường, dĩ đế ngoại hương Đông Ngàn, nhân trừ Phụng Thiên phủ Thiếu doãn, hậu nhậm Phú Bình phủ tri phủ.\n爲 人 不 屈 . [43b*7*10]\nVi nhân bất khuất.\n姜 种 親 人 阮 仲 拿 于 廷 尉 獄 打 死 抛 于 城 外 . [43b*7*14]\nKhương Chủng thân nhân Nguyễn Trọng nã vu Đình uý ngục đả tử, phao vu thành ngoại.\n子 孫 以 席 包 之 乃 㱕 而 塟 忽 然 復 甦 . [43b*8*13]\nTử tôn dĩ tịch bao chi nãi quy nhi táng, hốt nhiên phục tô.\n匿 于 弟 子 家 日 則 冗 居 夜 . [43b*9*9]\nNặc vu đệ tử gia, nhật tắc nhũng cư, dạ..\n",
    "url": "/data/image_dvsk/ban_ky_thuc_luc/quyen14/DVSKTT_ban_thuc_XIV_43b.jpg"
  },
  {
    "text": "泊 樹 上 . [44a*1*1]\nbạc thụ thượng.\n妻 子 以 他 人 骸 骨 塟 之 行 齋 如 居 䘮 禮 已 經 三 年 鄕 村 不 知 . [44a*1*4]\nThê tử dĩ tha nhân hài cốt táng chi, hành trai như cư tang lễ, dĩ kinh tam niên hương thôn bất tri.\n至 洪 順 己 巳 年 義 師 起 詣 闕 陳 辝 許 入 秘 書 舍 人 賜 號 還 生 . [44a*2*9]\nChí Hồng Thuận, Kỷ Tị niên, nghĩa sư khởi, nghệ khuyết trần từ, hứa nhập Bí thư xá nhân, tứ hiệu Hoàn Sinh.\n僞 莫 時 官 至 義 興 髙 平 等 府 知 府 . [44a*3*14]\nNguỵ Mạc thời, quan chí Nghĩa Hưng, Cao Bằng đẳng phủ tri phủ.\n三 月 帝 拜 謁 西 京 . [44a*5*1]\nTam nguyệt, đế bái yết Tây Kinh.\n二 十 四 日 戊 戌 還 自 西 京 駐 營 于 春 杜 行 殿 親 幸 真 元 殿 顧 䀡 福 地 . [44a*5*8]\nNhị thập tứ nhật Mậu Tuất, hoàn tự Tây Kinh, trú dinh vu Xuân Đỗ hành điện, thân hạnh Chân Nguyên điện, cố chiêm phúc địa.\n以 阮 時 雍 爲 清 華 承 宣 使 . [44a*7*1]\nDĩ Nguyễn Thì Ung vi Thanh Hoa thừa tuyên sứ.\n冬 十 一 月 遣 使 如 明 . [44a*8*1]\nĐông, thập nhất nguyệt, khiển sứ như Minh.\n户 部 左 侍 郎 楊 直 原 東 閣 校 書 朱 宋 文 翰 林 院 撿 討 丁 順 等 賀 武 宗 即 位 . [44a*8*9]\nHộ bộ Tả thị lang Dương Trực Nguyên, Đông các hiệu thư Chu Tống Văn, Hàn lâm viện kiểm thảo Đinh Thuận đẳng hạ Vũ Tông tức vị;..\n",
    "url": "/data/image_dvsk/ban_ky_thuc_luc/quyen14/DVSKTT_ban_thuc_XIV_44a.jpg"
  },
  {
    "text": "梁 侃 謝 賜 綵 幣 鴻 矑 寺 少 卿 阮 銓 進 香 工 部 右 侍 郎 阮 璹 翰 林 院 撿 討 尹 茂 魁 户 科 給 事 中 黎 挺 之 等 謝 致 祭 清 華 承 宣 使 黎 嵩 翰 林 院 撿 討 丁 貞 監 察 御 史 黎 孝 忠 等 謝 冊 封 乂 安 參 議 黎 淵 翰 林 院 校 理 吳 綏 監 察 御 史 黄 岳 等 歳 貢 . [44b*1*1]\nLương Khản tạ tứ thái tệ; Hồng lô tự thiếu khanh Nguyễn Thuyên tiến hương; Công bộ Hữu thị lang Nguyễn Thọ, Hàn lâm viện kiểm thảo Doãn Mậu Khôi, Hộ khoa cấp sự trung Lê Đĩnh Chi đẳng tạ trí tế; Thanh Hoa Thừa tuyên sứ Lê Tung, Hàn lâm viện kiểm thảo Đinh Trinh, Giám sát ngự sử Lê Hiếu Trung đẳng tạ sách phong; Nghệ An tham nghị Lê Uyên, Hàn lâm viện hiệu lí Ngô Tuy, Giám sát ngự sử Hoàng Nhạc đẳng tuế cống.\n戊 辰 四 年 [ 明 正 三 年 ] . [44b*6*1]\nMậu Thìn, tứ niên [Minh, Chính tam niên].\n德 春 二 月 會 試 天 下 󰁮 人 取 杜 鎣 [ 音 容 鎣 舒 池 人 廷 賜 第 同 進 士 出 身 ] 試 等 五 十 四 人 . [44b*6*9]\nĐức Xuân nhị nguyệt Hội thí thiên hạ cử nhân Thủ Đỗ Dung [Âm dung. Dung Thư Trì nhân, Đình tứ đệ đồng Tiến sĩ xuất thân] thí đẳng ngũ thập tứ nhân.\n及 廷 試 賜 第 一 甲 阮 簡 清 許 三 省 阮 有 嚴 三 名 進 士 及 第 第 二 甲 陳 倧 等 十 五 名 進 士 出 身 第 三 甲 阮 義 壽 . [44b*7*21]\nCập đình thí, tứ đệ nhất giáp Nguyễn Giản Thanh, Hứa Tam Tỉnh, Nguyễn Hữu Nghiêm tam danh Tiến sĩ cập đệ; đệ nhị giáp Trần Tông đẳng thập ngũ danh Tiến sĩ xuất thân; đệ tam giáp Nguyễn Nghĩa Thọ..\n",
    "url": "/data/image_dvsk/ban_ky_thuc_luc/quyen14/DVSKTT_ban_thuc_XIV_44b.jpg"
  },
  {
    "text": "等 三 十 六 名 同 進 士 出 身 . [45a*1*1]\nđẳng tam thập lục danh đồng Tiến sĩ xuất thân.\n以 阮 伯 俊 爲 清 華 總 兵 僉 事 阮 戇 爲 清 華 憲 察 使 . [45a*2*1]\nDĩ Nguyễn Bá Tuấn vi Thanh Hoa Tổng binh thiêm sự, Nguyễn Trung vi Thanh Hoa Hiến sát sứ.\n三 月 初 四 日 詔 内 外 各 衙 門 都 提 吏 并 更 番 吏 有 缺 数 吏 部 照 洪 德 年 間 例 類 取 應 得 填 充 姓 名 具 本 送 吏 科 抄 送 吏 部 轉 送 各 衙 門 遵 行 . [45a*3*1]\nTam nguyệt, sơ tứ nhật, chiếu: Nội ngoại các nha môn đô đề lại tịnh canh phiên, lại hữu khuyết số, Lại bộ chiếu Hồng Đức niên gian lệ, loại thủ ưng đắc điền sung tính danh, cụ bản tống Lại khoa, sao tống Lại bộ chuyển tống các nha môn tuân hành.\n以 莫 登 庸 爲 天 武 衛 都 指 揮 使 司 都 指 揮 使 . [45a*6*1]\nDĩ Mạc Đăng Dung vi Thiên vũ vệ đô chỉ huy sứ ti đô chỉ huy sứ.\n登 庸 平 河 髙 堆 人 也 . [45a*6*18]\nĐăng Dung Bình Hà, Cao Đôi nhân dã.\n[ 即 至 灵 竜 洞 社 ] 縣 其 先 祖 莫 挺 之 陳 朝 状 元 官 至 左 僕 射 . [45a*7*8]\n[Tức Chí Linh Long Động xã], huyện kì tiên tổ Mạc Đĩnh Chi, Trần triều trạng nguyên, quan chí Tả bộc xạ.\n挺 之 生 髙 髙 生 邃 邃 生 嵩 移 居 清 河 蘭 溪 社 生 萍 萍 又 涉 于 宜 陽 古 斎 社 . [45a*8*9]\nĐĩnh Chi sinh Cao, Cao sinh Thuý, Thuý sinh Tung, di cư Thanh Hà, Lan Khê xã, sinh Bình, Bình hựu thiệp vu Nghi Dương, Cổ Trai xã..\n",
    "url": "/data/image_dvsk/ban_ky_thuc_luc/quyen14/DVSKTT_ban_thuc_XIV_45a.jpg"
  },
  {
    "text": "而 居 焉 . [45b*1*1]\nnhi cư yên.\n萍 生 檄 檄 娶 本 社 鄧 春 長 女 生 三 男 長 曰 登 庸 次 曰 篤 信 季 曰 橛 . [45b*1*4]\nBình sinh Hịch, Hịch thú bản xã Đặng Xuân trưởng nữ, sinh tam nam, trưởng viết Đăng Dung, thứ viết Đốc Tín, quý viết Quyết.\n登 庸 有 勇 力 以 武 󰁮 入 宿 衛 至 是 乃 拜 是 職 . [45b*2*11]\nĐăng Dung hữu dũng lực, dĩ vũ cử nhập Túc vệ, chí thị nãi bái thị chức.\n夏 六 月 以 杜 絪 爲 御 史 󰱑 副 都 御 史 . [45b*4*1]\nHạ, lục nguyệt, dĩ Đỗ Nhân vi Ngự sử đài phó đô ngự sử.\n户 部 左 侍 郎 揚 直 原 還 自 明 帝 以 象 笏 銀 帶 賜 之 . [45b*5*1]\nHộ bộ Tả thị lang Dương Trực Nguyên hoàn tự Minh, đế dĩ tượng hốt ngân đai tứ chi.\n冬 十 月 初 四 日 下 御 史 󰱑 副 都 御 史 杜 絪 于 廷 尉 獄 . [45b*6*1]\nĐông, thập nguyệt, sơ tứ nhật, hạ Ngự sử đài phó đô ngự sử Đỗ Nhân vu Đình uý ngục.\n絪 以 言 事 忤 㫖 繋 獄 尋 放 之 . [45b*7*3]\nNhân dĩ ngôn sự ngỗ chỉ hệ ngục, tầm phóng chi.\n黒 羅 羅 國 人 侵 入 朱 村 田 䦕 . [45b*8*1]\nHắc La La quốc nhân xâm nhập Chu Thôn Điền quan.\n帝 乃 以 北 軍 都 督 府 陳 叔 邁 爲 右 游 擊 營 副 将 范 一 鶚 爲 記 録 先 . [45b*8*12]\nĐế nãi dĩ Bắc quân Đô đốc phủ Trần Thúc Mại vi Hữu du kích dinh phó tướng, Phạm nhất Ngạc vi Ký lục tiên..\n",
    "url": "/data/image_dvsk/ban_ky_thuc_luc/quyen14/DVSKTT_ban_thuc_XIV_45b.jpg"
  },
  {
    "text": "行 命 羙 郡 公 黎 炯 爲 征 蠻 将 軍 掛 征 蠻 将 軍 印 丹 溪 伯 鄭 侑 爲 副 提 領 将 神 武 効 力 殿 前 中 東 西 南 北 府 各 衛 軍 分 爲 六 營 每 營 一 萬 人 以 三 千 人 運 粮 徃 征 黑 羅 羅 . [46a*1*1]\nhành mệnh Mĩ quận công Lê Quýnh vi Chinh Man tướng quân, quải Chinh Man tướng quân ấn, Đan Khê bá Trịnh Hựu vi Phó đề lĩnh, tương Thần vũ, Hiệu lực, Điện tiền Trung, Đông, Tây, Nam, Bắc phủ các vệ quân, phân vi lục dinh, mỗi dinh nhất vạn nhân, dĩ tam thiên nhân vận lương, vãng chinh Hắc La La.\n到 朱 村 田 分 立 界 碣 尋 命 炯 等 經 理 順 化 處 水 尾 朱 䦕 地 方 以 脩 理 䦕 隘 . [46a*4*9]\nĐáo Chu Thôn Điền phận, lập giới kiệt, tầm mệnh Quýnh đẳng kinh lí Thuận Hoá xứ Thuỷ Vĩ, Chu Quan địa phương dĩ tu lí quan ải.\n己 巳 五 年 [ 十 二 月 順 元 年 以 後 襄 翼 帝 洪 明 正 德 四 年 ] . [46a*6*1]\nKỉ Tị, ngũ niên [Thập nhị nguyệt Thuận nguyên niên. dĩ hậu, Tương Dực đế, Hồng Minh, Chính Đức tứ niên].\n春 二 月 耕 籍 田 耒 折 . [46a*6*22]\nXuân, nhị nguyệt, canh tịch điền, lỗi chiết.\n敬 天 殿 乾 元 洪 鍾 蒲 罕 斷 鍾 自 落 . [46a*7*3]\nKính Thiên điện Càn Nguyên hồng chung bồ hãn đoạn, chung tự lạc.\n以 阮 承 業 兼 掌 宗 人 府 宗 人 令 子 模 總 領 各 宿 衛 . [46a*7*16]\nDĩ Nguyễn Thừa Nghiệp kiêm chưởng Tông nhân phủ Tông nhân lệnh, tử Mô tổng lĩnh các túc vệ.\n三 月 勑 征 蠻 将 軍 黎 炯 鄭 侑 等 班 師 還 . [46a*9*1]\nTam nguyệt, sắc Chinh Man tướng quân Lê Quýnh, Trịnh Hựu đẳng ban sư hoàn.\n帝 . [46a*9*16]\nĐế..\n",
    "url": "/data/image_dvsk/ban_ky_thuc_luc/quyen14/DVSKTT_ban_thuc_XIV_46a.jpg"
  },
  {
    "text": "姓 好 勇 因 謁 郊 還 宫 乘 援 雲 象 頭 入 東 華 門 . [46b*1*1]\ntính hiếu dũng, nhân yết Giao hoàn cung, thừa Viện Vân tượng đầu nhập Đông Hoa môn.\n令 各 司 及 五 府 公 象 将 入 御 前 引 󰱇 并 類 各 鎮 公 象 回 于 京 師 󰱇 入 御 象 充 補 各 衛 . [46b*1*18]\nLệnh các ti cập ngũ phủ công tượng tương nhập ngự tiền dẫn tuyển, tịnh loại các trấn công tượng hồi vu kinh sư tuyển nhập ngự tượng, sung bổ các vệ.\n是 時 新 置 内 臣 有 飛 武 司 力 士 内 使 以 阮 鑁 爲 飛 武 司 都 飛 武 力 士 内 使 直 端 康 宫 如 都 力 士 直 金 光 殿 著 銀 帽 金 鳳 趐 有 紅 毛 尾 以 阮 公 論 爲 飛 武 司 飛 武 力 士 内 使 著 水 銀 帽 有 紅 尾 . [46b*3*14]\nThị thời tân trí nội thần, hữu Phi vũ ti lực sĩ nội sứ, dĩ Nguyễn Tông vi Phi vũ ti đô Phi vũ lực sĩ nội sứ, trực Đoan Khang cung như Đô lực sĩ trực Kim Quang điện, trước ngân mạo, kim phụng sí, hữu hồng mao vĩ; dĩ Nguyễn Công Luận vi Phi vũ ti Phi vũ lực sĩ nội sứ, trước thuỷ ngân mạo, hữu hồng vĩ.\n設 宫 門 承 制 監 如 司 禮 監 御 象 御 馬 二 司 . [46b*7*15]\nThiết Cung môn thừa chế giám, như ti lễ giám, Ngự tượng Ngự mã nhị ti.\n設 御 象 監 御 馬 監 . [46b*8*14]\nThiết Ngự tượng giám, Ngự mã giám.\n御 象 帶 刀 内 使 著 水 銀 帽 𪽗 金 葵 花 . [46b*9*4]\nNgự tượng đái đao nội sứ, trước thuỷ ngân mạo, hoạ kim quỳ hoa.\n御 . [46b*9*18]\nNgự..\n",
    "url": "/data/image_dvsk/ban_ky_thuc_luc/quyen14/DVSKTT_ban_thuc_XIV_46b.jpg"
  },
  {
    "text": "馬 著 水 銀 帽 紅 葵 花 . [47a*1*1]\nmã trước thuỷ ngân mạo hồng quỳ hoa.\n御 馬 御 象 二 監 鬪 力 持 扙 相 擊 自 清 陽 門 至 太 廟 門 外 帝 以 爲 樂 以 錢 帛 賞 之 . [47a*1*9]\nNgự mã Ngự tượng nhị giám đấu lực, trì trượng tương kích tự Thanh Dương môn chí Thái miếu môn ngoại, đế dĩ vi lạc, dĩ tiền bạch thưởng chi.\n帝 自 即 位 之 後 每 夜 𭁈 宫 人 酣 酒 無 量 . [47a*3*3]\nĐế tự tức vị chi hậu, mỗi dạ dữ cung nhân hàm tửu vô lượng.\n醉 即 殺 之 . [47a*4*2]\nTuý tức sát chi.\n時 權 㱕 外 戚 東 則 華 陵 [ 養 鄕 ] 父 西 則 仁 睦 [ 帝 鄕 ] 妃 北 則 扶 軫 [ 帝 鄕 ] 母 皆 擅 怙 權 勢 沉 溺 臣 僚 有 以 私 意 而 屠 戮 生 民 有 以 密 體 而 誅 求 錢 貨 凡 民 間 六 畜 生 花 等 物 一 切 掠 取 及 民 家 有 奇 財 奇 貨 標 字 取 之 . [47a*4*6]\nThời, quyền quy ngoại thích, Đông tắc Hoa Lăng [Dưỡng hương], phụ Tây tắc Nhân Mục [Đế hương], phi Bắc tắc Phù Chẩn [Đế hương], mẫu giai thiện hộ quyền thế, trầm nịch thần liêu, hữu dĩ tư ý nhi đồ lục sinh dân, hữu dĩ mật thể nhi tru cầu tiền hoá, phàm dân gian lục súc sinh hoa đẳng vật, nhất thiết lược thủ, cập dân gia hữu kì tài kì hoá, tiêu tự thủ chi.\n萬 民 嗟 怨 而 帝 弗 悛 又 心 𢙇 猜 忌 . [47a*8*9]\nVạn dân ta oán nhi đế phất thuân, hựu tâm hoài sai kị.\n凡 前 日 臣 下 之 不 立 己 者 徃 徃 誅 之 . [47a*9*4]\nPhàm tiền nhật thần hạ chi bất lập kỷ giả, vãng vãng tru chi.\n又 . [47a*9*18]\nHựụ.\n",
    "url": "/data/image_dvsk/ban_ky_thuc_luc/quyen14/DVSKTT_ban_thuc_XIV_47a.jpg"
  },
  {
    "text": "密 使 内 人 阮 廷 科 徃 體 察 諸 叔 父 兄 弟 凡 二 十 六 王 . [47b*1*1]\nmật sử nội nhân Nguyễn Đình Khoa vãng thể sát chư thúc phụ huynh đệ phàm nhị thập lục vương.\n而 荆 王 以 叔 父 迯 遁 不 知 所 之 獨 𥳑 脩 公 以 叔 伯 之 子 繋 獄 得 脱 . [47b*2*3]\nNhi Kinh Vương dĩ thúc phụ, đào độn bất tri sở chi, độc Giản Tu công dĩ thúc bá chi tử, hệ ngục đắc thoát.\n由 是 人 人 自 危 益 思 作 乱 . [47b*3*10]\nDo thị, nhân nhân tự nguy ích, tư tác loạn.\n命 都 督 保 禄 伯 黎 子 雲 武 耿 等 徃 經 理 廣 南 地 方 . [47b*4*2]\nMệnh Đô đốc Bảo Lộc bá Lê Tử Vân, Vũ Cảnh đẳng vãng kinh lí Quảng Nam địa phương.\n先 是 洪 德 元 年 聖 宗 親 征 占 城 得 茶 遂 妻 子 㱕 于 本 國 置 居 寶 慶 門 外 幾 三 十 年 . [47b*5*4]\nTiên thị, Hồng Đức nguyên niên, Thánh Tông thân chinh Chiêm Thành đắc Trà Toại thê tử quy vu bản quốc, trí cư Bảo Khánh môn ngoại cơ tam thập niên.\n至 景 統 年 間 子 茶 福 盗 其 父 茶 遂 骸 骨 迯 㱕 其 國 留 一 親 姊 於 兵 燹 [ 先 上 声 野 火 也 ] 時 始 亡 . [47b*6*17]\nChí Cảnh Thống niên gian, tử Trà Phúc đạo kì phụ Trà Toại hài cốt đào quy kì quốc, lưu nhất thân tỉ, ư binh tiển [Tiên thượng thanh dã hoả dã] thời thuỷ vong.\n至 是 諸 勢 家 功 臣 占 奴 居 田 庄 亦 迯 回 國 . [47b*8*16]\nChí thị, chư thế gia công thần Chiêm nô cư điền trang diệc đào hồi quốc.\n武 耿 驛 奏 言 作 乱 者 . [47b*9*11]\nVũ Cảnh dịch tấu ngôn, tác loạn giả,..\n",
    "url": "/data/image_dvsk/ban_ky_thuc_luc/quyen14/DVSKTT_ban_thuc_XIV_47b.jpg"
  },
  {
    "text": "九 月 吏 科 都 給 事 中 楊 德 簡 奏 言 臣 等 奉 查 洪 德 七 年 間 勑 㫖 國 子 監 生 三 舍 生 年 三 十 以 上 本 官 方 得 保 󰱇 除 用 八 年 間 勑 㫖 崇 文 舘 秀 林 . [48a*7*1]\nCửu nguyệt, Lại khoa đô cấp sự trung Dương Đức Giản tấu ngôn: \"Thần đẳng phụng tra, Hồng Đức thất niên gian sắc chỉ, Quốc tử giám sinh, Tam xá sinh niên tam thập dĩ thượng bản quan phương đắc bảo tuyển trừ dụng; bát niên gian sắc chỉ, Sùng Văn quán, Tú lâm..\n占 人 . [48a*1*1]\nChiêm nhân.\n帝 令 殺 占 人 殆 盡 不 知 作 乱 者 占 人 制 謾 等 . [48a*1*3]\nĐế lệnh sát Chiêm nhân đãi tận, bất tri tác loạn giả, Chiêm nhân Chế Mạn đẳng.\n後 得 漂 海 占 人 麻 末 等 監 在 承 制 再 供 謂 前 年 茶 福 已 回 彼 國 使 男 罵 羅 徃 明 國 求 援 又 作 船 粮 数 多 . [48a*2*2]\nHậu đắc phiêu hải Chiêm nhân Ma Mạt đẳng, giam tại Thừa chế, tái cung vị tiền niên, Trà Phúc dĩ hồi bỉ quốc, sử nam Ma La vãng Minh quốc cầu viện, hựu tác thuyền lương sổ đa.\n故 命 耿 等 徃 經 理 . [48a*4*5]\nCố, mệnh Cảnh đẳng vãng kinh lí.\n以 楊 直 原 爲 御 史 󰱑 都 御 史 . [48a*4*12]\nDĩ Dương Trực Nguyên vi Ngự sử đài đô ngự sử.\n秋 八 月 詔 捕 占 人 拘 執 者 盡 殺 之 . [48a*6*1]\nThu, bát nguyệt, chiếu bổ Chiêm nhân câu chấp giả, tận sát chi.\n",
    "url": "/data/image_dvsk/ban_ky_thuc_luc/quyen14/DVSKTT_ban_thuc_XIV_48a.jpg"
  },
  {
    "text": "局 儒 生 本 官 保 結 考 試 年 深 才 幹 并 會 試 中 塲 並 得 除 用 . [48b*1*1]\ncục nho sinh bản quan bảo kết khảo thí, niên thâm, tài cán tịnh Hội thí trúng trường tịnh đắc trừ dụng.\n臣 窃 見 監 生 儒 生 年 未 至 三 十 充 未 滿 十 五 年 但 以 會 試 中 塲 徃 徃 僥 倖 求 進 有 所 攪 擾 不 便 . [48b*2*5]\nThần thiết kiến, Giám sinh, nho sinh niên vị chí tam thập, sung vị mãn thập ngũ niên, đãn dĩ Hội thí trúng trường, vãng vãng kiểu hãnh cầu tiến, hữu sở giảo nhiễu bất tiện.\n伏 乞 繼 今 監 生 儒 生 年 已 至 三 十 以 上 充 已 滿 十 五 年 以 上 本 官 方 得 保 󰱇 除 用 如 例 . [48b*4*5]\nPhục khất, kế kim Giám sinh, nho sinh niên dĩ chí tam thập dĩ thượng, sung dĩ mãn thập ngũ niên dĩ thượng, bản quan phương đắc bảo tuyển trừ dụng như lệ.\n敢 有 徇 私 保 󰁮 年 少 年 浅 者 該 科 御 史 󰱑 󰁮 奏 治 罪 以 懲 人 臣 徇 私 妄 保 及 僥 倖 攪 擾 之 弊 . [48b*6*2]\nCảm hữu tuẫn tư, bảo cử niên thiếu, niên thiển giả, cai khoa, Ngự sử đài cử tấu trị tội, dĩ trừng nhân thần tuẫn tư vọng bảo cập kiểu hãnh giảo nhiễu chi tệ\".\n寕 郡 公 黎 廣 度 等 奏 云 臣 等 窃 見 楊 德 簡 所 言 誠 有 理 然 中 間 猶 有 未 僃 今 臣 等 再 奉 議 各 條 . [48b*8*1]\nNinh quận công Lê Quảng Độ đẳng tấu vân: \"Thần đẳng thiết kiến, Dương Đức Giản sở ngôn thành hữu lí, nhiên trung gian do hữu vị bị, kim thần đẳng tái phụng nghị các điều:..\n",
    "url": "/data/image_dvsk/ban_ky_thuc_luc/quyen14/DVSKTT_ban_thuc_XIV_48b.jpg"
  },
  {
    "text": "一 條 奉 議 國 子 監 監 生 會 試 累 遭 中 塲 十 五 年 以 上 年 深 塲 多 者 方 得 充 上 舍 生 引 選 銓 除 牧 民 首 領 伴 讀 長 史 訓 導 等 職 若 累 中 塲 已 滿 十 五 年 未 得 充 舍 生 及 一 遭 中 塲 已 滿 十 八 年 以 上 者 亦 許 保 󰱇 除 閤 門 序 班 伴 讀 長 史 講 諭 等 職 . [49a*1*1]\nNhất điều phụng nghị: Quốc tử giám giám sinh, Hội thí luỹ tao trúng trường, thập ngũ niên dĩ thượng, niên thâm trường đa giả, phương đắc sung thượng xá sinh, dẫn tuyển thuyên trừ mục dân, thủ lĩnh, bạn độc, trưởng sử, huấn đạo đẳng chức, Nhược luỹ trúng trường, dĩ mãn thập ngũ niên vị đắc sung xá sinh, cập nhất tao trúng trường, dĩ mãn thập bát niên dĩ thượng giả, diệc hứa bảo tuyển, trừ cáp môn, tự ban, bạn độc, trưởng sử, giảng dụ đẳng chức.\n一 條 奉 議 官 員 子 孫 充 崇 文 舘 秀 林 局 儒 生 會 試 中 塲 年 深 塲 多 满 十 五 年 以 上 者 并 单 中 一 塲 满 十 八 年 以 上 者 方 得 保 󰱇 除 牧 民 首 領 等 職 . [49a*6*2]\nNhất điều phụng nghị: Quan viên tử tôn sung Sùng Văn quán Tú lâm cục nho sinh, Hội thí trúng trường, niên thâm trường đa, mãn thập ngũ niên dĩ thượng giả, tịnh đơn trúng nhất trường mãn thập bát niên dĩ thượng giả, phương đắc bảo tuyển, trừ mục dân, thủ lĩnh đẳng chức.\n若 年 深 才 幹 無 中 塲 满 二 十 五 年 以 上 者 . [49a*9*3]\nNhược niên thâm tài cán vô trúng trường, mãn nhị thập ngũ niên dĩ thượng giả,..\n",
    "url": "/data/image_dvsk/ban_ky_thuc_luc/quyen14/DVSKTT_ban_thuc_XIV_49a.jpg"
  },
  {
    "text": "亦 許 保 結 考 試 除 州 縣 貳 職 . [49b*1*1]\ndiệc hứa bảo kết khảo thí, trừ châu huyện nhị chức.\n其 已 經 引 󰱇 而 未 满 年 限 者 待 满 年 限 方 得 除 用 . [49b*1*12]\nKì dĩ kinh dẫn tuyển nhi vị mãn niên hạn giả, đãi mãn niên hạn phương đắc trừ dụng.\n若 皇 后 親 属 苗 裔 并 開 國 功 臣 子 孫 充 崇 文 舘 儒 生 遵 如 前 例 . [49b*2*13]\nNhược hoàng hậu thân thuộc miêu duệ tịnh khai quốc công thần tử tôn sung Sùng Văn quán nho sinh, tuân như tiền lệ.\n冬 十 月 初 一 日 有 彗 星 白 色 見 于 西 方 十 日 始 滅 . [49b*4*1]\nĐông, thập nguyệt, sơ nhất nhật, hữu Tuệ tinh bạch sắc hiện vu Tây phương, thập nhật thuỷ diệt.\n十 一 月 有 白 氣 如 劎 出 于 東 南 長 丈 餘 . [49b*5*2]\nThập nhất nguyệt, hữu bạch khí như kiếm xuất vu Đông Nam, trường trượng dư.\n帝 斥 逐 皇 宗 功 臣 回 清 華 地 方 并 殺 女 史 内 臣 占 人 . [49b*6*1]\nĐế xích trục hoàng tông công thần hồi Thanh Hoa địa phương, tịnh sát nữ sử nội thần Chiêm nhân.\n時 外 戚 姜 种 阮 伯 勝 等 擅 作 威 福 權 傾 中 外 民 間 不 得 󰁮 手 動 足 . [49b*7*3]\nThời ngoại thích Khương Chủng, Nguyễn Bá Thắng đẳng thiện tác uy phúc, quyền khuynh trung ngoại, dân gian bất đắc cử thủ động túc.\n禁 法 門 之 呪 咀 道 士 奉 道 剪 髮 不 得 長 髮 . [49b*8*10]\nCấm pháp môn chi chú tứ, đạo sĩ phụng đạo tiễn phát bất đắc trường phát.\n以 故 庯 舍 市 肆 奉 先 師 者 皆 臧 . [49b*9*7]\nDĩ cố, phố xá thị tứ phụng tiên sư giả, giai tàng..\n",
    "url": "/data/image_dvsk/ban_ky_thuc_luc/quyen14/DVSKTT_ban_thuc_XIV_49b.jpg"
  },
  {
    "text": "之 . [50a*1*1]\nchi.\n後 承 教 承 業 行 路 官 員 百 姓 見 於 一 里 皆 竄 走 入 庯 舍 市 肆 家 去 後 始 出 . [50a*1*2]\nHậu, Thừa Giáo, Thừa Nghiệp hành lộ, quan viên bách tính kiến ư nhất lí giai thoán tẩu nhập phố xá thị tứ gia, khứ hậu thuỷ xuất.\n阮 廷 科 密 使 人 徃 天 下 各 處 承 憲 府 縣 至 於 民 間 脅 娶 處 女 荼 毒 蒼 生 天 下 失 望 . [50a*2*12]\nNguyễn Đình Khoa mật sử nhân vãng thiên hạ các xứ Thừa Hiến phủ huyện, chí ư dân gian hiếp thú xử nữ, đồ độc thương sinh, thiên hạ thất vọng.\n是 時 長 樂 皇 太 后 之 親 阮 文 郎 亦 在 逐 中 回 本 貫 . [50a*4*6]\nThị thời, Trường Lạc hoàng thái hậu chi thân Nguyễn Văn Lang diệc tại trục trung hồi bản quán.\n大 臣 宗 室 宜 郡 公 黎 能 謹 不 得 志 有 詩 寄 𭁈 阮 文 郎 使 󰁮 兵 誅 惡 黨 . [50a*5*8]\nĐại thần tông thất Nghi quận công Lê Năng Cẩn bất đắc chí, hữu thi ký dữ Nguyễn Văn Lang sử cử binh tru ác đảng.\n文 郎 通 韜 畧 精 兵 法 善 觀 天 時 力 能 捕 虎 . [50a*6*16]\nVăn Lang thông thao lược, tinh binh pháp, thiện quan thiên thời, lực năng bổ hổ.\n於 是 文 郎 率 占 奴 制 謾 武 伯 武 接 并 清 華 三 府 人 󰁮 義 師 于 西 都 城 以 軍 鎮 神 符 海 口 . [50a*7*14]\nƯ thị, Văn Lang suất Chiêm nô Chế Mạn, Vũ Bá, Vũ Tiếp tịnh Thanh Hoa tam phủ nhân, cử nghĩa sư vu Tây Đô thành, dĩ quân trấn Thần Phù hải khẩu.\n時 帝 弑 害 宗 室 . [50a*9*11]\nThời, đế thích hại tông thất.\n簡 . [50a*9*17]\nGiản..\n",
    "url": "/data/image_dvsk/ban_ky_thuc_luc/quyen14/DVSKTT_ban_thuc_XIV_50a.jpg"
  },
  {
    "text": "脩 公 瀠 猶 被 繋 獄 乃 以 財 物 賂 守 者 得 脱 未 及 告 母 并 兄 弟 𭁈 其 妃 乃 挺 身 迯 入 西 都 . [50b*1*1]\nTu công Dinh do bị hệ ngục nãi dĩ tài vật lộ thủ giả, đắc thoát vị cập cáo mẫu tịnh huynh đệ dữ kì phi, nãi đĩnh thân đào nhập Tây Đô.\n至 神 符 海 口 見 文 郎 奉 迎 立 爲 盟 主 因 𭁈 文 郎 造 長 鎗 及 大 臣 阮 演 吾 楔 阮 伯 髙 黎 湛 𭁈 清 華 總 兵 僉 事 阮 伯 俊 承 宣 使 黎 嵩 參 政 阮 時 雍 等 同 起 兵 . [50b*2*16]\nChí Thần Phù hải khẩu, kiến Văn Lang phụng nghênh, lập vi minh chủ, nhân dữ Văn Lang tạo trường thương cập đại thần Nguyễn Diễn, Ngô Khế, Nguyễn Bá Cao, Lê Trạm, dữ Thanh Hoa tổng binh thiêm sự Nguyễn Bá Tuấn, Thừa tuyên sứ Lê Tung, Tham chính Nguyễn Thì Ung đẳng đồng khởi binh.\n使 黎 得 朋 爲 檄 諭 大 臣 百 官 . [50b*6*1]\nSử Lê Đắc Bằng vi hịch dụ đại thần bách quan.\n其 畧 云 暴 主 黎 濬 猥 以 󰱃 孽 濫 玷 洪 圖 因 循 殆 至 五 年 盈 串 已 成 萬 状 . [50b*6*12]\nKì lược vân: \"Bạo chủ Lê Tuấn, ổi dĩ thứ nghiệt, lạm điếm hồng đồ, nhân tuần đãi chí ngũ niên doanh xuyến dĩ thành vạn trạng.\n傷 殘 骨 肉 沉 溺 臣 僚 . [50b*8*3]\nThương tàn cốt nhục, trầm nịch thần liêu.\n寵 戚 畹 而 狗 尾 縱 横 遠 骨 鯁 而 魚 頭 󰄿 伏 . [50b*8*11]\nSủng thích uyển nhi cẩu vĩ tung hoành, viễn cốt ngạnh nhi ngư đầu chuồn phục.\n爵 已 盡 而 濫 賞 不 盡 民 已 . [50b*9*9]\nTước dĩ tận nhi lạm thưởng bất tận, dân dĩ..\n",
    "url": "/data/image_dvsk/ban_ky_thuc_luc/quyen14/DVSKTT_ban_thuc_XIV_50b.jpg"
  },
  {
    "text": "窮 而 濫 取 無 窮 . [51a*1*1]\ncùng nhi lạm thủ vô cùng.\n征 賦 若 錙 銖 用 財 若 泥 沙 暴 虐 殆 同 於 秦 政 . [51a*1*7]\nTrưng phú nhược truy thù, dụng tài nhược nê sa, bạo ngược đãi đồng ư Tần Chính.\n待 臣 如 犬 馬 視 民 如 草 芥 慢 侮 有 甚 於 魏 罃 . [51a*2*6]\nĐãi thần như khuyển mã, thị dân như thảo giới, mạn vũ hữu thậm ư Nguỵ Oanh.\n况 又 大 其 宫 室 廣 其 花 圀 . [51a*3*6]\nHuống hựu đại kì cung thất, quảng kì hoa hựu.\n驅 民 種 樹 宋 花 綱 之 覆 轍 相 尋 填 海 築 宫 秦 阿 房 之 昏 風 復 踵 . [51a*3*16]\nKhu dân chủng thụ, Tống Hoa Cương chi phúc triệt; tương tầm điền hải trúc cung, Tần A Phòng chi hôn phong phục chủng.\n土 木 築 而 改 改 而 築 疲 勞 海 陽 京 北 之 民 華 宗 驕 而 横 横 而 驕 騷 擾 藩 鎮 四 宣 之 境 . [51a*5*6]\nThổ mộc trúc nhi cải, cải nhi trúc, bì lao Hải Dương, Kinh Bắc chi dân; hoa tông kiêu nhi hoành, hoành nhi kiêu, tao nhiễu phiên trấn tứ tuyên chi cảnh.\n居 民 疾 首 率 土 痛 心 . [51a*7*4]\nCư dân tật thủ, suất thổ thống tâm\".\n又 檄 云 端 慶 御 圖 外 家 𢫔 政 子 模 以 市 井 昏 愚 之 輩 紊 乱 朝 綱 勝 种 以 閭 閻 乳 臭 之 童 妄 行 威 福 . [51a*7*12]\nHựu hịch vân: \"Đoan Khánh ngự đồ, ngoại gia thiện chính, Tử Mô dĩ thị tỉnh hôn ngu chi bối, vặn loạn triều cương, Thắng Chủng dĩ lư diêm nhũ xú chi đồng, vọng hành uy phúc.\n甚 至 . [51a*9*16]\nThậm chí..\n",
    "url": "/data/image_dvsk/ban_ky_thuc_luc/quyen14/DVSKTT_ban_thuc_XIV_51a.jpg"
  },
  {
    "text": "鴆 殺 祖 母 魚 肉 親 王 . [51b*1*1]\nchậm sát tổ mẫu, ngư nhục thân vương.\n以 私 意 而 屠 戮 生 民 罔 知 紀 極 以 密 體 而 誅 求 錢 貨 益 肆 貪 滛 . [51b*1*9]\nDĩ tư ý nhi đồ lục sinh dân, võng tri kỷ cực; dĩ mật thể nhi tru cầu tiền hoá, ích tứ tham dâm.\n四 海 困 窮 萬 民 愁 怨 . [51b*2*15]\nTứ hải khốn cùng, vạn dân sầu oán\".\n簡 脩 公 瀠 詐 称 爲 錦 江 王 竪 錦 江 王 招 安 旗 . [51b*4*1]\nGiản Tu công Dinh trá xưng vi Cẩm Giang Vương, thụ Cẩm Giang Vương chiêu an kì.\n是 月 初 八 日 簡 脩 公 瀠 自 西 都 𭛁 水 步 諸 營 並 進 . [51b*5*1]\nThị nguyệt, sơ bát nhật, Giản Tu công Dinh tự Tây Đô phát thuỷ bộ chư dinh tịnh tiến.\n水 軍 到 天 健 山 . [51b*6*2]\nThuỷ quân đáo Thiên Kiện sơn.\n帝 以 河 清 海 清 二 輕 船 馳 到 天 健 山 葆 寺 獲 其 水 營 将 一 人 并 得 兵 卒 二 十 馘 将 回 東 華 門 外 . [51b*6*8]\nĐế dĩ Hà Thanh, Hải Thanh nhị khinh thuyền trì đáo Thiên Kiện sơn Bảo tự, hoạch kì thuỷ dinh tướng nhất nhân tịnh đắc binh tốt nhị thập quắc, tương hồi Đông Hoa môn ngoại.\n帝 命 副 将 東 巖 伯 黎 瑀 賛 理 御 史 󰱑 都 御 史 楊 直 原 記 録 右 侍 郎 范 盛 陳 能 . [51b*8*8]\nĐế mệnh phó tướng Đông Nham bá Lê Vũ tán lí, Ngự sử đài đô ngự sử Dương Trực Nguyên ký lục, Hữu thị lang Phạm Thịnh, Trần Năng..\n",
    "url": "/data/image_dvsk/ban_ky_thuc_luc/quyen14/DVSKTT_ban_thuc_XIV_51b.jpg"
  },
  {
    "text": "等 提 領 禁 軍 并 神 武 効 力 殿 前 諸 衛 官 軍 禦 之 弗 克 . [52a*1*1]\nđẳng đề lĩnh cấm quân tịnh Thần vũ, Hiệu lực, Điện tiền chư vệ quan quân ngự chi, phất khắc.\n二 十 三 日 瀠 兄 錦 江 王 漴 并 弟 靖 亮 公 瀛 及 涓 𭁈 壽 梅 駙 馬 阮 敬 皆 遇 害 . [52a*2*3]\nNhị thập tam nhật, Dinh huynh Cẩm Giang Vương Sùng, tịnh đệ Tĩnh Lượng công Doanh, cập Quyên dữ Thọ Mai phò mã Nguyễn Kính giai ngộ hại.\n瀠 軍 猶 以 錦 江 王 招 安 旗 撫 諭 使 瑀 等 來 降 瑀 以 錦 江 王 頭 示 之 曰 此 錦 江 王 之 頭 也 何 以 詐 爲 瑀 騎 象 兵 進 戦 同 樂 處 陣 陷 不 屈 而 死 . [52a*3*12]\nDinh quân do dĩ Cẩm Giang Vương chiêu an kì phủ dụ, sử Vũ đẳng lai hàng, Vũ dĩ Cẩm Giang Vương đầu thị chi viết: \"Thử Cẩm Giang Vương chi đầu dã, hà dĩ trá vi?\" Vũ kị tượng binh tiến chiến Đồng Lạc xứ, trận hãm bất khuất nhi tử.\n楊 直 原 范 盛 陳 能 等 亦 殁 於 朱 橋 . [52a*6*11]\nDương Trực Nguyên, Phạm Thịnh, Trần Năng đẳng diệc một ư Châu Cầu.\n官 軍 敗 還 . [52a*7*6]\nQuan quân bại hoàn.\n二 十 六 日 瀠 軍 諸 营 並 進 至 寶 陀 仁 睦 紅 梅 燒 身 等 處 . [52a*7*10]\nNhị thập lục nhật, Dinh quân chư dinh tịnh tiến chí Bảo Đà, Nhân Mục, Hồng Mai, Thiêu Thân đẳng xứ.\n帝 出 青 陽 門 慰 勞 金 光 殿 力 士 及 錦 衣 金 吾 将 士 以 劎 賜 程 志 . [52a*8*13]\nĐế xuất Thanh Dương môn uý lạo Kim Quang điện lực sĩ cập Cẩm y, Kim ngô tướng sĩ, dĩ kiếm tứ Trình Chí..\n",
    "url": "/data/image_dvsk/ban_ky_thuc_luc/quyen14/DVSKTT_ban_thuc_XIV_52a.jpg"
  },
  {
    "text": "森 黎 廣 度 等 𭛁 金 銀 錢 財 賜 五 刑 見 監 囚 人 每 人 三 鏹 使 以 擊 賊 . [52b*1*1]\nSâm, Lê Quảng Độ đẳng, phát kim ngân tiền tài tứ ngũ hình kiến giam tù nhân, mỗi nhân tam cưỡng, sử dĩ kích tặc.\n受 畢 各 㱕 其 家 . [52b*2*7]\nThụ tất các quy kì gia.\n又 倉 卒 徵 兵 . [52b*2*13]\nHựu thương tốt trưng binh.\n帝 命 中 使 華 文 𭓇 生 每 司 各 二 員 人 賫 捧 勑 符 徃 諒 山 太 原 宣 光 安 邦 各 都 司 詳 勑 合 符 調 取 各 鎮 士 兵 每 鎮 五 千 人 以 防 擊 賊 . [52b*2*18]\nĐế mệnh Trung sứ, Hoa văn học sinh mỗi ti các nhị viên nhân, tê bổng sắc phù vãng Lạng Sơn, Thái Nguyên, Tuyên Quang, Yên Bang các đô ti tường sắc, hợp phù, điều thủ các trấn sĩ binh mỗi trấn ngũ thiên nhân dĩ phòng kích tặc.\n其 人 受 勑 符 去 帝 許 御 前 朱 漆 短 矟 每 人 一 柄 以 隨 身 . [52b*5*13]\nKì nhân thụ sắc phù khứ, đế hứa ngự tiền chu tất đoản sóc mỗi nhân nhất bính dĩ tuỳ thân.\n未 到 菩 提 春 耕 等 處 瀠 軍 以 入 過 城 眾 皆 遁 去 . [52b*6*12]\nVị đáo Bồ Đề, Xuân Canh đẳng xứ, Dinh quân dĩ nhập quá thành, chúng giai độn khứ.\n皇 后 陳 氏 松 迯 出 至 紅 梅 社 匿 于 民 家 自 縊 於 寺 廟 . [52b*7*12]\nHoàng hậu Trần Thị Tùng đào xuất chí Hồng Mai xã, nặc vu dân gia, tự ải ư tự miếu.\n黎 廣 度 𭁈 簡 脩 公 内 外 相 應 傳 砲 爲 信 揭 竿 為 旗 斬 木 作 兵 . [52b*8*14]\nLê Quảng Độ dữ Giản Tu Công nội ngoại tương ứng, truyền pháo vi tín, yết can vi kì, trảm mộc tác binh..\n",
    "url": "/data/image_dvsk/ban_ky_thuc_luc/quyen14/DVSKTT_ban_thuc_XIV_52b.jpg"
  },
  {
    "text": "自 相 攻 擊 以 駭 眾 軍 因 刧 帝 北 幸 . [53a*1*1]\ntự tương công kích dĩ hãi chúng quân, nhân kiếp đế Bắc hạnh.\n簡 脩 公 至 東 京 城 聞 父 建 王 𭁈 兄 錦 江 王 弟 靖 亮 公 季 弟 涓 等 遇 害 命 官 治 䘮 事 𭁈 行 塟 禮 . [53a*1*14]\nGiản Tu Công chí Đông Kinh thành, văn phụ Kiến Vương dữ huynh Cẩm Giang Vương, đệ Tĩnh Lượng công, quý đệ Quyên đẳng ngộ hại, mệnh quan trị tang sự dữ hành táng lễ.\n二 十 八 日 帝 走 至 日 昭 坊 前 衛 士 追 獲 之 納 𭁈 簡 脩 公 繫 麗 景 門 . [53a*3*13]\nNhị thập bát nhật, đế tẩu chí Nhật Chiêu phường, tiền vệ sĩ truy hoạch chi, nộp dữ Giản Tu công hệ Lệ Cảnh môn.\n公 以 衛 士 不 義 遂 殺 之 . [53a*5*2]\nCông dĩ vệ sĩ bất nghĩa, toại sát chi.\n十 二 月 初 一 日 帝 飲 鴆 自 盡 . [53a*5*11]\nThập nhị nguyệt, sơ nhất nhật, đế ẩm chậm tự tận.\n簡 脩 公 以 帝 前 日 殺 父 母 兄 弟 之 慘 憤 猶 未 觧 使 人 以 大 砲 置 屍 火 處 砲 𭛁 散 盡 骸 骨 止 以 餘 燼 回 塟 母 鄕 扶 軫 安 陵 降 爲 愍 厲 公 . [53a*6*4]\nGiản Tu Công dĩ đế tiền nhật sát phụ mẫu huynh đệ chi thảm, phẫn do vị giải, sử nhân dĩ đại pháo, trí thi hoả xử pháo phát tán tận hài cốt, chỉ dĩ dư tẫn hồi táng mẫu hương Phù Chẩn, An Lăng, giáng vi Mẫn Lệ công.\n[ 一 説 義 師 逼 近 帝 出 幸 安 朗 縣 東 臯 社 及 悔 村 被 本 社 市 肆 人 迎 回 納 于 阮 文 郎 将 回 北 使 舘 弑 之 . [53a*8*18]\n[Nhất thuyết nghĩa sư bức cận, đế xuất hạnh Yên Lãng huyện, Đông Cao xã, Cập Hối thôn, bị bản xã thị tứ nhân nghênh hồi nộp vu Nguyễn Văn Lang. Tương hồi Bắc Sứ quán thí chi..\n",
    "url": "/data/image_dvsk/ban_ky_thuc_luc/quyen14/DVSKTT_ban_thuc_XIV_53a.jpg"
  },
  {
    "text": "其 外 戚 皆 盡 弑 ] . [53b*1*1]\nKì ngoại thích giai tận thí].\n亦 按 洪 順 治 平 寶 範 曰 端 慶 年 間 内 朝 干 政 外 戚 專 權 法 令 煩 苛 紀 綱 紊 乱 農 桑 失 業 風 俗 日 偷 甚 可 憫 也 . [53b*1*7]\ndiệc Án Hồng Thuận Trị bình bảo phạm viết: Đoan Khánh niên gian, nội triều can chính, ngoại thích chuyên quyền, pháp lệnh phiền hà, kỷ cương vặn loạn, nông tang thất nghiệp, phong tục nhật du, thậm khả mẫn dã.\n况 又 傷 殘 骨 肉 沉 溺 臣 僚 所 爲 若 是 欲 不 亡 得 乎 按 阮 煜 洪 順 中 興 記 曰 愍 厲 失 德 种 勝 專 權 承 業 以 牧 牛 之 竪 兼 掌 宗 人 子 模 以 賣 魚 之 兒 總 領 宿 衛 . [53b*4*7]\nHuống hựu thương tàn cốt nhục, trầm nịch thần liêu, sở vi nhược thị dục bất vong đắc hồ? Án Nguyễn Dục Hồng Thuận Trung Hưng ký viết: Mẫn Lệ thất đức, Chủng Thắng chuyên quyền, Thừa Nghiệp dĩ mục ngưu chi thụ kiêm chưởng Tông nhân, Tử Mô dĩ mại ngư chi nhi tổng lĩnh Túc vệ.\n登 進 豺 狼 之 軰 𧡟 開 賄 賂 之 門 . [53b*8*6]\nĐăng tiến sài lang chi bối, quan khai hối lộ chi môn.\n脩 第 宅 則 太 原 宣 光 等 處 山 無 木 以 塞 欲 原 . [53b*9*1]\nTu đệ trạch tắc Thái Nguyên, Tuyên Quang đẳng xứ sơn vô mộc dĩ tắc dục nguyên,..\n",
    "url": "/data/image_dvsk/ban_ky_thuc_luc/quyen14/DVSKTT_ban_thuc_XIV_53b.jpg"
  },
  {
    "text": "索 鹹 盐 則 乂 安 安 邦 地 方 海 無 鱗 以 填 餓 喙 . [54a*1*1]\nsách hàm diêm tắc Nghệ An, Yên Bang địa phương hải vô lân, dĩ điền nga trác.\n太 阿 倒 置 神 噐 展 摇 災 異 屡 見 下 民 怨 嗟 其 亡 宜 矣 . [54a*1*18]\nThái A đảo trí, thần khí triển dao, tai dị lũ hiện, hạ dân oán ta, kì vong nghi hĩ.\n論 曰 愍 厲 信 任 外 戚 暴 虐 無 道 誅 戮 宗 室 殘 酷 百 姓 自 取 滅 亡 不 亦 宜 乎 是 月 初 四 日 簡 脩 公 即 皇 帝 位 . [54a*3*3]\nLuận viết: Mẫn Lệ tín nhậm ngoại thích, bạo ngược vô đạo, tru lục tông thất, tàn khốc bách tính, tự thủ diệt vong, bất diệc nghi hồ! Thị nguyệt, sơ tứ nhật, Giản Tu công tức hoàng đế vị.\n大 赦 改 元 以 是 年 爲 洪 順 元 年 . [54a*5*13]\nĐại xá, cải nguyên, dĩ thị niên vi Hồng Thuận nguyên niên.\n以 杜 絪 爲 東 閣 𭓇 士 陞 朝 列 大 夫 以 絪 曾 奉 北 使 故 授 此 職 . [54a*7*1]\nDĩ Đỗ Nhân vi Đông các học sĩ, thăng Triều liệt đại phu, dĩ Nhân tằng phụng Bắc sứ cố thụ thử chức.\n帝 既 即 位 命 頭 目 黎 廣 度 黎 琱 阮 文 郎 黎 嵩 刘 . [54a*9*1]\nĐế ký tức vị, mệnh đầu mục Lê Quảng Độ, Lê Điêu, Nguyễn Văn Lang, Lê Tung, Lưu..\n",
    "url": "/data/image_dvsk/ban_ky_thuc_luc/quyen14/DVSKTT_ban_thuc_XIV_54a.jpg"
  },
  {
    "text": "興 孝 程 志 森 鄭 綏 梁 得 朋 杜 履 謙 丁 󱴏 鄧 鳴 謙 杜 絪 黎 鼐 譚 慎 簡 等 上 表 陳 情 于 明 . [54b*1*1]\nHưng Hiếu, Trình Chí Sâm, Trịnh Tuy, Lương Đắc Bằng, Đỗ Lí Khiêm, Đinh Cường, Đặng Minh Khiêm, Đỗ Nhân, Lê Nãi, Đàm Thận Giản đẳng thượng biểu trần tình vu Minh.\n其 辝 云 端 慶 黎 濬 襲 封 王 爵 經 四 年 間 寵 任 母 黨 姜 种 阮 伯 勝 等 恣 行 㓙 暴 濁 乱 朝 綱 屠 戮 宗 親 鴆 殺 祖 母 荼 毒 國 人 民 不 堪 命 . [54b*2*15]\nKì từ vân: Đoan Khánh Lê Tuấn, tập phong vương tước kinh tứ niên gian, sủng nhậm mẫu đảng Khương Chủng, Nguyễn Bá Thắng đẳng, tứ hành hung bạo, trọc loạn triều cương, đồ lục tông thân, chậm sát tổ mẫu, đồ độc quốc nhân, dân bất kham mệnh.\n种 勝 等 權 傾 中 外 惡 黨 日 滋 圖 竊 國 柄 . [54b*5*10]\nChủng, Thắng đẳng quyền khuynh trung ngoại, ác đảng nhật tư, đồ thiết quốc bính.\n十 七 日 追 尊 母 鄭 氏 爲 徽 慈 荘 惠 建 皇 太 后 . [54b*7*1]\nThập thất nhật, truy tôn mẫu Trịnh thị vi Huy Từ Trang Huệ Kiến hoàng thái hậu.\n命 殿 前 都 檢 點 瑞 陽 侯 鄭 侑 爲 山 陵 使 户 部 尚 書 鄭 維 岱 副 之 延 郡 公 駙 馬 都 尉 黎 茂 昭 爲 總 護 . [54b*7*18]\nMệnh Điện tiền đô kiểm điểm Thuỵ Dương hầu Trịnh Hựu vi Sơn lăng sứ, Hộ bộ Thượng thư Trịnh Duy Đại phó chi, Diên quận công phò mã đô uý Lê Mậu Chiêu vi Tổng hộ..\n",
    "url": "/data/image_dvsk/ban_ky_thuc_luc/quyen14/DVSKTT_ban_thuc_XIV_54b.jpg"
  },
  {
    "text": "使 清 華 總 兵 僉 事 阮 伯 佺 [ 即 阮 俊 也 ] 伯 譚 慎 徽 等 副 之 . [55a*1*1]\nsứ, Thanh Hoa tổng binh thiêm sự Nguyễn Bá Thuyên [Tức Nguyễn Tuấn dã] Bá Đàm Thận Huy đẳng phó chi.\n以 本 月 十 九 日 遷 塟 于 御 天 之 羙 舍 鄕 . [55a*2*2]\nDĩ bản nguyệt thập cửu nhật thiên táng vu Ngự Thiên chi Mĩ Xá hương.\n二 十 九 日 乙 丑 立 徽 慈 荘 惠 建 皇 太 后 碑 . [55a*2*17]\nNhị thập cửu nhật Ất Sửu, lập Huy Từ Trang Huệ Kiến Hoàng thái hậu bi.\n命 禮 部 左 侍 郎 翰 林 院 侍 讀 掌 翰 林 院 事 梁 得 朋 選 記 . [55a*3*15]\nMệnh Lễ bộ Tả thị lang Hàn lâm viện thị độc chưởng Hàn lâm viện sự Lương Đắc Bằng tuyển kí.\n追 謚 顯 祖 宣 祖 太 祖 皇 帝 皇 太 后 以 下 尊 號 . [55a*5*1]\nTruy thuỵ Hiển Tổ, Tuyên Tổ, Thái Tổ Hoàng Đế, Hoàng thái hậu dĩ hạ tôn hiệu.\n尊 父 建 王 曰 配 天 裕 聖 温 良 光 明 文 哲 寬 弘 彰 信 綏 休 睦 孝 建 皇 帝 母 建 皇 太 后 鄭 氏 曰 徽 慈 荘 惠 嘉 亮 柔 聖 和 穆 信 謙 明 正 懿 淳 福 慶 皇 太 后 . [55a*5*18]\nTôn phụ Kiến Vương viết: Phối Thiên Dụ Thánh Ôn Lương Quang Minh Văn Triết Khoan Hoằng Chương Tín Tuy Hưu Mục Hiếu Kiến Hoàng Đế, mẫu Kiến Hoàng thái hậu Trịnh thị viết: Huy Từ Trang Huệ Gia Lượng Nhu Thánh Hoà Mục Tín Khiêm Minh Chính Ý Thuần Phúc Khánh Hoàng thái hậu.\n贈 同 母 兄 錦 江 王 漴 爲 荘 定 大 王 次 弟 靖 亮 公 . [55a*9*1]\nTặng đồng mẫu huynh Cẩm Giang Vương Sùng vi Trang Định Đại Vương, thứ đệ Tĩnh Lượng công..\n",
    "url": "/data/image_dvsk/ban_ky_thuc_luc/quyen14/DVSKTT_ban_thuc_XIV_55a.jpg"
  },
  {
    "text": "鎣 爲 穆 懿 王 季 弟 涓 爲 翼 恭 王 [ 漴 音 崇 鎣 音 雍 ] . [55b*1*1]\nDoanh vi Mục Ý Vương, quý đệ Quyên vi Dực Cung Vương [Sùng âm sùng, Doanh âm ung].\n以 吳 煥 爲 清 華 賛 治 承 宣 使 司 承 宣 使 尋 授 吏 部 尚 書 . [55b*2*1]\nDĩ Ngô Hoán vi Thanh Hoa Tán trị thừa tuyên sứ ti Thừa tuyên sứ, tầm thụ Lại bộ Thượng thư.\n大 越 史 記 本 紀 實 六 卷 之 十 四 終 . [55b*9*1]\nĐại Việt Sử Ký Bản Kỷ Thực Lục Quyển Chi Thập Tứ Chung.\n",
    "url": "/data/image_dvsk/ban_ky_thuc_luc/quyen14/DVSKTT_ban_thuc_XIV_55b.jpg"
  }
]