[
  {
    "text": "髮 為 僧 逃 匿 得 免 . [34a*1*1]\nphát vi tăng, đào nặc đắc miễn.\n今 保 祿 安 樂 周 原 等 村 猶 有 祠 在 意 暠 死 於 此 焉 . [34a*1*8]\nKim Bảo Lộc, An Lạc, Chu Nguyên đẳng thôn do hữu từ tại, ý Cảo tử ư thử yên.\n昭 宗 神 皇 帝 諱 椅 又 諱 漳 聖 宗 之 曾 孫 建 王 鑌 之 嫡 孫 錦 江 王 漴 之 長 子 也 在 位 七 年 為 莫 登 庸 所 弑 壽 二 十 六 塟 永 興 陵 . [34a*3*1]\nChiêu Tông thần hoàng đế Huý Y, hựu huý Huệ, Thánh Tông chi tằng tôn, Kiến Vương Tân chi đích tôn, Cẩm Giang Vương Sùng chi trưởng tử dã, tại vị thất niên, vị Mạc Đăng Dung sở thí, Thọ nhị thập lục, táng Vĩnh Hưng lăng].\n時 既 板 蕩 政 非 已 出 内 聽 奸 䛕 外 荒 禽 獸 昏 暗 不 明 剛 愎 自 用 其 亡 也 宜 哉 ] . [34a*5*1]\nThời, ký bản đãng chính phi dĩ xuất nội, thính gian dua ngoại, hoang cầm thú, hôn ám bất minh, cương phức tự dụng, kì vong dã nghi tai ].\n其 母 皇 后 鄭 氏 鸞 乃 清 漳 丕 暴 人 也 . [34a*6*1]\nKì mẫu Hoàng hậu Trịnh Thị Loan nãi Thanh Chương, Phi Bạo nhân dã.\n以 端 慶 二 年 十 月 初 四 日 生 . [34a*6*15]\nDĩ Đoan Khánh nhị niên, thập nguyệt, sơ tứ nhật sinh.\n洪 順 八 年 㐮 翼 帝 遇 害 無 嗣 大 臣 黎 義 昭 鄭 惟 㦃 等 迎 而 立 之 . [34a*7*9]\nHồng Thuận bát niên, Tương Dực Đế ngộ hại vô tự, đại thần Lê Nghĩa Chiêu, Trịnh Duy Sản đẳng nghinh nhi lập chi.\n後 㱕 西 都 紏 率 義 師 直 進 至 京 逐 陳 暠 遂 即 位 改 元 光 . [34a*8*15]\nHậu quy Tây Đô củ suất nghĩa sư trực tiến chí kinh trục Trần Cảo, toại tức vị, cải nguyên Quang..\n",
    "url": "/data/image_dvsk/ban_ky_thuc_luc/quyen15/DVSKTT_ban_thuc_XV_34a.jpg"
  },
  {
    "text": "紹 以 誕 日 為 儀 天 聖 節 . [34b*1*1]\nThiệu, dĩ đản nhật vi Nghi Thiên thánh tiết.\n七 年 而 幸 外 莫 登 庸 立 弟 椿 即 位 降 帝 為 陀 陽 王 . [34b*1*10]\nThất niên, nhi hạnh ngoại, Mạc Đăng Dung lập đệ Xuân tức vị, giáng đế vi Đà Dương Vương.\n統 阮 五 年 為 登 庸 所 殺 . [34b*2*12]\nThống Nguyễn ngũ niên, vị Đăng Dung sở sát.\n後 追 上 尊 謚 為 神 皇 帝 廟 號 昭 宗 . [34b*3*4]\nHậu truy thượng tôn thuỵ vi Thần Hoàng Đế miếu hiệu Chiêu Tông.\n丁 丑 光 紹 二 年 [ 明 正 德 十 二 年 ] . [34b*4*1]\nĐinh Sửu Quang Thiệu nhị niên [Minh Chính Đức thập nhị niên].\n春 追 尊 皇 祖 建 王 為 德 宗 建 皇 帝 皇 父 荘 定 大 王 為 明 宗 哲 皇 帝 仍 勑 禮 部 尚 書 譚 慎 徽 號 定 廟 諱 御 名 廟 諱 二 十 椅 譓 二 字 ] . [34b*4*13]\nXuân, truy tôn Hoàng tổ Kiến Vương vi Đức Tông Kiến Hoàng đế, Hoàng phụ Trang Định Đại Vương vi Minh Tông Triết Hoàng Đế, nhưng sắc Lễ Bộ thượng thư Đàm Thận Huy hiệu định miếu huý ngự danh [Miếu huý nhị thập Y Huệ nhị tự ].\n字 御 凡 臨 文 寫 用 刊 書 籍 皆 不 之 禁 聲 讀 皆 應 回 避 連 字 如 徵 在 之 類 不 得 寫 用 . [34b*6*22]\ntự ngự Phàm lâm văn tả dụng san thư tịch giai bất chi cấm, thanh độc giai ứng hồi tị liên tự như \"Trưng Tại\" chi loại bất đắc tả dụng.\n命 平 郡 公 阮 文 慮 為 都 将 . [34b*8*12]\nMệnh Bình quận công Nguyễn Văn Lự vi đô tướng.\n",
    "url": "/data/image_dvsk/ban_ky_thuc_luc/quyen15/DVSKTT_ban_thuc_XV_34b.jpg"
  },
  {
    "text": "夏 四 月 杖 殺 假 天 武 𬯵 克 昌 . [35a*1*1]\nHạ tứ nguyệt trượng sát giả Thiên Vũ Cồ KHắc Xương.\n克 昌 天 施 縣 仁 武 鄕 効 力 前 衛 軍 人 於 洪 順 六 年 稱 曰 駙 馬 降 身 未 幾 又 稱 天 武 . [35a*1*12]\nKhắc Xương Thiên, Thi huyện, Nhân Vũ hương, Hiệu lực tiền vệ quân nhân, ư Hồng Thuận lục niên xưng viết: Phò mã giáng thân, vị cơ hựu xưng Thiên Vũ.\n至 是 年 正 月 出 居 本 社 寺 號 曰 浮 涇 乞 飯 九 包 食 盡 取 包 葉 燒 化 为 藥 助 良 民 無 子 息 者 需 索 鷄 酒 . [35a*3*7]\nChí thị niên chính nguyệt, xuất cư bản xã tự, hiệu viết Phù Kinh khất phạn cửu bao thực tận, thủ bao diệp thiêu hoá vi dược trợ lương dân vô tử tức giả nhu sách kê tửu.\n救 助 即 効 . [35a*5*9]\nCứu trợ tức hiệu.\n事 聞 于 朝 差 人 捉 送 赴 京 杖 殺 之 為 其 恠 誕 惑 民 故 誅 之 . [35a*5*13]\nSự văn vu triều, sai nhân tróc tống phó kinh, trượng sát chi, vị kì quái đản, hoặc dân cố tru chi.\n命 太 保 瑞 郡 公 吳 柄 為 都 将 . [35a*6*17]\nMệnh Thái bảo thuỵ Quận công Ngô Bính vi đô tướng.\n以 阮 文 運 為 京 北 賛 治 承 政 司 承 政 使 . [35a*7*11]\nDĩ Nguyễn Văn Vận vi Kinh Bắc tán trị thừa chính ti thừa chính sứ.\n五 月 二 十 八 日 追 尊 靈 隱 正 為 襄 翼 帝 . [35a*9*1]\nNgũ nguyệt, nhị thập bát nhật, truy tôn Linh Ẩn chính vi Tương Dực Đế.\n",
    "url": "/data/image_dvsk/ban_ky_thuc_luc/quyen15/DVSKTT_ban_thuc_XV_35a.jpg"
  },
  {
    "text": "秋 七 月 朔 安 和 侯 阮 弘 裕 與 永 興 伯 鄭 綏 有 隙 屯 兵 相 拒 . [35b*1*1]\nThu, thất nguyệt, sóc, An Hoà hầu Nguyễn Hoằng Dụ dữ Vĩnh Hưng bá Trịnh Tuy hữu khích đồn binh tương cự.\n先 是 阮 弘 裕 鄭 綏 俱 徃 討 賊 回 于 京 師 聽 子 弟 反 間 遂 成 嫌 隙 . [35b*2*5]\nTiên thị, Nguyễn Hoằng Dụ, Trịnh Tuy cụ vãng thảo tặc, hồi vu Kinh sư thính tử đệ phản gián, toại thành hiềm khích.\n弘 裕 屯 于 東 河 坊 綏 屯 于 大 羅 城 外 相 守 . [35b*3*11]\nHoằng Dụ đồn vu Đông Hà phường, Tuy đồn vu Đại La thành ngoại tương thủ.\n弘 裕 稱 病 不 朝 . [35b*4*9]\nHoằng Dụ xưng bệnh bất triều.\n科 官 阮 貫 之 奏 言 . [35b*4*15]\nKhoa quan Nguyễn Quán chi tấu ngôn.\n上 以 廉 蘭 賈 㓂 之 事 諭 之 不 解 . [35b*5*4]\nThượng dĩ Liêm Lan, Giả Khấu chi sự dụ chi, bất giải.\n至 是 阮 文 慮 鄭 維 岱 俱 入 御 前 奏 請 講 和 二 人 . [35b*5*16]\nChí thị, Nguyễn Văn Lự, Trịnh Duy Đại cụ nhập ngự tiền tấu thỉnh giảng hoà nhị nhân.\n文 慮 以 密 詔 出 於 袖 中 奏 言 鄭 綏 維 岱 以 阮 湞 子 阮 淞 立 為 僞 主 作 大 逆 . [35b*6*16]\nVăn Lự dĩ mật chiếu xuất ư tụ trung tấu ngôn Trịnh Tuy, Duy Đại dĩ Nguyễn Trinh tử Nguyễn Tùng lập vi nguỵ chúa, tác đại nghịch.\n於 是 捕 維 岱 及 右 都 督 黎 益 旧 旧 ] 音 皆 斬 之 . [35b*8*8]\nƯ thị, bổ Duy Đại cập Hữu đô đốc Lê Ích Cựu cựu] [âm giai trảm chi.\n鄭 伯 适 絞 死 . [35b*9*7]\nTrịnh Bá Quát giảo tử.\n以 維 岱 首 梟 於 鐵 山 . [35b*9*12]\nDĩ Duy Đại thủ kiêu ư Thiết Sơn..\n",
    "url": "/data/image_dvsk/ban_ky_thuc_luc/quyen15/DVSKTT_ban_thuc_XV_35b.jpg"
  },
  {
    "text": "伯 陳 真 營 外 . [36a*1*1]\nbá Trần Chân dinh ngoại.\n是 日 阮 弘 裕 󰁮 兵 擊 綏 於 京 城 永 昌 曲 浦 復 古 等 坊 三 戰 不 克 . [36a*1*6]\nThị nhật, Nguyễn Hoằng Dụ cử binh kích Tuy ư Kinh thành Vĩnh Xương, Khúc Phố, Phục Cổ đẳng phường, tam chiến bất khắc.\n鄭 綏 裨 将 阮 世 副 中 矢 而 却 . [36a*2*12]\nTrịnh Tuy tì tướng Nguyễn Thế Phó trúng thỉ nhi khước.\n綏 乃 走 入 清 華 . [36a*3*5]\nTuy nãi tẩu nhập Thanh Hoa.\n陳 真 以 弘 裕 逐 鄭 綏 乃 舉 兵 攻 弘 裕 [ 先 是 惟 産 𭁈 鄭 綏 同 族 惟 㦃 養 陳 真 為 義 子 密 劄 山 西 各 營 子 弟 擊 之 . [36a*3*11]\nTrần Chân dĩ Hoằng Dụ trục Trịnh Tuy nãi cử binh công Hoằng Dụ [Tiên thị Duy Sản dữ Trịnh Tuy đồng tộc, Duy Sản dưỡng Trần Chân vi Nghĩa tử ], mật tráp Sơn Tây các dinh tử đệ kích chi.\n是 日 弘 裕 入 見 帝 出 自 大 興 門 意 有 陳 真 乃 出 東 華 門 . [36a*5*8]\nThị nhật, Hoằng Dụ nhập kiến đế, xuất tự Đại Hưng môn, ý hữu Trần Chân, nãi xuất Đông Hoa môn.\n頃 之 下 船 避 回 清 華 . [36a*6*11]\nKhuynh chi hạ thuyền tị hồi Thanh Hoa.\n時 莫 登 庸 鎮 守 山 南 陳 真 有 書 勸 截 之 登 庸 不 忍 弘 裕 得 免 . [36a*7*1]\nThời Mạc Đăng Dung trấn thủ Sơn Nam, Trần Chân hữu thư khuyến tiệt chi, Đăng Dung bất nhận, Hoằng Dụ đắc miễn.\n初 弘 裕 與 陳 真 戰 時 日 向 暮 有 五 色 雲 片 出 東 方 而 黄 雲 飄 楊 滿 天 . [36a*8*6]\nSơ Hoằng Dụ dữ Trần Chân chiến, thời nhật hướng mộ, hữu ngũ sắc vân phiến xuất đông phương, nhi hoàng vân phiêu dương mãn thiên.\n識 者 恠 之 . [36a*9*14]\nThức giả quái chi.\n",
    "url": "/data/image_dvsk/ban_ky_thuc_luc/quyen15/DVSKTT_ban_thuc_XV_36a.jpg"
  },
  {
    "text": "諭 曰 黎 朝 當 光 紹 時 外 㓂 未 平 權 臣 相 攻 交 兵 闕 下 蹀 血 京 師 . [36b*1*1]\nDụ viết: Lê triều đương Quang Thiệu thời, ngoại khấu vị bình, quyền thần tương công giao binh khuyết hạ điệp huyết kinh sư.\n曰 色 黄 昏 天 雲 散 落 國 祚 日 衰 兆 於 此 矣 . [36b*2*8]\nViết sắc hoàng hôn, thiên vân tán lạc, quốc tộ nhật suy triệu ư thử hĩ.\n詔 追 尊 愍 厲 公 為 威 穆 帝 . [36b*4*1]\nChiếu truy tôn Mẫn Lệ công vi Uy Mục Đế.\n二 十 八 日 殺 假 天 蓬 陳 公 務 公 務 嘉 福 縣 范 松 社 軍 人 . [36b*4*11]\nNhị thập bát nhật, sát giả Thiên Bồng Trần Công Vụ [Công Vụ Gia Phúc huyện, Phạm Tùng xã quân nhân].\n先 是 副 将 左 都 督 武 川 伯 莫 登 庸 奏 言 公 務 妄 行 妖 恠 誑 惑 愚 民 並 劾 丞 憲 官 黎 瓚 杜 韜 等 信 惑 邪 説 其 畧 云 窃 惟 仁 義 中 正 聖 人 之 所 當 行 恠 力 亂 神 聖 人 之 所 不 語 . [36b*5*15]\nTiên thị, Phó tướng tả đô đốc Vũ Xuyên bá Mạc Đăng Dung tấu ngôn: Công Vụ vọng hành yêu quái, cuồng hoặc ngu dân, tịnh hặc Thừa hiến quan Lê Toản, Đỗ Thao đẳng tín hoặc tà thuyết, kì lược vân: Thiết duy: Nhân, nghĩa, trung, chính, thánh nhân chi sở đương hành, quái, lực, loạn, thần thánh nhân chi sở bất ngữ.\n稽 諸 往 古 厥 有 明 徵 . [36b*9*2]\nKê chư vãng cổ, quyết hữu minh trưng.\n皇 帝 府 時 必 謹 幽 明 之 . [36b*9*10]\nHoàng đế phủ thời tất cẩn u minh chi..\n",
    "url": "/data/image_dvsk/ban_ky_thuc_luc/quyen15/DVSKTT_ban_thuc_XV_36b.jpg"
  },
  {
    "text": "分 髙 陽 立 極 必 絶 地 天 之 通 . [37a*1*1]\nphân, Cao Dương lập cực tất tuyệt địa thiên chi thông.\n是 皆 揭 標 的 於 當 時 所 以 垂 黾 鑑 於 後 代 . [37a*1*12]\nThị giai yết phiêu đích ư đương thời, sở dĩ thuỳ mãnh giám ư hậu đại.\n於 皇 上 聖 光 啓 中 興 作 之 君 作 之 師 誕 任 寵 綏 之 責 化 以 道 化 以 德 期 臻 沕 穆 之 休 . [37a*2*10]\nƯ hoàng thượng thánh quang, khải trung hưng tác chi quân, tác chi sư, đản nhiệm sủng tuy chi trách; hoá dĩ đạo, hoá dĩ đức, kì trăn vật mục chi hưu.\n凣 在 際 蟠 󰁮 皆 食 息 . [37a*4*6]\nPhàm tại tế bàn cử, giai thực tức.\n今 天 施 仁 武 軍 人 瞿 克 昌 嘉 福 范 松 軍 人 陳 公 務 類 由 賤 隷 本 作 齊 民 謂 宜 遵 王 道 王 路 之 㱕 率 循 嘉 訓 却 乃 假 天 武 天 蓬 之 號 誑 誘 愚 民 . [37a*4*14]\nKim Thiên Thi, Nhân Vũ quân nhân Cù Khắc Xương, Gia Phúc Phạm Tùng quân nhân Trần Công Vụ loại do tiện lệ, bản tác tề dân, vị nghi tuân vương đạo, vương lộ chi quy, suất tuần gia huấn, khước nãi giả Thiên Vũ, Thiên Bồng chi hiệu, cuống dụ ngu dân.\n以 浮 經 𫢋 寺 為 賣 詐 之 塲 以 布 𢪒 神 祠 爲 藏 奸 之 窟 . [37a*7*13]\nDĩ Phù Kinh Khật tự vi mại trá chi trường, dĩ Bố Bái thần từ vi tàng gian chi quật.\n撒 灰 作 薬 術 行 而 老 少 奔 波 咒 水 飛 符 計 售 而 閭 閻 倒 影 . [37a*8*15]\nTản hôi tác dược, thuật hành nhi lão thiếu bôn ba; chú thuỷ phi phù kế thụ nhi lư diêm đảo ảnh.\n",
    "url": "/data/image_dvsk/ban_ky_thuc_luc/quyen15/DVSKTT_ban_thuc_XV_37a.jpg"
  },
  {
    "text": "顧 妖 恠 所 為 若 是 宜 士 夫 出 力 排 之 . [37b*1*1]\nCố yêu quái sở vi, nhược thị nghi sĩ phu xuất lực bài chi.\n而 承 憲 关 等 曾 讀 聖 賢 之 書 均 任 師 帥 之 責 當 如 仁 傑 毀 河 南 滛 祠 以 袪 他 惑 胡 頴 杖 廣 東 僧 人 以 斥 異 端 . [37b*1*15]\nNhi Thừa Hiến quan đẳng tằng độc thánh hiền chi thư, quân nhiệm sư soái chi trách, đương như nhân kiệt, huỷ Hà Nam dâm từ, dĩ khư tha hoặc, Hồ Dĩnh trượng Quảng Đông tăng nhân dĩ xích dị đoan.\n胡 彼 凣 流 不 明 常 理 黎 瓚 文 運 則 迷 而 不 悟 妄 狀 而 信 惑 其 非 子 驥 杜 韜 則 昏 而 無 知 妄 本 而 附 會 其 説 . [37b*4*2]\nHồ bỉ phàm lưu bất minh thường lí? Lê Toản, Văn Vận tắc mê nhi bất ngộ, vọng trạng nhi tín hoặc kì phi; Tử Kí, Đỗ Thao tắc hôn nhi vô tri, vọng bản nhi phụ hội kì thuyết.\n一 一 同 㱕 於 左 道 駸 駸 幾 惑 於 巫 風 . [37b*6*6]\nNhất nhất đồng quy ư tả đạo, xâm xâm cơ hoặc ư vu phong.\n将 惑 以 恠 相 惧 以 神 既 作 譸 張 之 態 何 儆 非 刑 何 度 非 法 盍 嚴 懲 戒 之 條 . [37b*7*2]\nTương hoặc dĩ quái, tương cụ dĩ thần, ký tác trù trương chi thái; hà cảnh phi hình, hà độ phi pháp, hạp nghiêm trừng giới chi điều.\n帝 從 之 . [37b*8*12]\nĐế tòng chi.\n以 阮 預 為 御 史 󰱑 副 都 御 史 . [37b*8*15]\nDĩ Nguyễn Dự vi Ngự sử đài phó đô ngự sử.\n",
    "url": "/data/image_dvsk/ban_ky_thuc_luc/quyen15/DVSKTT_ban_thuc_XV_37b.jpg"
  },
  {
    "text": "冬 十 一 月 二 十 日 以 杜 岳 為 吏 部 尚 書 兼 東 閣 大 𭓇 士 入 侍 經 筵 . [38a*1*1]\nĐông, thập nhất nguyệt, nhị thập nhật, dĩ Đỗ Nhạc vi Lại bộ thượng thư kiêm Đông các đại học sĩ nhập thị kinh diên.\n閏 十 二 月 誅 賊 臣 黎 廣 度 . [38a*2*8]\nNhuận, thập nhị nguyệt, tru tặc thần Lê Quảng Độ.\n先 是 廣 度 降 于 陳 暠 . [38a*3*1]\nTiên thị, Quảng Độ hàng vu Trần Cảo.\n至 是 鎮 将 何 𢒎 鶽 音 準 ] 阮 魯 等 捉 得 解 送 京 師 . [38a*3*9]\nChí thị, trấn tướng [Hà Phi Chuẩn [âm chuẩn] Nguyễn Lỗ đẳng tróc đắc giải tống Kinh sư.\n莫 登 庸 上 奏 請 誅 之 其 畧 曰 三 綱 五 常 扶 植 天 地 之 棟 幹 奠 安 生 民 之 柱 石 . [38a*4*8]\nMạc Đăng Dung thượng tấu thỉnh tru chi, kì lược viết: \"Tam cương ngũ thường phù thực thiên địa chi đống cán, điện an sinh dân chi trụ thạch.\n國 而 無 此 則 中 夏 而 夷 狄 人 而 無 此 則 衣 裳 而 禽 犢 . [38a*6*1]\nQuốc nhi vô thử tắc Trung Hạ nhi Di Địch, nhân nhi vô thử tắc y thường nhi cầm độc.\n自 古 及 今 未 有 舍 此 而 䏻 立 於 覆 載 之 間 也 . [38a*7*3]\nTự cổ cập kim, vị hữu xá thử nhi năng lập ư phú tải chi gian dã.\n今 黎 廣 度 帝 祖 父 之 餘 蔭 蒙 朝 廷 之 厚 恩 践 歷 四 朝 列 位 台 鼎 因 循 一 節 殆 甚 窺 窬 . [38a*8*2]\nKim Lê Quảng Độ đế tổ phụ chi dư ấm, mông triều đình chi hậu ân, tiễn lịch tứ triều liệt vị đài đỉnh, nhân tuần nhất tiết đãi thậm khuy du.\n要 君 則 . [38a*9*16]\nYếu quân tắc..\n",
    "url": "/data/image_dvsk/ban_ky_thuc_luc/quyen15/DVSKTT_ban_thuc_XV_38a.jpg"
  },
  {
    "text": "百 計 逢 迎 專 政 則 多 方 賣 弄 釀 成 端 慶 洪 順 之 禍 𡸈 一 朝 一 夕 之 故 哉 . [38b*1*1]\nbách kế phùng nghinh, chuyên chính tắc đa phương mại lộng, nhưỡng thành Đoan Khánh, Hồng Thuận chi hoạ, khởi nhất triêu nhất tịch chi cố tai?.\n比 年 逆 暠 稱 兵 僣 干 位 號 彼 乃 貪 生 畏 死 忍 耻 事 讐 假 名 爵 而 為 逆 暠 誑 誘 愚 民 假 頭 目 而 為 逆 暠 求 封 外 國 . [38b*2*10]\nTỉ niên nghịch Cảo xưng binh, tiếm can vị hiệu, bỉ nãi tham sinh uý tử, nhẫn xỉ sự thù, giả danh tước nhi vi nghịch Cảo cuống dụ ngu dân, giả đầu mục nhi vi nghịch Cảo cầu phong ngoại quốc.\n狗 彘 其 行 梟 獍 其 心 [ 梟 惡 鳥 名 獍 音 更 惡 獸 名 梟 食 父 獍 食 母 ] . [38b*4*16]\nCẩu trệ kì hành, Kiêu kính kì tâm [Kiêu ác điểu danh, kính âm cánh ác thú danh, kiêu thực phụ, kính thực mẫu].\n人 皆 唾 罵 而 彼 則 冥 頑 自 如 曾 不 顧 君 父 之 厚 恩 綱 常 之 大 義 . [38b*5*22]\nNhân giai thoá mạ nhi bỉ tắc minh ngoan tự như tằng, bất cố quân phụ chi hậu ân, cương thường chi đại nghĩa.\n其 得 罪 於 天 地 得 罪 於 祖 宗 得 罪 於 天 下 在 所 不 赦 . [38b*7*2]\nKì đắc tội ư thiên địa, đắc tội ư tổ tông, đắc tội ư thiên hạ, tại sở bất xá.\n今 将 臣 何 飛 鶽 阮 魯 等 已 捉 得 正 身 欽 奉 勑 㫖 力 士 拿 誅 之 . [38b*8*4]\nKim tướng thần Hà Phi Chuẩn, Nguyễn Lỗ đẳng dĩ tróc đắc chính thân, khâm phụng sắc chỉ lực sĩ nã tru chi.\n初 六 科 十 三 道 上 奏 為 大 . [38b*9*9]\nSơ lục khoa, thập tam đạo thượng tấu vi đại..\n",
    "url": "/data/image_dvsk/ban_ky_thuc_luc/quyen15/DVSKTT_ban_thuc_XV_38b.jpg"
  },
  {
    "text": "臣 臨 事 变 亂 䏻 死 節 義 事 逆 賊 . [39a*1*1]\nthần lâm sự biến loạn năng tử tiết nghĩa sự nghịch tặc.\n事 臣 等 檢 得 前 太 師 紹 國 公 黎 廣 度 居 相 職 不 䏻 盡 忠 臨 事 變 不 䏻 死 節 臣 事 逆 暠 抗 拒 朝 廷 至 鎮 守 營 将 何 飛 鶽 阮 魯 等 捉 得 觧 送 果 是 逆 賊 之 臣 至 是 罪 犯 . [39a*1*13]\nSự thần đẳng kiểm đắc tiền Thái sư Thiệu Quốc công Lê Quảng Độ, cư tương chức bất năng tận trung, lâm sự biến bất năng tử tiết, thần sự nghịch Cảo, kháng cự triều đình, chí trấn thủ dinh tướng Hà Phi Chuẩn, Nguyễn Lỗ đẳng tróc đắc giải tống, quả thị nghịch tặc chi thần chí thị tội phạm.\n臣 等 竊 惟 天 地 常 經 實 在 君 臣 之 道 春 秋 大 義 尤 嚴 亂 賊 之 誅 . [39a*5*2]\nThần đẳng thiết duy: Thiên địa thường kinh thực tại quân thần chi đạo, Xuân thu đại nghĩa vưu nghiêm loạn tặc chi tru.\n名 分 甚 明 條 章 具 在 . [39a*6*8]\nDanh phận thậm minh, điều chương cụ tại.\n金 黎 廣 度 猥 承 勳 蔭 濫 典 鑑 衡 固 宜 節 厲 忠 貞 思 答 思 朝 之 眷 . [39a*6*16]\nKim Lê Quảng Độ ổi thừa huân ấm, lạm điển giám hành, cố nghi tiết lệ trung trinh tư đáp tư triều chi quyến.\n顧 胡 乃 行 多 私 僻 竟 包 一 已 之 奸 㓙 . [39a*8*4]\nCố hồ nãi hành đa tư, tịch cánh bao nhất dĩ chi gian hung.\n剛 方 靡 效 韓 休 狡 險 亶 浮 林 甫 . [39a*8*18]\nCương phương mi hiệu Hàn Hưu, giảo hiểm đàn phù Lâm Phủ.\n閨 門 不 正 腥 聞 鄭 . [39a*9*12]\nKhuê môn bất chính, tinh văn Trịnh..\n",
    "url": "/data/image_dvsk/ban_ky_thuc_luc/quyen15/DVSKTT_ban_thuc_XV_39a.jpg"
  },
  {
    "text": "衛 之 風 柱 石 非 才 力 乏 伊 周 之 噐 . [39b*1*1]\nVệ chi phong, trụ thạch phi tài, lực phạp Y Chu chi khí.\n徇 私 違 理 倚 法 弄 權 . [39b*1*14]\nTuẫn tư vi lí, ỷ pháp lộng quyền.\n兆 瞰 室 之 災 則 𩾛 林 木 而 廣 營 宫 室 樂 迷 心 之 智 則 執 酒 壼 而 徧 酌 下 僚 . [39b*2*4]\nTriệu khám thất chi tai tắc cưu lâm mộc nhi quảng dinh cung thất, lạc mê tâm chi trí tắc chấp tửu hồ nhi biến chước hạ liêu.\n所 急 者 問 金 求 田 所 事 者 賣 官 鬻 獄 . [39b*3*14]\nSở cấp giả vấn kim cầu điền, sở sự giả mại quan chúc ngục.\n内 而 府 衙 各 職 盡 出 其 門 外 而 承 憲 等 官 皆 由 其 首 . [39b*4*10]\nNội nhi phủ nha các chức tận xuất kì môn, ngoại nhi thừa hiến đẳng quan giai do kì thủ.\n溪 𫫽 縱 貪 饕 之 欲 旌 旗 招 奔 走 之 徒 脧 削 閭 閻 民 窮 而 不 之 恤 . [39b*5*12]\nKhê hác túng tham thao chi dục tinh kì chiêu bôn tẩu chi đồ, thuyên tước lư diêm, dân cùng nhi bất chi tuất.\n紊 亂 綱 紀 政 󰔦 而 不 之 恩 . [39b*6*18]\nVặn loạn cương kỷ chính đố nhi bất chi ân.\n上 則 負 社 則 卵 翼 之 恩 下 則 墮 祖 宗 箕 裘 之 業 . [39b*7*10]\nThượng tắc phụ xã tắc noãn dực chi ân, hạ tắc đoạ tổ tông ki cầu chi nghiệp.\n所 為 若 是 安 得 智 哉 󰟸 因 逆 暠 之 僣 干 靡 効 真 卿 之 慷 概 . [39b*8*10]\nSở vi nhược thị an đắc trí tai? Khoảnh nhân nghịch Cảo chi tiếm can mi hiệu Chân Khanh chi khảng khái.\n匡 扶 國 難 則 . [39b*9*14]\nKhuông phù quốc nạn tắc..\n",
    "url": "/data/image_dvsk/ban_ky_thuc_luc/quyen15/DVSKTT_ban_thuc_XV_39b.jpg"
  },
  {
    "text": "罔 揮 衛 社 之 戈 顧 戀 家 貲 則 欲 築 藏 金 之 塢 . [40a*1*1]\nvõng huy vệ xã chi qua, cố luyến gia ti tắc dục trúc tàng kim chi ổ.\n旦 旦 敢 忘 於 河 誓 昏 昏 便 陷 於 虜 庭 . [40a*1*18]\nĐán đán cảm vong ư hà thệ, hôn hôn tiện hãm ư lỗ đình.\n臨 變 迷 就 子 之 方 事 讐 忍 偷 生 之 恥 低 頭 而 拜 逆 賊 深 慚 舞 象 之 有 知 作 俑 而 諭 愚 民 殆 甚 屯 蜂 之 凣 蠢 . [40a*2*14]\nLâm biến mê tựu tử chi phương; sự thù nhẫn thâu sinh chi sỉ, đê đầu nhi bái nghịch tặc, thâm tàm vũ tượng chi hữu tri; tác dũng nhi dụ ngu dân, đãi thậm đồn phong chi phàm xuẩn.\n狺 [ 音 狺 犬 爭 声 ] 然 反 靣 慻 [ 音 眷 回 顧 也 ] 爾 噬 臍 况 聖 神 將 欲 自 新 信 厚 屡 頒 於 明 詔 胡 小 醜 曾 無 念 𦾔 頑 嚚 滋 長 於 邪 謀 . [40a*4*18]\nNgân [âm ngân khuyển tranh thanh ] nhiên phản diện quyến [âm quyến hồi cố dã ] Nhĩ phệ tê, huống thánh thần tương dục tự tân tín hậu lũ ban ư minh chiếu, hồ tiểu xú tằng vô niệm cựu, ngoan ngân tư trường ư tà mưu.\n負 龐 萌 反 漢 之 辜 踵 朱 泚 背 唐 之 轍 . [40a*7*6]\nPhụ Bàng Manh phản Hán chi cô, chủng Chu Thử bối Đường chi triệt.\n海 而 洗 惡 莫 勝 浩 浩 之 波 天 𡸈 容 奸 󰱩 入 恢 恢 之 綱 何 靣 目 而 見 日 月 何 信 語 而 對 冠 紳 . [40a*8*2]\nHải nhi tẩy ác mạc thắng hạo hạo chi ba; thiên khởi dung gian cự nhập khôi khôi chi cương! hà diện mục nhi kiến nhật nguyệt, hà tín ngữ nhi đối quan thân.\n忘 . [40a*9*18]\nVong..\n",
    "url": "/data/image_dvsk/ban_ky_thuc_luc/quyen15/DVSKTT_ban_thuc_XV_40a.jpg"
  },
  {
    "text": "其 親 而 奪 其 親 事 其 主 而 反 其 主 . [40b*1*1]\nkì thân nhi đoạt kì thân; sự kì chủ nhi phản kì chủ.\n臣 子 不 忠 不 孝 失 身 既 犯 於 罪 魁 刑 罸 有 要 有 倫 負 質 合 明 於 󰘊 禁 . [40b*1*14]\nThần tử bất trung bất hiếu, thất thân ký phạm ư tội khôi; hình phạt hữu yếu hữu luân, phụ chất hợp minh ư bang cấm.\n又 朝 臣 上 奏 為 大 臣 背 國 從 偽 . [40b*3*4]\nHựu triều thần thượng tấu vi đại thần bội quốc tòng nguỵ.\n事 臣 等 紏 得 前 太 師 紹 國 公 黎 廣 度 於 端 慶 洪 順 之 年 包 藏 禍 心 濁 亂 天 下 . [40b*3*16]\nSự thần đẳng củ đắc tiền Thái sư Thiệu Quốc công Lê Quảng Độ ư Đoan Khánh, Hồng Thuận chi niên, bao tàng hoạ tâm, trọc loạn thiên hạ.\n至 逆 暠 犯 闕 不 䏻 堅 守 臣 節 又 反 北 靣 事 讐 顯 是 背 國 從 僞 干 有 重 罪 . [40b*5*9]\nChí nghịch Cảo phạm khuyết, bất năng kiên thủ thần tiết, hựu phản bắc diện sự thù, hiển thị bội quốc tòng nguỵ, can hữu trọng tội.\n為 此 臣 等 竊 惟 天 地 常 經 莫 重 軍 臣 之 義 帝 王 大 柄 尤 嚴 亂 賊 之 誅 . [40b*6*18]\nVi thử, thần đẳng thiết duy: thiên địa thường kinh mạc trọng quân thần chi nghĩa; đế vương đại bính vưu nghiêm loạn tặc chi tru.\n况 此 一 鄙 夫 有 如 黎 廣 度 以 斗 筲 之 小 噐 濫 台 鼎 之 重 權 . [40b*8*8]\nHuống thử nhất bỉ phù hữu như Lê Quảng Độ, dĩ đấu sao chi tiểu khí lạm thai đỉnh chi trọng quyền.\n鬻 獄 賣 官 既 構 禍 . [40b*9*12]\nChúc ngục mại quan, ký cấu hoạ..\n",
    "url": "/data/image_dvsk/ban_ky_thuc_luc/quyen15/DVSKTT_ban_thuc_XV_40b.jpg"
  },
  {
    "text": "於 端 慶 守 成 之 日 逢 君 献 諂 又 捉 亡 於 洪 順 御 下 之 時 . [41a*1*1]\nư Đoan Khánh thủ thành chi nhật; phùng quân hiến siểm, hựu tróc vong ư Hồng Thuận ngự hạ chi thời.\n忍 為 曷 可 勝 言 患 失 無 所 不 至 十 載 養 天 下 亂 有 同 林 甫 之 奸 一 朝 動 漁 陽 兵 遂 致 祿 山 之 㓂 . [41a*2*4]\nNhẫn vi hạt khả thắng ngôn; hoạn thất, vô sở bất chí, Thập tải dưỡng thiên hạ loạn, hữu đồng Lâm Phủ chi gian, nhất chiêu động Dgư Dương binh, toại trí Lộc Sơn chi khấu.\n百 姓 以 之 騷 亂 九 廟 以 之 震 驚 固 宜 報 國 靡 身 贖 賣 國 戕 民 之 罪 顧 乃 貪 生 畏 死 為 事 讐 從 僞 之 人 . [41a*4*4]\nBách tính dĩ chi tao loạn, cửu miếu dĩ chi chấn kinh, Cố nghi báo quốc mi thân, thục mại quốc tường dân chi tội; cố nãi tham sinh uý tử, vi sự thù tòng nguỵ chi nhân.\n臣 事 逆 暠 累 及 三 年 陰 助 逆 暠 殆 甚 百 計 . [41a*6*6]\nThần sự nghịch Cảo luỹ cập tam niên; âm trợ nghịch Cảo đãi thậm bách kế.\n僞 詔 僞 諭 僞 勑 封 名 爵 以 誑 惑 愚 民 詭 計 詭 行 詭 言 稱 頭 目 以 求 封 外 國 . [41a*7*4]\nNguỵ chiếu, nguỵ dụ, nguỵ sắc, phong danh tước dĩ cuống hoặc ngu dân; nguỵ kế, nguỵ hành, nguỵ ngôn, xưng đầu mục dĩ cầu phong ngoại quốc.\n誠 犬 彘 之 不 若 曾 蜂 蟻 之 不 如 . [41a*8*14]\nThành khuyển trệ chi bất nhược, tằng phong nghị chi bất như.\n今 謹 僃 奏 聞 . [41a*9*8]\nKim cẩn bị tấu văn\".\n廣 度 遂 坐 誅 . [41a*9*13]\nQuảng Độ toại toạ tru.\n",
    "url": "/data/image_dvsk/ban_ky_thuc_luc/quyen15/DVSKTT_ban_thuc_XV_41a.jpg"
  },
  {
    "text": "授 阮 荗 海 陽 參 政 兼 賛 理 廣 福 伯 阮 克 讓 營 軍 務 . [41b*1*1]\nThụ Nguyễn Mậu Hải Dương tham chính kiêm tán lí Quảng Phúc bá Nguyễn KHắc Nhượng dinh quân vụ.\n先 是 荗 以 清 華 憲 察 使 回 家 守 制 满 服 赴 京 . [41b*2*2]\nTiên thị, Mậu dĩ Thanh Hoa Hiến sát sứ hồi gia thủ chế, mãn phục phó Kinh.\n時 植 陳 暠 構 亂 荗 不 應 僞 命 . [41b*3*1]\nThời thực Trần Cảo cấu loạn, Mậu bất ứng nguỵ mệnh.\n朝 廷 以 荗 有 士 望 仍 授 本 䖏 參 政 并 兼 賛 理 未 幾 陞 太 僕 寺 卿 . [41b*3*12]\nTriều đình dĩ Mậu hữu sĩ vọng, nhưng thụ bản xứ tham chính tịnh kiêm tán lí; vị cơ thăng Thái bộc tự khanh.\n是 歳 天 下 大 飢 人 民 餓 殍 相 󰥺 . [41b*5*1]\nThị tuế, thiên hạ đại cơ, nhân dân nga biễu tương chẩm.\n海 陽 東 潮 𰎟 山 京 北 安 豊 僊 𨒣 東 岸 諸 經 兵 處 尤 甚 . [41b*5*13]\nHải Dương, Đông Triều, Giáp Sơn; Kinh Bắc, Yên Phong, Tiên Du, Đông Ngàn, Chư kinh binh xứ vưu thậm.\n時 主 少 國 危 諸 將 自 相 䧺 長 互 生 嫌 隙 . [41b*6*15]\nThời, chủ thiếu, quốc nguy, chư tướng tự tương hùng trưởng, hỗ sinh hiềm khích.\n鉄 山 伯 陳 真 既 逐 阮 弘 裕 仍 鎮 守 京 師 . [41b*7*12]\nThiết Sơn bá Trần Chân ký trục Nguyễn Hoằng Dụ nhưng trấn thủ Kinh sư.\n帝 遣 左 顯 鐵 城 伯 及 新 降 将 阮 公 度 等 將 步 兵 莫 登 庸 將 水 軍 追 弘 裕 等 . [41b*8*9]\nĐế khiển tả hiển Thiết Thành bá cập tân hàng tướng Nguyễn Công Độ đẳng tương bộ binh, Mạc Đăng Dung tương thuỷ quân truy Hoằng Dụ đẳng..\n",
    "url": "/data/image_dvsk/ban_ky_thuc_luc/quyen15/DVSKTT_ban_thuc_XV_41b.jpg"
  },
  {
    "text": "走 入 淳 祐 [ 今 改 淳 祿 避 真 宗 諱 也 ] . [42a*1*1]\ntẩu nhập Tuần Hựu [Kim cải Thuần Lộc tị Chân Tông huý dã ].\n官 軍 掘 弘 裕 父 文 郎 塚 斬 其 首 . [42a*1*15]\nQuan quân quật Hoằng Dụ phụ Văn Lang trủng, trảm kì thủ.\n弘 裕 再 會 兵 與 官 軍 相 拒 . [42a*2*4]\nHoằng Dụ tái hội binh dữ quan quân tương cự.\n弘 裕 因 以 書 并 討 遺 莫 登 庸 . [42a*2*14]\nHoằng Dụ nhân dĩ thư tính thảo di Mạc Đăng Dung.\n登 庸 得 書 與 詩 遂 擁 兵 不 戰 . [42a*3*7]\nĐăng Dung đắc thư dữ thi toại ủng binh bất chiến.\n弘 裕 等 遂 全 軍 走 還 . [42a*3*18]\nHoằng Dụ đẳng toại toàn quân tẩu hoàn.\n定 順 化 漕 運 官 栗 賞 功 令 . [42a*4*8]\nĐịnh Thuận Hoá tào vận quan lật thưởng công lệnh.\n凣 順 化 漕 運 官 栗 二 遭 並 勤 官 貟 陞 一 級 賞 二 資 前 力 勇 武 士 年 深 并 已 出 身 寄 回 本 貫 情 願 許 如 出 身 除 中 尉 新 󰱇 出 身 材 項 除 武 尉 正 八 品 分 入 各 衛 宿 直 . [42a*5*1]\nPhàm Thuận Hoá tào vận quan lật nhị tao tịnh cần quan viên thăng nhất cấp, thưởng nhị tư; tiền lực dũng võ sĩ niên thâm, tịnh dĩ xuất thân ký hồi bản quán, tình nguyện, hứa như xuất thân, trừ trung uý tân tuyển, xuất thân tài hạng trừ vũ uý, chánh bát phẩm, phân nhập các vệ túc trực.\n文 属 有 出 身 例 除 如 縣 縣 丞 若 無 出 身 并 軍 色 民 人 除 副 武 尉 從 八 品 . [42a*8*8]\nVăn thuộc hữu xuất thân lệ, trừ như huyện, huyện thừa, nhược vô xuất thân tính quân sắc dân nhân trừ phó vũ uý, tòng bát phẩm.\n以 . [42a*9*17]\nDĩ..\n",
    "url": "/data/image_dvsk/ban_ky_thuc_luc/quyen15/DVSKTT_ban_thuc_XV_42a.jpg"
  },
  {
    "text": "黎 𡺄 為 户 部 尚 書 . [42b*1*1]\nLê Sạn vi Hộ bộ thượng thư.\n戊 寅 三 年 [ 明 正 德 十 三 年 ] . [42b*2*1]\nMậu Dần tam niên [Minh Chính Đức thập tam niên].\n春 會 試 天 下 󰁮 人 . [42b*2*11]\nXuân, hội thí thiên hạ cử nhân.\n取 鄧 乙 御 天 縣 海 湖 人 廷 試 進 士 出 身 ] 等 十 七 人 . [42b*2*18]\nThủ Đặng Ất [Ngự Thiên Huyện, Hải Hồ nhân đình thí tiến sĩ xuất thân] đẳng thập thất nhân.\n及 廷 試 問 以 知 人 安 民 . [42b*3*13]\nCập Đình thí vấn dĩ tri nhân an dân.\n賜 吳 勉 紹 阮 敏 篤 劉 啓 顓 三 名 第 二 甲 進 士 及 第 賴 金 榜 等 六 名 第 二 甲 進 士 出 身 阮 度 戥 八 名 第 三 甲 同 進 士 出 身 . [42b*3*22]\nTứ Ngô Miễn Thiệu, Nguyễn Mẫn Đốc, Lưu Khải Chuyên tam danh đệ nhị giáp tiến sĩ cập đệ; Lại Kim Bảng đẳng lục danh đệ nhị giáp tiến sĩ xuất thân; Nguyễn Độ đẳng bát danh đệ tam giáp đồng tiến sĩ xuất thân.\n按 阮 文 泰 記 云 臣 謹 按 前 朝 自 大 寶 三 年 壬 戌 開 科 或 六 年 一 󰁮 或 五 年 一 舉 未 有 定 例 . [42b*7*1]\nÁn Nguyễn Văn Thái ký vân: Thần cẩn án, tiền triều tự Đại Bảo tam niên Nhâm Tuất khai khoa, hoặc lục niên nhất cử, hoặc ngũ niên nhất cử, vị hữu định lệ.\n至 光 順 賜 年 癸 未 科 以 來 始 三 年 一 科 𭁈 明 . [42b*9*1]\nChí Quang Thuận tứ niên, Quý Mùi khoa dĩ lai, thuỷ tam niên nhất khoa, dữ Minh..\n",
    "url": "/data/image_dvsk/ban_ky_thuc_luc/quyen15/DVSKTT_ban_thuc_XV_42b.jpg"
  },
  {
    "text": "國 會 典 以 子 午 卯 酉 鄕 試 辰 戌 丑 未 會 試 惟 光 紹 三 年 戊 寅 有 科 者 以 二 年 丁 丑 歳 當 大 比 而 時 方 有 事 至 是 始 󰁮 行 焉 . [43a*1*1]\nquốc Hội điển dĩ Tí, Ngọ, Mão, Dậu Hương thí, Thìn, Tuất, Sửu, Mùi hội thí, duy Quang Thiệu tam niên, Mậu Dần hữu khoa giả, dĩ nhị niên Đinh Sửu tuế đương đại tỉ nhi thời phương hữu sự, chí thị thuỷ cử hành yên.\n加 封 莫 登 庸 為 武 川 侯 . [43a*4*1]\nGia phong Mạc Đăng Dung vi Vũ Xuyên hầu.\n秋 七 月 初 七 日 天 暴 風 雨 雷 震 擊 人 甚 多 . [43a*5*1]\nThu, thất nguyệt, sơ thất nhật, thiên bạo, phong vũ, lôi chấn kích nhân thậm đa.\n十 一 日 殺 鐵 山 伯 陳 真 并 其 黨 陳 智 阮 俄 阮 伯 達 黎 願 欽 等 六 人 於 禁 中 . [43a*5*17]\nThập nhất nhật, sát Thiết Sơn bá Trần Chân tịnh kì đảng Trần Trí, Nguyễn Nga, Nguyễn Bá Đạt, Lê Nguyện Khâm đẳng lục nhân ư cấm trung.\n先 是 真 既 逐 阮 弘 裕 權 在 掌 握 莫 登 庸 亦 憚 之 乃 為 其 子 登 瀛 娶 真 女 . [43a*7*10]\nTiên thị, Chân ký trục Nguyễn Hoằng Dụ quyền tại chưởng ốc, Mạc Đăng Dung diệc đạn chi, nãi vi kì tử Đăng Doanh thú Chân nữ.\n時 有 好 事 者 為 之 語 曰 陳 有 一 人 為 天 下 君 兎 . [43a*9*1]\nThời hữu hiếu sự giả vi chi ngữ viết: \"Trần hữu nhất nhân, vi thiên hạ quân, thố..\n",
    "url": "/data/image_dvsk/ban_ky_thuc_luc/quyen15/DVSKTT_ban_thuc_XV_43a.jpg"
  },
  {
    "text": "頭 虎 尾 濟 世 安 民 . [43b*1*1]\nđầu hổ vĩ, tế thế an dân\".\n以 故 國 舅 褚 啓 壽 國 公 鄭 侑 𭁈 瑞 郡 公 吳 柄 皆 謀 曰 陳 有 一 人 即 陳 真 也 兔 頭 虎 尾 者 寅 之 末 卯 之 首 也 恐 於 是 年 有 变 勸 帝 旱 除 之 . [43b*1*8]\nDĩ cố Quốc cữu Chử Khải, Thọ Quốc công Trịnh Hựu dữ Thuỵ Quận công Ngô Bính giai mưu viết: Trần hữu nhất nhân tức Trần Chân dã, thố đầu hổ vĩ giả Dần chi mạt mão chi thủ dã, khủng ư thị niên hữu biến, khuyến đế hạn trừ chi.\n時 鄭 綏 復 入 知 金 光 殿 賛 成 其 謀 . [43b*4*5]\nThời Trịnh Tuy phục nhập tri Kim Quang điện, tán thành kì mưu.\n至 是 朝 退 帝 使 召 真 𭁈 第 子 陳 智 俱 入 禁 中 令 人 閉 諸 城 門 使 力 士 捉 真 . [43b*4*18]\nChí thị triều thoái, đế sử triệu Chân dữ đệ tử Trần Trí cụ nhập cấm trung, lệnh nhân bế chư thành môn, sử lực sĩ tróc Chân.\n真 走 至 城 上 守 門 人 捉 而 斬 之 . [43b*6*10]\nChân tẩu chí thành thượng, thủ môn nhân tróc nhi trảm chi.\n其 第 子 黄 維 岳 阮 敬 [ 敬 後 仕 莫 官 至 太 尉 西 國 公 追 贈 西 岐 王 ] 阮 盎 等 聞 之 擊 鉦 三 連 将 兵 入 大 興 門 外 見 諸 城 門 已 閉 遂 直 至 錦 衣 衛 敵 萬 司 . [43b*7*4]\nKì đệ tử Hoàng Duy Nhạc, Nguyễn Kính [Kính hậu sĩ Mạc quan, chí Thái uý Tây quốc công truy tặng Tây Kì vương], Nguyễn Áng đẳng văn chi kích chinh tam liên, tương binh nhập Đại Hưng môn ngoại, kiến chư thành môn dĩ bế, toại trực chí Cẩm Y vệ Địch vạn ti.\n把 門 拒 之 . [43b*9*15]\nBả môn cự chi..\n",
    "url": "/data/image_dvsk/ban_ky_thuc_luc/quyen15/DVSKTT_ban_thuc_XV_43b.jpg"
  },
  {
    "text": "不 得 入 . [44a*1*1]\nbất đắc nhập.\n帝 以 兵 巡 内 城 以 陳 真 頭 示 之 岳 敬 等 遂 走 . [44a*1*4]\nĐế dĩ binh tuần nội thành dĩ Trần Chân đầu thị chi, Nhạc, Kính đẳng toại tẩu.\n十 四 日 阮 敬 阮 盎 阮 囂 髙 春 時 等 一 作 阮 馬 舉 等 ] 贄 共 聚 于 安 朗 寺 󰁮 兵 逼 犯 京 城 . [44a*2*3]\nThập tứ nhật, Nguyễn Kính, Nguyễn Áng, Nguyễn Hiêu, Cao Xuân Thì đẳng [Nhất tác Nguyễn Mã Cử đẳng] Chí cộng tụ vu Yên Lãng tự cử binh bức phạm kinh thành.\n帝 夜 幸 嘉 林 菩 提 以 避 之 . [44a*3*13]\nĐế dạ hạnh Gia Lâm Bồ Đề dĩ tị chi.\n明 日 幸 楊 光 蓄 懿 堂 就 覃 󰁮 家 󰁮 桂 陽 人 ] 屋 在 嘉 林 楊 光 社 ] 至 晡 時 未 飲 民 間 至 以 芋 餅 進 者 . [44a*4*5]\nMinh nhật hạnh Dương Quang Súc Ý đường tựu Đàm Cử gia [Cử Quế Dương nhân] ốc tại Gia Lâm Dương Quang xã ] Chí Bô Thời vị ẩm, dân gian chí dĩ vu bính tiến giả.\n是 時 鄭 綏 屯 兵 于 山 南 得 萬 餘 人 聞 帝 以 幸 外 眾 遂 散 . [44a*5*22]\nThị thời, Trịnh Tuy đồn binh vu Sơn Nam đắc vạn dư nhân, văn đế dĩ hạnh ngoại, chúng toại tán.\n於 是 山 西 之 兵 肆 為 暴 掠 城 中 空 虚 京 師 遂 為 漁 獵 之 塲 . [44a*7*3]\nƯ thị, Sơn Tây chi binh tứ vi bạo lược, thành trung không hư, kinh sư toại vi ngư liệp chi trường.\n帝 因 召 阮 弘 裕 擊 阮 敬 等 . [44a*8*7]\nĐế nhân triệu Nguyễn Hoằng Dụ kích Nguyễn Kính đẳng.\n弘 裕 猶 豫 不 果 行 . [44a*8*17]\nHoằng Dụ do dự bất quả hành.\n",
    "url": "/data/image_dvsk/ban_ky_thuc_luc/quyen15/DVSKTT_ban_thuc_XV_44a.jpg"
  },
  {
    "text": "論 曰 自 陳 暠 入 京 而 宗 廟 散 壞 自 山 西 作 亂 而 京 城 空 虚 即 此 而 知 黎 朝 之 不 振 矣 . [44b*1*1]\nLuận viết: Tự Trần Cảo nhập kinh nhi tông miếu tán hoại, tự Sơn Tây tác loạn nhi kinh thành không hư, tức thử nhi tri Lê triều chi bất chấn hĩ.\n論 曰 人 生 有 三 事 之 如 一 君 師 𭁈 父 𡸈 有 異 哉 . [44b*3*1]\nLuận viết: Nhân sinh hữu tam sự chi như nhất quân sư dữ phụ, khởi hữu dị tai.\n昔 張 琇 表 繋 於 斧 殺 人 以 復 父 讐 而 名 顯 唐 家 郭 卜 兵 入 禁 中 逐 君 以 救 部 将 而 聲 揚 李 氏 . [44b*4*2]\nTích Trương Tú biểu hệ ư phủ, sát nhân dĩ phục phụ thù nhi danh hiển Đường gia; Quách Bốc binh nhập cấm trung trục quân dĩ cứu bộ tướng nhi thanh dương Lí thị.\n是 皆 移 事 軍 事 主 之 心 為 事 父 事 師 之 節 𡸈 有 他 哉 . [44b*6*3]\nThị giai di sự quân sự chủ chi tâm, vi sự phụ sự sư chi tiết, khởi hữu tha tai!.\n陳 真 在 黎 朝 厥 功 不 細 . [44b*7*6]\nTrần Chân tại Lê triều quyết công bất tế.\n當 逆 暠 僣 篡 東 京 真 以 一 旅 之 眾 晝 夜 轉 攻 之 凣 十 餘 日 而 暠 之 渠 魁 退 走 . [44b*7*15]\nĐương nghịch Cảo tiếm soán Đông Kinh, Chân dĩ nhất lữ chi chúng, chú dạ chuyển công chi phàm thập dư nhật nhi Cảo chi cừ khôi thoái tẩu.\n及 逆 暠 復 至 菩 提 真 . [44b*9*10]\nCập nghịch Cảo phục chí Bồ Đề, Chân..\n",
    "url": "/data/image_dvsk/ban_ky_thuc_luc/quyen15/DVSKTT_ban_thuc_XV_44b.jpg"
  },
  {
    "text": "以 數 千 之 兵 渡 水 奮 擊 之 曾 未 十 日 而 暠 之 徒 黨 潰 散 黎 之 日 月 再 明 黎 之 宗 廟 復 祀 其 視 臣 靡 之 復 夏 吉 甫 之 匡 周 𡸈 有 誅 哉 奈 何 . [45a*1*1]\ndĩ sổ thiên chi binh độ thuỷ phấn kích chi, tằng vị thập nhật nhi Cảo chi đồ đảng hội tán, Lê chi nhật nguyệt tái minh, Lê chi tông miếu phục tự, kì thị Thần Mi chi phục Hạ, Cát Phủ chi khuông Chu, khởi hữu tru tai nại hà.\n大 㓂 未 平 群 奸 伺 隙 暗 主 聽 讒 於 上 奸 毋 構 禍 於 中 遂 至 召 入 禁 中 殺 及 将 佐 其 視 李 髙 宗 之 殺 秉 彝 陳 簡 定 之 殺 鄧 悉 有 功 見 疑 無 罪 被 殺 啣 寃 飲 恨 天 地 不 知 𡸈 不 痛 哉 . [45a*4*1]\nĐại khấu vị bình, quần gian tí khích, ám chủ thính sàm ư thượng, gian vô cấu hoạ ư trung, toại chí triệu nhập cấm trung sát cập tướng, tá kì thị Lí Cao Tông chi sát Bỉnh Di, Trần Giản Định chi sát Đặng Tất, hữu công kiến nghi, vô tội bị sát, hàm oan ẩm hận thiên địa bất tri, khởi bất thống tai!.\n合 阮 敬 阮 盎 而 論 之 二 人 以 帳 下 之 将 厲 復 讐 之 心 篤 志 除 邪 挺 身 赴 艱 上 以 報 宿 昔 之 德 下 . [45a*7*16]\nHợp Nguyễn Kính, Nguyễn Áng nhi luận chi, nhị nhân dĩ trướng hạ chi tướng, lệ phục thù chi tâm, đốc chí trừ tà, đĩnh thân phó gian, thượng dĩ báo túc tích chi đức, hạ..\n",
    "url": "/data/image_dvsk/ban_ky_thuc_luc/quyen15/DVSKTT_ban_thuc_XV_45a.jpg"
  },
  {
    "text": "以 解 念 鬱 之 寃 扶 正 氣 於 億 年 殄 奸 䧺 於 當 日 其 於 事 師 之 道 既 明 且 白 矣 . [45b*1*1]\ndĩ giải niệm uất chi oan, phù chính khí ư ức niên, điễn gian hùng ư đương nhật, kì ư sự sư chi đạo, ký minh thả bạch hĩ.\n然 真 之 為 将 不 䏻 戒 戢 左 右 或 殺 名 臣 於 大 都 之 中 或 飲 御 酒 於 六 清 之 内 甚 非 人 臣 之 禮 則 真 之 死 也 亦 由 自 取 夫 何 足 恠 . [45b*2*13]\nNhiên Chân chi vi tướng bất năng giới tập tả hữu, hoặc sát danh thần ư Đại đô chi trung, hoặc ẩm ngự tửu ư Lục Thanh chi nội, thậm phi nhân thần chi lễ, tắc Chân chi tử dã, diệc do tự thủ phu hà túc quái.\n十 六 日 以 吏 部 尚 書 杜 岳 為 御 使 󰱑 都 御 使 兼 東 閣 大 𭓇 士 入 侍 經 筵 . [45b*6*1]\nThập lục nhật, dĩ Lại bộ thượng thư Đỗ Nhạc vi Ngự sử đài đô ngự sử kiêm Đông các đại học sĩ nhập thị kinh diên.\n以 太 僕 寺 卿 阮 荗 爲 御 史 󰱑 兼 都 御 史 . [45b*7*10]\nDĩ Thái bộc tự khanh Nguyễn Mậu vi Ngự sử đài kiêm đô ngự sử.\n以 黎 𡺄 為 吏 部 尚 書 . [45b*8*8]\nDĩ Lê Sạn vi Lại bộ thượng thư.\n八 月 太 白 經 天 . [45b*9*1]\nBát nguyệt thái bạch kinh thiên.\n京 北 承 政 使 范 謙 柄 聞 帝 幸 . [45b*9*7]\nKinh Bắc thừa chính sứ Phạm Khiêm Bính văn đế hạnh..\n",
    "url": "/data/image_dvsk/ban_ky_thuc_luc/quyen15/DVSKTT_ban_thuc_XV_45b.jpg"
  },
  {
    "text": "嘉 林 詣 行 在 拜 謁 奉 命 調 粮 以 給 軍 食 . [46a*1*1]\nGia Lâm, nghệ hành tại bái yết, phụng mệnh điều lương dĩ cấp quân thực.\n帝 命 恭 儉 侯 何 文 正 檜 溪 伯 黎 大 堵 召 莫 登 庸 于 海 陽 . [46a*1*16]\nĐế mệnh Cung Kiệm hầu Hà Văn Chính, Cối Khê bá Lê Đại Đỗ triệu Mạc Đăng Dung vu Hải Dương.\n帝 再 幸 純 羙 堂 臨 朝 百 官 . [46a*3*2]\nĐế tái hạnh Thuần Mĩ Đường Lâm triều bách quan.\n時 登 庸 至 謁 帝 擁 水 軍 於 珥 河 以 蓄 懿 堂 稍 遠 因 奏 請 再 移 幸 菩 提 御 純 羙 堂 得 便 扈 從 . [46a*3*12]\nThời Đăng Dung chí yết đế, ủng thuỷ quân ư Nhị Hà, dĩ Súc Ý đường sảo viễn, nhân tấu thỉnh tái di hạnh Bồ Đề ngự Thuần Mĩ đường đắc tiện hộ tòng.\n并 使 人 諭 陳 真 子 第 阮 盎 等 皆 曰 鐵 山 之 死 由 於 褚 啓 鄭 侑 吳 柄 之 譖 若 殺 此 三 人 則 君 臣 如 故 無 有 異 圖 . [46a*5*10]\nTịnh sử nhân dụ Trần Chân tử đệ Nguyễn Áng đẳng giai viết: Thiết Sơn chi tử do ư Chử Khải, Trịnh Hựu, Ngô Bính chi tiếm, nhược sát thử tam nhân tắc quân thần như cố, vô hữu dị đồ.\n帝 咱 覃 󰁮 之 計 遂 殺 啓 等 而 阮 盎 等 益 肆 暴 横 擁 兵 不 解 . [46a*7*15]\nĐế thính Đàm Cử chi kế, toại sát Khải đẳng nhi Nguyễn Áng đẳng ích tứ bạo hoành, ủng binh bất giải.\n九 月 三 十 一 日 莫 登 庸 殺 御 史 󰱑 都 御 史 杜 岳 . [46a*9*1]\nCửu nguyệt, tam thập nhất nhật, Mạc Đăng Dung sát Ngự sử đài đô ngự sử Đỗ Nhạc,..\n",
    "url": "/data/image_dvsk/ban_ky_thuc_luc/quyen15/DVSKTT_ban_thuc_XV_46a.jpg"
  },
  {
    "text": "副 都 御 史 阮 豫 . [46b*1*1]\nPhó đô ngự sử Nguyễn Dự.\n時 登 庸 以 帝 在 純 羙 殿 水 軍 稍 近 真 子 弟 地 方 請 迁 于 寶 洲 . [46b*1*7]\nThời Đăng Dung dĩ đế tại Thuần Mĩ điện, thuỷ quân sảo cận Chân tử đệ địa phương, thỉnh thiên vu Bảo Châu.\n杜 岳 阮 豫 皆 争 之 . [46b*2*12]\nĐỗ Nhạc, Nguyễn Dự giai tranh chi.\n登 庸 因 使 其 黨 丁 蒙 執 岳 預 就 春 杜 行 營 北 門 外 桑 田 殺 之 . [46b*3*1]\nĐăng Dung nhân sử kì đảng Đinh Mông chấp Nhạc, Dự tựu Xuân Đỗ hành dinh bắc môn ngoại tang điền sát chi.\n武 睿 有 詩 云 旖 旎 旖 音 倚 旎 音 你 旌 旗 從 風 貌 ] 旌 旗 掛 夕 陽 两 宮 泛 泛 駕 飛 艎 . [46b*4*6]\nVũ Duệ hữu thi vân: Ỷ ni [Ỷ âm ỷ ni âm ni tinh kì tòng phong mạo ] tinh kì quải tịch dương, Lưỡng cung phiếm phiếm giá phi hoàng.\n函 犀 戦 士 淹 江 上 服 豸 中 臣 死 道 傍 . [46b*5*13]\nHàm tê chiến sĩ yêm giang thượng, Phục trãi trung thần tử đạo bàng.\n萬 理 鋤 菁 [ 子 盈 切 蕉 菁 也 ] 林 有 盗 三 軍 餒 穗 槖 無 粮 . [46b*6*9]\nVạn lí sừ tinh [Tử doanh thiết tiêu tinh dã] lâm hữu đạo, Tam quân nỗi tuệ thác vô lương.\n昇 龍 自 古 興 王 地 何 不 雌 䧺 决 一 塲 . [46b*7*8]\nThăng Long tự cổ hưng vương địa, Hà bất thư hùng quyết nhất trường.\n時 睿 見 帝 及 弟 椿 泛 舟 于 外 岳 豫 等 諫 死 天 下 飢 饉 士 卒 乏 粮 帝 又 不 居 昇 龍 而 迁 寳 . [46b*8*4]\nThời, Duệ kiến đế cập đệ Xuân phiếm chu vu ngoại, Nhạc, Dự đẳng gián tử, thiên hạ cơ cận, sĩ tốt phạp lương, đế hựu bất cư Thăng Long nhi thiên Bảo..\n",
    "url": "/data/image_dvsk/ban_ky_thuc_luc/quyen15/DVSKTT_ban_thuc_XV_46b.jpg"
  },
  {
    "text": "洲 故 有 是 詩 [ 睿 山 圍 人 洪 德 庚 午 科 進 士 及 第 歷 仕 至 少 保 尚 書 後 為 節 義 之 臣 ] . [47a*1*1]\nChâu, cố hữu thị thi [Duệ Sơn Vi nhân, Hồng Đức Canh Ngọ khoa tiến sĩ cập đệ, lịch sĩ chí thiếu bảo thượng thư, hậu vi tiết nghĩa chi thần].\n丁 蒙 奉 帝 幸 寶 洲 . [47a*2*1]\nĐinh Mông phụng đế hạnh Bảo Châu.\n帝 既 迁 寶 洲 永 興 伯 鄭 綏 文 臣 阮 瑡 𭁈 山 西 諸 将 共 謀 立 靜 脩 公 祿 之 子 榜 為 帝 改 元 大 德 [ 榜 乃 恭 王 昌 之 曾 孫 也 ] . [47a*2*8]\nĐế ký thiên Bảo Châu, Vĩnh Hưng bá Trịnh Tuy, văn thần Nguyễn Sư dữ Sơn Tây chư tướng cộng mưu lập Tĩnh Tu công Lộc chi tử Bảng vi đế, cải nguyên, Đại Đức [Bảng nãi Cung Vương Xương chi tằng tôn dã ].\n得 半 年 又 廢 之 而 立 黎 󰥣 [ 音 猶 改 元 天 憲 一 云 󰥣 乃 榜 之 同 母 弟 父 仍 庶 人 也 未 詳 ] . [47a*4*17]\nĐắc bán niên hựu phế chi nhi lập Lê Do [âm do] cải nguyên Thiên Hiến, [Nhất vân Do nãi Bảng chi đồng mẫu đệ phụ nhưng thứ nhân dã vị tường ].\n作 行 殿 於 慈 廉 [ 縣 名 ] 由 芽 社 以 閭 閻 人 分 置 官 属 文 武 進 朝 綏 等 既 立 天 憲 時 黎 文 前 為 順 化 總 兵 綏 有 書 回 於 文 前 ] . [47a*5*28]\nTác hành điện ư Từ Liêm [Huyện danh] Do Nha xã dĩ lư diêm nhân phân trí quan thuộc văn vũ tiến triều [Tuy đẳng ký lập Thiên Hiến, thời Lê Văn Tiền vi Thuận Hoá Tổng binh, Tuy hữu thư hồi ư Văn Tiền].\n帝 在 寶 洲 有 程 志 森 阮 時 雍 扈 從 使 人 諭 阮 弘 裕 . [47a*7*26]\nĐế tại Bảo Châu hữu Trình Chí Sâm, Nguyễn Thì Ung hộ tòng, sử nhân dụ Nguyễn Hoằng Dụ.\n弘 裕 聞 之 乃 出 清 華 兵 來 赴 難 . [47a*8*16]\nHoằng Dụ văn chi, nãi xuất Thanh Hoa binh lai phó nạn.\n帝 乃 命 弘 裕 𭁈 莫 登 庸 . [47a*9*10]\nĐế nãi mệnh Hoằng Dụ dữ Mạc Đăng Dung..\n",
    "url": "/data/image_dvsk/ban_ky_thuc_luc/quyen15/DVSKTT_ban_thuc_XV_47a.jpg"
  },
  {
    "text": "領 清 華 山 南 各 道 兵 分 道 進 擊 阮 盎 阮 敬 等 于 山 西 . [47b*1*1]\nlĩnh Thanh Hoa, Sơn Nam các đạo binh phân đạo tiến kích Nguyễn Áng, Nguyễn KÍnh đẳng vu Sơn Tây.\n弘 裕 大 敗 死 者 甚 眾 . [47b*2*3]\nHoằng Dụ đại bại, tử giả thậm chúng.\n弘 裕 走 下 船 自 度 不 䏻 克 遂 罷 兵 㱕 獨 留 莫 登 庸 𭁈 阮 盎 等 相 持 . [47b*2*11]\nHoằng Dụ tẩu hạ thuyền tự độ bất năng khắc, toại bãi binh quy, độc lưu Mạc Đăng Dung dữ Nguyễn Áng đẳng tương trì.\n冬 十 月 命 莫 登 庸 提 統 水 步 諸 營 軍 . [47b*4*1]\nĐông, thập nguyệt, mệnh Mạc Đăng Dung đề thống thuỷ bộ chư dinh quân.\n遣 阮 時 雍 阮 儼 黎 懿 吳 焕 如 明 歳 貢 并 請 封 因 國 亂 後 果 不 行 . [47b*4*15]\nKhiển Nguyễn Thì Ung, Nguyễn Nghiễm, Lê Ý, Ngô Hoán như Minh tuế cống tịnh thỉnh phong nhân quốc loạn, hậu quả bất hành.\n前 使 歳 貢 阮 貴 雅 還 自 憑 祥 以 為 東 各 校 書 . [47b*6*4]\nTiền sứ tuế cống Nguyễn Quý Nhã hoàn tự Bằng Tường dĩ vi Đông các hiệu thư.\n帝 再 幸 嘉 林 春 杜 營 . [47b*7*4]\nĐế tái hạnh Gia Lâm Xuân Đỗ dinh.\n以 阮 非 虎 一 作 惟 虎 嘉 林 縣 人 ] 為 御 使 台 僉 都 御 史 武 麟 定 為 順 化 參 正 改 命 京 北 承 政 使 范 謙 柄 行 乂 安 承 政 使 命 . [47b*7*12]\nDĩ Nguyễn Phi Hổ [Nhất tác Duy Hổ Gia Lâm Huyện nhân] vi Ngự sử đài Thiêm đô ngự sử, Vũ Lân định vi Thuận Hoá Tham chính; cải mệnh Kinh Bắc Thừa chính sứ Phạm Khiêm Bính hành Nghệ An thừa chính sứ; Mệnh..\n",
    "url": "/data/image_dvsk/ban_ky_thuc_luc/quyen15/DVSKTT_ban_thuc_XV_47b.jpg"
  },
  {
    "text": "乂 安 承 政 使 潘 廷 佐 為 京 北 承 政 使 . [48a*1*1]\nNghệ An thừa chính sứ Phan Đình Tá vi Kinh Bắc thừa chính sứ.\n盖 以 謙 柄 京 北 桂 陽 人 廷 佐 乂 安 天 祿 人 故 改 命 之 . [48a*1*15]\nCái dĩ Khiêm Bính Kinh Bắc, Quế Dương nhân; Đình Tá Nghệ An, Thiên Lộc nhân, cố cải mệnh chi.\n謙 柄 受 命 廷 佐 不 肯 就 京 北 因 𭁈 謙 柄 共 任 乂 安 . [48a*2*17]\nKhiêm Bính thụ mệnh, Đình Tá bất khẳng tựu Kinh Bắc nhân dữ Khiêm Bính cộng nhiệm nghệ An.\n以 譚 慎 徽 為 少 保 禮 部 尚 書 入 侍 經 筵 . [48a*4*1]\nDĩ Đàm Thận Huy vi Thiếu bảo Lễ bộ thượng thư nhập thị kinh diên.\n遣 吏 部 尚 書 黎 𡺄 諭 祭 故 都 御 史 杜 岳 并 賜 吊 慰 錢 一 百 貫 岳 文 江 賴 屋 人 字 󰦛 正 謚 文 節 號 義 山 先 生 生 四 男 長 子 總 莫 明 德 己 丑 科 進 及 第 仕 至 東 閣 大 𭓇 士 次 子 縉 莫 大 正 己 未 科 同 進 士 仕 至 刑 部 尚 書 茶 郡 公 陣 亡 岳 有 詠 史 帝 王 唐 律 詩 集 行 于 世 ] . [48a*4*16]\nKhiển Lại bộ thượng thư Lê Sạn dụ tế cố đô ngự sử Đỗ Nhạc tịnh tứ điếu uý tiền nhất bách quán [Nhạc Văn Giang, Lại Ốc nhân, tự Đôn Chính, thuỵ Văn Tiết, hiệu Nghĩa Sơn tiên sinh. Sinh tứ nam, trưởng tử Tổng, Mạc Minh Đức Kỷ Sửu khoa tiến cập đệ, sĩ chí Đông các đại học sĩ; thứ tử Tấn, Mạc Đại Chính, Kỷ Mùi khoa đồng tiến sĩ, sĩ chí HÌnh bộ thượng thư Trà Quận công trận, vong. Nhạc hữu Vịnh sử Đế vương đường luật thi tập hành vu thế ].\n己 卯 四 年 明 政 德 十 四 年 ] . [48a*9*1]\nKỉ Mão, tứ niên [Minh Chính Đức thập tứ niên].\n春 正 月 帝 在 菩 提 行 營 . [48a*9*11]\nXuân, chính nguyệt, đế tại Bồ Đề hành dinh.\n鄭 綏 作 . [48a*9*20]\nTrịnh Tuy tác..\n",
    "url": "/data/image_dvsk/ban_ky_thuc_luc/quyen15/DVSKTT_ban_thuc_XV_48a.jpg"
  },
  {
    "text": "浮 橋 進 兵 半 渡 挑 戦 . [48b*1*1]\nphù kiều tiến binh bán độ khiêu chiến.\n帝 遣 大 將 攻 破 之 斷 浮 橋 斬 得 賊 将 梅 陽 伯 . [48b*1*9]\nĐế khiển đại tướng công phá chi, đoạn phù kiều, trảm đắc tặc tướng Mai Dương bá.\n綏 𭁈 黎 󰥣 退 㱕 安 朗 安 樂 地 方 . [48b*2*8]\nTuy dữ Lê Do thoái quy Yên Lãng, Yên Lạc địa phương.\n帝 又 命 將 征 之 綏 等 夜 驚 遂 遁 走 . [48b*3*2]\nĐế hựu mệnh tương chinh chi, Tuy đẳng dạ kinh toại độn tẩu.\n二 月 初 二 日 勅 旨 傳 中 書 寫 勅 命 誥 命 有 姓 名 奉 寫 尚 寶 奉 用 寶 . [48b*4*1]\nNhị nguyệt, sơ nhị nhật, sắc chỉ truyền Trung thư tả sắc mệnh, cáo mệnh hữu tính danh, phụng tả thượng bảo phụng dụng bảo.\n三 月 至 四 月 天 大 暑 損 禾 米 貴 . [48b*5*8]\nTam nguyệt chí tứ nguyệt, thiên đại thử, tổn hoà mễ quý.\n太 原 宣 光 源 頭 咤 賊 作 亂 劫 擄 人 民 妻 子 財 物 . [48b*6*3]\nThái Nguyên, Tuyên Quang nguyên đầu trá tặc tác loạn, kiếp lỗ nhân dân thê tử tài vật.\n以 東 閣 校 書 阮 貴 雅 為 東 各 𭓇 士 . [48b*8*1]\nDĩ Đông các hiệu thư Nguyễn Quý Nhã vi Đông các học sĩ.\n下 五 月 咤 賊 眾 潰 . [48b*9*1]\nHạ, ngũ nguyệt, trá tặc chúng hội.\n時 直 大 雨 咤 屯 于 泥 淤 之 地 . [48b*9*8]\nThời trực đại vũ, trá đồn vu nê ứ chi địa,..\n",
    "url": "/data/image_dvsk/ban_ky_thuc_luc/quyen15/DVSKTT_ban_thuc_XV_48b.jpg"
  },
  {
    "text": "九 月 二 十 日 帝 還 京 大 赦 賜 覃 恩 陞 一 級 封 莫 . [49a*9*1]\nCửu nguyệt, nhị thập nhật, đế hoàn kinh, đại xá, tứ đàm ân, thăng nhất cấp, phong Mạc..\n自 是 眾 心 離 沮 無 有 鬪 志 軍 遂 潰 . [49a*1*1]\ntự thị chúng tâm li tự vô hữu đấu, chí quân toại hội.\n秋 七 月 大 雨 . [49a*2*1]\nThu, thất nguyệt, đại vũ.\n命 莫 登 庸 提 統 水 步 諸 軍 圍 黎 󰥣 於 慈 廉 因 决 水 入 黎 󰥣 軍 . [49a*2*6]\nMệnh Mạc Đăng Dung đề thống thuỷ bộ chư quân vi Lê Do ư Từ Liêm nhân, quyết thuỷ nhập Lê Do quân.\n󰥣 與 阮 瑡 等 走 至 寧 山 [ 即 今 之 安 山 也 ] 官 軍 獲 之 載 㱕 以 徇 瑡 當 徇 時 有 詩 云 本 欲 𭁈 周 救 萬 民 誰 知 天 意 不 隋 人 . [49a*3*10]\nDo dữ Nguyễn Sư đẳng tẩu chí Ninh Sơn [Tức kim chi Yên Sơn dã] quan quân hoạch chi, tải quy dĩ tuẫn, Sư đương tuẫn thời hữu thi vân: Bản dục hưng Chu cứu vạn dân, Thuỳ tri thiên ý bất tuỳ nhân.\n烏 江 水 闊 難 東 度 赤 壁 風 髙 易 北 焚 . [49a*5*15]\nÔ giang thuỷ khoát nan Đông độ, Xích Bích phong cao dị bắc phần.\n雲 暗 寧 山 龍 去 遠 月 明 福 地 鶴 來 頻 . [49a*6*11]\nVân ám Ninh Sơn long khứ viễn, Nguyệt minh phúc địa hạc lai tần.\n英 䧺 成 敗 古 來 有 但 恨 平 生 志 未 伸 [ 瑡 安 縣 人 ] . [49a*7*7]\nAnh hùng thành bại cổ lai hữu, Đán hận bình sinh chí vị thân [Sư Yên huyện nhân].\n",
    "url": "/data/image_dvsk/ban_ky_thuc_luc/quyen15/DVSKTT_ban_thuc_XV_49a.jpg"
  },
  {
    "text": "登 庸 為 明 郡 公 . [49b*1*1]\nĐăng Dung vi Minh Quận công.\n以 東 閣 𭓇 士 阮 貴 雅 為 吏 部 左 侍 郎 . [49b*1*7]\nDĩ Đông các học sĩ Nguyễn Quý Nhã vi Lại bộ tả thị lang.\n庚 辰 五 年 明 正 德 十 五 年 ] . [49b*3*1]\nCanh Thìn ngũ niên [Minh Chính Đức Thập ngũ niên].\n春 正 月 命 莫 登 庸 節 制 各 處 水 步 諸 營 以 范 嘉 謨 賛 理 軍 務 . [49b*3*11]\nXuân, chính nguyệt, mệnh Mạc Đăng Dung tiết chế các xứ thuỷ bộ chư dinh, dĩ Phạm Gia Mô tán lí quân vụ.\n是 時 武 嚴 威 起 兵 於 场 伸 大 同 属 宣 光 ] 帝 命 瓊 溪 侯 武 護 領 軍 討 之 . [49b*5*1]\nThị thời, Vũ Nghiêm Uy khởi binh ư Trường Thân, Đại Đồng [Thuộc Tuyên Quang ], đế mệnh Quỳnh Khê hầu Vũ Hộ lĩnh quân thảo chi.\n以 范 謙 柄 賛 理 軍 務 . [49b*6*8]\nDĩ Phạm Khiêm Bính tán lí quân vụ.\n以 武 睿 為 少 保 吏 部 尚 書 兼 東 閣 大 𭓇 士 入 侍 經 筵 . [49b*6*16]\nDĩ Vũ Duệ vi Thiếu bảo Lại bộ thượng thư kiêm Đông các đại học sĩ nhập thị kinh diên.\n以 吏 部 左 侍 郎 阮 貴 雅 為 御 史 󰱑 都 御 史 . [49b*8*1]\nDĩ Lại bộ tả thị lang Nguyễn Quý Nhã vi Ngự sử đài đô ngự sử.\n夏 四 月 會 試 天 下 士 人 取 阮 弼 等 十 四 人 弼 [ 乂 安 人 . [49b*9*1]\nHạ, tứ nguyệt, hội thí thiên hạ sĩ nhân, thủ Nguyễn Bật đẳng thập tứ nhân [Bật Nghệ An nhân]..\n",
    "url": "/data/image_dvsk/ban_ky_thuc_luc/quyen15/DVSKTT_ban_thuc_XV_49b.jpg"
  },
  {
    "text": "廷 試 同 進 士 出 身 ] . [50a*1*1]\nĐình thí đồng tiến sĩ xuất thân ].\n及 廷 試 上 親 策 抆 以 人 才 賜 阮 泰 拨 第 二 甲 進 士 出 身 泰 拨 錦 江 平 浪 社 人 有 節 義 ] 鄧 公 瓚 阮 弼 等 十 三 名 第 三 甲 同 進 士 出 身 . [50a*1*9]\nCập Đình thí, thượng thân sách vấn, dĩ nhân tài, tứ Nguyễn Thái Bạt đệ nhị giáp tiến sĩ xuất thân [Thái Bạt Cẩm Giang, Bình Lãng, xã nhân hữu tiết nghĩa ], Đặng Công Toản, Nguyễn Bật đẳng thập tam danh đệ tam giáp đồng tiến sĩ xuất thân.\n命 禮 部 尚 書 兼 史 官 副 總 裁 知 昭 文 舘 秀 林 局 鄧 鳴 謙 𢮪 大 越 歷 代 史 記 鳴 謙 山 圍 圍 自 号 脱 軒 先 越 鑑 詠 史 詩 集 行 于 世 . [50a*3*13]\nMệnh Lễ bộ thượng thư kiêm sử quan phó tổng tài tri Chiêu Văn quán Tú lâm cục Đặng Minh Khiêm soạn Đại Việt lịch đại sử ký [Minh Khiêm Sơn Vi Vi tự hiệu Thoát Hiên tiên Việt giám vịnh sử thi tập hành vu thế ].\n生 以 阮 有 嚴 掌 翰 林 院 事 . [50a*5*26]\nsinh Dĩ Nguyễn Hữu Nghiêm chưởng Hàn lâm viện sự.\n賜 少 保 吏 部 尚 書 兼 東 閣 大 𭓇 士 入 侍 經 筵 武 睿 貞 懿 功 臣 . [50a*6*9]\nTứ Thiếu bảo Lại bộ thượng thư kiêm Đông các đại học sĩ nhập thị kinh diên Vũ Duệ Trinh ý công thần.\n六 月 順 化 處 土 酋 逐 總 兵 使 端 良 伯 范 文 訓 掠 其 妻 子 財 物 . [50a*8*1]\nLục nguyệt, Thuận Hoá xứ thổ tù trục tổng binh sứ Đoan Lương bá Phạm Văn Huấn, lược kì thê tử, tài vật.\n時 文 訓 多 率 子 弟 從 行 易 置 衛 所 . [50a*9*6]\nThời Văn Huấn đa suất tử đệ tòng hành, dị trí vệ sở..\n",
    "url": "/data/image_dvsk/ban_ky_thuc_luc/quyen15/DVSKTT_ban_thuc_XV_50a.jpg"
  },
  {
    "text": "官 攬 擾 其 民 并 私 殺 丹 田 縣 武 舍 安 傳 等 社 土 酋 胡 伯 光 等 四 人 . [50b*1*1]\nquan lãm nhiễu kì dân, tịnh tư sát Đan Điền huyện, Vũ Xá, An Truyền đẳng xã Thổ tù Hồ Bá Quang Đẳng tứ nhân.\n以 故 伯 光 子 弟 率 本 處 四 千 餘 人 逼 圍 其 城 逐 文 訓 . [50b*2*8]\nDĩ cố Bá Quang tử đệ suất bản xứ tứ thiên dư nhân bức vi kì thành trục Văn Huấn.\n文 訓 棄 妻 子 迯 出 新 平 地 方 . [50b*3*10]\nVăn Huấn khí thê tử đào xuất Tân Bình địa phương.\n行 順 化 承 宣 使 范 謙 柄 憲 察 使 吳 光 祖 等 𭁈 文 訓 妻 子 俱 承 船 遁 被 本 處 民 盡 掠 取 文 訓 船 財 物 并 妻 子 固 要 謙 柄 光 祖 船 逼 令 還 任 . [50b*4*3]\nHành Thuận Hoá Thừa tuyên sứ Phạm Khiêm Bính, Hiến sát sứ Ngô Quang Tổ đẳng dữ Văn Huấn thê tử cụ thừa thuyền độn, bị bản xứ dân tận lược thủ Văn Huấn thuyền tài vật tịnh thê tử, cố yếu Khiêm Bính, Quang Tổ thuyền bức lệnh hoàn nhiệm.\n後 二 月 帝 命 蔡 憼 [ 音 景 ] 代 謙 柄 為 順 化 承 政 使 . [50b*6*18]\nHậu nhị nguyệt, đế mệnh Sái Cảnh [âm cảnh] đại Khiêm Bính vi Thuận Hoá Thừa chính sứ.\n謙 柄 等 由 是 始 得 還 . [50b*7*18]\nKhiêm Bính đẳng do thị thuỷ đắc hoàn.\n秋 閏 八 月 二 十 三 日 贈 杜 岳 為 少 保 尚 書 御 史 . [50b*9*1]\nThu, nhuận, bát nguyệt, nhị thập tam nhật, tặng Đỗ Nhạc vi Thiếu bảo Thượng thư, Ngự sử..\n",
    "url": "/data/image_dvsk/ban_ky_thuc_luc/quyen15/DVSKTT_ban_thuc_XV_50b.jpg"
  },
  {
    "text": "󰱑 都 御 史 文 貞 伯 謚 文 節 . [51a*1*1]\nđài đô ngự sử Văn Trinh bá, thuỵ Văn Tiết.\n以 御 史 󰱑 僉 都 御 史 阮 荗 為 副 都 御 史 阮 貴 雅 為 吏 部 尚 書 陪 侍 經 筵 . [51a*1*11]\nDĩ Ngự sử đài thiêm đô ngự sử Nguyễn Mậu vi phó đô ngự sử, Nguyễn Quý Nhã vi Lại bộ thượng thư bồi thị kinh diên.\n辛 卯 六 年 [ 明 政 德 十 六 年 ] . [51a*4*1]\nTân Mão lục niên [Minh Chính Đức thập lục niên].\n春 封 莫 登 庸 為 仁 國 公 節 制 十 三 道 水 步 諸 營 . [51a*4*11]\nXuân phong Mạc Đăng Dung vi Nhân quốc công tiết chế thập tam đạo thuỷ bộ chư dinh.\n以 范 謙 柄 為 禮 部 尚 書 參 預 朝 政 . [51a*5*7]\nDĩ Phạm Khiêm Bính vi Lễ bộ thượng thư tham dự triều chính.\n三 月 十 四 日 明 武 宗 毅 皇 帝 崩 無 嗣 . [51a*6*3]\nTam nguyệt, thập tứ nhật, Minh Vũ Tông Nghị hoàng đế băng, vô tự.\n慈 壽 皇 太 后 定 議 遵 祖 訓 兄 終 弟 及 之 㫖 為 遺 詔 遣 文 武 大 臣 迎 廣 嗣 厚 熄 於 興 邸 入 繼 大 統 以 四 月 二 十 二 日 即 皇 帝 位 . [51a*6*17]\nTừ Thọ Hoàng thái hậu định nghị tuân tổ huấn, huynh chung đệ cập chi chỉ vi di chiếu, khiển văn võ đại thần nghinh quảng tự Hậu Tức ư Hưng Để nhập kế đại thống, dĩ tứ nguyệt, nhị thập nhị nhật, tức hoàng đế vị.\n大 赦 . [51a*9*11]\nĐại xá.\n以 明 年 爲 嘉 靖 . [51a*9*13]\nDĩ Minh niên vi Gia Tĩnh..\n",
    "url": "/data/image_dvsk/ban_ky_thuc_luc/quyen15/DVSKTT_ban_thuc_XV_51a.jpg"
  },
  {
    "text": "元 年 . [51b*1*1]\nnguyên niên.\n夏 四 月 十 七 日 立 洪 順 六 年 甲 戌 科 進 士 碑 . [51b*2*1]\nHạ, tứ nguyệt, thập thất nhật, lập Hồng Thuận lục niên, Giáp Tuất khoa tiến sĩ bi.\n命 少 保 賴 部 尚 書 東 各 大 𭓇 士 入 侍 經 筵 武 睿 撰 記 中 書 監 典 書 朱 廷 寶 書 金 光 門 待 詔 范 德 貌 篆 . [51b*2*18]\nMệnh Thiếu bảo Lại bộ thượng thư Đông các đại học sĩ nhập thị kinh diên vũ duệ soạn kí, Trung thư giám điển thư Chu Đình Bảo thư, Kim Quang môn đãi chiếu Phạm Đức Mạo triện.\n按 武 睿 記 云 洪 順 六 年 甲 戌 科 進 士 其 恩 榮 次 第 一 遵 明 例 春 官 請 刻 碑 立 于 太 𭓇 以 垂 永 久 . [51b*5*1]\nÁn Vũ Duệ ký vân: Hồng Thuận lục niên, Giáp Tuất khoa tiến sĩ kì ân vinh thứ đệ nhất tuân Minh lệ, xuân quan thỉnh khắc bi lập vu Thái học dĩ thuỳ vĩnh cửu.\n適 属 厄 運 兵 戈 倥 偬 題 名 之 事 未 及 竣 集 . [51b*7*3]\nThích thuộc ách vận, binh qua không hốt, đề danh chi sự vị cập thuyên tập.\n陛 下 業 荗 中 興 功 光 前 烈 緝 熙 聖 𭓇 而 涵 泳 道 源 皷 舞 化 機 而 作 新 文 治 . [51b*8*2]\nBệ hạ nghiệp mậu trung hưng, công quang tiền liệt, tập hi thánh học nhi hàm vịnh đạo nguyên, cổ vũ hoá cơ nhi tác tân văn trị.\n戊 寅 年 春 既 . [51b*9*13]\nMậu Dần niên xuân, kí..\n",
    "url": "/data/image_dvsk/ban_ky_thuc_luc/quyen15/DVSKTT_ban_thuc_XV_51b.jpg"
  },
  {
    "text": "臨 軒 而 策 士 . [52a*1*1]\nlâm hiên nhi sách sĩ.\n庚 辰 年 夏 又 制 󰁮 而 收 賢 . [52a*1*6]\nCanh Thìn niên hạ, hựu chế cử nhi thu hiền.\n迄 于 辛 巳 又 立 甲 戌 題 名 碑 以 僃 缺 典 以 昭 激 勸 . [52a*1*16]\nNgật vu Tân Tị, hựu lập Giáp Tuất đề danh bi dĩ bị khuyết điển, dĩ chiêu khích khuyến.\n何 莫 非 聖 上 隆 儒 盛 意 之 所 運 用 乎 且 是 科 進 士 素 已 隨 其 噐 使 咸 在 庶 僚 或 奉 羈 勒 於 患 難 之 秋 或 賛 秘 畫 於 治 平 之 祭 或 脩 政 立 事 或 視 草 演 綸 其 操 履 才 䏻 亦 可 槩 . [52a*3*1]\nHà mạc phi thánh thượng long nho thịnh ý chi sở vận dụng hồ? Thả thị khoa tiến sĩ tố dĩ tuỳ kì khí sử hàm tại thứ liêu, hoặc phụng ký lặc ư hoạn nạn chi thu, hoặc tán bí hoạ ư trị bình chi tế, hoặc tu chính lập sự, hoặc thị thảo diễn luân kì tháo phúc tài năng diệc khả khái.\n見 迺 今 再 蒙 粉 飭 其 感 激 之 心 . [52a*6*15]\nKiến nãi kim tái mông phấn sức, kì cảm kích chi tâm.\n當 何 如 耶 必 精 白 承 休 必 始 終 圖 報 . [52a*7*10]\nĐương hà như da tất tinh bạch thừa hưu,, tất thuỷ chung đồ báo.\n先 噐 職 而 後 才 藝 先 德 行 而 後 文 章 . [52a*8*7]\nTiên khí chức nhi hậu tài nghệ, tiên đức hạnh nhi hậu văn chương.\n爲 景 星 慶 雲 以 瑞 爲 時 為 渾 金 璞 玉 . [52a*9*4]\nVi cảnh tinh, khánh vân, dĩ thuỵ vi thời, vi hồn kim phác ngọc..\n",
    "url": "/data/image_dvsk/ban_ky_thuc_luc/quyen15/DVSKTT_ban_thuc_XV_52a.jpg"
  },
  {
    "text": "以 寶 於 世 為 干 将 鏌 鎁 以 平 僣 亂 為 楩 楠 杞 梓 以 壯 棟 梁 為 菽 栗 布 帛 以 濟 民 生 為 參 苓 芝 术 以 壽 國 脉 使 治 躋 熙 暭 而 措 天 下 於 泰 山 磐 石 之 安 方 為 上 不 負 聖 德 之 所 褒 下 不 負 平 生 之 所 𭓇 . [52b*1*1]\ndĩ bảo ư thế; vi Can Tương, Mạc Da dĩ bình tiếm loạn, vi biền nam kỷ tử dĩ tráng đống lương; vi thúc lật bố bạch dĩ tế dân sinh, vi tham linh chi thuật dĩ thọ quốc mạch, sử trị tê hi hạo nhi thố thiên hạ ư Thái Sơn bàn thạch chi an, phương vi thượng bất phụ thánh đức chi sở bao, hạ bất phụ bình sinh chi sở học.\n斯 功 名 事 業 垂 堅 珉 於 不 朽 矣 . [52b*5*7]\nTư công danh sự nghiệp thuỳ kiên mân ư bất hủ hĩ.\n儻 或 不 然 則 賢 否 忠 邪 之 迹 是 非 得 失 之 分 𡸈 容 揜 哉 . [52b*6*2]\nThảng hoặc bất nhiên tắc hiền phủ trung tà chi tích, thị phi đắc thất chi phân, khởi dung yểm tai?.\n秋 七 月 帝 幸 莫 登 庸 邸 加 封 太 傅 . [52b*8*1]\nThu, thất nguyệt, đế hạnh Mạc Đăng Dung để, gia phong thái phó.\n八 月 帝 幸 瓊 雲 殿 尉 勞 莫 登 庸 及 諸 将 士 往 京 北 諒 源 地 . [52b*8*14]\nBát nguyệt, đế hạnh Quỳnh Vân điện, uý lạo Mạc Đăng Dung cập chư tướng sĩ vãng Kinh Bắc, Lạng Nguyên địa..\n",
    "url": "/data/image_dvsk/ban_ky_thuc_luc/quyen15/DVSKTT_ban_thuc_XV_52b.jpg"
  },
  {
    "text": "方 搜 捕 陳 昇 . [53a*1*1]\nphương sưu bổ Trần Cung.\n九 月 勑 諭 莫 登 庸 及 諸 營 将 士 等 朕 聞 為 國 除 兇 蹈 危 履 險 将 軍 之 責 也 . [53a*1*6]\nCửu nguyệt, sắc dụ Mạc Đăng Dung cập chư doanh tướng sĩ đẳng: \"Trẫm văn vị quốc trừ hung đạo nguy lí hiểm tướng quân chi trách dã.\n故 齊 田 單 冐 矢 石 而 狄 人 下 . [53a*2*17]\nCố Tề Điền Đan mạo thỉ thạch nhi Địch nhân hạ.\n唐 李 愬 衝 風 雪 而 淮 蔡 平 是 皆 衛 社 稷 有 大 勳 勞 於 天 下 . [53a*3*10]\nĐường Lí tố xung phong tuyết nhi Hoài Sái bình thị giai vệ xã tắc hữu đại huân lao ư thiên hạ.\n卿 朕 之 所 倚 賴 今 逆 昇 啸 俱 餘 黨 窃 據 諒 源 地 方 朝 廷 命 卿 為 都 将 節 制 天 下 水 步 諸 營 分 道 進 討 能 跋 涉 山 川 衝 冐 風 雨 破 逆 賊 於 鳳 眼 保 祿 等 縣 燒 毀 賊 營 斬 得 賊 馘 生 擒 賊 俘 . [53a*4*14]\nKhanh trẫm chi sở ỷ lại, kim nghịch Cung khiếu cụ dư đảng thiết cứ Lạng Nguyên địa phương triều đình mệnh khanh vi đô tướng, tiết chế thiên hạ thuỷ bộ chư dinh, phân đạo tiến thảo năng bạt thiệp sơn xuyên, xung mạo phong vũ phá nghịch tặc ư Phượng Nhãn, Bảo Lộc đẳng huyện, thiêu huỷ tặc dinh, trảm đắc tặc quắc, sinh cầm tặc phù.\n凣 所 經 過 秋 毫 無 犯 各 社 居 民 並 已 首 服 捷 書 屢 奏 朕 甚 嘉 焉 . [53a*8*11]\nPhàm sở kinh quá, thu hào vô phạm các xã cư dân, tịnh dĩ thủ phục, tiệp thư lũ tấu, trẫm thậm gia yên.\n特 差 . [53a*9*17]\nĐặc sai..\n",
    "url": "/data/image_dvsk/ban_ky_thuc_luc/quyen15/DVSKTT_ban_thuc_XV_53a.jpg"
  },
  {
    "text": "少 保 兵 部 尚 書 錦 山 侯 黎 叔 祐 司 禮 監 總 太 監 兼 村 用 庫 事 黎 快 左 侍 郎 東 各 大 學 士 阮 綗 賫 勅 諭 慰 勞 卿 及 諸 營 将 士 并 有 銀 子 一 百 兩 付 卿 隨 宜 賞 賜 有 功 . [53b*1*1]\nThiếu bảo Binh bộ thượng thư Cẩm Sơn hầu Lê Thúc Hựu, Tư lễ giám tổng thái giám kiêm thôn dụng khố sự Lê Khoái, Tả thị lang Đông các Đại học sĩ Nguyễn Quýnh tê sắc dụ uý lạo khanh cập chư doanh tướng sĩ, tịnh hữu ngân tử nhất bách lượng phó khanh, tuỳ nghi thưởng tứ hữu công.\n勅 至 卿 當 體 朕 意 以 忠 義 激 將 士 同 心 恊 力 議 策 搜 捕 要 得 逆 昇 正 身 脅 從 者 一 切 不 問 . [53b*4*8]\nSắc chí, khanh đương thể trẫm ý, dĩ trung nghĩa khích tướng sĩ đồng tâm hiệp lực, nghị sách sưu bổ yếu đắc nghịch Củng, chính thân hiếp tòng giả nhất thiết bất vấn.\n俾 積 年 通 迯 之 㓂 巢 穴 掃 空 一 方 塗 炭 之 民 按 堵 如 故 以 通 侠 道 以 則 圖 功 則 卿 之 勳 名 垂 於 宇 宙 山 河 帶 礪 之 盟 愛 及 苗 裔 永 世 無 窮 矣 . [53b*6*6]\nTỉ tích niên thông đào chi khấu, sào huyệt tảo không; nhất phương đồ thán chi dân án đổ như cố, dĩ thông hiệp đạo, dĩ tắc đồ công, tắc khanh chi huân danh thuỳ ư vũ trụ sơn, hà đái lệ chi minh ái, cập miêu duệ vĩnh thế vô cùng hĩ.\n是 時 官 軍 進 至 諒 原 等 地 方 昇 等 並 . [53b*9*5]\nThị thời, quan quân tiến chí Lạng Nguyên đẳng địa phương, Cung đẳng tịnh..\n",
    "url": "/data/image_dvsk/ban_ky_thuc_luc/quyen15/DVSKTT_ban_thuc_XV_53b.jpg"
  },
  {
    "text": "走 捕 得 昇 妻 𭁈 女 誅 之 . [54a*1*1]\ntẩu, bổ đắc Cung thê dữ nữ tru chi.\n㫒 走 入 七 原 州 [ 一 云 㫒 走 亡 入 明 國 後 檻 送 京 師 ] . [54a*1*10]\nCung tẩu nhập thất nguyên châu [Nhất vân Cung tẩu vong nhập Minh quốc hậu giám tống Kinh sư ].\n壬 午 七 年 [ 八 月 以 後 附 恭 皇 統 元 元 年 明 世 宗 嘉 靜 元 年 ] . [54a*3*1]\nNhâm Ngọ thất niên [Bát nguyệt, dĩ hậu phụ Cung Hoàng Thống Nguyên nguyên niên, Minh thế Tông Gia Tĩnh nguyên niên].\n春 正 月 明 遣 翰 林 院 編 脩 孫 承 恩 給 事 中 俞 󰦛 來 諭 嘉 靜 皇 帝 即 位 . [54a*3*23]\nXuân, chính nguyệt, Minh khiển Hàn lâm viện biên tu Tôn Thừa Ân, Cấp sự trung Du Đôn lai dụ Gia Tĩnh Hoàng Đế tức vị.\n會 國 亂 承 恩 等 不 得 達 至 . [54a*5*3]\nHội quốc loạn, Thừa Ân đẳng bất đắc đạt chí.\n癸 未 年 承 恩 還 太 平 府 󰦛 道 卒 . [54a*5*13]\nQuý Mùi niên, Thừa Ân hoàn Thái Bình phủ, Đôn đạo tốt.\n夏 四 月 二 十 日 京 城 盗 𭛁 燒 燬 畿 内 庯 舍 . [54a*7*1]\nHạ, tứ nguyệt, nhị thập nhật, Kinh thành đạo phát, thiêu huỷ kì nội phố xá.\n帝 命 東 郡 公 莫 橛 廣 郡 公 喬 文 琨 𭁈 諸 将 入 侍 宿 衛 . [54a*7*17]\nĐế mệnh Đông quận công Mạc Quyết, Quảng Quận công Kiều Văn Côn dữ chư tướng nhập thị túc vệ.\n橛 文 琨 等 奏 請 許 弟 子 列 奇 在 城 外 京 畿 乃 得 . [54a*9*1]\nQuyết, Văn Côn đẳng tấu thỉnh hứa đệ tử liệt kì tại thành ngoại, Kinh kì nãi đắc..\n",
    "url": "/data/image_dvsk/ban_ky_thuc_luc/quyen15/DVSKTT_ban_thuc_XV_54a.jpg"
  },
  {
    "text": "息 . [54b*1*1]\ntức.\n寶 川 侯 黎 克 綱 良 富 侯 黎 伯 孝 等 作 乱 稱 兵 於 東 岸 嘉 林 地 方 . [54b*1*2]\nBảo Xuyên hầu Lê Khắc Cương, Lương Phú hầu Lê Bá Hiếu đẳng tác loạn, xưng binh ư Đông Ngàn, Gia Lâm địa phương.\n莫 登 庸 親 率 諸 将 討 之 不 克 . [54b*2*9]\nMạc Đăng Dung thân suất chư tướng thảo chi, bất khắc.\n副 提 領 四 城 軍 務 鄒 山 伯 黎 壽 死 于 陣 . [54b*3*2]\nPhó đề lĩnh tứ thành quân vụ Trâu Sơn bá Lê Thọ tử vu trận.\n後 伯 孝 兵 敗 竄 于 諒 源 被 擒 送 京 師 . [54b*3*17]\nHậu Bá Hiếu binh bại, thoán vu Lạng Nguyên, bị cầm tống Kinh sư.\n初 伯 孝 居 鄕 里 人 以 為 善 及 就 擒 鄕 村 老 幼 當 五 十 餘 人 詣 闕 乞 贖 罪 . [54b*4*13]\nSơ Bá Hiếu cư hương lí nhân dĩ vi thiện, cập tựu cầm hương thôn lão ấu đương ngũ thập dư nhân nghệ khuyết khất thục tội.\n不 許 殺 於 東 市 梟 首 三 日 . [54b*6*4]\nBất hứa, sát ư Đông thị, kiêu thủ tam nhật.\n秋 七 月 二 十 七 日 帝 幸 于 山 西 明 義 縣 . [54b*6*14]\nThu, thất nguyệt, nhị thập thất nhật, đế hạnh vu Sơn Tây, Minh Nghĩa huyện.\n時 莫 登 庸 威 權 日 重 眾 心 㱕 向 . [54b*7*11]\nThời Mạc Đăng Dung uy quyền nhật trọng, chúng tâm quy hướng.\n以 假 女 侍 帝 名 雖 進 奉 實 則 伺 守 . [54b*8*5]\nDĩ giả nữ thị đế, danh tuy tiến phụng, thực tắc tứ thủ.\n又 令 長 子 登 嬴 為 毓 羙 侯 掌 金 光 殿 . [54b*8*18]\nHựu lệnh trưởng tử Đăng Doanh vi Dục Mĩ hầu, chưởng Kim Quang điện.\n登 庸 步 行 則 . [54b*9*14]\nĐăng Dung bộ hành tắc..\n",
    "url": "/data/image_dvsk/ban_ky_thuc_luc/quyen15/DVSKTT_ban_thuc_XV_54b.jpg"
  },
  {
    "text": "鳳 盖 鎖 金 水 行 則 龍 舟 引 䌫 出 入 宫 禁 無 所 忌 惮 . [55a*1*1]\nphượng cái toả kim, thuỷ hành tắc long chu dẫn lãm, xuất nhập cung cấm vô sở kị đạn.\n并 殺 署 衛 阮 構 都 力 士 明 山 伯 阮 壽 及 覃 󰁮 等 . [55a*2*2]\nTịnh sát thự vệ Nguyễn Cấu, Đô lực sĩ Minh Sơn bá Nguyễn Thọ, cập Đàm Cử đẳng.\n帝 陰 𭁈 范 献 范 恕 等 謀 命 人 賫 密 詔 於 西 京 使 鄭 綏 迎 援 . [55a*3*2]\nĐế âm dữ Phạm Hiến, Phạm Thứ đẳng mưu mệnh nhân tê mật chiếu ư Tây Kinh sử Trịnh Tuy nghinh viện.\n乃 於 二 十 七 夜 二 更 献 恕 等 入 侍 宴 奉 帝 出 外 皇 太 后 𭁈 弟 椿 不 預 知 . [55a*4*6]\nNãi ư nhị thập thấtm dạ nhị canh, Hiến, Thứ đẳng nhập thị yến phụng đế xuất ngoại, Hoàng thái hậu dữ đệ Xuân bất dự tri.\n帝 幸 山 西 明 義 縣 夢 山 . [55a*5*15]\nĐế hạnh Sơn Tây, Minh Nghĩa huyện, Mộng Sơn.\n明 日 登 庸 知 之 以 兵 邀 截 要 害 各 處 . [55a*6*6]\nMinh nhật, Đăng Dung tri chi, dĩ binh yêu tiệt yếu hại các xứ.\n二 十 八 日 登 庸 張 旗 於 京 城 令 各 坊 庯 舍 無 得 驚 疑 . [55a*7*2]\nNhị thập bát nhật, Đăng Dung trương kì ư Kinh thành, lệnh các phường phố xá vô đắc kinh nghi.\n又 使 黄 維 岳 等 以 兵 馬 追 帝 及 於 石 室 . [55a*8*4]\nHựu sử Hoàng Duy Nhạc đẳng dĩ binh mã truy đế, cập ư Thạch Thất.\n帝 以 石 室 兵 拒 之 捉 得 維 岳 . [55a*9*1]\nĐế dĩ Thạch Thất binh cự chi, tróc đắc Duy Nhạc.\n是 日 登 庸 入 京 釋 . [55a*9*12]\nThị nhật, Đăng Dung nhập Kinh thích..\n",
    "url": "/data/image_dvsk/ban_ky_thuc_luc/quyen15/DVSKTT_ban_thuc_XV_55a.jpg"
  },
  {
    "text": "程 志 森 阮 時 雍 之 囚 . [55b*1*1]\nTrình Chí Sâm, Nguyễn Thì Ung chi tù.\n初 帝 以 二 人 附 登 庸 繋 之 於 瓊 雲 殿 未 及 殺 遂 幸 外 故 登 庸 釋 之 . [55b*1*9]\nSơ đế dĩ nhị nhân phụ Đăng Dung, hệ chi ư Quỳnh Vân điện, vị cập sát toại hạnh ngoại, cố Đăng Dung thích chi.\n時 帝 既 幸 外 登 庸 乃 𭁈 太 師 諒 國 公 黎 輔 羙 郡 公 黎 琱 錦 山 侯 黎 叔 祐 宏 禮 侯 范 嘉 謨 端 禮 侯 楊 金 鏕 瓊 溪 侯 武 護 楊 川 侯 阮 如 桂 共 謀 立 帝 弟 椿 . [55b*2*16]\nThời đế ký hạnh ngoại, Đăng Dung nãi dữ Thái sư Lượng quốc công Lê Phụ, Mĩ quận công Lê Chu, Cẩm Sơn hầu Lê Thúc Hựu, Hoằng Lễ hầu Phạm Gia Mô, Đoan Lễ hầu Dương Kim Lộc, Quỳnh Khê hầu Vũ Hộ, Dương Xuyên hầu Nguyễn Như Quế cộng mưu lập đế đệ Xuân.\n其 勅 諭 曰 予 德 宗 建 皇 帝 之 孫 明 宗 哲 皇 帝 之 第 二 子 光 紹 皇 帝 之 親 弟 . [55b*5*18]\nKì sắc dụ viết: Dư Đức Tông Kiến Hoàng đế chi tôn, Minh Tông Triết Hoàng đế chi đệ nhị tử, Quang Thiệu hoàng đế chi thân đệ.\n茲 以 光 紹 七 年 七 月 二 十 七 日 夜 時 光 紹 皇 尚 被 奸 人 脅 廷 于 外 朝 臣 太 師 諒 國 公 黎 輔 太 傅 仁 國 公 莫 登 庸 及 公 侯 . [55b*7*10]\nTư dĩ Quang Thiệu thất niên, thất nguyệt, nhị thập thất nhật, dạ thời, Quang Thiệu hoàng thượng bị gian nhân hiếp đình vu ngoại, triều thần thái sư Lượng Quốc công Lê Phụ, Thái phó Nhân quốc công Mạc Đăng Dung cập công hầu..\n",
    "url": "/data/image_dvsk/ban_ky_thuc_luc/quyen15/DVSKTT_ban_thuc_XV_55b.jpg"
  },
  {
    "text": "伯 駙 馬 都 尉 文 武 臣 僚 同 心 推 戴 謂 生 民 不 可 無 主 神 噐 不 可 久 虚 同 請 于 予 纂 承 大 統 . [56a*1*1]\nbá, phò mã đô uý, văn võ thần liêu, đồng tâm suy đái, vị sinh dân bất khả vô chủ, thần khí bất khả cửu hư, đồng thỉnh vu dư toản thừa đại thống.\n予 以 宗 社 生 民 之 故 義 不 容 辭 已 權 勾 當 宮 中 各 務 内 外 文 武 臣 僚 守 職 如 故 . [56a*2*17]\nDư dĩ tông xã sinh dân chi cố, nghĩa bất dung từ, dĩ quyền câu đương cung trung các vụ, nội ngoại văn võ thần liêu thủ chức như cố.\n護 衛 及 在 京 諸 營 将 士 嚴 加 宿 直 守 僃 如 法 . [56a*4*11]\nHộ vệ cập tại kinh chư dinh tướng sĩ, nghiêm gia túc trực, thủ bị như pháp.\n奉 天 府 及 各 府 縣 社 員 人 安 居 樂 業 以 保 生 全 之 福 . [56a*5*10]\nPhụng Thiên phủ cập các phủ huyện xã viên nhân an cư lạc nghiệp, dĩ bảo sinh toàn chi phúc.\n三 十 日 黎 琱 阮 如 桂 奉 春 幸 嘉 福 洪 市 遂 作 行 殿 仍 急 在 軍 民 築 錦 江 壘 以 自 守 . [56a*6*12]\nTam thập nhật, Lê Chu, Nguyễn Như Quế phụng Xuân hạnh Gia Phúc Hồng Thị, toại tác hành điện nhưng cấp tại quân dân trúc Cẩm Giàng luỹ dĩ tự thủ.\n北 江 副 都 将 福 山 伯 何 飛 鶽 平 湖 伯 嚴 伯 驥 福 源 伯 阮 熾 扶 興 伯 范 在 等 先 受 . [56a*8*7]\nBắc Giang phó đô tướng Phúc Sơn bá Hà Phi Chuẩn, Bình Hồ bá Nghiêm Bá Kí, Phúc Nguyên bá Nguyễn Xí, Phù Hưng bá Phạm Tại đẳng tiên thụ..\n",
    "url": "/data/image_dvsk/ban_ky_thuc_luc/quyen15/DVSKTT_ban_thuc_XV_56a.jpg"
  },
  {
    "text": "光 紹 帝 密 詔 并 撫 諭 文 乃 出 北 江 子 弟 各 駐 兵 於 東 岸 西 橋 江 臨 川 伯 譚 慎 徽 掌 翰 林 院 阮 有 嚴 楊 楷 皆 在 焉 . [56b*1*1]\nQuang Thiệu đế mật chiếu tịnh phủ dụ văn nãi xuất Bắc Giang tử đệ các trú binh ư Đông Ngàn Tây Kiều giang Lâm Xuyên bá Đàm Thận Huy chưởng Hàn lâm viện Nguyễn Hữu Nghiêm Dương Giai giai tại yên.\n登 庸 督 諸 将 𭁈 飛 鶽 等 相 持 . [56b*3*6]\nĐăng Dung đốc chư tướng dữ Phi Chuẩn đẳng tương trì.\n登 庸 诱 范 在 爲 嚮 道 . [56b*3*17]\nĐăng Dung dụ Phạm Tại vi hướng đạo.\n伯 驥 等 並 北 走 . [56b*4*7]\nBá Ký đẳng tịnh Bắc tẩu.\n時 文 臣 阮 秉 和 范 正 華 阮 拨 萃 褚 師 董 共 就 桂 陽 縣 覧 山 社 𭁈 范 謙 柄 謀 從 光 紹 帝 . [56b*4*13]\nThời, văn thần Nguyễn Bỉnh Hoà, Phạm Chính Hoa, Nguyễn Bạt Tuỵ, Chử Sư Đổng cộng tựu Quế Dương huyện, Lãm Sơn xã dữ Phạm Khiêm Bính mưu tòng Quang Thiệu Đế.\n見 謙 柄 已 在 飛 鶽 營 知 事 不 成 乃 共 來 謁 椿 . [56b*6*9]\nKiến Khiêm Bính dĩ tại Phi Chuẩn dinh, tri sự bất thành nãi cộng lai yết Xuân.\n八 月 朔 登 庸 𭁈 黎 輔 等 率 群 臣 共 奉 皇 弟 椿 即 皇 帝 位 . [56b*8*1]\nBát nguyệt, sóc, Đăng Dung dữ Lê Phụ đẳng suất quần thần cộng phụng hoàng đệ Xuân tức Hoàng đế vị.\n詔 曰 天 之 立 君 所 以 為 民 君 之 奉 天 . [56b*9*5]\nChiếu viết: Thiên chi lập quân sở dĩ vi dân, quân chi phụng thiên..\n",
    "url": "/data/image_dvsk/ban_ky_thuc_luc/quyen15/DVSKTT_ban_thuc_XV_56b.jpg"
  },
  {
    "text": "所 以 惠 民 . [57a*1*1]\nsở dĩ huệ dân.\n我 大 兄 光 紹 皇 上 祗 荷 天 休 丕 承 祖 烈 󰈫 亂 反 正 布 德 安 民 七 年 于 兹 . [57a*1*5]\nNgã đại huynh Quang Thiệu Hoàng thượng chi hà thiên, hưu phỉ thừa tổ, liệt bát loạn phản, chính bố đức, an dân, thất niên vu tư.\n今 年 七 月 二 十 七 日 夜 時 被 姦 人 脅 迁 于 外 . [57a*2*14]\nKim niên, thất nguyệt, nhị thập thất nhật, dạ thời, bị gian nhân hiếp, thiên vu ngoại.\n朝 臣 黎 輔 等 以 朕 明 宗 哲 皇 帝 之 第 二 子 光 紹 皇 上 之 親 弟 同 心 推 戴 再 三 勸 進 . [57a*3*13]\nTriều thần Lê Phụ đẳng dĩ trẫm Minh Tông Triết Hoàng Đế chi đệ nhị tử, Quang Thiệu Hoàng thượng chi thân đệ, đồng tâm suy đái tái tam khuyến tiến.\n朕 以 宗 社 生 民 之 仲 固 辭 弗 獲 乃 祗 告 宗 廟 以 今 年 撥 月 初 一 日 即 位 . [57a*5*8]\nTrẫm dĩ tông xã sinh dân chi trọng, cố từ phất hoạch, nãi chi cáo tông miếu, dĩ kim niên, bát nguyệt, sơ nhất nhật, tức vị.\n改 元 統 元 芫 年 大 赦 天 下 凣 三 十 二 條 . [57a*6*17]\nCải nguyên Thống Nguyên nguyên niên, đại xá thiên hạ, phàm tam thập nhị điều.\n初 十 日 統 元 帝 幸 海 陽 嘉 福 縣 福 延 社 檜 廟 又 幸 洪 市 遂 作 行 殿 于 縣 中 裝 載 城 中 府 庫 金 銀 錢 貨 全 㱕 . [57a*7*14]\nSơ thập nhật, Thống Nguyên Đế hạnh Hải Dương, Gia Phúc huyện, Phúc Diên xã, Cối Miếu, hựu hạnh Hồng Thị toại tác hành điện vu huyện trung, trang tải thành trung phủ khố kim ngân, tiền hoá, toàn quy..\n",
    "url": "/data/image_dvsk/ban_ky_thuc_luc/quyen15/DVSKTT_ban_thuc_XV_57a.jpg"
  },
  {
    "text": "之 . [57b*1*1]\nchi.\n十 一 日 光 紹 帝 自 夢 山 行 營 𭛁 還 京 城 駐 于 芒 山 社 . [57b*1*2]\nThập nhất nhật, Quang Thiệu Đế tự Mộng Sơn hành dinh phát hoàn Kinh thành, trú vu Mang Sơn xã.\n大 風 二 日 . [57b*2*5]\nĐại phong nhị nhật.\n吏 科 給 事 中 阮 克 綏 入 見 . [57b*2*9]\nLại khoa cấp sự trung Nguyễn Khắc Tuy nhập kiến.\n帝 命 力 士 斬 之 . [57b*3*1]\nĐế mệnh lực sĩ trảm chi.\n先 是 帝 召 克 綏 克 綏 見 帝 幸 外 不 肯 就 有 傲 色 . [57b*3*7]\nTiên thị, đế triệu Khắc Tuy, Khắc Tuy kiến đế hạnh ngoại, bất khẳng tựu, hữu ngạo sắc.\n至 是 入 見 故 斬 之 . [57b*4*7]\nChí thị, nhập kiến cố trảm chi.\n因 𤼵 行 過 恭 儉 江 橋 折 陷 江 中 黄 袍 乘 󰲛 並 湿 . [57b*4*14]\nNhân phát hành quá Cung Kiệm giang, kiều chiết, hãm giang trung, hoàng bào thừa dư tịnh thấp.\n命 拿 國 威 府 楊 廷 秀 等 責 以 假 作 橋 梁 之 故 後 又 放 之 . [57b*5*14]\nMệnh nã Quốc Oai phủ Dương Đình Tú đẳng trách, dĩ giả tác kiều lương chi cố, hậu hựu phóng chi.\n十 六 日 御 瑞 光 行 殿 臨 朝 百 官 四 方 響 應 . [57b*6*17]\nThập lục nhật, ngự Thuỵ Quang hành điện lâm triều, bách quan tứ phương hưởng ứng.\n臨 川 伯 譚 慎 徽 副 都 將 福 山 侯 何 飛 鶽 等 受 密 詔 㱕 北 江 起 兵 . [57b*7*14]\nLâm Xuyên bá Đàm Thận Huy, Phó đô tướng Phúc Sơn hầu Hà Phi Chuẩn đẳng thụ mật chiếu quy Bắc Giang khởi binh.\n又 有 王 潭 侯 黎 永 何 里 侯 黎 廣 等 來 見 . [57b*9*2]\nHựu hữu Vương Đàm hầu Lê Vĩnh, Hà Lí hầu Lê Quảng đẳng lai kiến.\n寧 川 . [57b*9*17]\nNinh Xuyên..\n",
    "url": "/data/image_dvsk/ban_ky_thuc_luc/quyen15/DVSKTT_ban_thuc_XV_57b.jpg"
  },
  {
    "text": "侯 黎 廷 秀 在 山 南 下 伴 亦 應 之 . [58a*1*1]\nhầu Lê Đình Tú tại Sơn Nam hạ bạn diệc ứng chi.\n復 令 廷 秀 湊 本 縣 并 所 属 諸 營 分 兵 鎮 守 於 𣾴 渡 寧 江 義 禮 等 社 要 害 處 . [58a*1*13]\nPhục lệnh Đình Tú tấu bản huyện tịnh sở thuộc chư dinh phân binh trấn thủ ư Bộc Độ, Ninh Giang, Nghĩa Lễ đẳng xã yếu hại xứ.\n後 為 登 庸 所 破 廷 秀 為 子 弟 所 捉 到 登 庸 營 仍 解 送 回 洪 市 在 行 殿 . [58a*3*5]\nHậu vị Đăng Dung sở phá, Đình Tú vị tử đệ sở tróc đáo Đăng Dung dinh, nhưng giải tống hồi Hồng Thị tại hành điện.\n統 元 帝 以 廷 秀 有 𦾔 勳 勞 止 令 絞 死 . [58a*4*13]\nThống Nguyên Đế dĩ Đình Tú hữu cựu Huân lao, chỉ lệnh giảo tử.\n光 紹 帝 遣 阮 敬 黎 永 嚴 伯 驥 喬 伯 謙 阮 熾 等 分 道 進 討 於 嘉 林 文 江 唐 豪 錦 江 良 才 嘉 定 等 縣 相 持 閲 月 勝 負 未 决 . [58a*5*9]\nQuang Thiệu Đế khiển Nguyễn Kính, Lê Vĩnh, Nghiêm Bá Kí, Kiều Bá Khiêm, Nguyễn Xí đẳng phân đạo tiến thảo ư Gia Lâm, Văn Giang, Đường Hào, Cẩm Giàng, Lương Tài, Gia Định đẳng huyện tương trì duyệt nguyệt thắng phụ vị quyết.\n時 光 紹 帝 在 瑞 光 行 殿 使 中 史 召 鄭 綏 於 清 華 往 返 凣 三 四 輩 . [58a*7*17]\nThời Quang Thiệu Đế tại Thuỵ Quang hành điện sử Trung sứ triệu Trịnh Tuy ư Thanh Hoa vãng phản phàm tam tứ bối.\n綏 見 帝 在 瑞 光 不 信 諸 將 信 任 群 小 . [58a*9*5]\nTuy kiến đế tại Thuỵ Quang, bất tín chư tướng, tín nhiệm quần tiểu..\n",
    "url": "/data/image_dvsk/ban_ky_thuc_luc/quyen15/DVSKTT_ban_thuc_XV_58a.jpg"
  },
  {
    "text": "稽 遲 不 赴 . [58b*1*1]\nkhể trì bất phó.\n時 西 南 北 等 處 光 紹 帝 以 有 之 . [58b*1*5]\nThời Tây, Nam, Bắc đẳng xứ Quang Thiệu Đế dĩ hữu chi.\n莫 登 庸 分 水 步 諸 營 犯 東 河 津 各 處 光 紹 帝 命 賴 叔 懋 阮 餘 歡 阮 定 譚 克 讓 等 列 營 鎮 守 相 持 為 登 庸 所 破 叔 懋 餘 歡 等 兵 稍 却 . [58b*1*17]\nMạc Đăng Dung phân thuỷ bộ chư dinh phạm Đông Hà tân các xứ, Quang Thiệu Đế mệnh Lại Thúc Mậu, Nguyễn Dư Hoan, Nguyễn Định, Đàm Khắc Nhượng đẳng liệt dinh trấn thủ tương trì, vị Đăng Dung sở phá, Thúc Mậu, Dư Hoan đẳng binh sảo khước.\n興 賢 等 四 人 擁 盾 持 鎗 由 復 古 坊 直 入 瑞 光 殿 . [58b*4*12]\nHưng Hiền đẳng tứ nhân ủng thuẫn trì thương do Phục Cổ phường, trực nhập Thuỵ Quang điện.\n時 光 紹 帝 當 視 朝 總 知 鄭 恩 奏 曰 兵 已 逼 矣 帝 乃 移 出 . [58b*5*12]\nThời Quang Thiệu Đế đương thị triều, Tổng tri Trịnh Ân tấu viết: \"Binh dĩ bức hĩ\", đế nãi di xuất.\n󰟸 見 興 賢 等 突 入 殿 庭 護 衛 人 拒 之 . [58b*6*15]\nKhoảnh kiến Hưng Hiền đẳng đột nhập điện đình, hộ vệ nhân cự chi.\n帝 乃 避 出 駐 于 仁 睦 𦾔 亭 民 間 争 以 米 粥 進 百 官 倉 卒 潰 乱 水 集 是 . [58b*7*11]\nĐế nãi tị xuất trú vu Nhân Mục cựu đình, dân gian tranh dĩ mễ chúc tiến, bách quan thương tốt hội loạn, thuỷ tập thị.\n日 申 時 幸 慈 廉 縣 天 姥 重 光 寺 . [58b*9*1]\nNhật Thân thì, hạnh Từ Liêm huyện, Thiên Mỗ, Trùng Quang tự.\n九 月 二 十 日 . [58b*9*13]\nCửu nguyệt, nhị thập nhật,..\n",
    "url": "/data/image_dvsk/ban_ky_thuc_luc/quyen15/DVSKTT_ban_thuc_XV_58b.jpg"
  },
  {
    "text": "光 紹 帝 再 引 兵 還 京 師 駐 于 京 城 之 西 [ 即 慈 廉 縣 上 安 决 ] 作 行 殿 以 視 朝 立 太 廟 於 城 之 東 . [59a*1*1]\nQuang Thiệu Đế tái dẫn binh hoàn Kinh sư, trú vu Kinh thành chi tây [Tức Từ Liêm huyện Thượng Yên Quyết xã] tác hành điện dĩ thị triều, lập Thái miếu ư thành chi đông.\n冬 十 月 初 三 日 遇 宣 慈 皇 太 后 忌 辰 . [59a*3*1]\nĐông thập nguyệt, sơ tam nhật, ngộ Tuyên Từ Hoàng thái hậu kị thìn.\n光 紹 帝 詣 太 廟 行 禮 過 安 决 橋 侍 侯 人 侍 扇 失 脚 陷 于 江 中 . [59a*3*15]\nQuang Thiệu Đế nghệ Thái miếu hành lễ, quá Yên Quyết kiều, thị hầu nhân thị phiến thất cước hãm vu giang trung.\n四 日 過 儀 天 聖 節 百 官 進 慶 賀 . [59a*5*2]\nTứ nhật quá Nghi Thiên thánh tiết, bách quan tiến khánh hạ.\n表 文 經 數 旬 鄭 綏 将 清 華 三 府 并 各 處 将 士 萬 餘 人 來 護 駕 再 回 本 營 . [59a*5*14]\nBiểu văn kinh sổ tuần, Trịnh Tuy tương Thanh Hoa tam phủ tịnh các xứ tướng sĩ vạn dư nhân lai hộ giá, tái hồi bản dinh.\n綏 属 将 阮 伯 紀 入 侍 . [59a*7*5]\nTuy thuộc tướng Nguyễn Bá Kỷ nhập thị.\n范 田 恐 其 爭 權 因 奏 斬 之 以 首 詣 營 門 . [59a*7*13]\nPhạm Điền khủng kì tranh quyền nhân tấu trảm chi, dĩ thủ nghệ dinh môn.\n綏 以 是 念 始 有 異 志 . [59a*8*10]\nTuy dĩ thị niệm thuỷ hữu dị chí.\n初 十 日 天 雨 蝗 䖝 . [59a*9*1]\nSơ thập nhật, thiên vũ hoàng trùng.\n十 三 日 光 紹 帝 親 祈 于 天 其 . [59a*9*8]\nThập tam nhật, Quang Thiệu Đế thân kì vu Thiên Kì..\n",
    "url": "/data/image_dvsk/ban_ky_thuc_luc/quyen15/DVSKTT_ban_thuc_XV_59a.jpg"
  },
  {
    "text": "奏 告 文 曰 茲 以 國 步 遭 屯 天 災 示 警 . [59b*1*1]\ntấu cáo văn viết: Tư dĩ quốc bộ tao truân, thiên tai thị cảnh.\n秋 禾 就 熟 適 被 蝗 䖝 夏 務 興 功 又 遭 旱 熯 . [59b*1*15]\nThu hoà tựu thục, thích bị hoàng trùng, hạ vụ hưng công hựu tao hạn hán.\n既 失 三 農 之 望 恐 貽 兆 姓 之 憂 . [59b*2*13]\nKí thất tam nông chi vọng, khủng di triệu tính chi ưu.\n臣 久 在 播 迁 第 深 勤 恤 念 休 徵 之 未 應 由 疵 正 之 未 除 . [59b*3*7]\nThần cửu tại bá thiên, đệ thâm cần tuất, niệm hưu trưng chi vị ứng do tì chính chi vị trừ.\n或 忠 邪 並 進 而 未 知 用 舍 之 方 或 刑 罸 不 中 而 猶 多 僣 濫 之 失 或 人 命 横 罹 於 鋒 鏑 或 民 財 重 困 於 征 徭 以 至 秉 國 正 者 或 乖 調 爕 之 宜 董 師 閫 者 或 肆 貪 殘 之 態 所 以 陰 陽 失 序 災 沴 屡 生 焦 勞 . [59b*4*9]\nHoặc trung tà tịnh tiến nhi vị tri dụng xá chi phương, hoặc hình phạt bất trúng nhi do đa tiếm lạm chi thất, hoặc nhân mệnh hoành li ư phong đích, hoặc dân tài trọng khốn ư chinh dao dĩ chí bỉnh quốc chính giả, hoặc quai điều nhiếp chi nghi đổng sư khổn giả, hoặc tứ tham tàn chi thái? Sở dĩ âm dương thất tự, tai lệ lũ sinh tiêu lao.\n深 切 於 疾 心 寅 畏 󰱩 申 於 懇 禱 . [59b*8*11]\nThâm thiết ư tật tâm dần, uý cự thân ư khẩn đảo.\n伏 望 曲 從 民 欲 妙 轉 化 機 俾 . [59b*9*5]\nPhục vọng khúc tòng dân dục, diệu chuyển hoá cơ tỉ.\n甘 雨 旁 . [59b*9*16]\nCam vũ bàng..\n",
    "url": "/data/image_dvsk/ban_ky_thuc_luc/quyen15/DVSKTT_ban_thuc_XV_59b.jpg"
  },
  {
    "text": "施 惡 虫 盡 去 四 野 載 芟 載 柞 不 愆 播 種 之 時 百 穀 實 好 實 堅 咸 遂 登 豊 之 願 盗 劫 適 聞 屏 息 󰘊 家 聿 底 謐 寧 . [60a*1*1]\nthi, ác trùng tận khứ, tứ dã tải sam tải tạc, bất khiên bá chủng chi thời, bách cốc thực hảo thực kiên, hàm toại đăng phong chi nguyện, đạo kiếp thích văn bình tức, bang gia duật để mật ninh.\n臣 不 勝 懇 禱 拜 祝 之 至 . [60a*3*6]\nThần bất thắng khẩn đảo bái chúc chi chí.\n十 七 日 有 黄 赤 氣 又 有 散 彩 黄 色 蔽 天 在 東 方 . [60a*4*1]\nThập thất nhật, hữu hoàng xích khí, hựu hữu tán thái hoàng sắc tế thiên tại đông phương.\n十 八 日 申 時 鄭 綏 鄭 惟 悛 等 陽 言 勘 平 地 處 二 營 鎮 守 於 驛 望 社 . [60a*5*1]\nThập bát nhật, Thân thì, Trịnh Tuy, Trịnh Duy Thuân đẳng dương ngôn khám bình địa xứ nhị doanh trấn thủ ư Dịch Vọng xã.\n至 暮 駐 營 明 日 侵 晨 綏 𭁈 惟 悛 等 伏 兵 驛 望 𭛁 砲 三 聲 率 眾 大 噪 . [60a*6*8]\nChí mộ, trú dinh, minh nhật xâm thần, Tuy dữ Duy Thuân đẳng phục binh Dịch Vọng phát pháo tam thanh, suất chúng đại tháo.\n光 紹 帝 倉 卒 不 䏻 制 乃 退 入 宫 . [60a*7*15]\nQuang Thiệu Đế thương tốt bất năng chế nãi thoái nhập cung.\n綏 等 因 脅 帝 回 清 華 . [60a*8*9]\nTuy đẳng nhân hiếp đế hồi Thanh Hoa.\n國 子 監 司 業 黎 孝 忠 死 之 . [60a*8*17]\nQuốc tử giám tư nghiệp Lê Hiếu Trung tử chi.\n於 是 天 下 失 望 . [60a*9*9]\nƯ thị, thiên hạ thất vọng.\n十 一 月 . [60a*9*15]\nThập nhất nguyệt,..\n",
    "url": "/data/image_dvsk/ban_ky_thuc_luc/quyen15/DVSKTT_ban_thuc_XV_60a.jpg"
  },
  {
    "text": "十 二 日 定 山 侯 江 文 裕 起 兵 于 清 威 山 明 懷 安 彰 德 等 縣 . [60b*1*1]\nthập nhị nhật, Định Sơn hầu Giang Văn Dụ khởi binh vu Thanh Oai, Sơn Minh, Hoài An, Chương Đức đẳng huyện.\n清 譚 上 福 富 原 諸 縣 人 民 皆 應 之 . [60b*2*5]\nThanh Đàm, Thượng Phúc, Phú Nguyên chư huyện nhân dân giai ứng chi.\n蓮 湖 伯 黎 文 福 告 急 于 莫 登 庸 . [60b*2*18]\nLiên Hồ bá Lê Văn Phúc cáo cấp vu Mạc Đăng Dung.\n登 庸 猶 畧 定 京 北 差 禪 将 討 之 喬 文 琨 由 富 原 進 入 清 威 梅 川 侯 黎 伯 驪 由 清 譚 進 入 彰 德 東 山 侯 莫 橛 由 清 威 進 入 彰 德 四 靣 夾 攻 大 破 之 長 驅 一 夜 至 山 麓 而 還 . [60b*3*12]\nĐăng Dung do lược định Kinh Bắc, sai thiền tướng thảo chi: Kiều Văn Côn do Phú Nguyên tiến nhập Thanh Oai, Mai Xuyên hầu Lê Bá Lệ do Thanh Đàm tiến nhập Chương Đức, Đông Sơn hầu Mạc Quyết do Thanh Oai tiến nhập Chương Đức, tứ diện giáp công, đại phá chi, trường khu nhất dạ chí sơn lộc nhi hoàn.\n十 二 月 十 八 日 統 元 帝 自 洪 市 行 殿 進 𭛁 還 京 師 . [60b*7*3]\nThập nhị nguyệt, thập bát nhật, Thống Nguyên Đế tự Hồng Thị hành điện tiến phát hoàn Kinh sư.\n二 十 二 日 就 菩 提 行 在 朝 百 官 . [60b*8*5]\nNhị thập nhị nhật, tựu Bồ Đề hành tại triều bách quan.\n恭 皇 帝 諱 椿 又 諱 慮 聖 宗 之 曾 孫 建 王 鑌 之 孫 江 王 漴 之 次 子 也 在 位 五 年 壽 二 十 一 錦 . [60b*9*1]\nCung Hoàng Đế [Huý Xuân, hựu huý Lự, Thánh Tông chi tằng tôn, Kiến Vương Tân chi tôn, Giàng Vương Sùng chi thứ tử dã. Tại vị ngũ niên, thọ nhị thập nhất Cẩm..\n",
    "url": "/data/image_dvsk/ban_ky_thuc_luc/quyen15/DVSKTT_ban_thuc_XV_60b.jpg"
  }
]