[
  {
    "text": "莫 登 庸 所 弑 塟 華 陽 陵 云 人 心 已 離 水 素 中 下 時 國 祚 既 䏻 靖 乎 ] . [61a*1*1]\nMạc Đăng Dung sở thí, táng Hoa Dương lăng\n帝 乃 昭 宗 同 母 弟 以 端 慶 三 年 七 月 二 十 六 日 生 . [61a*2*1]\nvân, nhân tâm dĩ li thuỷ, tố trung hạ Thời quốc tộ ký năng tĩnh hồ ].\n光 紹 七 年 . [61a*3*3]\nĐế nãi Chiêu Tông đồng mẫu đệ, dĩ Đoan Khánh tam niên, thất nguyệt, nhị thập lục nhật sinh.\n昭 宗 出 外 莫 登 庸 因 立 為 帝 . [61a*3*7]\nQuang Thiệu thất niên.\n以 生 日 為 欽 天 聖 節 . [61a*4*1]\nChiêu Tông xuất ngoại, Mạc Đăng Dung nhân lập vi đế.\n逮 登 容 簒 位 󰲝 為 恭 王 𭁈 皇 太 后 俱 遇 害 . [61a*4*9]\nDĩ sinh nhật vi Khâm Thiên thánh tiết.\n後 追 謚 曰 恭 皇 帝 . [61a*5*8]\nĐãi Đăng Dung soán, vị phế vi Cung Vương, dữ Hoàng thái hậu cụ ngộ hại.\n癸 未 統 元 二 年 [ 明 嘉 靖 二 年 ] . [61a*6*1]\nHậu truy thuỵ viết Cung Hoàng Đế.\n春 二 月 一 十 九 日 帝 在 菩 提 行 營 朝 百 官 . [61a*6*13]\nQuý Mùi Thống Nguyên nhị niên [Minh Gia Tĩnh nhị niên ].\n以 前 年 壬 午 例 有 鄕 試 因 國 乱 未 有 開 科 乃 詔 山 南 山 西 海 陽 京 北 四 政 各 士 人 共 就 嘉 林 春 杜 洲 應 試 一 云 珥 河 中 洲 ] 以 丁 貞 黄 琮 . [61a*7*7]\nXuân, nhị nguyệt, nhất thập cửu nhật, đế tại Bồ Đề hành dinh triều bách quan.\n.\nDĩ tiền niên Nhâm Ngọ lệ hữu Hương thí, nhân quốc loạn vị hữu khai khoa, nãi chiếu Sơn Nam, Sơn Tây, Hải Dương, Kinh Bắc tứ chính các sĩ nhân cộng tựu Gia Lâm, Xuân Đỗ châu ứng thí [Nhất vân Nhị Hà trung châu] dĩ Đinh Trinh, Hoàng Tông..\n",
    "url": "/data/image_dvsk/ban_ky_thuc_luc/quyen15/DVSKTT_ban_thuc_XV_61a.jpg"
  },
  {
    "text": "等 為 提 調 監 試 . [61b*1*1]\nđẳng vi đề điệu giám thí.\n其 試 法 分 為 四 區 四 政 共 𭛁 一 題 . [61b*1*7]\nKì thí pháp phân vi tứ khu, tứ chính cộng phát nhất đề.\n以 王 荗 淵 為 弟 一 即 王 希 曾 也 ] . [61b*2*2]\nDĩ Vương Mậu Uyên vi đệ nhất [Tức Vương Hi Tăng dã ].\n會 試 天 下 󰁮 人 . [61b*2*15]\nHội thí thiên hạ cử nhân.\n取 陶 儼 等 三 十 六 人 . [61b*3*1]\nThủ Đào Nghiễm đẳng tam thập lục nhân.\n廷 試 上 親 問 以 君 師 之 道 . [61b*3*9]\nĐình thí, thượng thân vấn dĩ quân sư chi đạo.\n賜 第 一 甲 黄 文 賛 阮 詮 阮 道 貫 三 名 進 士 及 第 第 二 甲 段 廷 章 等 八 名 進 士 出 身 第 三 甲 阮 畜 第 二 十 五 名 同 進 士 出 身 . [61b*4*1]\nTứ đệ nhất giáp Hoàng Văn Tán, Nguyễn Thuyên, Nguyễn Đạo Quán tam danh tiến sĩ cập đệ; Đệ nhị giáp Đoàn Đình Chương đẳng bát danh tiến sĩ xuất thân; Đệ tam giáp Nguyễn Súc đệ nhị thập ngũ danh đồng tiến sĩ xuất thân.\n賓 貢 士 范 所 玉 王 希 曾 亦 預 選 中 . [61b*6*11]\nTân cống sĩ Phạm Sở Ngọc, Vương Hi Tăng diệc dự tuyển trung.\n莫 登 庸 使 其 黨 山 東 侯 莫 橛 瓊 溪 侯 武 護 陽 川 侯 武 如 桂 等 擊 鄭 綏 于 清 華 大 破 之 . [61b*7*6]\nMạc Đăng Dung sử kì đảng Sơn Đông hầu Mạc Quyết, Quỳnh Khê hầu Vũ Hộ, Dương Xuyên hầu Vũ Như Quế đẳng kích Trịnh Tuy vu Thanh Hoa, đại phá chi.\n綏 因 迁 光 紹 帝 于 原 頭 . [61b*9*3]\nTuy nhân thiên Quang Thiệu Đế vu Nguyên Đầu.\n封 阮 時 雍 為 良 . [61b*9*12]\nPhong Nguyễn Thì Ung vi Lương..\n",
    "url": "/data/image_dvsk/ban_ky_thuc_luc/quyen15/DVSKTT_ban_thuc_XV_61b.jpg"
  },
  {
    "text": "文 侯 . [62a*1*1]\nVăn hầu.\n時 雍 有 二 女 一 進 於 統 元 帝 一 適 莫 登 庸 . [62a*1*3]\nThì Ung hữu nhị nữ nhất tiến ư Thống Nguyên Đế, nhất thích Mạc Đăng Dung.\n後 封 爲 統 郡 公 [ 時 雍 文 江 縣 多 牛 社 人 ] . [62a*2*1]\nHậu phong vi Thống quận công [Thì Ung Văn Giang huyện Đa Ngưu xã nhân ].\n三 月 十 六 日 禮 部 尚 書 丁 貞 奏 乞 行 諭 祭 并 加 封 各 䖏 自 典 神 祠 該 一 百 十 三 祠 . [62a*2*17]\nTam nguyệt, thập lục nhật, Lễ bộ thượng thư Đinh Trinh tấu khất hành dụ tế tịnh gia phong các xứ tự điển thần từ cai nhất bách thập tam từ.\n夏 六 月 封 䧺 山 侯 喬 文 琨 為 廣 郡 公 . [62a*5*1]\nHạ, lục nguyệt, phong Hùng Sơn hầu Kiều Văn Côn vi Quảng quận công.\n秋 七 月 二 十 六 日 以 生 日 為 欽 天 聖 節 . [62a*6*1]\nThu, thất nguyệt, nhị thập lục nhật, dĩ sinh nhật vi Khâm Thiên thánh tiết.\n八 月 蝗 . [62a*6*16]\nBát nguyệt, hoàng.\n莫 登 庸 󰲝 光 紹 帝 為 陀 陽 王 . [62a*7*2]\nMạc Đăng Dung phế Quang Thiệu Đế vi Đà Dương Vương.\n以 東 閣 大 𭓇 士 阮 貴 雅 為 吏 部 左 侍 郎 . [62a*8*1]\nDĩ Đông các đại học sĩ Nguyễn Quý Nhã vi Lại bộ tả thị lang.\n甲 申 三 年 [ 明 嘉 靖 三 年 ] . [62a*9*1]\nGiáp Thân tam niên [Minh Gia Tĩnh tam niên ].\n春 帝 在 菩 提 行 營 進 封 莫 登 庸 . [62a*9*11]\nXuân, đế tại Bồ Đề hành dinh tiến phong Mạc Đăng Dung..\n",
    "url": "/data/image_dvsk/ban_ky_thuc_luc/quyen15/DVSKTT_ban_thuc_XV_62a.jpg"
  },
  {
    "text": "為 平 章 軍 國 重 事 太 傅 仁 國 公 . [62b*1*1]\nvi Bình Chương quân quốc trọng sự Thái phó nhân quốc công.\n莫 登 庸 使 其 黨 莫 橛 領 兵 擊 鄭 綏 于 清 華 源 頭 . [62b*1*13]\nMạc Đăng Dung sử kì đảng Mạc Quyết lĩnh binh kích Trịnh Tuy vu Thanh Hoa nguyên đầu.\n以 阮 貴 雅 為 御 史 󰱑 副 都 御 史 . [62b*2*14]\nDĩ Nguyễn Quý Nhã vi Ngự sử đài Phó đô ngự sử.\n秋 八 月 作 考 試 閲 󰱇 塲 在 神 武 殿 前 衛 直 盧 . [62b*4*1]\nThu, bát nguyệt, tác khảo thí duyệt tuyển trường tại Thần Vũ điện tiền vệ trực lư.\n造 户 籍 田 簿 . [62b*5*1]\nTạo hộ tịch điền bạ.\n冬 十 一 月 二 十 四 日 奉 加 封 列 聖 睿 號 帝 后 各 一 字 . [62b*6*1]\nĐông, thập nhất nguyệt, nhị thập tứ nhật, phụng gia phong liệt thánh duệ hiệu đế hậu các nhất tự.\n贈 故 鉄 山 伯 陳 真 為 郡 公 封 其 子 陳 實 爲 弘 休 伯 . [62b*7*2]\nTặng cố Thiết Sơn bá Trần Chân vi Quận công, phong kì tử Trần Thực vi Hoằng Hưu bá.\n初 真 為 奸 臣 所 譖 𭁈 子 弟 六 人 俱 被 殺 . [62b*8*4]\nSơ Chân vị gian thần sở tiếm, dữ tử đệ lục nhân cụ bị sát.\n至 是 帝 知 其 忠 故 贈 之 . [62b*9*1]\nChí thị, đế tri kì trung cố tặng chi.\n",
    "url": "/data/image_dvsk/ban_ky_thuc_luc/quyen15/DVSKTT_ban_thuc_XV_62b.jpg"
  },
  {
    "text": "乙 酉 四 年 [ 明 嘉 靖 四 年 ] . [63a*1*1]\nẤt Dậu tứ niên [Minh Gia Tĩnh tứ niên ].\n是 年 地 震 者 二 . [63a*1*11]\nThị niên, địa chấn giả nhị.\n夏 六 月 大 旱 . [63a*1*17]\nHạ, lục nguyệt, đại hạn.\n十 五 日 月 食 . [63a*2*1]\nThập ngũ nhật, nguyệt thực.\n冬 十 月 初 九 日 莫 登 庸 經 行 各 處 自 為 都 将 總 率 天 下 水 步 諸 營 擊 鄭 綏 于 清 華 源 頭 . [63a*3*1]\nĐông, thập nguyệt, sơ cửu nhật, Mạc Đăng Dung kinh hành các xứ, tự vi Đô tướng tổng suất thiên hạ thuỷ bộ chư doanh kích Trịnh Tuy vu Thanh Hoa nguyên đầu.\n二 十 八 日 未 時 接 得 光 紹 帝 於 清 都 府 良 政 州 翠 󰁮 󰀋 髙 山 安 仁 洞 . [63a*4*16]\nNhị Thập bát nhật, Mùi thì, tiếp đắc Quang Thiệu Đế ư Thanh Đô phủ, Lang Chánh châu, Thuý Cử sách, Cao Sơn, Yên Nhân động.\n十 一 月 朔 光 紹 帝 回 到 東 河 . [63a*6*6]\nThập nhất nguyệt, sóc, Quang Thiệu Đế hồi đáo Đông Hà.\n十 二 日 光 紹 帝 在 二 等 御 朱 . [63a*6*17]\nThập nhị nhật, Quang Thiệu Đế tại Nhị đẳng ngự chu.\n所 時 早 未 朝 軍 士 集 於 行 在 門 外 婆 染 處 . [63a*7*10]\nSở thời tảo, vị triều, quân sĩ tập ư hành tại môn ngoại, Bà Nhiễm xứ.\n十 九 日 大 赦 . [63a*8*8]\nThập cửu nhật, đại xá.\n其 詔 文 曰 帝 王 去 暴 安 民 聿 大 春 秋 之 統 人 君 施 惠 行 慶 盍 弘 . [63a*8*13]\nKì chiếu văn viết: \"Đế vương khứ bạo an dân, duật đại xuân thu chi thống, nhân quân thi huệ hành khánh hạp hoằng..\n",
    "url": "/data/image_dvsk/ban_ky_thuc_luc/quyen15/DVSKTT_ban_thuc_XV_63a.jpg"
  },
  {
    "text": "雨 露 之 仁 道 合 弛 張 化 覃 普 率 . [63b*1*1]\nvũ lộ chi nhân, đạo hợp thỉ trương hoá đàm phổ suất.\n我 國 家 乘 時 啟 運 應 天 順 人 . [63b*1*13]\nNgã quốc gia thừa thời khải vận, ứng thiên thuận nhân.\n太 祖 髙 皇 帝 創 業 開 基 拯 生 靈 於 水 火 . [63b*2*6]\nThái tổ Cao Hoàng Đế sáng nghiệp khai cơ, chửng sinh linh ư thuỷ hoả.\n太 宗 文 皇 帝 立 經 陳 紀 奠 國 势 於 金 湯 端 本 洪 源 深 仁 厚 澤 . [63b*3*3]\nThái Tông Văn Hoàng Đế lập kinh trần kỷ, điện quốc thế ư kim thang, đoan bản hồng nguyên, thâm nhân hậu trạch.\n聖 宗 淳 皇 帝 内 寧 外 撫 戡 以 武 寧 以 文 . [63b*4*8]\nThánh Tông Thuần Hoàng Đế nội ninh ngoại phủ, kham dĩ vũ ninh dĩ văn.\n憲 宗 睿 皇 帝 位 践 禮 行 顯 㢤 謨 承 哉 烈 神 傳 聖 繼 矩 襲 䂓 . [63b*5*5]\nHiến Tông Duệ Hoàng Đế vị tiễn lễ hành hiển tai, mô thừa tai, liệt thần truyền thánh, kế củ tập quy.\n重 共 和 思 衍 於 周 休 屯 否 偶 遭 於 漢 厄 . [63b*6*9]\nTrọng cộng hoà tư diễn ư Chu, hưu truân phủ ngẫu tao ư Hán ách.\n洪 順 光 紹 之 際 國 步 多 难 . [63b*7*6]\nHồng Thuận Quang Thiệu chi tế quốc bộ đa nạn.\n陳 暠 鄭 綏 之 徒 乱 階 大 釀 擾 . [63b*7*16]\nTrần Cảo, Trịnh Tuy chi đồ loạn, giai đại nhưỡng nhiễu.\n擾 豺 狼 肆 毒 嗷 嗷 鴻 鴈 哀 鳴 . [63b*8*9]\nNhiễu sài lang tứ độc, ngao ngao hồng nhạn ai minh.\n予 以 德 宗 之 孫 明 宗 之 子 惟 義 𭁈 比 俯 從 百 . [63b*9*2]\nDư dĩ Đức Tông chi tôn, Minh Tông chi tử, duy nghĩa dữ tỉ, phủ tòng bách..\n",
    "url": "/data/image_dvsk/ban_ky_thuc_luc/quyen15/DVSKTT_ban_thuc_XV_63b.jpg"
  },
  {
    "text": "官 之 樂 推 視 民 如 傷 甚 憫 帬 生 之 久 困 . [64a*1*1]\nquan chi lạc, thôi thị dân như thương, thậm mẫn quần sinh chi cửu khốn.\n欲 底 戢 戈 之 效 載 稽 推 𣫂 之 文 . [64a*1*16]\nDục để tập qua chi hiệu, tải kê suy cốc chi văn.\n特 命 都 將 太 傅 仁 國 公 莫 登 庸 總 率 天 下 水 步 諸 營 聲 罪 至 討 . [64a*2*10]\nĐặc mệnh Đô tướng thái phó Nhân Quốc công Mạc Đăng Dung tổng suất thiên hạ thuỷ bộ chư doanh thanh tội chí thảo.\n節 制 之 兵 方 鷹 陽 而 虎 闞 逋 迯 之 眾 已 蟻 潰 而 麕 驚 . [64a*3*16]\nTiết chế chi binh phương ưng dương nhi hổ hám, bô đào chi chúng, dĩ nghị hội nhi quân kinh.\n暠 綏 脱 喙 而 速 亡 敬 盎 捧 頭 而 就 戮 . [64a*4*18]\nCảo, Tuy thoát uế nhi tốc vong, Kính Áng bổng đầu nhi tựu lục.\n克 慎 餘 歡 之 輩 須 㬰 鱷 断 於 天 関 公 侃 廷 瓚 之 流 󰟸 刻 兎 窮 於 良 政 . [64a*5*14]\nKhắc Thận, Dư Hoan chi bối tu du ngạc đoạn ư Thiên Quan; Công Khản, Đình Toản chi lưu, khoảnh khắc thỏ cùng ư Lang Chánh.\n當 此 純 陰 月 季 接 得 陀 陽 王 㱕 . [64a*7*4]\nĐương thử thuần âm nguyệt quý, tiếp đắc Đà Dương Vương quy.\n東 西 南 北 攸 同 諒 無 思 而 不 服 溥 博 淵 泉 時 出 宜 敷 政 以 在 寬 . [64a*7*16]\nđông tây nam Bắc du đồng, lạng vô tư nhi bất phục, phổ bác uyên tuyền, thời xuất nghi phu chính dĩ tại khoan.\n合 行 事 宜 左 方 用 列 於 . [64a*9*4]\nHợp hành sự nghi tả phương dụng liệt ư.\n戲 軍 體 元 而 𭛁 . [64a*9*13]\nHô quân thể nguyên nhi phát..\n",
    "url": "/data/image_dvsk/ban_ky_thuc_luc/quyen15/DVSKTT_ban_thuc_XV_64a.jpg"
  },
  {
    "text": "育 兹 同 天 地 之 生 成 民 敏 德 而 恊 中 尚 挽 唐 󰔄 之 熙 暭 . [64b*1*1]\ndục, tư đồng thiên địa chi sinh; thành dân mẫn đức nhi hiệp trung, thượng vãn Đường Ngu chi hi hạo.\n布 告 天 下 咸 使 文 之 . [64b*2*4]\nBố cáo thiên hạ, hàm sử văn chi.\n十 二 月 十 五 日 夜 雷 震 . [64b*3*1]\nThập nhị nguyệt, thập ngũ nhật, dạ, lôi chấn.\n十 七 日 月 食 . [64b*3*10]\nThập thất nhật, nguyệt thực.\n以 楊 金 鏕 提 領 四 城 軍 務 事 封 端 禮 侯 . [64b*4*1]\nDĩ Dương Kim Ao Đề lĩnh tứ thành quân vụ sự, phong Đoan Lễ hầu.\n莫 登 庸 殺 福 良 侯 何 飛 鶽 等 . [64b*4*16]\nMạc Đăng Dung sát Phúc Lương hầu Hà Phi Chuẩn đẳng.\n時 飛 鶽 等 聞 莫 登 庸 已 逼 光 紹 帝 解 散 北 竄 為 其 徒 紫 岳 伯 執 送 京 師 隘 殺 之 . [64b*5*10]\nThời Phi Chuẩn đẳng văn Mạc Đăng Dung dĩ bức Quang Thiệu Đế, giải tán Bắc thoán, vị kì đồ Tử Nhạc Bá chấp tống Kinh sư, ải sát chi.\n飛 鶽 既 死 嚴 伯 驥 𭁈 阮 熾 竄 死 於 諒 山 文 淵 州 . [64b*7*4]\nPhi Chuẩn ký tử, Nghiêm Bá Ký dữ Nguyễn Xí thoán tử ư Lạng Sơn, Văn Uyên châu.\n譚 慎 揮 以 前 日 奉 使 諳 程 常 馳 告 陀 陽 王 播 迁 亦 竄 死 . [64b*8*4]\nĐàm Thận Huy dĩ tiền nhật phụng sứ am trình thường trì cáo Đà Dương Vương bá thiên, diệc thoán tử.\n阮 文 運 阮 太 拨 皆 死 義 . [64b*9*7]\nNguyễn Văn Vận, Nguyễn Thái Bạt giai tử nghĩa.\n阮 有 嚴 . [64b*9*16]\nNguyễn Hữu Nghiêm..\n",
    "url": "/data/image_dvsk/ban_ky_thuc_luc/quyen15/DVSKTT_ban_thuc_XV_64b.jpg"
  },
  {
    "text": "竄 三 農 後 檻 送 京 師 車 裂 以 徇 並 推 殺 其 子 . [65a*1*1]\nthoán Tam Nông, hậu giám tống Kinh sư, xa liệt dĩ tuẫn, tịnh suy sát kì tử.\n楊 楷 後 亦 檻 送 京 師 釋 之 黜 為 廣 南 承 政 使 死 於 任 所 . [65a*1*18]\nDương Khải hậu diệc giám tống Kinh sư, thích chi, truất vi Quảng Nam Thừa chính sứ, tử ư nhậm sở.\n楷 善 於 詼 諧 人 皆 鄙 之 . [65a*3*3]\nKhải thiện ư khôi hài, nhân giai bỉ chi.\n獨 范 謙 柄 䏻 告 出 謁 黜 爲 户 部 有 侍 郎 . [65a*3*12]\nĐộc Phạm Khiêm Bính năng cáo xuất yết, truất vi Hộ bộ hữu thị lang.\n阮 荗 常 從 光 紹 帝 回 清 華 及 光 紹 帝 為 登 庸 所 逼 荗 竄 身 回 京 待 罪 . [65a*4*9]\nNguyễn Mậu thường tòng Quang Thiệu Đế hồi Thanh Hoa, cập Quang Thiệu Đế vị Đăng Dung sở bức, Mậu thoán thân hồi Kinh đãi tội.\n帝 将 殺 之 范 嘉 謨 為 愛 其 才 可 任 言 諍 乃 釋 之 尋 貶 為 宣 光 承 政 使 未 幾 再 保 為 御 史 󰱑 都 御 史 . [65a*5*17]\nĐế tương sát chi, Phạm Gia Mô vị ái kì tài, khả nhiệm ngôn tránh, nãi thích chi, tầm biếm vi Tuyên Quang thừa chính sứ, vị cơ tái bảo vi Ngự sử đài đô ngự sử.\n丙 戌 五 年 [ 明 嘉 靖 五 年 ] . [65a*8*1]\nBính Tuất ngũ niên [Minh Gia Tĩnh ngũ niên ].\n春 二 月 十 二 日 帝 行 西 京 光 紹 帝 預 焉 . [65a*8*11]\nXuân, nhị nguyệt, thập nhị nhật, đế hạnh Tây Kinh, Quang Thiệu Đế dự yên.\n命 端 禮 侯 楊 金 鏕 留 守 東 京 . [65a*9*4]\nMệnh Đoan Lễ hầu Dương Kim Ao lưu thủ Đông Kinh.\n",
    "url": "/data/image_dvsk/ban_ky_thuc_luc/quyen15/DVSKTT_ban_thuc_XV_65a.jpg"
  },
  {
    "text": "三 月 十 五 日 月 食 . [65b*1*1]\nTam nguyệt, thập ngũ nhật, nguyệt thực.\n定 扈 從 留 守 二 十 四 條 . [65b*1*8]\nĐịnh hộ tòng lưu thủ nhị thập tứ điều.\n夏 四 月 會 試 天 下 士 人 . [65b*2*1]\nHạ, tứ nguyệt, Hội thí thiên hạ sĩ nhân.\n守 范 廷 光 等 二 十 人 . [65b*2*10]\nThủ Phạm Đình Quang đẳng nhị thập nhân.\n廷 試 問 以 聖 哲 之 理 天 下 . [65b*2*18]\nĐình thí vấn dĩ thánh triết chi lí thiên hạ.\n賜 第 一 甲 陳 必 聞 阮 文 猷 劉 忠 𠃔 三 名 進 士 及 第 第 二 甲 黎 光 貢 等 四 名 進 士 出 身 第 三 甲 范 廷 光 等 十 三 名 同 進 士 出 身 [ 陳 必 聞 安 老 縣 月 盎 社 人 仕 莫 官 至 尚 書 韓 川 伯 藻 之 父 ] . [65b*3*10]\nTứ đệ nhất giáp Trần Tất Văn, Nguyễn Văn Du, Lưu Trung Doãn tam danh tiến sĩ cập đệ; Đệ nhị giáp Lê Quang Cống đẳng tứ danh tiến sĩ xuất thân; Đệ tam giáp Phạm Đình Quang đẳng thập tam danh đồng tiến sĩ xuất thân [Trần Tất Văn Yên Lão huyện, Nguyệt Áng xã nhân, sĩ Mạc quan chí Thượng thư hàn xuyên bá, Tảo chi phụ].\n秋 七 月 十 五 日 定 功 選 任 . [65b*7*1]\nThu, thất nguyệt, thập ngũ nhật, định công tuyển nhiệm.\n令 御 史 󰱑 都 御 史 阮 荗 奏 一 官 軍 則 有 衛 司 所 等 職 管 民 則 有 府 縣 州 等 官 . [65b*7*11]\nLệnh ngự sử đài Đô ngự sử Nguyễn Mậu tấu: nhất quan quân tắc hữu vệ, ti, sở đẳng chức; quản dân tắc hữu phủ, huyện, châu đẳng quan.\n󰱇 任 之 方 不 可 以 不 公 也 . [65b*9*4]\nTuyển nhiệm chi phương bất khả dĩ bất công dã.\n伏 乞 繼 今 前 . [65b*9*14]\nPhục khất kế kim tiền..\n",
    "url": "/data/image_dvsk/ban_ky_thuc_luc/quyen15/DVSKTT_ban_thuc_XV_65b.jpg"
  },
  {
    "text": "項 職 有 鈌 該 長 官 具 奏 送 吏 部 照 鈌 銓 除 如 例 . [66a*1*1]\nhạng chức hữu khuyết, cai trưởng quan cụ tấu tống Lại bộ chiếu khuyết thuyên trừ như lệ.\n若 某 貟 人 猶 有 具 本 堪 保 并 應 除 者 吏 科 駁 停 其 本 以 示 󰱇 任 之 公 . [66a*2*1]\nNhược mỗ viên nhân do hữu cụ bản kham bảo tịnh ứng trừ giả Lại khoa bác đình kì bản dĩ thị tuyển nhiệm chi công.\n八 月 令 上 洪 下 洪 荆 門 南 策 太 平 等 府 築 海 陽 真 金 堤 . [66a*3*9]\nBát nguyệt, lệnh Thượng Hồng, Hạ Hồng, Kinh Môn, Nam Sách, Thái Bình đẳng phủ trúc Hải Dương, Chân Kim đê.\n莫 登 庸 殺 進 郡 公 阮 領 . [66a*4*13]\nMạc Đăng Dung sát Tiến Quận công Nguyễn Lĩnh.\n領 娶 莫 登 庸 之 妹 璤 僣 封 慶 艷 公 主 . [66a*5*5]\nLĩnh thú Mạc Đăng Dung chi muội Huệ, tiếm phong Khánh Diễm công chúa.\n領 又 娶 妾 十 人 . [66a*6*1]\nLĩnh hựu thú thiếp thập nhân.\n璤 遂 訴 領 樹 黨 書 故 殺 之 . [66a*6*7]\nHuệ toại tố lĩnh thụ đảng thư, cố sát chi.\n因 以 璤 㱕 于 良 溪 侯 裴 堵 後 封 臨 國 公 . [66a*6*17]\nNhân dĩ Huệ quy vu Lương Khê hầu Bùi Đổ, hậu phong Lâm Quốc công.\n時 侍 書 阮 詮 本 娶 領 女 及 領 見 殺 詮 亦 出 其 女 . [66a*7*14]\nThời Thị thư Nguyễn Thuyên bản thú Lĩnh nữ, cập Lĩnh kiến sát Thuyên diệc xuất kì nữ.\n初 六 日 以 御 史 󰱑 副 都 御 史 阮 貴 雅 為 吏 部 尚 書 陪 侍 經 筵 . [66a*8*14]\nSơ lục nhật, dĩ Ngự sử đài phó đô ngự sử Nguyễn Quý Nhã vi Lại bộ thượng thư bồi thị kinh diên.\n",
    "url": "/data/image_dvsk/ban_ky_thuc_luc/quyen15/DVSKTT_ban_thuc_XV_66a.jpg"
  },
  {
    "text": "九 月 二 十 一 日 御 史 󰱑 都 御 史 阮 荗 等 奏 一 賛 理 記 録 将 臣 吏 有 軍 功 已 具 本 應 引 󰱇 定 為 逐 項 以 次 銓 除 牧 民 首 領 等 職 若 不 合 資 格 者 除 中 尉 百 户 等 職 以 息 冗 濫 之 弊 . [66b*1*1]\nCửu nguyệt, nhị thập nhất nhật, Ngự sử đài Đô ngự sử Nguyễn Mậu đẳng tấu: Nhất tán lí, ký lục, tướng thần lại, hữu quân công dĩ cụ bản ứng dẫn tuyển định vi trục hạng, dĩ thứ thuyên trừ mục dân thủ lĩnh đẳng chức, nhược bất hợp tư cách giả trừ trung uý, bách hộ đẳng chức dĩ tức nhũng lạm chi tệ.\n冬 十 二 月 十 八 日 太 傅 仁 國 公 莫 登 庸 令 沛 溪 伯 范 金 榜 密 弑 光 卲 帝 于 降 所 因 以 梓 宫 回 塟 于 清 潭 之 永 興 陵 . [66b*5*1]\nĐông, thập nhị nguyệt, thập bát nhật, Thái phó Nhân quốc công Mạc Đăng Dung lệnh Phái Khê bá Phạm Kim Bảng mật thí Quang Thiệu Đế vu giáng sở, nhân dĩ tử cung hồi táng vu Thanh Đàm chi Vĩnh Hưng Lăng.\n丁 亥 六 年 [ 六 月 元 年 以 後 莫 僣 明 德 明 嘉 靖 六 年 ] . [66b*8*1]\nĐinh Hợi lục niên [Lục nguyệt nguyên niên. dĩ hậu Mạc tiếm Minh Đức Minh Gia Tĩnh lục niên].\n夏 四 月 遣 松 楊 侯 武 有 蘭 川 伯 潘 廷 佐 中 使 杜 孝 悌 等 持 節 旄 賫 . [66b*8*20]\nHạ, tứ nguyệt, khiển Tùng Dương hầu Vũ Hữu, Lan Xuyên bá Phan Đình Tá, Trung sứ Đỗ Hiếu Đễ đẳng trì tiết mao, tê..\n",
    "url": "/data/image_dvsk/ban_ky_thuc_luc/quyen15/DVSKTT_ban_thuc_XV_66b.jpg"
  },
  {
    "text": "金 󰀋 烏 龍 冠 服 玉 󰅾 紫 轎 畫 扇 紫 傘 徃 宜 陽 古 齋 進 封 莫 登 庸 為 安 興 王 加 九 錫 . [67a*1*1]\nkim sách, ô long, quan phục, ngọc đái, tử kiệu, hoạ phiến, tử tán vãng Nghi Dương, Cổ Trai tiến phong Mạc Đăng Dung vi An Hưng Vương, gia Cửu Tích.\n登 庸 迎 接 於 新 明 安 插 渡 . [67a*2*14]\nĐăng Dung nghinh tiếp ư Tân Minh, An Tháp độ.\n五 月 初 一 日 司 天 奏 日 食 不 驗 初 五 日 頒 扇 御 制 周 公 輔 成 王 詩 祐 命 周 家 實 自 天 勤 勞 佐 治 任 仁 賢 . [67a*4*1]\nNgũ nguyệt, sơ nhất nhật, Tư Thiên tấu nhật thực bất nghiệm Sơ ngũ nhật, ban phiến ngự chế Chu Công phụ Thành Vương thi: Hựu mệnh Chu gia thực tự thiên, Cần lao tá trị nhiệm nhân hiền.\n譖 邪 肯 為 讒 人 設 忠 孝 終 存 實 德 堅 . [67a*6*5]\nTrấm tà khẳng vị sàm nhân thiết, Trung hiếu chung tồn thực đức kiên.\n禮 僃 樂 和 平 定 日 政 清 刑 措 暭 熙 年 . [67a*7*1]\nLễ bị lạc hoà bình định nhật, Chính thanh hình thố hạo hi niên.\n林 風 令 聞 光 千 古 景 行 髙 山 尚 勉 㫋 . [67a*7*15]\nLâm phong lệnh văn quang thiên cổ, Cảnh hạnh cao sơn thượng miễn chiên.\n莫 登 庸 自 古 齋 詣 京 師 入 拜 見 自 東 華 門 出 大 興 門 . [67a*8*11]\nMạc Đăng Dung tự Cổ Trai nghệ Kinh sư, nhập bái kiến, tự Đông Hoa môn xuất Đại Hưng môn.\n是 日 有 小 雨 . [67a*9*14]\nThị nhật, hữu tiểu vũ.\n",
    "url": "/data/image_dvsk/ban_ky_thuc_luc/quyen15/DVSKTT_ban_thuc_XV_67a.jpg"
  },
  {
    "text": "十 一 日 莫 登 庸 再 回 古 齋 . [67b*1*1]\nThập nhất nhật, Mạc Đăng Dung tái hồi Cổ Trai.\n六 月 莫 登 庸 自 古 齋 入 京 逼 帝 禅 位 . [67b*1*11]\nLục nguyệt, Mạc Đăng Dung tự Cổ Trai nhập Kinh bức Đế thiền vị.\n時 國 中 臣 民 咸 属 莫 登 庸 俱 迎 入 京 . [67b*2*8]\nThời quốc trung thần dân hàm thuộc Mạc Đăng Dung, cụ nghinh nhập kinh.\n十 五 日 百 官 班 定 未 有 禅 詔 . [67b*3*4]\nThập ngũ nhật, bách quan ban định vị hữu thiền chiếu.\n百 官 令 吏 部 尚 書 張 孚 説 草 之 . [67b*3*15]\nBách quan lệnh Lại bộ thượng thư Trương Phu Duyệt thảo chi.\n孚 説 張 目 叱 之 曰 此 何 義 也 . [67b*4*9]\nPhu thuyết trương mục sất chi viết: \"Thử hà nghĩa dã\".\n復 令 東 閣 大 𭓇 士 道 源 伯 阮 文 泰 . [67b*5*2]\nPhục lệnh Đông các đại học sĩ Đạo Nguyên bá Nguyễn Văn Thái.\n文 泰 遂 秉 筆 作 之 其 詔 曰 惟 我 大 越 祖 乘 時 革 命 誕 受 多 方 列 聖 相 傳 嗣 有 曆 服 盖 由 天 命 人 心 恊 應 以 致 然 也 . [67b*5*15]\nVăn Thái toại bỉnh bút tác chi kì chiếu viết: \"Duy ngã Đại Việt Tổ, thừa thời cách mệnh, đản thụ đa phương, liệt thánh tương truyền, tự hữu lịch phục, cái do thiên mệnh nhân tâm hiệp ứng, dĩ trí nhiên dã.\n洪 順 末 年 時 遭 多 難 陳 暠 首 構 乱 階 鄭 綏 立 逆 竪 人 心 既 離 天 命 弗 祐 . [67b*8*4]\nHồng Thuận mạt niên, thời tao đa nạn, Trần Cảo thủ cấu loạn, giai Trịnh Tuy lập nghịch thụ, nhân tâm ký li, thiên mệnh phất hữu.\n是 時 天 下 以 非 . [67b*9*13]\nThị thời, thiên hạ dĩ phi..\n",
    "url": "/data/image_dvsk/ban_ky_thuc_luc/quyen15/DVSKTT_ban_thuc_XV_67b.jpg"
  },
  {
    "text": "我 家 所 有 . [68a*1*1]\nngã gia sở hữu.\n予 否 德 忝 位 負 荷 弗 堪 天 命 人 心 㱕 于 有 德 . [68a*1*5]\nDư phủ đức, thiểm vị, phụ hà phất kham, Thiên mệnh nhân tâm quy vu hữu đức.\n咨 爾 太 師 安 興 王 莫 登 庸 禀 睿 智 之 資 有 文 武 之 畧 . [68a*2*4]\nTư nhĩ Thái sư An Hưng Vương Mạc Đăng Dung, bẩm duệ trí chi tư, hữu văn vũ chi lược.\n外 飭 四 征 羣 方 率 服 内 宅 百 揆 庶 績 咸 熙 . [68a*3*6]\nNgoại sức tứ chinh, quần phương suất phục, nội trạch bách quỹ, thứ tích hàm hi.\n功 大 德 懋 天 𭁈 人 㱕 . [68a*4*4]\nCông đại đức mậu, thiên dữ nhân quy.\n兹 酌 厥 中 乃 遜 以 位 . [68a*4*12]\nTư chước quyết trung, nãi tốn dĩ vị.\n惟 克 𠃔 德 永 保 天 命 以 康 兆 民 . [68a*5*2]\nDuy khắc doãn đức, vĩnh bảo thiên mệnh, dĩ khang triệu dân.\n尚 其 欽 哉 . [68a*5*14]\nThượng kì khâm tai\".\n是 日 登 庸 稱 皇 帝 . [68a*5*18]\nThị nhật, Đăng Dung xưng hoàng đế.\n大 赦 改 元 明 德 . [68a*6*7]\nĐại xá, cải nguyên Minh Đức.\n降 封 帝 為 恭 王 與 皇 太 后 鄭 氏 幽 于 西 内 宮 . [68a*6*13]\nGiáng phong đế vi Cung Vương dữ Hoàng thái hậu Trịnh Thị u vu Tây Nội cung.\n後 數 月 逼 令 自 盡 . [68a*7*12]\nHậu sổ nguyệt, bức lệnh tự tận.\n太 后 祝 天 曰 登 庸 乃 人 臣 反 萌 簒 位 復 殺 吾 母 子 他 日 彼 之 子 孫 亦 猶 是 也 . [68a*8*1]\nThái hậu chúc thiên viết: \"Đăng Dung nãi nhân thần, phản manh soán vị, phục sát ngô mẫu tử, tha nhật bỉ chi tử tôn diệc do thị dã\".\n遂 𭁈 宮 帝 俱 殂 . [68a*9*12]\nToại dữ Cung Đế cụ tồ.\n登 . [68a*9*18]\nĐăng..\n",
    "url": "/data/image_dvsk/ban_ky_thuc_luc/quyen15/DVSKTT_ban_thuc_XV_68a.jpg"
  },
  {
    "text": "庸 迁 其 屍 于 北 使 舘 暴 露 㱕 塟 于 御 天 之 華 陽 陵 從 天 子 皇 後 禮 [ 今 御 天 縣 羙 舍 社 有 承 休 殿 是 也 ] . [68b*1*1]\nDung thiên kì thi vu Bắc sứ quán bạo lộ, quy táng vu Ngự Thiên chi Hoa Dương lăng tòng thiên tử hoàng hậu lễ [Kim Ngự Thiên huyện, Mĩ Xá xã hữu Thừa Hưu điện thị dã ].\n論 曰 [ 令 望 本 畧 云 ] 明 人 之 禍 古 所 未 有 . [68b*3*1]\nLuận viết: [Lệnh vọng bản lược vân ] Minh nhân chi hoạ cổ sở vị hữu.\n黎 太 祖 󰁮 一 旅 之 師 殄 百 萬 之 㓂 十 餘 年 間 而 天 下 大 定 斯 亦 難 矣 . [68b*3*17]\nLê Thái Tổ cử nhất lữ chi sư điễn bách vạn chi khấu, thập dư niên gian nhi thiên hạ đại định, tư diệc nan hĩ.\n復 䏻 親 率 六 師 經 理 四 塞 平 忙 禮 平 狗 玁 定 太 原 定 宣 光 占 城 復 從 哀 牢 震 懾 . [68b*5*6]\nPhục năng thân suất lục sư, kinh lí tứ tắc, bình Mường Lễ, bình Cẩu Hiểm, định Thái Nguyên, định Tuyên Quang, Chiêm Thành phục tòng, Ai Lao chấn nhiếp.\n功 德 之 盛 無 以 加 也 . [68b*7*2]\nCông đức chi thịnh vô dĩ gia dã.\n然 多 行 殺 戮 頗 有 不 仁 . [68b*7*10]\nNhiên, đa hành sát lục, pha hữu bất nhân.\n太 宗 重 道 崇 儒 設 科 取 士 任 賢 納 諫 敬 天 勤 民 斯 亦 勤 矣 . [68b*8*2]\nThái Tông trọng đạo sùng nho, thiết khoa thủ sĩ, nhiệm hiền nạp gián, kính thiên cần dân, tư diệc cần hĩ.\n然 耽 于 酒 色 不 正 其 終 . [68b*9*7]\nNhiên, đam vu tửu sắc, bất chính kì chung.\n仁 宗 . [68b*9*16]\nNhân Tông..\n",
    "url": "/data/image_dvsk/ban_ky_thuc_luc/quyen15/DVSKTT_ban_thuc_XV_68b.jpg"
  },
  {
    "text": "以 幼 冲 之 資 撫 豊 亨 之 運 母 后 稱 制 海 宇 謐 寧 . [69a*1*1]\ndĩ ấu xung chi tư, phủ phong hanh chi vận, mẫu hậu xưng chế, hải vũ mật ninh.\n然 不 幸 遭 变 甚 可 痛 惜 . [69a*2*2]\nNhiên, bất hạnh tao biến, thậm khả thống tích.\n聖 宗 時 属 内 難 人 同 推 戴 尊 臨 五 位 振 刷 百 為 . [69a*2*11]\nThánh Tông thời thuộc nội nạn, nhân đồng suy đái tôn lâm ngũ vị, chấn loát bách vi.\n立 府 衛 定 官 制 興 禮 樂 󰁮 廉 能 征 討 四 疆 開 拓 土 宇 . [69a*3*12]\nLập phủ vệ, định quan chế, hưng lễ nhạc, cử liêm năng, chinh thảo tứ cương, khai thác thổ vũ.\n茶 全 就 擒 老 撾 土 崩 琉 球 輿 尸 琴 公 走 死 四 瀰 賔 服 八 極 傾 風 三 十 八 年 天 下 安 治 . [69a*4*15]\nTrà Toàn tựu cầm, Lão Qua thổ băng, Lưu Cầu dư thi, Cầm Công tẩu tử, tứ di tấn phục, bát cực khuynh phong, tam thập bát niên, thiên hạ an trị.\n何 其 盛 哉 . [69a*6*13]\nHà kì thịnh tai!.\n憲 宗 存 心 圖 治 而 享 國 不 永 . [69a*6*17]\nHiến Tông tồn tâm đồ trị nhi hưởng quốc bất vĩnh.\n肃 宗 尊 師 重 道 而 早 年 夭 殁 . [69a*7*11]\nTúc Tông Tôn sư trọng đạo nhi tảo niên yểu một.\n繼 以 愍 厲 之 暴 虐 不 道 靈 隱 之 簒 弑 得 國 陀 陽 王 之 内 乱 見 迫 恭 皇 帝 之 天 祚 . [69a*8*5]\nKế dĩ Mẫn Lệ chi bạo ngược bất đạo, Linh Ẩn chi soán thí đắc quốc, Đà Dương Vương chi nội loạn, kiến bách Cung Hoàng Đế chi thiên tộ..\n",
    "url": "/data/image_dvsk/ban_ky_thuc_luc/quyen15/DVSKTT_ban_thuc_XV_69a.jpg"
  }
]