[
  {
    "text": "已 移 果 何 為 哉 . [69b*1*1]\ndĩ di, quả hà vi tai!.\n附 莫 登 庸 [ 僣 位 三 年 僣 追 稱 尊 號 為 太 宗 登 庸 宜 陽 古 齋 人 初 以 漁 為 業 及 長 有 舅 力 考 中 力 士 出 身 . [69b*2*1]\nPhụ Mạc Đăng Dung [Tiếm vị tam niên tiếm truy xưng tôn hiệu vi Thái Tông Đăng Dung Nghi Dương, Cổ Trai nhân, sơ dĩ ngư vi nghiệp, cập trưởng hữu cữu lực, khảo trúng lực sĩ xuất thân.\n洪 順 間 陞 都 指 揮 使 武 川 伯 歷 士 三 朝 . [69b*4*7]\nHồng Thuận gian, thăng Đô chỉ huy sứ Vũ Xuyên bá, lịch sĩ tam triều.\n統 元 間 位 至 太 師 仁 國 公 後 封 安 興 王 . [69b*5*5]\nThống Nguyên gian, vị chí Thái sư Nhân quốc công, hậu phong An Hưng Vương.\n陰 結 朋 黨 内 外 恊 謀 人 心 㱕 附 . [69b*6*3]\nÂm kết bằng đảng, nội ngoại hiệp mưu, nhân tâm quy phụ.\n遂 行 簒 弑 假 詔 稱 禪 而 即 真 矣 . [69b*6*15]\nToại hành soán thí, giả chiếu, xưng thiền nhi tức chân hĩ.\n是 月 登 容 入 昇 龍 城 居 正 殿 . [69b*8*1]\nThị nguyệt, Đăng Dung nhập Thăng Long thành cư chính điện.\n登 柄 評 曰 本 紀 言 莫 氏 代 黎 盖 以 明 夫 簒 逆 . [69b*9*1]\nĐăng Bính bình viết: Bản kỷ ngôn Mạc thị đại Lê cái dĩ minh phu soán nghịch..\n",
    "url": "/data/image_dvsk/ban_ky_thuc_luc/quyen15/DVSKTT_ban_thuc_XV_69b.jpg"
  },
  {
    "text": "之 端 . [70a*1*1]\nchi đoan.\n當 此 之 時 󰁮 朝 諸 大 臣 皆 注 目 閉 口 靣 靣 相 窺 . [70a*1*3]\nĐương thử chi thời, cử triều chư đại thần giai chú mục bế khẩu, diện diện tương khuy.\n向 使 黎 朝 中 有 一 人 䏻 扙 義 與 黎 家 出 力 誅 逆 禁 惡 以 討 叛 臣 之 罪 則 其 興 復 社 稷 猶 可 圖 也 . [70a*2*4]\nHướng sử Lê triều trung, hữu nhất nhân năng trượng nghĩa, dữ Lê gia xuất lực tru nghịch cấm ác, dĩ thảo phản thần chi tội tắc kì hưng phục xã tắc do khả đồ dã.\n胡 乃 甘 心 守 職 依 憑 寵 祿 以 苟 富 貴 圖 免 其 身 . [70a*4*6]\nHồ nãi cam tâm thủ chức, y bằng sủng lộc, dĩ cẩu phú quý, đồ miễn kì thân.\n反 縱 小 人 陰 賛 然 敎 之 謀 助 成 其 勢 以 求 榮 顯 使 莫 氏 日 益 驕 弄 得 以 自 專 上 既 無 軍 臣 之 分 下 自 萌 簒 逆 之 心 . [70a*5*7]\nPhản túng tiểu nhân âm, tán nhiên giáo chi mưu, trợ thành kì thế, dĩ cầu vinh hiển, sử Mạc thị nhật ích kiêu lộng, đắc dĩ tự chuyên, thượng ký vô quân thần chi phận, hạ tự manh soán nghịch chi tâm.\n恋 爵 固 寵 󰱧 義 損 忠 行 若 狗 彘 罪 惡 彰 聞 其 視 古 之 諸 賢 則 遠 矣 . [70a*7*16]\nLuyến tước cố sủng, hoại nghĩa tổn trung, hành nhược cẩu trệ, tội ác chương văn, kì thị cổ chi chư hiền tắc viễn hĩ.\n于 斯 時 也 權 間 勢 大 臣 下 異 . [70a*9*7]\nVu tư thời dã, quyền gian thế đại, thần hạ dị..\n",
    "url": "/data/image_dvsk/ban_ky_thuc_luc/quyen15/DVSKTT_ban_thuc_XV_70a.jpg"
  },
  {
    "text": "心 天 子 孤 立 於 其 上 舉 朝 無 一 人 可 托 欲 無 傾 覆 𡸈 䏻 得 乎 . [70b*1*1]\ntâm, thiên tử cô lập ư kì thượng, cử triều vô nhất nhân khả thác, dục vô khuynh phú, khởi năng đắc hồ?.\n卒 使 翻 成 光 紹 統 元 之 禍 逼 脅 人 心 天 帝 于 荒 丘 奪 取 黎 朝 天 下 僣 稱 位 號 居 于 黄 屋 絞 僞 多 端 . [70b*2*7]\nTốt sử phiên thành Quang Thiệu, Thống nguyên chi hoạ, bức hiếp nhân tâm, thiên đế vu hoang khâu, đoạt thủ Lê triều thiên hạ, tiếm xưng vị hiệu, cư vu hoàng ốc, giảo nguỵ đa đoan.\n以 海 陽 一 隅 之 地 稱 爲 陽 京 自 廢 黎 朝 陵 寢 誅 戮 前 大 功 臣 子 尊 迹 其 所 行 𭁈 曹 操 無 異 . [70b*4*10]\nDĩ Hải Dương nhất ngung chi địa, xưng vi Dương Kinh, tự phế Lê triều lăng tẩm, tru lục tiền đại công thần tử tôn, tích kì sở hành dữ Tào Tháo vô dị.\n可 勝 痛 哉 . [70b*6*10]\nKhả thắng thống tai.\n登 庸 封 其 宗 室 莫 [ 鈌 名 ] 為 靖 國 公 中 官 阮 世 恩 為 蒞 國 公 [ 唐 安 縣 慕 澤 社 人 ] 使 居 輔 弼 左 右 . [70b*7*1]\nĐăng Dung phong kì tông thất Mạc [khuyết danh] vi Tĩnh quốc công, Trung quan Nguyễn Thế Ân vi Lị Quốc công [Đường An huyện, Mộ Trạch xã nhân ] sử cư phụ bật tả hữu.\n臣 民 失 望 天 下 惶 惶 . [70b*8*18]\nThần dân thất vọng, thiên hạ hoàng hoàng.\n登 庸 恐 人 心 懷 𦾔 久 復 生 变 乃 遵 守 黎 . [70b*9*4]\nĐăng Dung khủng nhân tâm hoài cựu, cửu phục sinh biến, nãi tuân thủ Lê..\n",
    "url": "/data/image_dvsk/ban_ky_thuc_luc/quyen15/DVSKTT_ban_thuc_XV_70b.jpg"
  },
  {
    "text": "朝 法 度 不 敢 廢 置 撫 諭 臣 󰱃 鎮 則 人 心 掩 其 耳 目 . [71a*1*1]\ntriều pháp độ, bất cảm phế trí, phủ dụ thần thứ, trấn tắc nhân tâm, yểm kì nhĩ mục.\n謀 假 求 功 臣 世 家 子 孫 . [71a*2*2]\nMưu giả cầu công thần thế gia tử tôn.\n於 是 人 多 迯 竄 山 林 或 隐 若 姓 名 不 出 或 羣 聚 為 劫 黨 或 去 臣 於 外 國 以 偷 生 莫 知 所 從 矣 . [71a*2*11]\nƯ thị, nhân đa đào thoán sơn lâm, hoặc ẩn nhược tính danh bất xuất, hoặc quần tụ vi kiếp đảng, hoặc khứ thần ư ngoại quốc dĩ thâu sinh, mạc tri sở tòng hĩ.\n戊 子 [ 莫 僣 明 德 二 年 明 嘉 靖 七 年 ] . [71a*5*1]\nMậu tí [Mạc tiếm Minh Đức nhị niên Minh Gia Tĩnh thất niên ].\n春 正 月 是 時 登 庸 欲 更 立 新 政 乃 令 鑄 𦾔 年 號 樣 圜 法 通 寶 錢 多 不 䏻 成 . [71a*5*15]\nXuân, chính nguyệt, thị thời, Đăng Dung dục cánh lập tân chính, nãi lệnh chú cựu niên hiệu dạng viên pháp Thông Bảo tiền, đa bất năng thành.\n後 復 鑄 鉛 鉄 新 色 諸 間 錢 頒 行 天 下 各 處 使 之 通 用 焉 . [71a*6*18]\nHậu phục chú duyên thiết tân sắc chư gian tiền, ban hành thiên hạ các xứ, sử chi thông dụng yên.\n登 柄 評 曰 錢 年 莫 氏 雖 以 受 禅 猶 書 黎 朝 統 . [71a*9*1]\nĐăng Bính bình viết: Tiền niên, Mạc thị tuy dĩ thụ thiền do thư Lê triều Thống..\n",
    "url": "/data/image_dvsk/ban_ky_thuc_luc/quyen15/DVSKTT_ban_thuc_XV_71a.jpg"
  },
  {
    "text": "元 六 年 為 正 . [71b*1*1]\nNguyên lục niên vi chính.\n自 茲 以 後 黎 朝 無 年 號 可 紀 乃 以 莫 氏 明 德 年 號 分 注 两 行 不 得 書 正 統 以 明 簒 僞 也 . [71b*1*6]\nTự tư dĩ hậu, Lê triều vô niên hiệu khả kỷ, nãi dĩ Mạc thị Minh Đức niên hiệu phân chú lưỡng hàng, bất đắc thư chính thống, dĩ minh soán nguỵ dã.\n至 癸 巳 年 荘 宗 復 起 兵 于 哀 牢 國 中 𨿽 未 盡 復 然 以 正 統 書 之 盖 以 明 夫 君 臣 之 分 如 此 也 . [71b*3*5]\nChí Quý Tị niên, Trang Tông phục khởi binh vu Ai Lao, quốc trung tuy vị tận phục, nhiên dĩ Chính Thống thư chi cái dĩ minh phu quân thần chi phận như thử dã.\n二 月 登 庸 以 阮 國 憲 為 駙 馬 都 尉 太 保 林 國 公 賜 姓 莫 莫 國 楨 為 太 師 麟 國 公 莫 廷 科 為 左 都 督 謙 郡 公 . [71b*6*1]\nNhị nguyệt, Đăng Dung dĩ Nguyễn Quốc Hiến vi Phò mã Đô uý thái bảo Lâm quốc công tứ tính Mạc, Mạc Quốc Trinh vi Thái sư Lân quốc công, Mạc Đình Khoa vi Tả đô đốc khiêm quận công.\n少 保 通 郡 公 阮 時 雍 萊 郡 公 陳 棐 淳 溪 侯 屈 瓊 玖 慶 溪 侯 阮 秉 德 宏 禮 侯 范 嘉 謨 蘭 . [71b*8*5]\nThiếu Bảo Thông quận công Nguyễn Thì Ung, Lai Quận công Trần Phỉ, Thuần Khê hầu Khuất Quỳnh Cửu, KHánh Khê hầu Nguyễn Bỉnh Đức, Hoằng Lễ hầu Phạm Gia Mô, Lan..\n",
    "url": "/data/image_dvsk/ban_ky_thuc_luc/quyen15/DVSKTT_ban_thuc_XV_71b.jpg"
  },
  {
    "text": "川 伯 潘 廷 佐 道 川 侯 阮 文 泰 文 達 伯 阮 荗 崇 禮 伯 何 景 道 沂 川 伯 莫 益 徵 興 殷 伯 阮 鏏 祿 憲 侯 阮 狄 文 塲 伯 范 正 誼 文 斗 侯 阮 專 羙 河 汾 伯 阮 度 蘇 川 侯 黎 光 賁 文 寧 侯 阮 典 敬 及 中 宮 掌 監 阮 厚 廉 等 五 十 六 人 皆 陞 秩 賜 爵 有 差 . [72a*1*1]\nXuyên bá Phan Đình Tá, Đạo Xuyên hầu Nguyễn Văn Thái, Văn Đạt bá Nguyễn Mậu, Sùng Lễ bá Hà Cảnh Đạo, Nghi Xuyên bá Mạc Ích Trưng, Hưng Ân bá Nguyễn Tuệ, Lộc Hiến hầu Nguyễn Địch, Văn Trường bá Phạm chính Nghị, Văn Đẩu hầu Nguyễn Chuyên Mĩ, Hà Phấn bá Nguyễn Độ, Tô Xuyên hầu Lê Quang Bí, Văn Ninh hầu Nguyễn Điển Kính, cập Trung cung chưởng giám Nguyễn Hậu Liêm đẳng ngũ thập lục nhân giai thăng trật, tứ tước hữu sai.\n登 庸 使 人 徃 燕 京 告 于 明 人 謂 黎 氏 子 孫 無 人 丞 嗣 囑 使 大 臣 莫 氏 權 官 國 事 統 撫 民 眾 . [72a*6*1]\nĐăng Dung sử nhân vãng Yên Kinh cáo vu Minh nhân: Vị Lê thị tử tôn vô nhân thừa tự, chúc sử đại thần Mạc thị quyền quan quốc sự, thống phủ dân chúng.\n明 人 不 信 密 使 人 徃 探 訪 國 内 消 息 詰 問 因 由 陰 求 黎 氏 子 孫 以 立 之 . [72a*7*17]\nMinh nhân bất tín, mật sử nhân vãng thám phỏng quốc nội tiêu tức, cật vấn, nhân do âm cầu Lê thị tử tôn dĩ lập chi.\n莫 人 每 以 文 詞 華 飭 對 答 又 . [72a*9*8]\nMạc nhân mỗi dĩ văn từ hoa sức đối đáp, hựu..\n",
    "url": "/data/image_dvsk/ban_ky_thuc_luc/quyen15/DVSKTT_ban_thuc_XV_72a.jpg"
  },
  {
    "text": "多 以 金 銀 賄 賂 . [72b*1*1]\nđa dĩ kim ngân hối lộ.\n及 使 回 密 告 謂 黎 氏 子 孫 既 絶 弗 䏻 嗣 政 委 托 于 莫 . [72b*1*7]\nCập sứ hồi, mật cáo vị Lê thị tử tôn ký tuyệt, phất năng tự chính, uỷ thác vu Mạc.\n國 人 尊 服 㱕 之 乞 少 恕 罪 . [72b*2*9]\nQuốc nhân tôn phục quy chi, khất thiểu thứ tội.\n明 帝 罵 不 許 . [72b*3*1]\nMinh đế mạ, bất hứa.\n登 庸 恐 明 人 問 罪 乃 謀 割 地 納 㱕 順 二 州 人 民 及 金 銀 二 軀 并 寶 珍 奇 貨 異 物 . [72b*3*6]\nĐăng Dung khủng Minh nhân vấn tội, nãi mưu cát địa nạp quy thuận nhị châu nhân dân cập kim ngân nhị khu, tịnh bảo chân, kì hoá, dị vật.\n明 帝 納 之 . [72b*4*18]\nMinh đế nạp chi.\n自 此 南 北 復 通 使 徃 來 . [72b*5*4]\nTự thử, Nam Bắc phục thông sứ vãng lai.\n冬 十 月 登 庸 以 承 平 之 後 制 度 稍 弛 意 欲 更 張 振 作 乃 命 其 臣 國 憲 等 議 定 兵 制 田 制 祿 制 及 置 興 國 昭 武 錦 衣 金 吾 四 衛 并 五 府 内 外 各 衛 所 所 属 各 司 司 號 官 名 及 各 衙 門 員 數 人 數 兵 . [72b*6*1]\nĐông, thập nguyệt, Đăng Dung dĩ thừa bình chi hậu, chế độ sảo thỉ, ý dục cánh trương chấn tác, nãi mệnh kì thần Quốc Hiến đẳng nghị định binh chế, điền chế, lộc chế cập trí Hưng quốc, Chiêu vũ, Cẩm y, Kim ngô tứ vệ, tịnh ngũ phủ nội ngoại, các vệ sở sở thuộc các ti, ti hiệu quan danh, cập các nha môn viên, số nhân, số binh,..\n",
    "url": "/data/image_dvsk/ban_ky_thuc_luc/quyen15/DVSKTT_ban_thuc_XV_72b.jpg"
  },
  {
    "text": "數 倣 如 前 朝 官 制 依 例 編 補 充 之 . [73a*1*1]\nsố phỏng như tiền triều quan chế, y lệ biên bổ sung chi.\n廼 以 海 陽 處 鎮 兵 属 為 興 國 衛 山 南 處 鎮 兵 属 㱕 昭 武 衛 山 西 處 鎮 兵 属 㱕 錦 衣 衛 京 北 處 鎮 兵 属 歸 金 吾 衛 . [73a*1*14]\nNãi dĩ Hải Dương xứ trấn binh thuộc vi Hưng Quốc vệ, Sơn Nam xứ trấn binh thuộc quy Chiêu Vũ vệ, Sơn Tây xứ trấn binh thuộc quy Cẩm Y vệ, Kinh Bắc xứ trấn binh thuộc quy Kim Ngô vệ.\n分 補 各 司 每 司 置 指 揮 使 一 貟 指 揮 同 知 一 員 指 揮 僉 事 一 貟 忠 校 十 貟 忠 士 一 千 一 百 人 分 爲 二 十 二 番 宿 直 . [73a*4*2]\nPhân bổ các ti, mỗi ti trí chỉ huy sứ nhất viên, chỉ huy đồng tri nhất viên, chỉ huy thiêm sự nhất viên, trung hiệu thập viên, trung sĩ nhất thiên nhất bách nhân, phân vi nhị thập nhị phiên túc trực.\n如 有 功 勞 除 千 户 統 制 𬋩 領 中 尉 等 職 . [73a*6*9]\nNhư hữu công lao trừ thiên hộ, thống chế, quản lĩnh, trung uý đẳng chức.\n每 衛 置 書 記 一 貟 用 前 記 錄 出 身 如 除 首 領 牧 民 各 職 . [73a*7*6]\nMỗi vệ trí thư ký nhất viên, dụng tiền ký lục xuất thân, như trừ thủ lĩnh mục dân các chức.\n其 忠 士 照 例 分 番 每 番 分 為 五 甲 每 甲 置 甲 首 一 貟 本 司 官 擇 取 忠 校 的 . [73a*8*9]\nKì trung sĩ chiếu lệ phân phiên, mỗi phiên phân vi ngũ giáp, mỗi giáp trí giáp thủ nhất viên, bản ti quan trạch thủ trung hiệu đích..\n",
    "url": "/data/image_dvsk/ban_ky_thuc_luc/quyen15/DVSKTT_ban_thuc_XV_73a.jpg"
  },
  {
    "text": "當 者 具 本 除 授 . [73b*1*1]\nđáng giả cụ bản trừ thụ.\n己 丑 [ 莫 明 德 三 年 明 嘉 靖 八 年 ] . [73b*2*1]\nKỉ Sửu [Mạc Minh Đức tam niên Minh gia Tĩnh bát niên].\n時 黎 朝 𦾔 臣 鄭 顒 鄭 昂 兄 弟 二 人 奔 告 于 明 . [73b*2*13]\nThời, Lê triều cựu thần Trịnh Ngung, Trịnh Ngang huynh đệ nhị nhân bôn cáo vu Minh.\n莫 氏 多 用 賄 賂 於 明 沮 之 . [73b*3*6]\nMạc thị đa dụng hối lộ ư Minh tự chi.\n事 未 䏻 濟 皆 死 于 明 . [73b*3*16]\nSự vị năng tế, giai tử vu Minh.\n時 清 華 右 衛 殿 前 將 軍 安 清 侯 阮 金 [ 宋 山 沛 庄 人 一 云 弘 裕 之 子 ] 等 率 子 弟 奔 哀 牢 國 . [73b*4*6]\nThời, Thanh Hoa hữu vệ điện tiền tướng quân An Thanh hầu Nguyễn Kim [Tống Sơn Phái Trang nhân nhất vân Hoằng Dụ chi tử ], đẳng suất tử đệ bôn Ai Lao quốc.\n主 乍 斗 以 為 唇 齒 之 󰘊 給 以 岑 州 人 民 及 土 地 㱕 之 . [73b*5*23]\nChúa Sạ Đẩu dĩ vi thần xỉ chi bang, cấp dĩ Sầm Châu nhân dân cập thổ địa quy chi.\n由 是 畜 養 士 卒 招 亡 納 叛 陰 求 黎 氏 子 孫 立 之 以 圖 恢 復 . [73b*7*1]\nDo thị, súc dưỡng sĩ tốt, chiêu vong nạp phản, âm cầu Lê thị tử tôn lập chi, dĩ đồ khôi phục.\n莫 開 會 試 科 . [73b*8*5]\nMạc khai Hội thí khoa.\n賜 杜 綜 [ 文 江 縣 賴 屋 社 ] 阮 沆 阮 文 徽 三 名 進 士 及 第 阮 雲 光 等 八 名 進 士 出 身 . [73b*8*10]\nTứ Đỗ Tống [Văn Giang huyện, Lại Ốc xã], Nguyễn Hàng, Nguyễn Văn Huy tam danh tiến sĩ cập đệ; Nguyễn Vân Quang đẳng bát danh tiến sĩ xuất thân;..\n",
    "url": "/data/image_dvsk/ban_ky_thuc_luc/quyen15/DVSKTT_ban_thuc_XV_73b.jpg"
  }
]