[
  {
    "text": "阮 有 焕 等 十 六 名 同 進 士 出 身 . [74a*1*1]\nNguyễn Hữu Hoán đẳng thập lục danh đồng tiến sĩ xuất thân.\n冬 十 二 月 時 莫 登 庸 簒 位 三 年 自 以 年 老 乃 以 位 與 其 長 子 登 瀛 自 稱 太 上 皇 出 居 祥 光 殿 以 漁 為 業 遨 遊 自 樂 . [74a*2*1]\nĐông, thập nhị nguyệt, thời, Mạc Đăng Dung soán vị tam niên, tự dĩ niên lão, nãi dĩ vị dữ kì trưởng tử Đăng Doanh, tự xưng Thái thượng hoàng, xuất cư Tường Quang điện, dĩ ngư vi nghiệp ngao du tự lạc.\n莫 登 瀛 [ 登 庸 之 子 僣 位 十 一 年 後 僣 追 称 尊 號 為 太 宗 ] . [74a*5*1]\nMạc Đăng Doanh [Đăng Dung chi tử, tiếm vị thập nhất niên, hậu tiếm truy xưng tôn hiệu vi Thái Tông].\n庚 寅 [ 莫 大 正 元 年 明 嘉 靖 九 年 ] . [74a*6*1]\nCanh Dần [Mạc Đại Chính nguyên niên, Minh Gia tĩnh cửu niên].\n春 正 月 朔 莫 登 瀛 僣 位 大 赦 改 元 大 正 . [74a*6*13]\nXuân, chính nguyệt, sóc, Mạc Đăng Doanh tiếm vị, đại xá, cải nguyên Đại Chính.\n時 清 華 人 黎 意 以 黎 氏 外 孫 憤 莫 氏 簒 僣 乃 起 兵 于 椰 州 復 稱 光 紹 年 號 人 多 㱕 之 旬 月 之 間 郡 縣 響 應 兵 至 數 萬 餘 人 乃 與 部 將 . [74a*7*4]\nThời, Thanh Hoa nhân Lê Ý dĩ Lê thị ngoại tôn, phẫn Mạc thị soán tiếm, nãi khởi binh vu Da Châu, phục xưng Quang Thiệu niên hiệu, nhân đa quy chi, tuần nguyệt chi gian, quận huyện hưởng ứng, binh chí sổ vạn dư nhân, nãi dữ bộ tướng..\n",
    "url": "/data/image_dvsk/ban_ky_thuc_luc/quyen15/DVSKTT_ban_thuc_XV_74a.jpg"
  },
  {
    "text": "黎 如 璧 黎 伯 造 何 公 僚 黎 宗 舍 阮 暠 等 布 列 营 寨 分 置 奇 隊 部 伍 起 砲 令 揚 旗 號 屯 兵 馬 江 . [74b*1*1]\nLê Như Bích, Lê Bá Tạo, Hà Công Liêu, Lê Tông Xá, Nguyễn Cảo đẳng bố liệt doanh trại, phân trí kì đội, bộ ngũ, khởi pháo lệnh, dương kì hiệu, đồn binh Mã giang.\n於 是 遠 𣂷 豪 傑 咸 以 為 黎 氏 復 興 相 與 奮 𭛁 趍 附 不 數 年 間 軍 聲 大 振 . [74b*2*18]\nƯ thị, viễn cận hào kiệt hàm dĩ vi Lê thị phục hưng, tương dữ phấn phát xu phụ, bất sổ niên gian quân thanh đại chấn.\n三 月 大 旱 蝗 䖝 禾 榖 枯 死 至 六 月 下 旬 始 雨 . [74b*5*1]\nTam nguyệt, đại hạn, hoàng trùng hoà cốc khô tử, chí lục nguyệt hạ tuần thuỷ vũ.\n夏 四 月 登 庸 自 督 始 步 數 萬 擊 黎 意 于 馬 江 . [74b*6*1]\nHạ, tứ nguyệt, Đăng Dung tự đốc thuỷ bộ sổ vạn kích Lê Ý vu Mã giang.\n登 庸 兵 數 敗 乃 退 回 京 師 留 其 太 師 麟 國 公 莫 國 楨 等 鎮 守 華 林 營 . [74b*6*18]\nĐăng Dung binh sổ bại, nãi thoái hồi Kinh Sư, lưu kì Thái sư Lân Quốc công Mạc Quốc Trinh đẳng trấn thủ Hoa Lâm doanh.\n後 國 楨 退 守 宋 江 . [74b*8*8]\nHậu Quốc Trinh thoái thủ Tống Giang.\n秋 七 月 黎 意 進 屯 西 都 城 立 行 營 于 義 路 江 . [74b*9*1]\nThu, thất nguyệt, Lê Ý tiến đồn Tây Đô thành, lập hành dinh vu Nghĩa Lộ giang.\n時 . [74b*9*18]\nThờị.\n",
    "url": "/data/image_dvsk/ban_ky_thuc_luc/quyen15/DVSKTT_ban_thuc_XV_74b.jpg"
  },
  {
    "text": "有 人 進 黄 袍 及 黄 盖 二 柄 将 士 大 賀 . [75a*1*1]\nhữu nhân tiến hoàng bào, cập hoàng cái nhị bính, tướng sĩ đại hạ.\n八 月 二 十 三 日 登 庸 既 回 京 登 瀛 又 引 兵 入 清 華 大 會 于 弘 化 江 分 兵 二 道 並 進 . [75a*2*1]\nBát nguyệt, nhị thập tam nhật, Đăng Dung ký hồi Kinh, Đăng Doanh hựu dẫn binh nhập Thanh Hoa, đại hội vu Hoằng Hoá giang, phân binh nhị đạo tịnh tiến.\n莫 國 楨 領 戦 船 二 百 隻 先 進 限 後 日 至 安 定 多 祿 江 [ 一 作 烈 市 江 ] . [75a*3*14]\nMạc Quốc Trinh lĩnh chiến thuyền nhị bách chích tiên tiến, hạn hậu nhật chí Yên Định, Đa Lộc giang [Nhất tác Liệt Thị giang ].\n時 黎 意 先 已 預 僃 陳 疑 兵 于 多 祿 江 自 將 精 兵 夜 時 潜 進 間 行 縣 中 及 旦 軍 至 安 山 江 邉 大 起 砲 號 三 聲 截 戦 國 楨 後 . [75a*5*1]\nThời, Lê Ý tiên dĩ dự bị, trần nghi binh vu Đa Lộc giang, tự tương tinh binh dạ thời tiềm tiến gian hành huyện trung, cập đán quân chí An Sơn giang biên, đại khởi pháo hiệu tam thanh, tiệt chiến Quốc Trinh hậu.\n軍 莫 兵 驚 會 棄 船 登 岸 走 散 . [75a*7*10]\nQuân Mạc binh kinh hội, khí thuyền đăng ngạn tẩu tán.\n意 騎 馬 親 率 諸 将 突 陣 衝 擊 手 刺 七 十 餘 人 . [75a*8*3]\nÝ kị mã thân suất chư tướng đột trận xung kích, thủ thích thất thập dư nhân.\n莫 兵 大 潰 乘 勢 逐 北 斬 首 無 數 . [75a*9*2]\nMạc binh đại hội, thừa thế trục bắc, trảm thủ vô số.\n是 日 午 時 登 . [75a*9*14]\nThị nhật, Ngọ thời, Đăng..\n",
    "url": "/data/image_dvsk/ban_ky_thuc_luc/quyen15/DVSKTT_ban_thuc_XV_75a.jpg"
  },
  {
    "text": "瀛 未 知 國 楨 已 散 自 督 其 宗 室 進 兵 洞 滂 以 躡 黎 意 兵 後 . [75b*1*1]\nDoanh vị tri Quốc Trinh dĩ tán, tự đốc kì tông thất tiến binh Động Bàng dĩ niếp Lê Ý binh hậu.\n意 聞 之 乃 奮 身 𭁈 諸 将 令 曰 今 日 遇 此 大 敵 若 不 戦 則 何 日 以 興 復 黎 朝 乎 . [75b*2*5]\nÝ văn chi nãi phấn thân dữ chư tướng lệnh viết: Kim nhật ngộ thử đại địch, nhược bất chiến tắc hà nhật dĩ hưng phục Lê triều hồ?.\n諸 将 聞 令 咸 奮 力 縱 兵 進 戦 大 破 之 斬 莫 兵 萬 餘 死 屍 相 󰥺 . [75b*3*16]\nChư tướng văn lệnh hàm phấn lực túng binh tiến chiến, đại phá chi, trảm Mạc binh vạn dư, tử thi tương chẩm.\n登 瀛 退 兵 固 守 . [75b*5*3]\nĐăng Doanh thoái binh cố thủ.\n意 軍 一 日 兩 勝 威 聲 大 振 莫 兵 遠 去 . [75b*5*9]\nÝ quân nhất nhật lưỡng thắng, uy thanh đại chấn Mạc binh viễn khứ.\n冬 十 一 月 登 瀛 還 京 . [75b*6*5]\nĐông, thập nhất nguyệt, Đăng Doanh hoàn Kinh.\n十 二 月 黎 意 為 莫 兵 所 獲 . [75b*6*13]\nThập nhị nguyệt, Lê Ý vị Mạc binh sở hoạch.\n時 意 收 兵 撤 寨 退 屯 椰 州 以 兵 勝 心 驕 不 為 預 僃 少 有 輕 敵 之 心 . [75b*7*7]\nThời Ý thu binh triệt trại, thoái đồn Da Châu, dĩ binh thắng tâm kiêu, bất vi dự bị, thiểu hữu khinh địch chi tâm.\n至 是 兵 少 食 盡 令 使 将 士 遠 入 山 内 運 糧 以 此 營 寨 空 踈 隊 . [75b*8*14]\nChí thị, binh thiểu thực tận, lệnh sử tướng sĩ viễn nhập sơn nội vận lương, dĩ thử doanh trại không sơ, đội..\n",
    "url": "/data/image_dvsk/ban_ky_thuc_luc/quyen15/DVSKTT_ban_thuc_XV_75b.jpg"
  },
  {
    "text": "伍 不 整 . [76a*1*1]\nngũ bất chỉnh.\n人 有 來 報 莫 國 楨 消 息 . [76a*1*4]\nNhân hữu lai báo Mạc Quốc Trinh tiêu tức.\n國 楨 乃 󰱇 輕 兵 戦 船 五 十 隻 日 夜 兼 行 進 至 枷 州 寨 . [76a*1*13]\nQuốc Trinh nãi tuyển khinh binh chiến thuyền ngũ thập chích, nhật dạ kiêm hành tiến chí Da Châu trại.\n意 突 戦 不 克 為 莫 兵 獲 之 軍 大 會 走 或 奔 投 哀 牢 㱕 于 安 清 侯 阮 金 或 散 㱕 田 野 . [76a*2*15]\nÝ đột chiến bất khắc, vị Mạc binh hoạch chi, quân đại hội tẩu, hoặc bôn đầu Ai Lao quy vu An Thanh hầu Nguyễn Kim, hoặc tán quy điền dã.\n國 楨 檻 送 意 回 京 軍 裂 于 城 南 門 外 . [76a*4*10]\nQuốc Trinh giám tống Ý hồi kinh, quân liệt vu thành Nam môn ngoại.\n辛 卯 [ 莫 大 正 二 年 明 嘉 靖 十 年 ] . [76a*6*1]\nTân Mão [Mạc Đại Chính nhị niên Minh Gia Tĩnh thập niên].\n黎 朝 𦾔 臣 璧 溪 侯 黎 公 淵 阮 我 阮 壽 長 阮 仁 連 等 [ 公 淵 雷 陽 海 歷 人 壽 長 農 河 内 人 仁 連 廣 南 彰 義 人 ] 貢 起 兵 于 清 華 . [76a*6*13]\nLê triều cựu thần Bích Khê hầu Lê Công Uyên, Nguyễn Ngã, Nguyễn Thọ Trường, Nguyễn Nhân Liên đẳng [Công Uyên Lôi Dương Hải Lịch nhân, Thọ Trường Nông Hà Nội nhân, Nhân Liên Quảng Nam Chương Nghĩa nhân], Cống khởi binh vu Thanh Hoa.\n時 公 淵 等 忿 莫 氏 無 君 乃 自 率 子 弟 㱕 清 華 起 兵 亦 称 黎 兵 擄 掠 郡 縣 燒 毀 民 家 . [76a*8*6]\nThời, Công Uyên đẳng phẫn Mạc thị vô quân, nãi tự suất tử đệ quy Thanh Hoa khởi binh, diệc xưng Lê binh, lỗ lược quận huyện, thiêu huỷ dân gia..\n",
    "url": "/data/image_dvsk/ban_ky_thuc_luc/quyen15/DVSKTT_ban_thuc_XV_76a.jpg"
  },
  {
    "text": "或 在 陣 亡 殁 或 擒 獲 送 京 . [76b*1*1]\nhoặc tại trận vong một, hoặc cầm hoạch tống kinh.\n一 方 之 民 偏 受 其 害 抔 得 休 息 人 民 飢 饉 米 一 升 直 錢 一 陌 . [76b*1*11]\nNhất phương chi dân thiên thụ kì hại, bất đắc hưu tức, nhân dân cơ cận, mễ nhất thăng trực tiền nhất mạch.\n後 山 東 人 名 䧺 山 者 得 罪 於 莫 乃 自 將 子 弟 數 百 人 竄 入 清 華 創 立 營 󰀋 㨿 守 数 月 . [76b*2*16]\nHậu Sơn Đông nhân danh Hùng Sơn giả đắc tội ư Mạc, nãi tự tương tử đệ sổ bách nhân, thoán nhập Thanh Hoa, sáng lập doanh sách cứ thủ sổ nguyệt.\n登 瀛 使 将 擊 之 . [76b*4*12]\nĐăng Doanh sử tướng kích chi.\n舍 於 玉 勳 村 病 卒 兵 乃 乱 . [76b*4*18]\nXá ư Ngọc Huân thôn, bệnh tốt, binh nãi loạn.\n壬 辰 [ 莫 大 正 三 年 春 明 家 靖 十 一 年 ] . [76b*6*1]\nNhâm thìn [Mạc Đại Chính tam niên Xuân, Minh Gia Tĩnh thập nhất niên].\n莫 開 會 試 科 . [76b*6*15]\nMạc khai Hội thí khoa.\n賜 阮 倩 清 威 耕 獲 人 仕 至 尙 書 舒 郡 公 後 㱕 命 黎 朝 倦 之 父 ] 裴 永 吾 山 快 三 名 進 士 及 第 阮 迪 康 等 六 名 進 士 出 身 阮 良 弼 等 十 八 名 同 進 士 出 身 . [76b*6*20]\nTứ Nguyễn Thiến [Thanh oai Canh Hoạch nhân sĩ chí Thượng thư Thư quận công, hậu quy mệnh Lê triều, Quyện chi phụ], Bùi Vĩnh, Ngô Sơn Khoái tam danh tiến sĩ cập đệ; Nguyễn Địch Khang đẳng lục danh tiến sĩ xuất thân; Nguyễn Lương Bật đẳng thập bát danh đồng tiến sĩ xuất thân.\n莫 令 禁 内 外 各 處 不 得 持 鎗 釖 及 . [76b*9*5]\nMạc lệnh cấm nội ngoại các xứ bất đắc trì thương đao cập..\n",
    "url": "/data/image_dvsk/ban_ky_thuc_luc/quyen15/DVSKTT_ban_thuc_XV_76b.jpg"
  },
  {
    "text": "尖 刀 干 戈 兵 噐 横 衡 道 路 . [77a*1*1]\ntiêm đao, can qua binh khí hoành hành đạo lộ.\n違 者 許 法 司 捕 捉 . [77a*1*11]\nVi giả hứa pháp ti bổ tróc.\n於 是 商 賈 及 行 人 皆 空 手 而 行 夜 無 道 劫 放 牧 不 收 每 一 月 一 點 視 或 有 生 産 不 䏻 識 其 家 物 . [77a*1*18]\nƯ thị, thương giá cập hành nhân giai không thủ nhi hành, dạ vô đạo kiếp, phóng mục bất thu, mỗi nhất nguyệt nhất điểm thị, hoặc hữu sinh sản bất năng thức kì gia vật.\n數 年 之 間 道 不 拾 遺 外 户 不 閉 屢 大 有 年 境 内 稍 安 . [77a*3*18]\nSổ niên chi gian, đạo bất thập di, ngoại hộ bất bế, lũ đại hữu niên, cảnh nội sảo an.\n冬 十 月 登 瀛 勅 賜 中 人 忠 厚 侯 [ 鈌 姓 名 弘 化 縣 人 ] 為 大 将 軍 使 領 兵 統 𬋩 清 華 三 府 同 三 司 官 總 鎮 一 方 兵 民 . [77a*5*1]\nĐông, thập nguyệt, Đăng Doanh sắc tứ trung nhân Trung Hậu hầu [Khuyết tính danh Hoằng Hoá huyện nhân ] vi đại tướng quân, sử lĩnh binh thống quản Thanh Hoa tam phủ đồng tam ti quan tổng trấn nhất phương binh dân.\n西 安 伯 黎 丕 承 [ 安 定 縣 香 市 人 ] 譖 曰 愛 州 之 地 山 川 險 峻 地 勢 肥 饒 兵 糧 富 足 且 權 宜 分 不 宜 專 若 專 之 必 致 禍 亂 倘 有 变 𭛁 恐 後 難 制 此 地 . [77a*7*4]\nTây An bá Lê Phỉ Thừa [Yên Định huyện Hương Thị nhân] Tiếm viết: Ái Châu chi địa, sơn xuyên hiểm tuấn, địa thế phì nhiêu, binh lương phú túc, thả quyền nghi phân bất nghi chuyên, nhược chuyên chi tất trí hoạ loạn, thảng hữu biến phát, khủng hậu nan chế, thử địa..\n",
    "url": "/data/image_dvsk/ban_ky_thuc_luc/quyen15/DVSKTT_ban_thuc_XV_77a.jpg"
  },
  {
    "text": "非 朝 廷 之 有 也 . [77b*1*1]\nphi triều đình chi hữu dã.\n臣 願 詳 察 毋 爲 後 悔 . [77b*1*7]\nThần nguyện tường sát, vô vi hậu hối.\n登 瀛 乃 復 分 清 華 為 二 瑞 源 安 定 永 福 東 山 錦 水 石 城 廣 平 七 縣 委 黎 丕 承 𬋩 統 之 與 忠 厚 侯 相 為 控 制 . [77b*1*15]\nĐăng Doanh nãi phục phân Thanh Hoa vi nhị Thuỵ Nguyên, Yên Định, Vĩnh Phúc, Đông Sơn, Cẩm Thuỷ, Thạch Thành, Quảng Bình thất huyện uỷ Lê Phỉ thừa quản thống chi, dữ Trung Hậu hầu tương vi khống chế.\n及 丕 承 得 權 乃 自 益 驕 縱 卒 生 变 心 . [77b*4*1]\nCập Phỉ Thừa đắc quyền, nãi tự ích kiêu túng, tốt sinh biến tâm.\n是 月 彗 星 見 東 方 . [77b*4*15]\nThị nguyệt, Tuệ tinh kiến Đông phương.\n十 二 月 黎 朝 𦾔 臣 安 清 侯 阮 金 尊 立 昭 宗 之 子 寧 于 哀 牢 . [77b*5*5]\nThập nhị nguyệt, Lê triều cựu thần An Thanh hầu Nguyễn Kim tôn lập Chiêu Tông chi tử Ninh vu Ai Lao.\n初 金 在 哀 牢 養 兵 蓄 銳 使 人 徃 國 中 遍 求 黎 氏 子 孫 乃 得 昭 宗 之 子 寕 尊 立 爲 帝 改 元 阮 和 [ 是 為 荘 宗 ] 以 正 國 統 . [77b*6*10]\nSơ Kim tại Ai Lao dưỡng binh súc nhuệ, sử nhân vãng quốc trung biến cầu Lê thị tử tôn, nãi đắc Chiêu Tông chi tử Ninh, tôn lập vi đế, cải nguyên Nguyễn Hoà [Thị vi Trang Tông] dĩ chính quốc thống.\n於 是 西 土 豪 傑 之 士 多 㱕 附 之 . [77b*8*17]\nƯ thị, Tây thổ hào kiệt chi sĩ đa quy phụ chi.\n帝 拜 金 為 太 師 興 國 公 及 . [77b*9*9]\nĐế bái Kim vi Thái sư Hưng quốc công, cập..\n",
    "url": "/data/image_dvsk/ban_ky_thuc_luc/quyen15/DVSKTT_ban_thuc_XV_77b.jpg"
  },
  {
    "text": "諸 将 佐 皆 以 次 受 封 . [78a*1*1]\nchư tướng tá giai dĩ thứ thụ phong.\n凡 軍 民 事 無 大 小 悉 皆 委 之 日 夜 恊 謀 共 圖 興 復 . [78a*1*9]\nPhàm quân dân sự vô đại tiểu tất giai uỷ chi, nhật dạ hiệp mưu cộng đồ hưng phục.\n登 柄 評 曰 黎 朝 不 幸 巾 衰 至 此 極 矣 . [78a*3*1]\nĐăng Bính bình viết: Lê triều bất hạnh cân suy, chí thử cực hĩ.\n故 愚 嘗 曰 莫 氏 者 黎 朝 之 叛 臣 也 . [78a*3*15]\nCố ngu thường viết Mạc thị giả Lê triều chi phản thần dã.\n至 黎 帝 即 位 于 哀 牢 始 以 正 統 紀 年 以 明 君 臣 之 分 正 大 綱 也 . [78a*4*11]\nChí Lê đế tức vị vu Ai Lao, thuỷ dĩ chính thống kỷ niên, dĩ minh quân thần chi phận chính đại cương dã.\n是 時 莫 氏 奄 有 其 國 而 不 以 正 統 書 之 者 何 也 盖 莫 氏 臣 也 . [78a*6*1]\nThị thời, Mạc thị yểm hữu kì quốc nhi bất dĩ chính thống thư chi giả hà dã? Cái Mạc thị thần dã.\n黎 帝 𨿽 即 位 于 外 没 迹 鄰 國 曾 無 寸 土 一 民 而 獨 以 正 統 書 之 者 何 也 盖 黎 氏 軍 也 . [78a*7*7]\nLê đế tuy tức vị vu ngoại, một tích lân quốc, tằng vô thốn thổ nhất dân nhi độc dĩ chính thống thư chi giả hà dã? Cái Lê thị quân dã.\n抑 賞 考 之 古 人 有 言 曰 天 下 者 非 . [78a*9*5]\nỨc thưởng khảo chi cổ nhân hữu ngôn viết: Thiên hạ giả phi..\n",
    "url": "/data/image_dvsk/ban_ky_thuc_luc/quyen15/DVSKTT_ban_thuc_XV_78a.jpg"
  },
  {
    "text": "一 人 之 天 下 也 . [78b*1*1]\nnhất nhân chi thiên hạ dã.\n粤 昔 炎 帝 啓 封 南 國 以 來 歷 代 明 王 賢 主 有 攻 守 而 併 吞 之 有 傳 授 之 世 守 之 皆 繼 世 而 王 以 有 位 號 乃 以 正 統 書 之 曰 本 紀 曰 正 紀 曰 前 紀 後 紀 曰 中 紀 末 紀 皆 其 順 而 以 . [78b*1*7]\nViệt tích Viêm đế khải phong Nam quốc dĩ lai, lịch đại minh vương hiền chủ, hữu công thủ nhi tính thôn chi, hữu truyền thụ chi thế thủ chi, giai kế thế nhi vương, dĩ hữu vị hiệu nãi dĩ chính thống thư chi, viết bản kỷ, viết chính kỷ, viết Tiền kỷ, Hậu kỷ, viết Trung kỷ, Mạt kỷ giai kì thuận nhi dĩ.\n至 若 悖 逆 簒 弑 而 強 自 立 𨿽 有 名 號 稱 者 皆 名 不 正 言 不 順 也 則 編 之 為 附 紀 是 其 逆 而 以 . [78b*5*5]\nChí nhược bột nghịch soán thí nhi cường tự lập, tuy hữu danh hiệu xưng giả giai danh bất chính ngôn bất thuận dã, tắc biên chi vi phụ kỷ, thị kì nghịch nhi dĩ.\n世 降 而 下 乱 起 紛 紜 迭 有 興 󰲝 不 必 言 之 . [78b*7*6]\nThế hàng nhi hạ loạn, khởi phân vân điệt hữu hưng phế, bất tất ngôn chi.\n自 趙 越 王 之 起 則 本 前 李 南 帝 之 臣 也 . [78b*8*5]\nTự Triệu Việt Vương chi khởi, tắc bản tiền Lí Nam Đế chi thần dã.\n繼 南 帝 以 有 其 國 而 後 始 即 政 称 王 以 . [78b*9*3]\nKế Nam đế dĩ hữu kì quốc nhi hậu thuỷ tức chính xưng vương, dĩ..\n",
    "url": "/data/image_dvsk/ban_ky_thuc_luc/quyen15/DVSKTT_ban_thuc_XV_78b.jpg"
  },
  {
    "text": "其 臣 䏻 代 軍 行 政 如 此 順 也 . [79a*1*1]\nkì thần năng đại quân hành chính, như thử thuận dã.\n丁 先 皇 平 十 二 使 君 之 乱 而 併 有 之 少 帝 徵 若 弗 䏻 禦 敵 以 國 事 委 之 大 将 黎 桓 而 黎 桓 承 丁 后 之 傳 以 有 天 下 者 順 也 . [79a*1*12]\nĐinh Tiên Hoàng bình thập nhị sứ quân chi loạn nhi tính hữu chi, Thiếu Đế trưng nhược phất năng ngự địch, dĩ quốc sự uỷ chi đại tướng Lê Hoàn, nhi Lê Hoàn thừa Đinh hậu chi truyền dĩ hữu thiên hạ giả thuận dã.\n及 李 之 代 黎 陳 之 代 李 以 有 位 者 皆 其 順 也 . [79a*4*7]\nCập Lí chi đại Lê, Trần chi đại Lí, dĩ hữu vị giả giai kì thuận dã.\n然 則 趙 黎 李 陳 之 四 君 皆 乘 國 中 無 主 或 因 羣 臣 所 請 或 因 女 主 之 傳 授 國 人 之 尊 服 天 與 之 人 㱕 之 以 有 天 下 皆 其 順 取 以 有 之 也 . [79a*5*7]\nNhiên tắc Triệu, Lê, Lí, Trần chi tứ quân giai thừa quốc trung vô chủ, hoặc nhân quần thần sở thỉnh, hoặc nhân nữ chủ chi truyền thụ, quốc nhân chi tôn phục, thiên dữ chi nhân quy chi, dĩ hữu thiên hạ, giai kì thuận thủ dĩ hữu chi dã.\n於 莫 則 不 然 . [79a*8*7]\nƯ Mạc tắc bất nhiên.\n觀 其 所 為 者 登 庸 不 過 黎 朝 之 一 大 臣 也 當 黎 朝 主 弱 臣 強 . [79a*8*12]\nQuan kì sở vi giả Đăng Dung bất quá Lê triều chi nhất đại thần dã, đương Lê triều chủ nhược thần cường..\n",
    "url": "/data/image_dvsk/ban_ky_thuc_luc/quyen15/DVSKTT_ban_thuc_XV_79a.jpg"
  },
  {
    "text": "之 際 登 庸 䏻 師 古 昔 之 聖 臣 賢 相 尊 主 庇 民 如 伊 尹 之 輔 太 甲 周 公 之 輔 成 王 其 彰 彰 然 偉 績 庶 可 嘉 焉 . [79b*1*1]\nchi tế, Đăng Dung năng sư cổ tích chi thánh thần hiền tương tôn chủ tí dân như Y Doãn chi phụ Thái Giáp, Chu Công chi phụ Thành Vương kì chương chương nhiên vĩ tích thứ khả gia yên.\n何 不 效 此 而 寧 反 其 道 是 未 免 逼 主 稱 禅 篡 國 弑 君 以 圖 自 立 . [79b*3*7]\nHà bất hiệu thử nhi ninh phản kì đạo? Thị vị miễn bức chủ xưng thiền soán quốc thí quân dĩ đồ tự lập.\n及 其 有 國 也 殆 六 十 七 年 之 間 所 謂 成 如 王 莽 終 不 免 誅 夷 . [79b*4*14]\nCập kì hữu quốc dã, đãi lục thập thất niên chi gian, sở vị thành như Vương Mãng, chung bất miễn tru di.\n實 於 漢 之 曹 於 陳 之 胡 皆 其 迹 也 . [79b*6*3]\nThực ư Hán chi Tào, ư Trần chi Hồ, giai kì tích dã.\n是 愚 所 謂 其 逆 取 而 有 之 也 故 不 得 書 為 正 統 也 . [79b*6*16]\nThị ngu sở vị kì nghịch thủ nhi hữu chi dã, cố bất đắc thư vi chính thống dã.\n幸 賴 黎 朝 𦾔 勳 宿 將 克 全 大 節 同 心 修 輔 恊 賛 匡 扶 以 濟 󰠡 难 是 天 意 有 以 待 夫 今 日 之 . [79b*8*1]\nHạnh lại Lê triều cựu huân, túc tướng khắc toàn đại tiết, đồng tâm tu phụ, hiệp tán khuông phù, dĩ tế gian nan, thị thiên ý hữu dĩ đãi phu kim nhật chi..\n",
    "url": "/data/image_dvsk/ban_ky_thuc_luc/quyen15/DVSKTT_ban_thuc_XV_79b.jpg"
  },
  {
    "text": "君 臣 厲 志 圖 回 恢 復 𦾔 物 故 䏻 再 造 中 興 混 一 󰲛 圖 重 新 社 則 誅 奸 䧺 之 残 虐 正 日 月 於 當 天 以 大 其 一 統 也 . [80a*1*1]\nquân thần, lệ chí đồ hồi, khôi phục cựu vật, cố năng tái tạo trung hưng, hỗn nhất dư đồ, trùng tân xã tắc, tru gian hùng chi tàn ngược, chính nhật nguyệt ư đương thiên, dĩ đại kì nhất thống dã.\n故 於 此 特 書 之 . [80a*3*9]\nCố ư thử đặc thư chi.\n詩 云 黎 祚 重 興 𦾔 物 回 籃 山 復 見 𦾔 樓 󰱑 . [80a*3*15]\nThi vân: Lê tộ trùng hưng cựu vật hồi, Lam Sơn phục kiến cựu lâu đài.\n君 臣 道 合 斯 為 羙 政 治 欣 觀 萬 國 恢 . [80a*4*14]\nQuân thần đạo hợp tư vi mĩ, Chính trị hân quan vạn quốc khôi.\n此 之 謂 也 . [80a*5*11]\nThử chi vị dã.\n右 黎 皇 朝 始 太 祖 戊 戌 歷 恭 皇 丁 亥 凣 一 百 十 年 . [80a*6*1]\nHữu Lê Hoàng Triều thuỷ Thái Tổ Mậu Tuất lịch Cung Hoàng Đinh Hợi phàm nhất bách thập niên.\n併 與 莫 僣 自 戊 子 至 壬 辰 凣 五 年 通 計 一 百 十 五 年 . [80a*7*2]\nTính dữ Mạc tiếm tự Mậu Tí chí Nhâm Thìn phàm ngũ niên, thông kê nhất bách thập ngũ niên.\n",
    "url": "/data/image_dvsk/ban_ky_thuc_luc/quyen15/DVSKTT_ban_thuc_XV_80a.jpg"
  },
  {
    "text": "大 越 史 記 本 紀 實 綠 卷 之 十 五 終 . [80b*9*1]\nĐại Việt sử ký bản kỷ thực lục quyển chi thập ngũ chung.\n",
    "url": "/data/image_dvsk/ban_ky_thuc_luc/quyen15/DVSKTT_ban_thuc_XV_80b.jpg"
  }
]