[
  {
    "text": "大 越 史 記 本 紀 續 編 卷 之 十 六 . [1a*1*1]\nĐại Việt Sử Ký Bản Kỷ Tục Biên quyển chi thập lục.\n黎 皇 朝 紀 . [1a*5*12]\nLê Hoàng Triều KỶ.\n附 莫 登 瀛 八 年 福 海 六 年 福 原 二 年 莊 宗 裕 皇 帝 諱 寧 又 諱 㫬 在 位 十 六 年 壽 三 十 四 歲 帝 遭 屯 避 難 頼 舊 臣 尊 立 外 結 鄰 封 内 任 贒 将 故 人 皆 樂 用 中 興 之 基 實 兆 於 此 矣 帝 乃 昭 宗 之 子 聖 宗 之 玄 孫 . [1a*6*8]\nPhụ Mạc [Đăng Doanh bát niên Phúc Hải lục niên Phúc Nguyên nhị niên,] Trang Tông Dụ Hoàng Đế [Huý Ninh, hựu huý Huyến Tại vị thập lục niên, thọ tam thập tứ tuế.] [Đế tao đốn tị nạn, lại cựu thần tôn lập, ngoại kết lân phong nội nhiệm hiền tướng, cố, nhân giai lạc dụng, trung hưng chi cơ thực triệu ư thử hĩ] Đế nãi Chiêu Tông chi tử, Thánh Tông chi huyền tôn.\n母 范 氏 諱 玉 瓊 瑞 原 縣 髙 峙 󰀋 人 . [1a*7*2]\nMẫu Phạm thị, huý Ngọc Quỳnh Thuỵ Nguyên huyện Cao Trĩ sách nhân.\n時 莫 登 庸 簒 僣 帝 避 居 清 華 . [1a*9*1]\nThời, Mạc Đăng Dung soán tiếm, Đế tị cư Thanh Hoa.\n太 師 興 國 公 阮 金 使 人 訪 求 迎 至 哀 牢 國 尊 立 之 . [1a*9*13]\nThái sư Hưng quốc công Nguyễn Kim sử nhân phỏng cầu nghênh chí Ai Lao quốc tôn lập chi.\n癸 巳 元 和 元 年 莫 大 正 四 年 〇 .\nQuý Tị Nguyên Hoà nguyên niên, [Mạc Đại Chính tứ niên .\n明 嘉 靖 十 二 年 春 正 月 帝 即 位 于 哀 … .\nMinh Gia Tĩnh thập nhị niên,] xuân chính nguyệt, Đế tức vị vu Ai..\n",
    "url": "/data/image_dvsk/ban_ky_tuc_bien/quyen16/DVSKTT_ban_tuc_XVI_1a.jpg"
  },
  {
    "text": "牢 建 元 元 和 尊 大 将 軍 阮 金 為 尙 父 太 師 興 國 公 掌 内 外 事 以 中 人 丁 公 爲 少 尉 䧺 國 公 . [1b*1*1]\nLao, kiến nguyên Nguyên Hoà, tôn Đại tướng quân Nguyễn Kim vi Thượng phụ Thái sư Hưng Quốc công, chưởng nội ngoại sự, dĩ trung nhân Đinh Công vi Thiếu uý Hùng quốc công.\n其 餘 一 一 封 賞 俾 之 同 心 匡 輔 又 與 哀 牢 主 乍 斗 相 結 資 其 兵 糧 以 圖 進 取 . [1b*2*17]\nKì dư nhất nhất phong thưởng tỉ chi đồng tâm khuông phụ, hựu dữ Ai Lao chủ Sạ Đẩu tương kết tư kì binh lương dĩ đồ tiến thủ.\n帝 遣 鄭 惟 憭 如 明 奏 稱 莫 登 庸 僣 亂 窃 㨿 國 城 阻 絶 道 路 以 致 久 廢 職 貢 . [1b*5*1]\nĐế khiến Trịnh Duy Liệu như Minh tấu xưng Mạc Đăng Dung tiếm loạn, thiết cứ quốc thành trở tuyệt đạo lộ dĩ trí cửu phế chức cống.\n甲 午 二 年 莫 大 正 五 年 〇 . [1b*7*1]\nGiáp Ngọ nhị niên, [Mạc Đại Chính ngũ niên .\n明 嘉 靖 十 三 年 明 聞 莫 登 庸 簒 奪 僞 置 官 属 占 㨿 國 城 阻 絶 貢 路 擅 作 大 誥 僣 稱 上 皇 罪 狀 既 昭 乃 命 咸 寧 侯 仇 鸞 爲 總 督 軍 務 兵 部 尙 . [1b*7*11]\nMinh Gia Tĩnh thập tam niên,] Minh văn Mạc Đăng Dung soán đoạt nguỵ trí quan thuộc chiếm cứ quốc thành trở tuyệt cống lộ, thiện tác đại cáo tiếm xưng Thượng hoàng, tội trạng ký chiêu, nãi mệnh Hàm Ninh hầu Cừu Loan vi tổng đốc quân vụ Binh bộ thượng..\n",
    "url": "/data/image_dvsk/ban_ky_tuc_bien/quyen16/DVSKTT_ban_tuc_XVI_1b.jpg"
  },
  {
    "text": "書 毛 伯 温 參 賛 軍 敄 徃 討 之 . [2a*1*1]\nthư Mao Bá Ôn tham tán quân vụ vãng thảo chi.\n乙 未 三 年 莫 大 正 六 年 〇 . [2a*2*1]\nẤt Mùi tam niên, [Mạc Đại Chính lục niên .\n明 嘉 靖 十 四 年 莫 開 會 試 科 . [2a*2*11]\nMinh Gia Tĩnh thập tứ niên,] Mạc khai Hội thí khoa.\n賜 阮 秉 謙 裴 克 篤 阮 承 休 等 進 士 及 第 阮 寅 亮 等 七 人 進 士 出 身 阮 重 光 等 二 十 二 人 同 進 士 出 身 . [2a*2*22]\nTứ Nguyễn Bỉnh Khiêm, Bùi Khắc Đốc, Nguyễn Thừa Hưu đẳng tiến sĩ cập đệ, Nguyễn Dần Lượng đẳng thất nhân tiến sĩ xuất thân, Nguyễn Trùng Quang đẳng nhị thập nhị nhân đồng Tiến sĩ xuất thân.\n丙 申 四 年 莫 大 正 七 年 〇 . [2a*5*1]\nBính Thân Tứ niên, [Mạc Đại Chính thất niên .\n明 嘉 靖 十 五 年 帝 遣 鄭 垣 如 明 僃 列 莫 氏 簒 弑 及 帝 播 遷 于 清 華 事 由 . [2a*5*11]\nMinh Gia Tĩnh thập ngũ niên,] Đế khiến Trịnh Viên như Minh bị liệt Mạc thị soán thích cập Đế bá thiên vu Thanh Hoa sự do.\n莫 使 東 軍 都 督 府 左 都 督 謙 郡 公 莫 廷 科 重 脩 國 子 監 . [2a*7*1]\nMạc sử Đông quân đô đốc phủ tả đô đốc Khiêm quận công Mạc Đình Khoa trùng tu Quốc tử giám.\n丁 酉 五 年 莫 大 正 八 年 〇 . [2a*9*1]\nĐinh Dậu ngũ niên, [Mạc Đại Chính bát niên .\n明 嘉 靖 十 六 年 春 正 月 莫 視 太 學 . [2a*9*11]\nMinh Gia Tĩnh thập lục niên,] xuân chính nguyệt, Mạc thị Thái học.\n",
    "url": "/data/image_dvsk/ban_ky_tuc_bien/quyen16/DVSKTT_ban_tuc_XVI_2a.jpg"
  },
  {
    "text": "夏 四 月 大 風 折 木 𤼵 屋 海 水 漲 溢 人 畜 溺 死 . [2b*1*1]\nHạ tứ nguyệt, đại phong triết mộc phát ốc, hải thuỷ trướng dật, nhân súc nịch tử.\n莫 西 安 侯 黎 丕 承 起 兵 收 掠 三 司 遂 𠬧 兵 入 哀 牢 國 效 順 . [2b*2*1]\nMạc Tây An hầu Lê Phi Thừa khởi binh thu lược tam ti, toại thu binh nhập Ai Lao quốc hiệu thuận.\n莫 封 其 子 敬 典 等 爲 王 餘 皆 以 次 受 封 . [2b*4*1]\nMạc phong kì tử Kính Điển đẳng vi Vương, dư giai dĩ thứ thụ phong.\n戊 戌 六 年 莫 大 正 九 年 〇 . [2b*5*1]\nMậu Tuất lục niên, [Mạc Đại Chính cửu niên .\n明 嘉 靖 十 七 年 春 莫 開 會 試 科 . [2b*5*11]\nMinh Gia Tĩnh thập thất niên,] xuân, Mạc khai Hội thí khoa.\n賜 甲 海 陳 璲 黄 岑 等 進 士 及 第 潘 鎬 等 八 人 進 士 出 身 黄 詮 等 二 十 五 人 同 進 士 出 身 〇 . [2b*5*23]\nTứ Giáp Hải, Trần Toại, Hoàng Sầm đẳng tiến sĩ cập đệ, Phan Cảo đẳng bát nhân tiến sĩ xuất thân, Hoàng Thuyên đẳng nhị thập ngũ nhân đồng tiến sĩ xuất thân .\n莫 選 黄 丁 . [2b*7*14]\nMạc tuyển hoàng đinh.\n莫 遣 阮 文 泰 如 明 賫 表 乞 降 并 祈 處 分 . [2b*8*1]\nMạc khiến Nguyễn Văn Thái như Minh tê biểu khất hàng tịnh kì xử phân.\n己 亥 七 年 莫 大 正 十 年 〇 . [2b*9*1]\nKỉ Hợi thất niên, [Mạc Đại Chính thập niên .\n明 嘉 靖 十 八 年 帝 封 大 将 軍 鄭 檢 為 翼 . [2b*9*11]\nMinh Gia Tĩnh thập bát niên,] Đế phong Đại tướng quân Trịnh Kiểm vi Dực..\n",
    "url": "/data/image_dvsk/ban_ky_tuc_bien/quyen16/DVSKTT_ban_tuc_XVI_2b.jpg"
  },
  {
    "text": "郡 公 永 福 槊 山 人 鄭 公 䏻 爲 宣 郡 公 頼 世 榮 爲 和 郡 公 . [3a*1*1]\nquận công, [Vĩnh Phúc Sóc Sơn nhân,] Trịnh Công Năng vi Tuyên quận công, Lại Thế Vinh vi Hoà quận công.\n協 郡 公 祥 郡 公 慈 郡 公 鎮 郡 公 西 郡 公 陽 郡 公 瑞 郡 公 宜 郡 公 等 各 賜 兵 印 使 領 本 部 兵 進 討 各 處 思 復 西 京 軍 氣 益 銃 . [3a*2*2]\nHiệp quận công, Tường quận công, Từ quận công, Trấn quận công, Tây quận công, Dương quận công, Thuỵ quận công, Nghi quận công đẳng các tứ binh ấn sử lĩnh bản bộ binh tiến thảo các xứ tư phục Tây Kinh, quân khí ích súng.\n後 進 攻 雷 陽 莫 兵 多 敗 引 軍 還 〇 . [3a*4*12]\nHậu tiến công Lôi Dương, Mạc binh đa bại, dẫn quân hoàn .\n大 旱 〇 . [3a*5*7]\nĐại hạn .\n冬 十 月 地 震 . [3a*5*10]\nĐông thập nguyệt, địa chấn.\n庚 子 八 年 莫 大 正 十 一 年 明 嘉 靖 十 九 年 春 正 月 十 五 日 莫 登 瀛 卒 長 子 福 海 立 以 明 年 爲 廣 和 元 年 . [3a*6*1]\nCanh Tí bát niên, [Mạc Đại Chính thập nhất niên Minh Gia Tĩnh thập cửu niên,] xuân chính nguyệt, thập ngũ nhật, Mạc Đăng Doanh tốt, trưởng tử Phúc Hải lập, dĩ minh niên vi Quảng Hoà nguyên niên.\n冬 十 一 月 莫 登 庸 與 其 姪 文 明 及 其 臣 阮 如 桂 杜 世 卿 鄧 文 值 黎 烇 阮 總 蘇 文 速 阮 經 濟 楊 維 一 裴 . [3a*8*1]\nĐông thập nhất nguyệt, Mạc Đăng Dung dữ kì điệt Văn Minh cập kì thần Nguyễn Như Quế, Đỗ Thế Khanh, Đặng Văn Trị, Lê Thuyên, Nguyễn Tổng, Tô Văn Tốc, Nguyễn Kinh Tế, Dương Duy Nhất, Bùi..\n",
    "url": "/data/image_dvsk/ban_ky_tuc_bien/quyen16/DVSKTT_ban_tuc_XVI_3a.jpg"
  },
  {
    "text": "致 永 等 過 鎮 南 䦕 各 持 尺 組 繋 頸 詣 明 幕 府 徒 跣 匍 伏 稽 首 跪 上 降 表 盡 籍 國 中 土 地 軍 民 官 職 悉 聽 處 分 納 安 廣 永 安 州 澌 浮 金 勒 古 森 了 葛 安 良 羅 浮 諸 峒 願 内 屬 歸 隷 欽 州 . [3b*1*1]\nTrí Vĩnh, đẳng quá Trấn Nam Quan, các trì xích tổ hệ cảnh nghệ Minh mạc phủ đồ tiển bồ phục khể thủ quỵ, thượng hàng biểu tận tịch quốc trung thổ địa quân dân quan chức tất thính xứ phân nạp An Quảng, Vĩnh An châu Ti Phù, Kim Lặc, Cổ Sâm, Liễu Cát, An Lương, La Phù, chư động, nguyện nội thuộc quy lệ Khâm Châu.\n仍 請 頒 正 朔 賜 印 章 謹 護 守 以 候 更 定 又 遣 文 明 及 阮 文 泰 許 三 省 等 賫 降 表 赴 燕 京 . [3b*4*15]\nNhững thỉnh phân chính sóc tứ ấn chương cẩn hộ thủ dĩ hậu cánh định hựu khiến Văn Minh cập Nguyễn Văn Thái hứa tam tỉnh đẳng tê hàng biểu phó Yên Kinh.\n太 師 興 國 公 阮 金 督 兵 攻 乂 安 . [3b*7*1]\nThái sư Hưng quốc công Nguyễn Kim đốc binh công Nghệ An.\n豪 傑 多 歸 之 . [3b*7*13]\nHào kiệt đa quy chi.\n軍 聲 大 振 所 至 遠 近 降 服 . [3b*7*18]\nQuân thanh đại chấn, sở chí viễn cận hàng phục.\n辛 丑 九 年 莫 廣 和 元 年 〇 . [3b*9*1]\nTân Sửu cửu niên, [Mạc Quảng Hoà nguyên niên .\n明 嘉 靖 二 十 年 莫 開 會 試 科 . [3b*9*11]\nMinh Gia Tĩnh nhị thập niên,] Mạc khai Hội thí khoa.\n賜 阮 琦 范 . [3b*9*22]\nTứ Nguyễn Kì, Phạm..\n",
    "url": "/data/image_dvsk/ban_ky_tuc_bien/quyen16/DVSKTT_ban_tuc_XVI_3b.jpg"
  },
  {
    "text": "公 森 阮 世 禄 等 進 士 及 第 吳 珖 等 四 人 進 士 出 身 范 愿 等 二 十 三 人 同 進 士 出 身 〇 . [4a*1*1]\nCông Sâm, Nguyễn Thế Lộc đẳng tiến sĩ cập đệ, Ngô quang đẳng tứ nhân tiến sĩ xuất thân, Phạm Nguyện đẳng nhị thập tam nhân đồng tiến sĩ xuất thân .\n是 時 西 安 侯 黎 丕 承 有 不 平 之 志 常 𤼵 怒 言 日 益 驕 横 . [4a*2*15]\nThị thời, Tây An hầu Lê Phi Thừa hữu bất bình chi chí, thường phát nộ ngôn, nhật ích kiêu hoành.\n太 師 阮 金 使 人 扼 殺 之 . [4a*3*18]\nThái sư Nguyễn Kim sử nhân ách sát chi.\n初 丕 承 出 身 舍 人 事 莫 登 庸 . [4a*4*9]\nSơ, Phi Thừa xuất thân xá nhân, sự Mạc Đăng Dung.\n登 庸 嘉 之 許 𬋩 本 道 七 縣 兵 民 . [4a*5*2]\nĐăng Dung gia chi hứa quản bản đạo thất huyện binh dân.\n至 大 正 年 間 歸 順 朝 廷 . [4a*5*14]\nChí Đại Chính niên, gian quy thuận triều đình.\n帝 仍 以 舊 職 至 此 又 恐 望 驕 暴 乃 殺 之 八 月 二 十 二 日 莫 登 庸 卒 . [4a*6*5]\nĐế những dĩ cựu chức, chí thử hựu khủng vọng kiêu bạo nãi [sát chi.] Bát nguyệt, nhị thập nhị nhật, Mạc Đăng Dung tốt.\n十 月 二 十 日 明 毛 伯 温 等 奉 奏 至 燕 京 謂 莫 登 庸 朿 身 疑 塞 願 奉 正 朔 去 僣 號 歸 所 侵 四 峒 之 . [4a*8*1]\nThập nguyệt, nhị thập nhật, Minh Mao Bá Ôn đẳng phụng tấu chí Yên Kinh vị Mạc Đăng Dung thúc thân nghi tái nguyện phụng chính sóc khứ tiếm hiệu quy sở xâm tứ động chi..\n",
    "url": "/data/image_dvsk/ban_ky_tuc_bien/quyen16/DVSKTT_ban_tuc_XVI_4a.jpg"
  },
  {
    "text": "地 願 内 屬 稱 藩 歲 頒 大 統 曆 日 補 足 逆 年 貢 物 委 身 恭 順 . [4b*1*1]\nđịa nguyện nội thuộc xưng phiên, tuế phân Đại Thống lịch nhật bổ túc nghịch niên cống vật uỷ thân cung thuận.\n如 以 莫 登 庸 有 罪 投 降 未 可 輕 授 爵 士 伊 孫 莫 福 海 見 今 待 命 倘 家 務 宥 或 可 别 與 都 護 總 管 等 項 各 色 如 漢 唐 故 事 每 年 行 廣 西 布 政 司 頒 給 大 統 曆 日 令 赴 鎮 南 䦕 祇 領 先 年 所 缺 貢 儀 查 照 補 足 以 後 年 分 照 舉 行 . [4b*2*5]\nNhư dĩ Mạc Đăng Dung hữu tội đầu hàng vị khả khinh thụ tước sĩ y tôn Mạc Phúc Hải kiến kim đãi mệnh thảng gia vụ hựu hoặc khả biệt dữ đô hộ tổng quẩn đẳng hạng các sắc như Hán Đường cố sự, mỗi niên hành Quảng Tây bố chính ti phân cấp Đại Thống lịch nhật, lệnh phó Trấn Nam quan chỉ lĩnh tiên niên sở khuyết cống nghi tra chiếu bổ túc dĩ hậu niên phân chiếu cử hành.\n至 若 黎 寧 雖 自 稱 爲 黎 氏 子 孫 然 即 㨿 諸 司 查 勘 踪 跡 委 的 漢 明 . [4b*6*16]\nChí nhược Lê Ninh tuy tự xưng vi Lê thị tử tôn, nhiên tức cứ chư ti tra khám tung tích uỷ đích Hán Minh.\n鄭 維 憭 一 向 潜 住 本 國 石 林 州 峒 寨 附 近 廣 西 士 官 地 方 黎 寧 面 貌 不 相 識 故 或 稱 . [4b*8*5]\nTrịnh Duy Liệu nhất hướng tiềm trú bản quốc Thạch Lâm châu động trại phụ cận Quảng Tây sĩ quan địa phương Lê Ninh diện mạo bất tương thức cố hoặc xưng..\n",
    "url": "/data/image_dvsk/ban_ky_tuc_bien/quyen16/DVSKTT_ban_tuc_XVI_4b.jpg"
  },
  {
    "text": "黎 寧 或 稱 黎 憲 或 稱 光 照 或 稱 光 和 或 又 以 爲 氏 作 稱 . [5a*1*1]\nLê Ninh, hoặc xưng Lê Hiến, hoặc xưng Quang Chiếu, hoặc xưng Quang Hoà, hoặc hựu dĩ vi thị tác xưng.\n而 鄭 垣 口 詞 稱 漆 馬 江 峒 雖 有 黎 寧 而 來 歷 宗 派 不 可 得 詳 所 列 事 情 年 貌 又 與 鄭 惟 憭 原 報 互 翼 俱 難 憑 㨿 爲 聽 令 於 漆 馬 江 居 住 見 在 所 有 地 方 俱 屬 管 朿 或 量 與 職 事 徑 属 雲 南 若 非 黎 氏 子 孫 置 而 勿 論 . [5a*2*4]\nNhi Trịnh Viên khẩu từ xưng Tất Mã Giang động tuy hữu Lê Ninh nhi lai lịch tông phái bất khả đắc tường, sở liệt sự tình, niên mạo, hựu dữ Trịnh Duy Liệu nguyên báo hỗ dực cụ nạn bằng cứ vi thính lệnh ư Tất Mã Giang cư trú kiến tại sở hữu địa phương cụ thuộc quản thúc, hoặc lượng dữ chức sự kính thuộc Vân Nam, nhược phi Lê thị tử tôn trí nhi vật luận.\n其 鄭 惟 憭 即 於 廣 東 所 属 隨 宜 安 𢮿 量 給 田 宅 不 致 失 所 如 此 處 分 庶 爲 曲 盡 . [5a*6*12]\nKì Trịnh Duy Liệu tức ư Quảng Đông sở thuộc tuỳ nghi an quay lượng cấp điền trạch bất trí thất sở như thử xứ phân thứ vi khúc tận.\n明 帝 乃 封 莫 登 容 爲 安 南 都 統 使 司 都 統 使 賜 銀 印 仍 與 世 襲 其 十 三 路 地 方 . [5a*8*7]\nMinh đế nãi phong Mạc Đăng Dung vi An Nam đô thống sứ ti đô thống sứ, tứ ngân ấn những dữ thế tập kì thập tam lộ địa phương..\n",
    "url": "/data/image_dvsk/ban_ky_tuc_bien/quyen16/DVSKTT_ban_tuc_XVI_5a.jpg"
  },
  {
    "text": "就 照 原 舊 地 名 . [5b*1*1]\ntựu chiếu nguyên cựu địa danh.\n各 置 宣 撫 司 設 宣 撫 同 知 副 使 僉 事 各 一 員 聽 都 統 使 管 轄 差 遣 . [5b*1*7]\nCác trí Tuyên phủ ti, thiết Tuyên phủ đồng tri phó sứ thiêm sự các nhất viên, thính Đô thống sứ quản hạt sai khiến.\n朝 貢 其 貢 儀 御 前 東 宮 照 舊 . [5b*2*14]\nTriều cống kì cống nghi ngự tiền đông cung chiếu cựu.\n壬 寅 十 年 莫 廣 和 二 年 〇 . [5b*4*1]\nNhâm Dần thập niên, [Mạc Quảng Hoà nhị niên .\n明 嘉 靖 十 一 年 帝 以 瑞 郡 公 何 壽 祥 爲 御 營 提 統 御 駕 以 圖 進 取 . [5b*4*11]\nMinh Gia Tĩnh thập nhất niên,] Đế dĩ Thuỵ quận công Hà Thọ Tường vi ngự doanh đề thống ngự giá dĩ đồ tiến thủ.\n命 太 師 興 國 公 阮 金 統 督 諸 營 將 士 先 𤼵 進 攻 清 華 乂 安 等 處 . [5b*5*11]\nMệnh Thái sư Hưng Quốc công Nguyễn Kim thống đốc chư doanh tướng sĩ tiên phát tiến công Thanh Hoa, Nghệ An đẳng xứ.\n二 鎮 諸 舊 将 及 豪 傑 之 士 多 歸 之 軍 聲 益 銳 . [5b*6*17]\nNhị trấn chư cựu tướng cập hào kiệt chi sĩ đa quy chi quân thanh ích nhuệ.\n壽 祥 錦 水 古 滝 人 二 月 初 八 日 莫 福 海 封 其 弟 敬 典 等 及 諸 子 爲 王 . [5b*7*16]\n[Thọ Tường Cẩm Thuỷ Cổ Lũng nhân,] Nhị nguyệt, sơ bát nhật, Mạc Phúc Hải phong kì đệ Kính Điển đẳng cập chư tử vi vương.\n時 官 軍 與 莫 將 交 戰 相 持 數 月 間 . [5b*9*1]\nThời, quan quân dữ Mạc tướng giao chiến tương trì số nguyệt gian..\n",
    "url": "/data/image_dvsk/ban_ky_tuc_bien/quyen16/DVSKTT_ban_tuc_XVI_5b.jpg"
  },
  {
    "text": "三 月 二 十 二 日 莫 福 海 赴 鎮 南 䦕 聽 驗 會 勘 并 領 大 明 大 統 曆 一 千 本 又 領 原 封 莫 登 庸 安 南 都 統 使 司 都 統 使 勑 命 一 道 銀 印 一 顆 . [6a*1*1]\nTam nguyệt, nhị thập nhị nhật, Mạc Phúc Hải phó Trấn Nam quan thính nghiệm hội khám tịnh lĩnh Đại Minh Đại Thống lịch nhất thiên bản, hựu lĩnh nguyên phong Mạc Đăng Dung An Nam đô thống sứ ti đô thống sứ sắc mệnh nhất đạo, ngân ấn nhất khoả.\n八 月 初 三 日 莫 遣 阮 典 敬 阮 公 儀 梁 僩 等 如 明 謝 恩 . [6a*4*1]\nBát nguyệt, sơ tam nhật, Mạc khiến Nguyễn Điển Kính, Nguyễn Công Nghi, Lương giản đẳng như Minh tạ ân.\n阮 照 訓 武 恂 謝 定 光 如 明 歲 貢 . [6a*5*3]\nNguyễn Chiếu Huấn, Vũ Tuân, Tạ Định Quang như Minh tuế cống.\n十 二 月 十 五 日 明 封 莫 福 海 襲 安 南 都 統 使 司 都 統 使 . [6a*6*1]\nThập nhị nguyệt, thập ngũ nhật, Minh phong Mạc Phúc Hải tập An Nam Đô thống sứ ti đô thống sứ.\n癸 卯 十 一 年 莫 廣 和 三 年 〇 . [6a*8*1]\nQuý Mão thập nhất niên, [Mạc Quảng Hoà tam niên .\n> 明 嘉 靖 二 十 二 年 莫 遣 使 如 明 歲 貢 . [6a*8*12]\nMinh Gia Tĩnh nhị thập nhị niên,] Mạc khiến sứ như Minh tuế cống.\n明 帝 令 賫 使 如 故 但 罷 賜 宴 稍 减 供 饋 以 示 非 . [6a*9*1]\nMinh đế lệnh tê sứ như cố, đản bãi tứ yến, sảo giảm cúng quỹ, dĩ thị phi..\n",
    "url": "/data/image_dvsk/ban_ky_tuc_bien/quyen16/DVSKTT_ban_tuc_XVI_6a.jpg"
  },
  {
    "text": "陪 臣 禮 〇 . [6b*1*1]\nbồi thần lễ .\n帝 進 兵 出 自 西 都 城 . [6b*1*5]\nĐế tiến binh xuất tự Tây Đô thành.\n莫 将 忠 厚 侯 缺 名 率 子 弟 詣 軍 前 拜 見 于 西 都 城 南 門 三 軍 踴 躍 大 喜 . [6b*1*13]\nMạc tướng Trung Hậu hầu [khuyết danh] suất tử đệ nghệ quân tiền bái kiến vu Tây Đô thành Nam môn tam quân dũng dược đại hỉ.\n是 時 太 師 興 國 公 阮 金 猶 在 哀 牢 未 從 行 . [6b*3*3]\nThị thời, Thái sư HƯng Quốc công Nguyễn Kim do tại Ai Lao vị tòng hành.\n帝 使 宣 郡 公 鄭 公 䏻 捧 詔 書 召 之 金 乃 整 飭 部 伍 刻 日 就 道 拜 謁 于 義 路 江 行 在 . [6b*4*1]\nĐế sử Tuyên Quận công Trịnh Công Năng phủng chiếu thư triệu chi, Kim nãi chỉnh sức bộ ngũ khắc nhật tựu đạo bái yết vu Nghĩa Lộ giang hành tại.\n帝 大 喜 加 金 陞 太 宰 使 爲 都 将 節 制 諸 營 將 士 分 道 並 進 定 西 南 . [6b*5*14]\nĐế đại hỉ, gia Kim thăng Thái tể sứ vi Đô tướng tiết chế chư doanh tướng sĩ phân đạo tịnh tiến định Tây Nam.\n民 每 戰 克 捷 . [6b*7*3]\nDân mỗi chiến khắc tiệp.\n宣 郡 公 鄭 公 䏻 𤼵 兵 反 㨿 廣 平 源 頭 設 立 營 寨 . [6b*8*1]\nTuyên quận công trịnh Công Năng phát binh phản cứ Quảng Bình nguyên đầu, thiết lập doanh trại.\n帝 命 翼 郡 公 鄭 檢 討 . [6b*9*1]\nĐế mệnh Dực quận công Trịnh Kiểm thảo.\n誅 之 . [6b*9*9]\nTru chi.\n",
    "url": "/data/image_dvsk/ban_ky_tuc_bien/quyen16/DVSKTT_ban_tuc_XVI_6b.jpg"
  },
  {
    "text": "甲 辰 十 二 年 莫 廣 和 四 年 〇 . [7a*1*1]\nGiáp Thìn thập nhị niên, [Mạc Quảng Hoà tứ niên .\n> 明 嘉 靖 二 十 三 年 春 莫 開 會 試 . [7a*1*12]\nMinh Gia Tĩnh nhị thập tam niên,] xuân, Mạc khai Hội thí.\n賜 武 璥 等 三 人 進 士 出 身 阮 有 翼 等 十 四 人 同 進 士 出 身 . [7a*1*25]\nTứ Vũ Kính đẳng tam nhân tiến sĩ xuất thân, Nguyễn Hữu Dực đẳng thập tứ nhân đồng tiến sĩ xuất thân.\n乙 巳 十 三 年 莫 廣 和 三 年 〇 . [7a*4*1]\nẤt Tị thập tam niên, [Mạc Quảng Hoà tam niên .\n> 明 嘉 靖 二 十 四 年 四 月 帝 以 少 尉 䧺 國 公 丁 公 爲 太 尉 使 監 守 御 營 . [7a*4*12]\nMinh Gia Tĩnh nhị thập tứ niên,] tứ nguyệt, Đế dĩ Thiếu uý Hùng Quốc công Đinh Công vi Thái uý sử giám thủ ngự doanh.\n帝 親 率 諸 將 征 山 南 地 方 至 安 謨 駐 營 . [7a*5*12]\nĐế thân suất chư tướng chinh Sơn Nam địa phương, chí Yên Mô trú doanh.\n五 月 二 十 日 莫 降 將 忠 厚 侯 隂 𢙇 貳 心 邀 請 太 宰 阮 金 赴 本 營 隂 置 毒 于 瓜 中 供 進 饌 前 . [7a*7*1]\nNgũ nguyệt, nhị thập nhật, Mạc hàng tướng Trung Hậu hầu âm hoài nhị tâm, yêu thỉnh Thái tể Nguyễn Kim phó bản doanh âm trí độc vu qua trung cúng tiến soạn tiền.\n金 信 食 之 中 毒 及 回 心 悶 而 薨 . [7a*8*16]\nKim tín thực chi trúng độc cập hồi tâm muộn nhi hoăng.\n忠 厚 侯 是 夜 遁 去 復 歸 . [7a*9*10]\nTrung Hậu hầu thị dạ độn khứ phục quy..\n",
    "url": "/data/image_dvsk/ban_ky_tuc_bien/quyen16/DVSKTT_ban_tuc_XVI_7a.jpg"
  },
  {
    "text": "于 莫 . [7b*1*1]\nvu Mạc.\n初 忠 厚 侯 出 身 閹 䆠 歷 事 莫 登 庸 官 至 掌 部 聞 . [7b*1*3]\nSơ, Trung Hậu hầu xuất thân yêm quan lịch sự Mạc Đăng Dung, quan chí Chưởng bộ văn.\n帝 起 兵 恢 復 境 土 乃 與 莫 人 共 謀 以 計 詐 降 每 欲 誤 帝 . [7b*2*3]\nĐế khởi binh khôi phục cảnh thổ nãi dữ Mạc nhân cộng mưu dĩ kế trá hàng mỗi dục ngộ Đế.\n事 不 果 乃 隂 置 毒 誤 太 宰 金 . [7b*3*6]\nSự bất quả nãi âm trí độc ngộ Thái tể Kim.\n金 不 意 巾 毒 . [7b*3*17]\nKim bất ý cân độc.\n帝 詔 贈 金 爲 昭 勳 靖 公 謚 忠 憲 遣 人 扶 歸 宋 山 沛 庄 厚 塟 之 . [7b*4*4]\nĐế chiếu tặng kim vi Chiêu Huân Tĩnh công, thuỵ Trung Hiến, khiến nhân phù quy Tống Sơn Bái Trang hậu táng chi.\n封 其 長 子 汪 爲 朗 郡 公 次 子 黄 爲 夏 溪 侯 使 領 兵 討 賊 . [7b*5*9]\nPhong kì trưởng tử Uông vi Lãng quận công, thứ tử Hoàng vi Hạ Khê hầu, sử lĩnh binh thảo tặc.\n八 月 帝 封 翼 郡 公 鄭 檢 爲 都 将 節 制 各 處 水 步 諸 營 兼 總 内 外 平 章 軍 國 重 事 太 師 諒 國 公 . [7b*7*1]\nBát nguyệt, Đế phong Dực quận công Trịnh Kiểm vi Đô tướng tiết chế các xứ thuỷ bộ chư doanh, kiêm Tổng nội ngoại bình chương quân quốc trọng sự Thái sư Lượng quốc công.\n凣 閫 外 兵 權 國 家 事 務 謀 畧 籌 畫 遠 近 封 拜 皆 得 . [7b*8*18]\nPhàm khổn ngoại binh quyền quốc gia sự vụ mưu lược trù hoạch viễn cận phong bái giai đắc..\n",
    "url": "/data/image_dvsk/ban_ky_tuc_bien/quyen16/DVSKTT_ban_tuc_XVI_7b.jpg"
  },
  {
    "text": "便 宜 栽 决 然 後 奏 聞 . [8a*1*1]\ntiện nghi tài quyết nhiên hậu tấu văn.\n諒 國 公 益 督 忠 貞 凣 二 機 務 决 斷 分 明 眾 目 悉 󰁮 . [8a*1*9]\nLượng quốc công ích đốc trung trinh phàm nhị cơ vụ quyết đoán phân minh chúng mục tất cử.\n丙 午 十 四 年 莫 廣 和 六 年 〇 . [8a*3*1]\nBính Ngọ thập tứ niên, [Mạc Quảng Hoà lục niên .\n> 明 嘉 靖 二 十 五 年 帝 立 行 殿 于 萬 頼 凡 有 攻 討 必 委 太 師 諒 國 公 統 領 所 向 克 捷 由 是 驩 演 烏 廣 諸 州 豪 傑 𧡟 投 營 門 咸 樂 爲 用 愛 州 疆 土 稍 平 五 月 初 八 日 莫 福 海 卒 . [8a*3*12]\nMinh Gia Tĩnh nhị thập ngũ niên,] Đế lập hành điện vu Vạn Lại, phàm hữu công thảo tất uỷ Thái sư Lượng quốc công thống lĩnh, sở hướng khắc tiệp, do thị Hoan, Diễn, Ô, Quảng, chư châu hào kiệt quan đầu doanh môn hàm lạc vi dụng, Ái Châu cương thổ sảo bình Ngũ nguyệt, sơ bát nhật, Mạc Phúc Hải tốt.\n長 子 福 原 立 以 明 年 爲 永 定 元 年 . [8a*7*10]\nTrưởng tử Phúc Nguyên lập, dĩ minh niên vi Vĩnh Định nguyên niên.\n丁 未 十 五 年 莫 永 定 元 年 〇 . [8a*9*1]\nĐinh Mùi thập ngũ niên, [Mạc Vĩnh Định nguyên niên .\n明 嘉 靖 二 十 六 年 春 莫 開 會 試 科 . [8a*9*12]\nMinh Gia Tĩnh nhị thập lục niên,] xuân, Mạc khai Hội thí khoa.\n賜 楊 . [8a*9*26]\nTứ Dương..\n",
    "url": "/data/image_dvsk/ban_ky_tuc_bien/quyen16/DVSKTT_ban_tuc_XVI_8a.jpg"
  },
  {
    "text": "福 滋 范 瑜 阮 濟 等 進 士 及 第 阮 敬 止 等 八 人 進 士 出 身 武 灝 等 十 九 人 同 進 士 出 身 . [8b*1*1]\nPhúc Tư, Phạm Du, Nguyễn Tế đẳng tiến sĩ cập đệ, Nguyễn Kính Chỉ đẳng bát nhân tiến sĩ xuất thân, Vũ Hạo đẳng thập cửu nhân đồng tiến sĩ xuất thân.\n報 天 塔 崩 〇 . [8b*3*1]\nBáo thiên tháp băng .\n莫 将 泗 陽 侯 范 子 儀 謀 立 莫 宗 子 弘 王 正 中 爲 主 不 克 遂 作 乱 脅 遷 正 中 于 御 天 華 陽 . [8b*3*6]\nMạc tướng Tứ Dương hầu Phạm Tử Nghi mưu lập Mạc tông tử Hoằng Vương Chính Trung vi chủ bất khắc, toại tác loạn hiếp thiên Chính Trung vu Ngự Thiên, Hoa Dương.\n莫 使 謙 王 敬 典 與 西 郡 公 阮 敬 等 𤼵 兵 捕 之 爲 子 儀 所 敗 . [8b*5*3]\nMạc sử Khiêm Vương Kính Điển dữ Tây quận công Nguyễn Kính đẳng phát binh bổ chi vi Tử Nghi sở bại.\n後 子 儀 累 戰 不 克 乃 挾 正 中 出 㨿 安 廣 地 方 . [8b*6*7]\nHậu, Tử Nghi luỵ chiến bất khắc nãi hiệp Chính Trung xuất cứ Yên Quảng địa phương.\n海 陽 之 民 頻 罹 兵 火 多 至 流 亡 . [8b*7*6]\nHải Dương chi dân tần li binh hoả đa chí lưu vong.\n子 儀 又 竄 入 明 地 縱 兵 擄 掠 廣 東 廣 西 . [8b*7*18]\nTử Nghi hựu thoán nhập Minh địa, tung binh lỗ lược Quảng Đông, Quảng Tây.\n明 人 不 䏻 制 . [8b*8*15]\nMinh nhân bất năng chế.\n子 儀 安 陽 人 . [8b*9*2]\n[Tử Nghi An Dương nhân.]..\n",
    "url": "/data/image_dvsk/ban_ky_tuc_bien/quyen16/DVSKTT_ban_tuc_XVI_8b.jpg"
  }
]