[
  {
    "text": "戊 申 十 六 年 莫 改 永 定 爲 景 曆 元 年 明 嘉 靖 二 十 七 年 春 正 月 二 十 九 日 帝 崩 . [9a*1*1]\nMậu Thân thập lục niên, [Mạc cải Vĩnh Định vi Cảnh Lịch nguyên niên, Minh Gia Tĩnh nhị thập thất niên,] xuân chính nguyệt, nhị thập cửu nhật, Đế băng.\n太 子 暄 立 以 明 年 爲 順 平 元 年 . [9a*2*5]\nThái tử Huyên lập, dĩ minh niên vi Thuận Bình nguyên niên.\n上 大 行 皇 帝 尊 號 曰 裕 皇 帝 廟 號 荘 宗 . [9a*2*17]\nThượng Đại Hành Hoàng đế tôn hiệu viết Dụ Hoàng Đế, miếu hiệu Trang Tông.\n莫 封 范 瓊 爲 榮 郡 公 及 其 子 瑤 爲 富 州 侯 . [9a*4*1]\nMạc phong Phạm Quỳnh vi Vinh quận công, cập kì tử Dao vi Phú Châu hầu.\n瓊 青 池 盛 烈 人 〇 . [9a*4*17]\n[Quỳnh Thanh Trì, Thịnh Liệt nhân.] .\n莫 遣 黎 光 賁 如 明 歲 貢 . [9a*5*4]\nMạc khiến Lê Quang Bí như Minh tuế cống.\n中 宗 武 皇 帝 諱 暄 莊 宗 長 子 在 位 八 年 壽 二 十 二 歲 附 莫 福 原 八 年 帝 委 任 忠 謀 勦 誅 僣 簒 可 謂 有 帝 王 之 畧 然 享 齡 不 久 先 王 境 土 未 盡 克 復 惜 哉 己 酉 順 平 元 年 莫 景 曆 二 年 > > 明 嘉 靖 二 十 八 年 莫 以 東 道 将 缺 名 爲 經 國 公 北 道 将 莫 廷 科 爲 嘉 國 公 西 道 将 阮 敬 爲 . [9a*6*1]\nTrung Tông Vũ Hoàng Đế [Huý Huyên Trang Tông trưởng tử. Tại vị bát niên thọ nhị thập nhị tuế.] Phụ Mạc [Phúc Nguyên bát niên,] [Đế uỷ nhiệm trung mưu, tiễu tru tiếm soán, khả vị hữu đế vương chi lược, nhiên hưởng linh bất cửu, tiên vương cảnh thổ vị tận khắc phục. Tích tai!] Kỷ Dậu Thuận Bình nguyên niên, [Mạc Cảnh Lịch nhị niên, Minh Gia Tĩnh nhị thập bát niên,] Mạc dĩ Đông Đạo tướng [khuyết danh,] vi Kinh quốc công, Bắc Đạo tướng Mạc Đình Khoa vi Gia quốc công, Tây đạo tướng Nguyễn Kính vi..\n",
    "url": "/data/image_dvsk/ban_ky_tuc_bien/quyen16/DVSKTT_ban_tuc_XVI_9a.jpg"
  },
  {
    "text": "太 尉 西 國 公 阮 凱 康 爲 太 尉 端 國 公 並 賜 姓 莫 . [9b*1*1]\nthái uý Tây quốc công, Nguyễn Khải Khang vi Thái uý Đoan quốc công, tịnh tứ tính Mạc.\n南 道 将 黎 伯 驪 爲 太 宰 奉 國 公 及 上 下 臣 属 皆 受 封 以 圖 保 守 境 土 〇 . [9b*2*1]\nNam Đạo tướng Lê Bá Li vi Thái tể Phụng quốc công, cập thượng hạ thần thuộc giai thụ phong dĩ đồ bảo thủ cảnh thổ .\n莫 福 原 棄 昇 龍 城 正 殿 移 居 外 境 内 騷 動 . [9b*3*10]\nMạc Phúc Nguyên khí Thăng Long thành chính điện, di cư ngoại cảnh nội tao động.\n三 月 以 范 篤 爲 金 吾 衛 掌 事 封 廣 郡 公 . [9b*5*1]\nTam nguyệt, dĩ Phạm Đốc vi Kim Ngô vệ chưởng sự phong Quảng quận công.\n篤 永 福 土 山 人 庚 戌 二 年 莫 景 曆 三 年 〇 . [9b*5*16]\n[Đốc Vĩnh Phúc Thổ Sơn nhân,] Canh Tuất nhị niên, [Mạc Cảnh Lịch tam niên .\n明 嘉 靖 二 十 九 年 莫 開 會 試 科 . [9b*6*11]\nMinh Gia Tĩnh nhị thập cửu niên,] Mạc khai Hội thí khoa.\n賜 陳 文 寶 陳 聞 阮 明 揚 等 進 士 及 第 黎 欽 等 四 人 進 士 出 身 阮 承 休 等 十 八 人 同 進 士 出 身 . [9b*6*24]\nTứ Trần Văn Bảo Trần Văn, Nguyễn Minh Dương, đẳng tiến sĩ cập đệ, Lê Khâm đẳng tứ nhân tiến sĩ xuất thân, Nguyễn Thừa Hưu đẳng thập bát nhân đồng tiến sĩ xuất thân.\n時 莫 福 原 聽 范 瓊 范 瑤 父 子 讒 言 . [9b*9*1]\nThời, Mạc Phúc Nguyên thính Phạm Quỳnh, Phạm Dao phụ tử sàm ngôn.\n南 道 将 太 宰 . [9b*9*14]\nNam Đạo tướng Thái tể..\n",
    "url": "/data/image_dvsk/ban_ky_tuc_bien/quyen16/DVSKTT_ban_tuc_XVI_9b.jpg"
  },
  {
    "text": "奉 國 公 黎 伯 驪 及 其 子 普 郡 公 黎 克 慎 文 臣 吏 部 尙 書 御 史 󰉟 都 御 史 東 閣 大 學 士 八 侍 經 筵 舒 郡 公 阮 倩 及 其 子 阮 倦 阮 俛 等 各 率 本 部 兵 百 餘 夜 遁 入 清 華 隘 䦕 請 降 . [10a*1*1]\nPhụng quốc công Lê Bá Li cập kì tử Phổ quận công Lê Khắc Thận, văn thần Lại bộ thượng thư ngự sử đài đô ngự sử Đông Các đại học sĩ bát thị kinh diên Thư quận công Nguyễn Thiến cập kì tử Nguyễn Quyện, Nguyễn Phủ, đẳng các suất bản bộ binh bách dư dạ độn nhập Thanh Hoa ải quan thỉnh hàng.\n許 之 . [10a*4*12]\nHứa chi.\n因 詣 闕 拜 謁 . [10a*4*14]\nNhân nghệ khuyết bái yết.\n帝 大 喜 賞 賜 慰 勞 . [10a*5*1]\nĐế đại hỉ, thưởng tứ uý lạo.\n自 是 豪 傑 之 士 雲 集 響 應 莫 不 歡 心 . [10a*5*8]\nTự thị, hào kiệt chi sĩ vân tập hưởng ứng, mạc bất hoan tâm.\n辛 亥 三 年 莫 景 曆 四 年 明 嘉 靖 三 十 年 莫 使 敬 典 等 督 兵 討 莫 正 中 及 范 子 儀 于 安 廣 逐 之 獲 子 儀 送 赴 京 斬 之 傅 首 于 明 . [10a*7*1]\nTân Hợi tam niên, [Mạc Cảnh Lịch tứ niên Minh Gia Tĩnh tam thập niên,] Mạc sử Kính Điển đẳng đốc binh thảo Mạc Chính Trung, cập Phạm Tử Nghi vu Yên Quảng, trục chi, hoạch Tử Nghi tống phó kinh trảm chi, phó thủ vu Minh.\n明 人 不 受 遂 還 之 . [10a*9*5]\nMinh nhân bất thụ toại hoàn chi.\n正 中 奔 入 明 國 境 死 . [10a*9*12]\nChính Trung bôn nhập Minh quốc cảnh, tử..\n",
    "url": "/data/image_dvsk/ban_ky_tuc_bien/quyen16/DVSKTT_ban_tuc_XVI_10a.jpg"
  },
  {
    "text": "于 明 . [10b*1*1]\nvu Minh.\n本 紀 云 初 范 子 儀 常 欲 立 弘 王 正 中 爲 莫 嗣 而 莫 諸 宗 王 大 臣 謀 立 福 原 正 中 不 得 立 乃 與 子 儀 作 乱 入 寇 于 明 明 人 多 被 其 害 至 此 明 青 于 莫 曰 藩 臣 無 禮 容 縱 刼 人 侵 掠 大 國 可 興 兵 致 討 以 免 邊 釁 時 明 欲 起 兵 來 莫 氏 大 恐 密 使 小 卒 拎 獲 之 斬 首 使 人 送 于 明 至 其 地 常 爲 瘟 災 人 畜 病 瘴 因 此 明 人 還 之 太 師 諒 國 公 鄭 檢 使 莫 降 将 黎 伯 驪 與 武 文 密 等 進 迫 京 師 . [10b*1*3]\n[Bản kỷ vân: Sơ Phạm Tử Nghi thường dục lập Hoằng Vương Chính Trung vi Mạc tự, nhi Mạc chư tông vương đại thần mưu lập Phúc Nguyên. Chính Trung bất đắc lập nãi dữ Tử Nghi tác loạn nhập khấu vu Minh. Minh nhân đa bị kì hại Chí thử Minh Thanh vu mạc viết Phiên thần vô lễ dung túng kiếp nhân xâm lược đại quốc khả hưng binh trí thảo dĩ miễn biên hấn. Thời Minh dục khởi binh lai Mạc thị đại khủng mật sử tiểu tốt linh hoạch chi trảm thủ sử nhân tống vu Minh Chí kì địa thường vi ôn tai nhân súc bệnh chướng, nhân thử Minh nhân hoàn chi.] Thái sư Lượng quốc công Trịnh Kiểm sử Mạc hàng tướng Lê Bá Li dữ Võ Văn Mật đẳng tiến bách kinh sư.\n莫 福 原 奔 金 城 留 莫 敬 典 爲 都 總 師 将 兵 拒 守 . [10b*6*5]\nMạc Phúc Nguyên bôn Kim Thành, lưu Mạc Kính Điển vi Đô tổng sư tướng binh cự thủ.\n壬 子 四 年 莫 景 曆 五 年 > > 明 嘉 靖 三 十 一 年 太 師 鄭 檢 領 兵 畧 定 西 南 . [10b*8*1]\nNhâm Tí tứ niên, [Mạc Cảnh Lịch ngũ niên Minh Gia Tĩnh tam thập nhất niên,] Thái sư Trịnh Kiểm lĩnh binh lược định Tây Nam.\n莫 西 道 将 太 尉 端 郡 公 阮 凱 康 率 兵 歸 順 至 安 場 . [10b*8*29]\nMạc Tây Đạo tướng Thái uý Đoan quận công Nguyễn Khải Khang suất binh quy thuận, chí Yên Trường..\n",
    "url": "/data/image_dvsk/ban_ky_tuc_bien/quyen16/DVSKTT_ban_tuc_XVI_10b.jpg"
  },
  {
    "text": "帝 慰 勞 賞 賜 仍 其 職 爵 . [11a*1*1]\nĐế uý lạo thưởng tứ những kì chức tước.\n癸 丑 五 年 莫 景 曆 六 年 > > 明 嘉 靖 三 十 二 年 帝 移 立 行 在 于 安 場 〇 . [11a*2*1]\nQuý Sửu ngũ niên, [Mạc Cảnh Lịch lục niên Minh Gia Tĩnh tam thập nhị niên,] Đế di lập hành tại vu Yên Trường .\n莫 開 會 試 科 . [11a*2*28]\nMạc khai Hội thí khoa.\n賜 阮 亮 采 黄 珣 陳 永 綏 等 進 士 及 第 阮 義 立 等 五 人 進 士 出 身 阮 公 族 等 十 二 人 同 進 士 出 身 . [11a*3*5]\nTứ Nguyễn Lượng Thái, Hoàng Tuân, Trần Vĩnh Tuy đẳng tiến sĩ cập đệ Nguyễn Nghĩa Lập đẳng ngũ nhân tiến sĩ xuất thân, Nguyễn Công Tộc đẳng thập nhị nhân đồng tiến sĩ xuất thân.\n甲 寅 六 年 莫 改 景 曆 爲 光 寶 元 年 明 嘉 靖 三 十 三 年 太 師 諒 國 公 鄭 檢 移 行 營 于 汴 上 軍 氣 增 銳 四 方 賢 士 多 來 歸 附 〇 . [11a*6*1]\nGiáp Dần lục niên, [Mạc cải Cảnh Lịch vi Quang Bảo nguyên niên, Minh Gia Tĩnh tam thập tam niên,] Thái sư Lượng quốc công Trịnh Kiểm di hành doanh vu Biện Thượng, quân khí tăng nhuệ, tứ phương hiền sĩ đa lai quy phụ .\n設 制 科 取 士 賜 丁 拨 箤 等 五 人 第 一 甲 制 科 出 身 朱 光 著 等 八 人 第 二 甲 同 制 科 出 身 . [11a*8*2]\nThiết chế khoa thủ sĩ, tứ Đinh Bạt Tuy đẳng ngũ nhân đệ nhất giáp chế khoa xuất thân, Chu Quang Trứ đẳng bát nhân đệ nhị giáp đồng chế khoa xuất thân.\n",
    "url": "/data/image_dvsk/ban_ky_tuc_bien/quyen16/DVSKTT_ban_tuc_XVI_11a.jpg"
  },
  {
    "text": "十 月 初 一 日 以 金 吾 衛 掌 衛 事 廣 郡 公 范 篤 爲 太 保 . [11b*1*1]\nThập nguyệt, sơ nhất nhật, dĩ Kim ngô vệ chưởng vệ sự Quảng quận công Phạm Đốc vi Thái bảo.\n乙 卯 七 年 莫 光 寶 二 年 > > 明 嘉 靖 三 十 四 年 八 月 莫 使 謙 王 莫 敬 典 将 兵 入 寇 清 華 以 壽 郡 公 缺 名 節 制 南 道 兵 領 舟 百 餘 隻 爲 先 鋒 進 至 神 符 海 口 駐 營 . [11b*3*1]\nẤt Mão thất niên, [Mạc Quang Bảo nhị niên Minh Gia Tĩnh tam thập tứ niên,] bát nguyệt, Mạc sử Khiêm Vương Mạc Kính Điển tướng binh nhập khấu Thanh Hoa, dĩ Thọ Quận công [khuyết danh,] tiết chế Nam Đạo binh lĩnh chu bách dư chích vi tiên phong tiến chí Thần Phù hải khẩu trú doanh.\n次 日 敬 典 率 軍 會 于 大 頼 江 使 壽 郡 公 督 率 本 部 兵 前 進 駐 營 金 山 . [11b*5*15]\nThứ nhật, Kính Điển suất quân hội vu Đại Lại giang, sử Thọ quận công đốc suất bản bộ binh tiền tiến trú doanh Kim Sơn.\n太 師 諒 國 公 鄭 檢 大 會 諸 将 謀 曰 賊 特 眾 輕 我 我 以 伏 計 待 之 可 成 擒 矣 . [11b*7*5]\nThái sư Lượng quốc công Trịnh Kiểm đại hội chư tướng mưu viết: Tặc đặc chúng khinh ngã, ngã dĩ phục kế đãi chi khả thành cầm hĩ.\n乃 使 人 先 戒 沿 江 两 岸 民 人 不 得 驚 動 各 相 接 堵 如 故 . [11b*8*14]\nNãi sử nhân tiên giới duyên giang lưỡng ngạn dân nhân bất đắc kinh động, các tương tiếp đổ như cố.\n又 使 . [11b*9*17]\nHựu sử..\n",
    "url": "/data/image_dvsk/ban_ky_tuc_bien/quyen16/DVSKTT_ban_tuc_XVI_11b.jpg"
  },
  {
    "text": "中 官 太 尉 䧺 國 公 丁 公 督 諸 行 将 黎 伯 驪 阮 凱 康 阮 倩 黎 克 慎 等 及 本 部 兵 象 先 伏 于 江 之 南 上 自 安 定 山 下 至 軍 安 山 . [12a*1*1]\ntrung quan thái uý Hùng quốc công Đinh Công đốc chư hàng tướng Lê Bá Li, Nguyễn Khải Khang, Nguyễn Thiến, Lê Khắc Thận, đẳng cập bản bộ binh tượng tiên phục vu giang chi Nam, thượng tự Yên Định sơn hạ chí Quân Yên sơn.\n太 師 鄭 檢 親 督 大 兵 伏 于 江 北 上 自 白 石 山 下 至 金 山 復 選 象 五 十 隻 伏 于 金 山 之 下 . [12a*3*11]\nThái sư Trịnh Kiểm thân đốc đại binh phục vu giang Bắc, thượng tự Bạch Thạch sơn hạ chí Kim Sơn phục, tuyển tượng ngũ thập chích phục vu Kim Sơn chi hạ.\n又 使 廣 郡 公 范 篤 領 水 軍 及 督 諸 降 将 阮 倦 等 戰 船 十 餘 隻 㨿 上 流 自 有 執 江 至 金 盃 江 徃 來 爲 掎 角 之 勢 . [12a*5*7]\nHựu sử Quảng quận công Phạm Đốc lĩnh thuỷ quân cập đốc chư hàng tướng Nguyễn Quyện đẳng chiến thuyền thập dư chích cứ thượng lưu, tự Hữu Chấp giang chí Kim Bôi giang vãng lai vi ỷ giốc chi thế.\n次 日 巳 時 賊 兵 船 過 金 山 至 翁 龔 市 戰 船 中 聞 笙 管 𰙔 弦 之 聲 如 入 無 人 之 地 . [12a*7*12]\nThứ nhật, Tị thời, tặc binh thuyền quá Kim Sơn chí Ông Cung thị chiến thuyền trung văn sênh quản ca huyền chi thanh như nhập vô nhân chi địa.\n日 向 午 聽 軍 安 山 炮 聲 一 起 沿 江 . [12a*9*6]\nNhật hướng Ngọ thính Quân Yên sơn, pháo thanh nhất khởi duyên giang..\n",
    "url": "/data/image_dvsk/ban_ky_tuc_bien/quyen16/DVSKTT_ban_tuc_XVI_12a.jpg"
  },
  {
    "text": "两 岸 各 起 連 炮 七 響 . [12b*1*1]\nlưỡng ngạn các khởi liên pháo thất hưởng.\n太 師 鄭 檢 縱 兵 大 擊 下 流 象 已 渡 河 . [12b*1*9]\nThái sư Trịnh Kiểm tung binh đại kích, hạ lưu tượng dĩ độ hà.\n范 篤 阮 倦 等 船 兵 亦 順 流 而 下 两 岸 兵 象 奮 力 爭 先 . [12b*2*4]\nPhạm Đốc, Nguyễn Quyện đẳng thuyền binh diệc thuận lưu nhi hạ lưỡng ngạn binh tượng phấn lực tranh tiên.\n賊 兵 遂 倒 戈 抛 甲 棄 船 下 水 各 自 迯 生 . [12b*3*6]\nTặc binh toại đảo qua phao giáp khí thuyền hạ thuỷ các tự đào sinh.\n壽 郡 公 自 料 不 䏻 脱 自 投 于 水 . [12b*4*3]\nThọ quận công tự liệu bất năng thoát, tự đầu vu thuỷ.\n潮 郡 公 武 師 鑠 獲 之 俘 虜 莫 兵 甚 眾 . [12b*4*15]\nTriều quận công Vũ Sư Thước hoạch chi phù lỗ Mạc binh thậm chúng.\n繋 壽 郡 公 于 象 皆 献 之 營 門 及 生 擒 賊 将 大 小 數 十 員 . [12b*5*11]\nHệ Thọ quận công vu tượng giai hiến chi doanh môn cập sinh cầm tặc tướng đại tiểu số thập viên.\n賊 兵 死 者 塞 河 河 水 皆 赤 . [12b*6*14]\nTặc binh tử giả tái hà, hà thuỷ giai xích.\n收 獲 噐 械 不 可 勝 數 賊 兵 數 萬 餘 眾 死 亡 畧 盡 . [12b*7*6]\nThu hoạch khí giới bất khả thắng số, tặc binh số vạn dư chúng tử vong lược tận.\n敬 典 驚 惧 破 膽 自 收 殘 卒 回 京 邑 . [12b*8*6]\nKính Điển kinh cụ phá đảm, tự thu tàn tốt hồi kinh ấp.\n太 師 進 捷 表 以 聞 悉 令 斬 賊 将 壽 郡 公 等 數 十 . [12b*9*1]\nThái sư tiến tiệp biểu dĩ văn tất, lệnh trảm tặc tướng Thọ quận công đẳng số thập..\n",
    "url": "/data/image_dvsk/ban_ky_tuc_bien/quyen16/DVSKTT_ban_tuc_XVI_12b.jpg"
  },
  {
    "text": "人 于 同 禄 山 . [13a*1*1]\nnhân vu Đồng Lộc Sơn.\n丙 辰 八 年 莫 光 寶 三 年 > > 明 嘉 靖 三 十 五 年 春 正 月 二 十 四 日 帝 崩 無 嗣 . [13a*2*1]\nBính Thìn bát niên, [Mạc Quang Bảo tam niên Minh Gia Tĩnh tam thập ngũ niên,] xuân chính nguyệt, nhị thập tứ nhật, Đế băng, vô tự.\n太 師 諒 國 公 鄭 檢 及 諸 大 臣 等 𬢱 曰 國 不 可 一 日 無 君 . [13a*3*2]\nThái sư Lượng quốc công Trịnh Kiểm cập chư đại thần đẳng nghị viết: Quốc bất khả nhất nhật vô quân.\n乃 詔 使 人 訪 求 黎 氏 子 孫 立 之 尋 得 藍 國 公 黎 除 之 玄 孫 黎 維 邦 於 東 山 布 衛 鄕 迎 立 之 . [13a*4*5]\nNãi chiếu sử nhân phỏng cầu Lê thị tử tôn lập chi tầm đắc Lam quốc công Lê Trừ chi huyền tôn Lê Duy Bang ư Đông Sơn, Bố Vệ hương, nghênh lập chi.\n大 赦 . [13a*6*2]\nĐại xá.\n以 明 年 爲 天 祐 元 年 . [13a*6*4]\nDĩ minh niên vi Thiên Hựu nguyên niên.\n上 大 行 皇 帝 尊 號 曰 武 皇 帝 廟 號 中 宗 〇 . [13a*6*12]\nThượng Đại Hành Hoàng Đế, tôn hiệu viết Vũ Hoàng Đế, miếu hiệu Trung Tông .\n以 太 保 廣 郡 公 范 篤 爲 兵 部 尙 書 掌 部 事 . [13a*7*10]\nDĩ Thái bảo Quảng quận công Phạm Đốc vi Binh bộ thượng thư chưởng bộ sự.\n莫 開 會 試 科 . [13a*9*1]\nMạc khai Hội thí khoa.\n賜 范 鎮 杜 汪 阮 堯 佐 等 進 士 及 第 . [13a*9*6]\nTứ Phạm Trấn, Đỗ Uông, Nguyễn Nghiêu Tá đẳng tiến sĩ cập đệ..\n",
    "url": "/data/image_dvsk/ban_ky_tuc_bien/quyen16/DVSKTT_ban_tuc_XVI_13a.jpg"
  }
]