[
  {
    "text": "范 曰 荗 等 四 人 進 士 出 身 阮 仁 安 等 七 人 同 進 士 出 身 . [13b*1*1]\nPhạm Viết Mậu đẳng tứ nhân tiến sĩ xuất thân, Nguyễn Nhân An đẳng thất nhân đồng tiến sĩ xuất thân.\n英 宗 峻 皇 帝 諱 維 邦 在 位 十 六 年 壽 四 十 二 歲 附 莫 福 原 五 年 荗 洽 十 一 年 帝 以 帝 室 之 胄 頼 勳 臣 尊 立 圖 復 中 興 真 天 命 有 歸 矣 然 事 功 未 半 疑 惑 漸 生 偏 信 讒 言 播 遷 于 外 悲 矣 初 太 祖 第 二 兄 除 贈 藍 國 公 今 尊 封 弘 裕 王 除 生 康 贈 葵 國 公 今 尊 封 顯 功 王 康 生 壽 今 尊 封 光 業 王 壽 生 維 紹 今 尊 封 莊 簡 王 維 紹 生 維 絖 今 尊 封 孝 宗 仁 皇 帝 維 絖 取 東 山 縣 布 衛 鄕 生 帝 . [13b*3*1]\nAnh Tông Tuấn Hoàng Đế [Huý Duy Bang. Tại vị thập lục niên, thọ tứ thập nhị tuế,] Phụ Mạc [Phúc Nguyên ngũ niên Mậu Hiệp thập nhất niên, Đế dĩ Đế thất chi trụ lại huân thần tôn lập đồ phục trung hưng chân thiên mệnh hữu quy hĩ Nhiên sự công vị bán nghi hoặc tiệm sinh thiên tín sàm ngôn, bá thiên vu ngoại. Bi hĩ!] Sơ, Thái Tổ đệ nhị huynh Trừ [tặng Lam quốc công, kim tôn phong Hoằng Dụ Vương,] Trừ sinh Khang, [tặng Quỳ quốc công,] kim tôn phong Hiển Công Vương,] Khang sinh Thọ, [kim tôn phong Quang Nghiệp Vương,] Thọ sinh Duy Thiệu, [kim tôn phong Trang Giản Vương,] Duy Thiệu sinh Duy Khoáng, [kim tôn phong Hiếu Tông Nhân Hoàng Đế,] Duy Khoáng thú Đông Sơn huyện Bố Vệ hương sinh Đế.\n時 中 宗 崩 無 嗣 太 師 諒 國 公 鄭 檢 及 大 臣 立 之 . [13b*9*2]\nThời Trung Tông băng vô tự, Thái sư Lượng quốc công Trịnh Kiểm cập đại thần lập chi.\n",
    "url": "/data/image_dvsk/ban_ky_tuc_bien/quyen16/DVSKTT_ban_tuc_XVI_13b.jpg"
  },
  {
    "text": "丁 巳 天 祐 元 年 莫 光 寶 四 年 > > 明 嘉 靖 三 十 六 年 莫 以 謙 王 敬 典 兼 宗 人 府 宗 人 令 . [14a*1*1]\nĐinh Tị Thiên Hựu nguyên niên, [Mạc Quang Bảo tứ niên Minh Gia Tĩnh tam thập lục niên,] Mạc dĩ Khiêm Vương Kính Điển kiêm Tông nhân phủ Tông nhân lệnh.\n七 月 莫 使 敬 典 率 兵 侵 清 華 . [14a*3*1]\nThất nguyệt, Mạc sử Kính Điển suất binh xâm Thanh Hoa.\n至 神 符 江 宋 山 峩 山 地 方 燒 破 浮 橋 . [14a*3*12]\nChí Thần Phù giang, Tống , Nga Sơn địa phương, thiêu phá phù kiều.\n太 師 諒 國 公 鄭 檢 使 清 郡 公 守 峩 山 瑞 郡 公 何 壽 祥 守 宋 山 各 率 精 兵 拒 之 . [14a*4*8]\nThái sư Lượng quốc công Trịnh Kiểm sử Thanh quận công thủ Nga Sơn, Thuỵ quận công Hà Thọ Tường thủ Tống Sơn, các suất tinh binh cự chi.\n莫 兵 不 䏻 進 . [14a*5*18]\nMạc binh bất năng tiến.\n太 師 親 督 兵 象 潜 進 安 謨 山 脚 直 至 海 口 遇 賊 縱 兵 擊 之 再 襲 攻 其 後 砲 聲 連 響 上 下 夾 攻 . [14a*6*5]\nThái sư thân đốc binh tượng tiềm tiến Yên Mô sơn cước, trực chí hải khẩu ngộ tặc tung binh kích chi tái tập công kì hậu, pháo thanh liên hưởng thượng hạ hiệp công.\n太 師 使 弘 化 人 武 陵 侯 突 船 衝 擊 遇 莫 敬 典 船 奮 身 跳 過 揮 劎 斬 把 𢂎 人 分 爲 两 段 墜 . [14a*8*4]\nThái sư sử Hoằng Hoá nhân Vũ Lăng hầu đột thuyền xung kích ngộ Mạc Kính Điển thuyền, phấn thân khiêu quá huy kiếm trảm bả dù nhân phân vi lưỡng đoạn truỵ..\n",
    "url": "/data/image_dvsk/ban_ky_tuc_bien/quyen16/DVSKTT_ban_tuc_XVI_14a.jpg"
  },
  {
    "text": "于 江 中 . [14b*1*1]\nvu giang trung.\n敬 典 措 手 不 及 投 身 下 水 迯 生 莫 兵 大 敗 棄 船 奔 潰 走 入 山 林 . [14b*1*4]\nKính Điển thố thủ bất cập đầu thân hạ thuỷ đào sinh MẠc binh đại bại khí thuyền bôn hội tẩu nhập sơn lâm.\n敬 典 僅 以 身 免 入 山 谷 中 隐 居 三 日 饑 甚 夜 見 蕉 樹 留 過 谷 口 自 抱 其 樹 浮 尋 歸 路 . [14b*2*10]\nKính Điển cẩn dĩ thân miễn nhập sơn cốc trung ẩn cư tam nhật, cơ thậm, dạ kiến tiêu thụ lưu quá cốc khẩu, tự bão kì thụ phù tầm quy lộ.\n數 日 到 安 謨 江 遇 茶 須 社 漁 人 濟 之 乃 得 脱 . [14b*4*6]\nSố nhật, đáo Yên Mô giang, ngộ Trà Tu xã ngư nhân tế chi nãi đắc thoát.\n及 歸 保 其 人 爲 扶 義 侯 . [14b*5*5]\nCập quy bảo kì nhân vi Phù Nghĩa hầu.\n閏 七 月 以 太 保 廣 郡 公 范 篤 爲 太 傅 . [14b*6*1]\nNhuận thất nguyệt, dĩ Thái bảo Quảng quận công Phạm Đốc vi Thái phó.\n八 月 太 師 使 范 篤 徃 救 乂 安 . [14b*7*1]\nBát nguyệt, Thái sư sử Phạm Đốc vãng cứu Nghệ An.\n時 莫 聞 太 師 乘 勝 乃 遁 還 京 . [14b*7*12]\nThời, Mạc văn Thái sư thừa thắng nãi độn hoàn kinh.\n是 歲 莫 降 将 黎 伯 驪 阮 倩 卒 . [14b*9*1]\nThị tuế, Mạc hàng tướng Lê Bá Li, Nguyễn Thiến tốt.\n倩 子 阮 倦 阮 俛 等 . [14b*9*12]\nThiến tử Nguyễn Quyện, Nguyễn Phủ đẳng..\n",
    "url": "/data/image_dvsk/ban_ky_tuc_bien/quyen16/DVSKTT_ban_tuc_XVI_14b.jpg"
  },
  {
    "text": "反 迯 歸 莫 莫 賜 倦 文 派 侯 俛 扶 興 侯 以 宗 室 女 嫁 之 . [15a*1*1]\nphản đào quy Mạc Mạc tứ Quyện Văn Phái hầu, Phủ Phù Hưng hầu, dĩ tông thất nữ giá chi.\n九 月 太 師 鄭 檢 大 率 水 步 諸 軍 五 萬 擊 山 南 中 路 至 鳳 趐 江 用 浮 橋 渡 江 大 破 莫 兵 俘 獲 其 将 󰆑 國 公 於 船 上 . [15a*3*1]\nCửu nguyệt, Thái sư Trịnh Kiểm đại suất thuỷ bộ chư quân ngũ vạn kích Sơn Nam trung lộ, chí Phụng Sí giang dụng phù kiều độ giang đại phá Mạc binh, phù hoạch kì tướng Khánh quốc công ư thuyền thượng.\n餘 卒 潰 散 . [15a*5*6]\nDư tốt hội tán.\n太 師 鄭 檢 置 󰆑 國 于 象 上 使 從 軍 献 計 . [15a*5*10]\nThái sư Trịnh Kiểm trí Khánh quốc vu tượng thượng, sử tòng quân hiến kế.\n後 󰆑 國 謀 反 事 泄 乃 殺 之 . [15a*6*6]\nHậu, Khánh quốc mưu phản, sự tiết nãi sát chi.\n官 軍 畧 定 山 南 下 伴 膠 水 縣 . [15a*6*16]\nQuan quân lược định Sơn Nam hạ bạn Giao Thuỷ huyện.\n太 師 鄭 檢 自 督 步 兵 使 范 篤 等 督 水 軍 以 武 陵 侯 爲 前 水 隊 . [15a*7*9]\nThái sư Trịnh Kiểm tự đốc bộ binh sử Phạm Đốc đẳng đốc thuỷ quân dĩ Vũ Lăng hầu vi tiền thuỷ đội,.\n縱 兵 大 戰 莫 使 阮 倦 拒 之 于 膠 水 江 . [15a*8*13]\ntung binh đại chiến Mạc sử Nguyễn Quyện cự chi vu Giao Thuỷ giang.\n倦 與 武 陵 侯 大 戰 . [15a*9*9]\nQuyện dữ Vũ Lăng hầu đại chiến.\n武 陵 先 . [15a*9*16]\nVũ Lăng tiên..\n",
    "url": "/data/image_dvsk/ban_ky_tuc_bien/quyen16/DVSKTT_ban_tuc_XVI_15a.jpg"
  },
  {
    "text": "挺 身 躍 過 倦 船 頭 . [15b*1*1]\nđĩnh thân dược quá Quyện thuyền đầu.\n倦 提 劎 斬 之 武 陵 没 入 水 中 去 . [15b*1*8]\nQuyện đề kiếm trảm chi, Vũ Lăng một nhập thuỷ trung khứ.\n倦 乃 自 急 躍 過 武 陵 侯 船 斬 獲 其 把 𢂎 人 頭 大 呼 武 陵 頭 在 此 汝 等 如 何 敵 得 我 諸 軍 聞 之 不 及 回 顧 遂 頭 于 水 大 眾 隨 潰 棄 船 上 岸 . [15b*2*2]\nQuyện nãi tự cấp dược quá Vũ Lăng hầu thuyền, trảm hoạch kì bá dụ nhân đầu, đại hô: Vũ Lăng đầu tại thử, nhữ đẳng như hà địch đắc ngã! Chư quân văn chi bất cập hồi cố, toại đầu vu thuỷ, đại chúng tuỳ hội khí thuyền thượng ngạn.\n莫 兵 乘 勝 各 縣 人 民 俱 應 之 . [15b*4*18]\nMạc binh thừa thắng các huyện nhân dân cụ ứng chi.\n太 師 急 議 回 兵 . [15b*5*11]\nThái sư cấp nghị hồi binh.\n莫 使 将 将 兵 截 其 歸 路 軍 士 多 受 其 害 戰 将 死 者 數 十 員 船 艘 噐 械 盡 棄 . [15b*5*17]\nMạc sử tướng tương binh tiệt kì quy lộ quân sĩ đa thụ kì hại chiến tướng tử giả số thập viên, thuyền sưu khí giới tận khí.\n士 卒 脱 者 相 半 . [15b*7*9]\nSĩ tốt thoát giả tương bán.\n十 月 太 師 回 兵 清 華 令 諸 将 撫 養 士 卒 修 練 噐 械 令 選 補 丁 壮 編 入 隊 伍 以 成 兵 數 更 圖 後 󰁮 . [15b*8*1]\nThập nguyệt, Thái sư hồi binh Thanh Hoa, lệnh chư tướng phủ dưỡng sĩ tốt, tu luyện khí giới, lệnh tuyển bổ đinh tráng, biên nhập đội ngũ dĩ thành binh số, cánh đồ hậu cử..\n",
    "url": "/data/image_dvsk/ban_ky_tuc_bien/quyen16/DVSKTT_ban_tuc_XVI_15b.jpg"
  },
  {
    "text": "大 滛 雨 連 月 不 止 . [16a*1*1]\nĐại dâm vũ liên nguyệt bất chỉ.\n清 華 乂 安 田 禾 多 浸 水 歲 榖 不 登 . [16a*1*8]\nThanh Hoa, Nghệ An điền hoà đa tẩm thuỷ, tuế cốc bất đăng.\n於 是 詔 改 明 年 爲 正 治 元 年 . [16a*2*3]\nƯ thị, chiếu cải minh niên vi Chính Trị nguyên niên.\n戊 午 正 治 元 年 莫 光 寶 五 年 > > 明 嘉 靖 三 十 七 年 太 師 親 督 大 軍 再 出 山 南 中 路 攻 其 不 意 擒 獲 莫 将 英 銳 侯 俘 送 安 塲 行 在 . [16a*3*1]\nMậu Ngọ Chính Trị nguyên niên, [Mạc Quang Bảo ngũ niên Minh Gia Tĩnh tam thập thất niên,] Thái sư thân đốc đại quân tái xuất Sơn Nam trung lộ công kì bất ý, cầm hoạch Mạc tướng Anh Nhuệ hầu phù tống Yên Trường hành tại.\n命 斬 之 . [16a*5*4]\nMệnh trảm chi.\n是 歲 立 鄕 試 塲 于 安 定 縣 多 禄 社 . [16a*6*1]\nThị tuế lập Hương thí trường vu Yên Định huyện Đa Lộc xã.\n八 月 十 四 日 戊 午 太 傅 廣 郡 公 范 篤 卒 年 四 十 六 . [16a*7*1]\nBát nguyệt, thập tứ nhật, Mậu Ngọ Thái phó Quảng quận công Phạm Đốc tốt, niên tứ thập lục.\n賜 特 進 開 府 太 尉 靖 國 公 謚 忠 毅 . [16a*8*2]\nTứ đặc tiến khai phủ thái uý Tĩnh quốc công, thuỵ Trung Nghị.\n九 月 太 師 鄭 檢 親 督 大 兵 再 出 山 南 上 路 畧 地 而 . [16a*9*1]\nCửu nguyệt, Thái sư Trịnh Kiểm thân đốc đại binh tái xuất Sơn Nam thượng lộ lược địa nhi..\n",
    "url": "/data/image_dvsk/ban_ky_tuc_bien/quyen16/DVSKTT_ban_tuc_XVI_16a.jpg"
  },
  {
    "text": "還 留 降 将 阮 凱 康 鎮 守 以 招 集 人 民 . [16b*1*1]\nhoàn, lưu hàng tướng Nguyễn Khải Khang trấn thủ dĩ chiêu tập nhân dân.\n後 莫 氏 用 計 使 土 人 詐 降 誘 之 凱 康 復 叛 歸 莫 . [16b*1*15]\nHậu Mạc thị dụng kế sử thổ nhân trá hàng dụ chi Khải Khang phục phản quy Mạc.\n莫 氏 車 裂 之 十 月 太 師 鄭 檢 入 朝 表 奏 詔 勳 靖 公 次 子 端 郡 公 阮 黄 使 将 兵 鎮 守 順 化 處 以 防 東 寇 與 廣 南 鎮 郡 公 缺 名 相 爲 救 援 . [16b*2*15]\nMạc thị xa [liệt chi.] Thập nguyệt, Thái sư Trịnh Kiểm nhập triều biểu tấu chiếu Huân Tĩnh công thứ tử Đoan quận công Nguyễn Hoàng sử tướng binh trấn thủ Thuận Hoá xứ dĩ phòng Đông khấu, dữ Quảng Nam trấn quận công [khuyết danh,] tương vi cứu viện.\n凡 地 方 事 無 大 小 及 諸 税 額 一 切 委 之 歲 其 收 納 . [16b*5*9]\nPhàm địa phương sự vô đại tiểu cập chư thuế ngạch nhất thiết uỷ chi tuế kì thu nạp.\n己 未 二 年 莫 光 寶 六 年 明 嘉 靖 三 十 八 年 春 莫 開 會 試 科 . [16b*7*1]\nKỉ Mùi nhị niên, [Mạc Quang Bảo lục niên Minh Gia Tĩnh tam thập bát niên,] xuân, Mạc khai Hội thí khoa.\n賜 鄧 時 措 進 士 及 第 阮 達 善 等 四 人 進 士 出 身 阮 忱 等 十 四 人 同 進 士 出 身 . [16b*7*25]\nTứ Đặng Thời Thố tiến sĩ cập đệ, Nguyễn Đạt Thiện đẳng tứ nhân tiến sĩ xuất thân, Nguyễn 5ff1 đẳng thập tứ nhân đồng tiến sĩ xuất thân.\n",
    "url": "/data/image_dvsk/ban_ky_tuc_bien/quyen16/DVSKTT_ban_tuc_XVI_16b.jpg"
  },
  {
    "text": "時 莫 兵 數 敗 福 原 惶 惧 棄 昇 龍 城 移 居 于 南 門 外 三 月 太 師 鄭 檢 使 户 部 度 支 文 全 子 黎 仲 原 勘 度 清 華 乂 安 公 私 田 土 以 定 税 額 . [17a*1*1]\nThời, Mạc binh số bại, Phúc Nguyên hoàng cụ, khí Thăng Long thành di cư vu Nam [môn ngoại\n八 月 清 華 乂 安 洪 水 漲 溢 堤 路 破 潰 流 數 百 家 . [17a*4*1]\n] Tam nguyệt, Thái sư Trịnh Kiểm sử Hộ bộ đạc chi văn toàn tử Lê Trọng Nguyên khám đạc Thanh Hoa, Nghệ An công tư điền thổ, dĩ định thuế ngạch.\n西 都 城 中 爲 之 𨺻 没 府 庫 多 淹 于 水 . [17a*5*1]\nBát nguyệt, Thanh Hoa, Nghệ An hồng thuỷ trướng dật, đê lộ phá hội, lưu số bách gia.\n人 民 饑 饉 . [17a*5*15]\nTây Đô thành trung vi chi hãm một, phủ khố đa yêm vu thuỷ.\n九 月 太 師 保 族 将 豊 郡 公 鄭 珖 提 統 御 兵 扶 郡 公 黎 種 爲 總 鎮 清 華 道 鎮 守 兵 民 朝 郡 公 武 師 鑠 安 郡 公 頼 世 卿 等 同 領 精 兵 鎮 守 海 門 以 防 遏 賊 寇 . [17a*6*1]\nNhân dân cơ cận.\n太 師 督 大 軍 六 萬 餘 號 十 二 萬 親 徃 北 . [17a*9*4]\nCửu nguyệt, Thái sư bảo tộc tướng Phong quận công Trịnh quang đề thống ngự binh, Phù quận công Lê Chủng vi Tổng trấn Thanh Hoa đạo trấn thủ binh dân, Triều quận công Vũ Sư Thước, An quận công Lại Thế Khanh đẳng đồng lĩnh tinh binh trấn thủ hải môn dĩ phòng át tặc khấu.\n.\nThái sư đốc đại quân lục vạn dư hiệu thập nhị vạn thân vãng Bắc..\n",
    "url": "/data/image_dvsk/ban_ky_tuc_bien/quyen16/DVSKTT_ban_tuc_XVI_17a.jpg"
  },
  {
    "text": "征 以 圖 恢 復 由 天 䦕 出 山 西 上 路 . [17b*1*1]\nchinh dĩ đồ khôi phục do Thiên Quan xuất Sơn Tây thượng lộ.\n兵 之 引 過 秋 毫 無 犯 民 皆 草 靡 降 服 案 堵 如 故 爭 持 酒 糧 米 給 軍 . [17b*1*14]\nBinh chi dẫn quá thu hào vô phạm dân giai thảo mi hàng phục, án đổ như cố, tranh trì tửu lương mễ cấp quân.\n至 宣 光 興 化 西 道 將 定 郡 公 將 兵 來 會 復 大 議 進 兵 渡 河 畧 定 太 原 諒 山 京 北 等 處 土 将 嘉 郡 公 亦 歸 順 朝 廷 咸 願 給 兵 討 賊 . [17b*3*4]\nChí Tuyên Quang, Hưng Hoá, Tây đạo tướng Định quận công tương binh lai hội phục đại nghị tiến binh độ hà lược định Thái Nguyên, Lạng Sơn, Kinh Bắc đẳng xứ thổ tướng Gia quận công diệc quy thuận triều đình, hàm nguyện cấp binh thảo tặc.\n又 使 定 郡 公 鎮 守 安 西 大 同 以 壮 藩 疆 并 開 治 道 途 自 天 䦕 連 于 興 化 宣 光 通 于 京 北 運 載 糧 道 供 給 軍 資 . [17b*5*16]\nHựu sử Định Quận công trấn thủ An Tây, Đại Đồng, dĩ tráng phiên cương tịnh khai trị đạo đồ tự Thiên Quan liên vu Hưng Hoá, Tuyên Quang, thông vu Kinh Bắc vận tải lương đạo cúng cấp quân tư.\n十 月 太 師 鄭 檢 大 率 兵 象 攻 畧 京 北 各 處 駐 營 于 . [17b*9*1]\nThập nguyệt, Thái sư Trịnh Kiểm đại suất binh tượng công lược Kinh Bắc các xứ, trú doanh vu..\n",
    "url": "/data/image_dvsk/ban_ky_tuc_bien/quyen16/DVSKTT_ban_tuc_XVI_17b.jpg"
  },
  {
    "text": "順 安 府 與 莫 兵 相 持 後 又 移 屯 僊 遊 山 . [18a*1*1]\nThuận An phủ, dữ Mạc binh tương trì, hậu hựu di đồn Tiên Du Sơn.\n十 一 月 太 師 鄭 檢 分 兵 攻 快 州 洪 州 等 府 . [18a*2*1]\nThập nhất nguyệt, Thái sư Trịnh Kiểm phân binh công Khoái Châu, Hồng Châu đẳng phủ.\n超 類 文 江 等 縣 兵 之 所 至 賊 皆 奔 散 . [18a*2*17]\nSiêu Loại, Văn Giang đẳng huyện binh chi sở chí tặc giai bôn tán.\n十 二 月 太 師 鄭 檢 又 分 兵 攻 破 快 州 洪 州 南 策 等 府 . [18a*4*1]\nThập nhị nguyệt, Thái sư Trịnh Kiểm hựu phân binh công phá Khoái Châu, Hồng Châu, Nam Sách đẳng phủ.\n莫 兵 望 風 奔 北 . [18a*5*2]\nMạc binh vọng phong bôn bắc.\n庚 申 三 年 莫 光 寶 七 年 明 嘉 靖 三 十 九 年 正 月 太 師 鄭 檢 差 諸 将 領 兵 攻 破 洪 州 快 州 先 興 等 府 所 至 克 捷 〇 . [18a*6*1]\nCanh Thân tam niên, [Mạc Quang Bảo thất niên Minh Gia Tĩnh tam thập cửu niên,] chính nguyệt, Thái sư Trịnh Kiểm sai chư tướng lĩnh binh công phá Hồng Châu, Khoái Châu, Tiên Hưng, đẳng phủ, sở chí khắc tiệp .\n是 歲 大 熟 . [18a*7*16]\nThị tuế, đại thục.\n令 京 北 各 縣 歸 順 土 人 收 和 稻 以 供 軍 食 . [18a*8*1]\nLệnh Kinh Bắc các huyện quy thuận thổ nhân thu hoà đạo dĩ cúng quân thực.\n二 月 莫 福 原 使 其 将 提 兵 守 昇 龍 城 外 列 屯 沿 . [18a*9*1]\nNhị nguyệt, Mạc Phúc Nguyên sử kì tướng đề binh thủ Thăng Long thành ngoại, liệt đồn duyên..\n",
    "url": "/data/image_dvsk/ban_ky_tuc_bien/quyen16/DVSKTT_ban_tuc_XVI_18a.jpg"
  },
  {
    "text": "江 以 西 一 󰅾 上 自 白 鶴 下 至 南 昌 營 寨 相 連 舟 筏 相 接 . [18b*1*1]\ngiang dĩ Tây nhất đái, thượng tự Bạch hạc hạ chí Nam Xương, doanh trại tương liên chu phiệt tương tiếp.\n日 則 旗 皷 相 望 夜 則 塞 火 爲 號 與 官 軍 相 拒 守 . [18b*2*4]\nNhật tắc kì cổ tương vọng, dạ tắc tái hoả vi hiệu dữ quan quân tương cự thủ.\n太 師 鄭 檢 議 分 兵 與 諸 將 東 擊 東 潮 𰎟 山 至 靈 安 陽 等 縣 皆 克 之 . [18b*3*4]\nThái sư Trịnh Kiểm nghị phân binh dữ chư tướng đông kích Đông Triều, Giáp , Chí Linh, An Dương đẳng huyện giai khắc chi.\n莫 乃 移 居 于 清 潭 縣 . [18b*4*10]\nMạc nãi di cư vu Thanh Đàm huyện.\n三 月 太 師 鄭 檢 使 榮 郡 公 黄 廷 愛 等 領 兵 鎮 守 諒 山 渭 郡 公 黎 克 慎 鎮 守 太 原 嘉 郡 公 鎮 守 宣 光 連 兵 各 相 救 援 日 夜 攻 擊 富 平 文 蘭 等 府 縣 . [18b*5*1]\nTam nguyệt, Thái sư Trịnh Kiểm sử Vinh quận công Hoàng Đình Ái đẳng lĩnh binh trấn thủ Lạng Sơn, Vị quận công Lê Khắc Thận trấn thủ Thái Nguyên, Gia quận công trấn thủ Tuyên Quang, liên binh các tương cứu viện nhật dạ công kích Phú Bình, Văn Lan, đẳng phủ huyện.\n又 使 定 郡 公 鎮 守 興 化 撫 集 安 西 十 州 居 民 資 給 兵 糧 . [18b*7*18]\nHựu sử Định quận công trấn thủ Hưng Hoá phủ tập An Tây thập châu cư dân tư cấp binh lương.\n自 天 䦕 至 京 北 連 路 不 絶 . [18b*9*3]\nTự Thiên Quan chí Kinh Bắc liên lộ bất tuyệt.\n",
    "url": "/data/image_dvsk/ban_ky_tuc_bien/quyen16/DVSKTT_ban_tuc_XVI_18b.jpg"
  },
  {
    "text": "四 月 太 師 鄭 檢 駐 兵 于 覧 山 南 . [19a*1*1]\nTứ nguyệt, Thái sư trịnh Kiểm trú binh vu Lãm Sơn nam.\n時 官 軍 與 莫 将 相 持 連 年 不 解 . [19a*1*13]\nThời, quan quân dữ Mạc tướng tương trì liên niên bất giải.\n太 師 鄭 檢 又 分 兵 攻 破 清 沔 嘉 福 洪 州 快 州 等 地 方 . [19a*2*6]\nThái sư Trịnh Kiểm hựu phân binh công phá Thanh Miện, Gia Phúc, hồng Châu, Khoái Châu đẳng địa phương.\n於 是 海 陽 各 縣 爲 之 振 動 . [19a*3*7]\nƯ thị, Hải Dương các huyện vi chi chấn .\n辛 酉 四 年 莫 光 寶 八 年 > 明 嘉 靖 四 十 年 三 月 莫 使 其 将 領 兵 徃 京 北 與 太 師 鄭 檢 相 拒 潜 遣 莫 敬 典 領 兵 冦 掠 清 華 至 各 海 門 . [19a*4*1]\nTân Dậu tứ niên, [Mạc Quang Bảo bát niên Minh Gia Tĩnh tứ thập niên,] tam nguyệt, Mạc sử kì tướng lĩnh binh vãng kinh Bắc, dữ Thái sư Trịnh Kiểm tương cự, tiềm khiến Mạc Kính Điển lĩnh binh khấu lược Thanh Hoa chí các hải môn.\n時 守 将 潮 郡 公 武 師 鑠 安 郡 公 頼 世 卿 等 棄 營 退 還 . [19a*6*5]\nThời, thủ tướng Triều quận công Vũ Sư Thước, An quận công Lại Thế Khanh đẳng khí doanh thoái hoàn.\n扶 郡 公 黎 種 奔 會 引 兵 入 安 塲 䦕 萬 頼 󰀋 太 師 家 属 及 諸 将 家 小 入 翠 亸 󰀋 以 避 之 . [19a*7*7]\nPhù quận công Lê Chủng bôn hội dẫn binh nhập Yên Trường quan, Vạn Lại sách, Thái sư gia thuộc cập chư tướng gia tiểu nhập Thuý ve-chu sách dĩ tị chi.\n於 是 賊 世 憑 陵 民 多 流 散 . [19a*9*3]\nƯ thị, tặc thế bằng lăng, dân đa lưu tán.\n",
    "url": "/data/image_dvsk/ban_ky_tuc_bien/quyen16/DVSKTT_ban_tuc_XVI_19a.jpg"
  },
  {
    "text": "九 月 莫 兵 侵 入 安 塲 䦕 到 萬 頼 󰀋 将 𨺻 官 庫 . [19b*1*1]\nCửu nguyệt, Mạc binh xâm nhập Yên Trường quan, đáo Vạn Lại sách tương hãm quan khố.\n武 師 鑠 頼 世 卿 等 併 力 奮 擊 出 伏 兵 連 勝 數 陣 斬 馘 百 餘 級 . [19b*1*18]\nVũ Sư Thước, Lại Thế Khanh đẳng tính lực phấn kích xuất phục binh liên thắng số trận, trảm quắc bách dư cấp.\n莫 兵 大 潰 走 散 . [19b*3*5]\nMạc binh đại hội tẩu tán.\n官 軍 乘 勝 逐 北 . [19b*3*11]\nQuan quân thừa thắng trục bắc.\n莫 敬 典 遂 回 兵 京 邑 . [19b*3*17]\nMạc Kính Điển toại hồi binh kinh ấp.\n太 師 鄭 檢 乃 回 軍 清 華 拜 見 帝 于 安 塲 行 在 献 捷 󰍶 駐 兵 高 密 西 都 城 之 南 . [19b*4*7]\nThái sư Trịnh kiểm nãi hồi quân Thanh Hoa bái kiến Đế vu Yên Trường hành tại, hiến tiệp tất trú binh Cao Mật Tây Đô thành chi Nam.\n大 賞 戰 功 〇 . [19b*5*17]\nĐại thưởng chiến công .\n扶 郡 公 黎 種 卒 . [19b*6*4]\nPhù quận công Lê Chủng tốt.\n十 二 月 莫 福 原 卒 . [19b*7*1]\nThập nhị nguyệt, Mạc Phúc Nguyên tốt.\n子 荗 洽 立 改 元 淳 福 . [19b*7*8]\nTử Mậu Hiệp lập, cải nguyên Thuần Phúc.\n壬 戌 五 年 莫 淳 福 元 年 > > 明 嘉 靖 四 十 一 年 正 月 莫 荗 洽 年 幼 嗣 位 應 王 莫 敦 讓 入 内 輔 政 抱 荗 洽 視 朝 尊 其 祖 叔 . [19b*8*1]\nNhâm Tuất ngũ niên, [Mạc Thuần Phúc nguyên niên Minh Gia Tĩnh tứ thập nhất niên,] chính nguyệt, Mạc Mậu Hiệp niên ấu tự vị Ứng Vương Mạc Đôn Nhượng nhập nội phụ chính bão Mậu Hiệp thị triều, tôn kì tổ thúc..\n",
    "url": "/data/image_dvsk/ban_ky_tuc_bien/quyen16/DVSKTT_ban_tuc_XVI_19b.jpg"
  },
  {
    "text": "謙 王 敬 典 爲 謙 大 王 華 郡 公 缺 名 掌 朝 東 衛 駙 馬 都 尉 岸 郡 公 莫 玉 󱗲 掌 扶 西 衛 石 郡 公 阮 倦 掌 扶 南 衛 駙 馬 宗 正 太 保 寧 國 公 缺 名 掌 安 北 衛 . [20a*1*1]\nKhiêm vương Kính Điển vi Khiêm Đại Vương, Hoa quận công [khuyết danh,] chưởng triều Đông vệ, Phò mã đô uý Ngạn quận công Mạc Ngọc liễn chưởng Phù Tây vệ, Thạch quận công Nguyễn Quyện chưởng Phù Nam vệ, Phò mã Tông chính thái bảo Ninh quốc công [khuyết danh,] chưởng An Bắc vệ.\n其 餘 一 一 受 俾 協 力 輔 佐 . [20a*3*19]\nKì dư nhất nhất thụ tỉ hiệp lực phụ tá.\n莫 開 會 試 科 . [20a*5*1]\nMạc khai Hội thí khoa.\n賜 𫈣 維 玦 張 魯 吳 謙 等 進 士 及 第 武 文 善 等 五 人 進 士 出 身 阮 永 綿 等 十 人 同 進 士 出 身 . [20a*5*6]\nTứ Phạm Duy Quyết, Trương Lỗ, Ngô Khiêm đẳng tiến sĩ cập đệ, Vũ Văn Thiện đẳng ngũ nhân tiến sĩ xuất thân, Nguyễn Vĩnh miên đẳng thập nhân đồng tiến sĩ xuất thân.\n二 月 帝 命 禄 郡 公 将 兵 畧 定 十 州 . [20a*8*1]\nNhị nguyệt, Đế mệnh Lộc quận công tướng binh lược định thập châu.\n使 人 溪 侯 與 之 俱 徃 撫 集 人 民 . [20a*8*14]\nSử Nhân Khê hầu dữ chi cụ vãng phủ tập nhân dân.\n",
    "url": "/data/image_dvsk/ban_ky_tuc_bien/quyen16/DVSKTT_ban_tuc_XVI_20a.jpg"
  },
  {
    "text": "八 月 帝 立 鄕 試 塲 于 西 都 城 之 南 門 . [20b*1*1]\nBát nguyệt, Đế lập Hương thí trường vu Tây Đô thành chi nam môn.\n九 月 太 師 親 督 大 兵 畧 定 山 南 路 使 世 子 與 俱 兵 至 清 池 上 福 地 方 使 立 大 營 于 山 明 令 收 稻 糧 貯 之 以 爲 長 久 之 計 . [20b*2*1]\nCửu nguyệt, Thái sư thân đốc đại binh lược định Sơn Nam lộ, sử Thế Tử dữ cụ binh chí Thanh Trì, Thượng Phúc địa phương sử lập đại doanh vu Sơn Minh, lệnh thu đạo lương trữ chi dĩ vi trường cửu chi .\n是 月 䧺 國 公 丁 公 卒 . [20b*5*1]\nThị nguyệt, Hùng quốc công Đinh Công tốt.\n厚 䘮 之 . [20b*5*9]\nHậu táng chi.\n公 廣 平 人 . [20b*5*12]\nCông Quảng Bình nhân.\n十 月 莫 荗 洽 疑 太 保 文 國 公 范 瑤 陰 有 異 圖 . [20b*6*1]\nThập nguyệt, Mạc Mậu Hiệp nghi Thái bảo Văn quốc công Phạm Dao âm hữu dị đồ.\n殺 之 十 一 月 太 師 回 兵 清 華 使 義 郡 公 鄧 訓 守 營 . [20b*6*18]\n[Sát chi.] Thập nhất nguyệt, Thái sư hồi binh Thanh Hoa, sử Nghĩa quận công Đặng Huấn thủ doanh.\n訓 反 歸 于 莫 . [20b*7*18]\nHuấn phản quy vu Mạc.\n鄧 訓 彰 德 良 舍 人 甲 子 七 年 莫 淳 福 三 年 明 嘉 靖 四 十 三 年 時 莫 敬 典 長 子 端 䧺 王 敬 止 . [20b*8*5]\n[Đặng Huấn Chương Đức Lương Xá nhân,] Giáp Tí thất niên, [Mạc Thuần Phúc tam niên Minh Gia Tĩnh tứ thập tam niên,] thời, Mạc Kính Điển trưởng tử Đoan Hùng Vương Kính Chỉ..\n",
    "url": "/data/image_dvsk/ban_ky_tuc_bien/quyen16/DVSKTT_ban_tuc_XVI_20b.jpg"
  },
  {
    "text": "陰 與 敬 典 妾 私 通 . [21a*1*1]\nâm dữ Kính Điển thiếp tư thông.\n事 覺 降 爲 庶 人 以 次 子 敬 敷 爲 唐 安 王 委 以 兵 權 . [21a*1*8]\nSự giác giáng vi thứ nhân, dĩ thứ tử Kính Phu vi Đường An Vương, uỷ dĩ binh quyền.\n及 敬 典 卒 莫 又 以 敬 止 爲 䧺 禮 公 而 不 委 之 以 兵 〇 . [21a*2*9]\nCập Kính Điển tốt, Mạc hựu dĩ Kính Chỉ vi Hùng Lễ công nhi bất uỷ chi dĩ binh .\n時 哀 牢 國 乍 斗 使 其 臣 來 貢 方 物 及 䧺 象 四 隻 . [21a*3*11]\nThời, Ai Lao quốc Sạ Đẩu sử kì thần lai cống phương vật cập hùng tượng tứ chích.\n帝 使 太 師 以 養 女 歸 之 以 結 鄰 國 之 好 . [21a*4*11]\nĐế sử Thái sư dĩ dưỡng nữ quy chi dĩ kết lân quốc chi hiếu.\n九 月 太 師 督 大 兵 畧 定 山 南 中 路 攻 破 長 安 府 各 縣 及 至 朱 雀 門 駐 兵 . [21a*6*1]\nCửu nguyệt, Thái sư đốc đại binh lược định Sơn Nam Trung lộ, công phá Trường Yên phủ các huyện, cập chí Chu Tước môn trú binh.\n義 郡 公 鄧 訓 復 率 部 兵 詣 營 門 請 罪 . [21a*7*10]\nNghĩa quận công Đặng Huấn phục suất bộ binh nghệ doanh môn thỉnh tội.\n太 師 鄭 檢 放 之 仍 其 舊 爵 復 遣 出 𢙇 安 山 明 與 圖 進 取 . [21a*8*6]\nThái sư Trịnh Kiểm phóng chi, những kì cựu tước phục khiến xuất Hoài An, Sơn Minh dữ đồ tiến thủ.\n",
    "url": "/data/image_dvsk/ban_ky_tuc_bien/quyen16/DVSKTT_ban_tuc_XVI_21a.jpg"
  },
  {
    "text": "十 月 太 師 鄭 檢 命 舍 人 司 華 陽 傕 督 長 安 天 䦕 等 府 降 民 平 築 堤 路 開 闊 道 途 起 自 庯 葛 直 至 平 凉 通 𢙇 安 山 明 以 轉 運 粮 食 . [21b*1*1]\nThập nguyệt, Thái sư Trịnh Kiểm mệnh xá nhân ti Hoa Dương thôi đốc Trường Yên, Thiên Quan đẳng phủ hàng dân bình trúc đê lộ, khai khoát đạo đồ khởi tự Phố Cát trực chí Bình Lương, thông Hoài An, Sơn Minh dĩ chuyển vận lương thực.\n使 往 來 不 絶 . [21b*3*13]\nSử vãng lai bất tuyệt.\n於 是 山 南 自 大 江 之 西 各 縣 土 地 人 民 悉 爲 所 有 軍 聲 大 振 所 至 克 捷 . [21b*3*18]\nƯ thị, Sơn Nam tự Đại giang chi Tây các huyện thổ địa nhân dân tất vi sở hữu, quân thanh đại chấn, sở chí khắc tiệp.\n十 二 月 太 師 回 兵 清 華 . [21b*6*1]\nThập nhị nguyệt, Thái sư hồi binh Thanh Hoa.\n乙 丑 八 年 莫 淳 福 四 年 明 嘉 靖 四 十 年 設 制 科 取 士 賜 黎 謙 等 四 人 第 一 甲 制 科 出 身 黎 義 澤 等 六 人 第 二 甲 同 制 科 出 身 . [21b*7*1]\nẤt Sửu bát niên, [Mạc Thuần Phúc tứ niên Minh Gia Tĩnh tứ thập niên,] thiết chế khoa thủ sĩ, tứ Lê Khiêm đẳng tứ nhân đệ nhất Giáp chế khoa xuất thân, Lê Nghĩa Trạch đẳng lục nhân đệ nhị Giáp đồng chế khoa xuất thân.\n",
    "url": "/data/image_dvsk/ban_ky_tuc_bien/quyen16/DVSKTT_ban_tuc_XVI_21b.jpg"
  },
  {
    "text": "莫 開 會 試 科 . [22a*1*1]\nMạc khai Hội thí khoa.\n賜 范 光 進 進 士 及 第 范 宏 才 等 三 人 進 士 出 身 頼 敏 等 十 二 人 同 進 士 出 身 . [22a*1*6]\nTứ Phạm Quang Tiến tiến sĩ cập đệ, Phạm Hoành Tài đẳng tam nhân tiến sĩ xuất thân, Lại Mẫn đẳng thập nhị nhân đồng tiến sĩ xuất thân.\n四 月 太 師 督 兵 出 討 山 南 中 路 . [22a*3*1]\nTứ nguyệt, Thái sư đốc binh xuất thảo Sơn Nam trung lộ.\n世 子 鄭 檜 鄭 松 皆 從 行 . [22a*3*13]\nThế tử Trịnh Cối, Trịnh Tùng giai tòng hành.\n兵 至 長 安 攻 破 嘉 遠 安 謨 安 康 等 縣 . [22a*4*4]\nBinh chí Trường Yên công phá Gia Viễn,, Yên Mô Yên Khang đẳng huyện.\n九 月 太 師 圖 分 兵 使 武 師 鑠 頼 世 卿 等 鎮 守 各 海 門 以 僃 不 󰔄 又 使 外 甥 文 原 侯 固 守 營 寨 與 師 鑠 等 鎮 守 居 民 . [22a*5*1]\nCửu nguyệt, Thái sư đồ phân binh, sử Vũ Sư Thước, Lại Thế Khanh đẳng trấn thủ các hải môn dĩ bị bất ngu, hựu sử ngoại sanh Văn Nguyên hầu cố thủ doanh trại dữ Sư Thước đẳng trấn thủ cư dân.\n自 親 督 大 兵 公 畧 山 南 各 縣 地 方 . [22a*7*8]\nTự thân đốc đại binh công lược Sơn Nam các huyện địa phương.\n兵 之 所 至 無 不 克 捷 . [22a*8*3]\nBinh chi sở chí, vô bất khắc tiệp.\n莫 荗 洽 見 官 兵 攻 襲 大 急 問 以 退 兵 之 計 . [22a*8*11]\nMạc Mậu Hiệp kiến quan binh công tập đại cấp vấn dĩ thoái binh chi kế.\n莫 敬 典 曰 今 彼 兵 精 銳 難 . [22a*9*9]\nMạc Kính Điển viết: Kim bỉ binh tinh nhuệ nan..\n",
    "url": "/data/image_dvsk/ban_ky_tuc_bien/quyen16/DVSKTT_ban_tuc_XVI_22a.jpg"
  },
  {
    "text": "與 爭 鋒 恐 有 不 敵 . [22b*1*1]\ndữ tranh phong khủng hữu bất địch.\n鄭 檢 親 督 大 兵 至 此 攻 畧 山 南 未 賜 必 渡 江 也 . [22b*1*8]\nTrịnh Kiểm thân đốc đại binh chí thử công lược Sơn Nam vị tứ tất độ giang dã.\n其 清 華 乃 彼 本 根 之 地 . [22b*2*7]\nKì Thanh Hoa nãi bỉ bản căn chi địa.\n今 以 虚 弱 縱 有 留 兵 分 守 其 地 . [22b*2*16]\nKim dĩ hư nhược tung hữu lưu binh phân thủ kì địa.\n不 過 一 二 将 而 已 . [22b*3*10]\nBất quá nhất nhị tướng nhi dĩ.\n臣 乞 差 數 大 将 領 兵 與 之 交 鋒 以 牽 其 势 後 分 數 萬 兵 與 臣 日 夜 直 進 至 地 方 出 奇 兵 以 擒 其 将 此 必 勝 之 要 道 . [22b*3*17]\nThần khất sai số đại tướng lĩnh binh dữ chi giao phong dĩ khiên kì thế, hậu phân số vạn binh dữ thần nhật dạ trực tiến chí địa phương, xuất kì binh dĩ cầm kì tướng, thử tất thắng chi yếu đạo.\n乃 舍 堅 攻 瑕 出 其 不 意 攻 其 不 僃 之 計 . [22b*6*5]\nNãi xá kiên công hà xuất kì bất ý công kì bất bị chi kế.\n此 臣 之 願 也 . [22b*7*2]\nThử thần chi nguyện dã.\n荗 洽 從 之 . [22b*7*7]\nMậu Hiệp tòng chi.\n十 一 月 敬 典 進 兵 攻 清 華 𧻗 海 渡 入 靈 塲 海 門 攻 破 淳 祐 弘 化 等 縣 侵 掠 居 民 . [22b*7*11]\nThập nhất nguyệt, Kính Điển tiến binh công Thanh Hoa, việt hải độ nhập Linh Trường hải môn, công phá Thuần Hựu, Hoằng Hoá đẳng huyện, xâm lược cư dân.\n師 鑠 等 使 人 告 急 于 太 師 . [22b*9*5]\nSư Thước đẳng sử nhân cáo cấp vu Thái sư.\n太 師 乃 差 . [22b*9*15]\nThái sư nãi sai..\n",
    "url": "/data/image_dvsk/ban_ky_tuc_bien/quyen16/DVSKTT_ban_tuc_XVI_22b.jpg"
  },
  {
    "text": "禄 郡 公 領 兵 回 救 清 華 . [23a*1*1]\nLộc quận công lĩnh binh hồi cứu Thanh Hoa.\n及 至 行 營 與 師 鑠 世 卿 等 共 謀 合 兵 進 擊 與 莫 兵 戰 于 油 塲 . [23a*1*10]\nCập chí, hành doanh dữ Sư Thước, Thế Khanh đẳng cộng mưu hợp binh tiến kích, dữ Mạc binh chiến vu Du Trường.\n莫 兵 設 伏 于 險 要 出 奇 兵 挑 戰 𠍵 北 . [23a*2*15]\nMạc binh thiết phục vu hiểm yếu xuất kì binh khiêu chiến dạng bắc.\n師 鑠 等 引 兵 象 追 之 深 入 重 地 . [23a*3*11]\nSư Thước đẳng dẫn binh tượng truy chi, thâm nhập trọng địa.\n敬 典 乃 縱 伏 兵 四 面 俱 起 夾 攻 圍 之 數 重 . [23a*4*5]\nKính Điển nãi tung phục binh tứ diện cụ khởi hiệp công vi chi số trùng.\n師 鑠 世 卿 等 自 料 寡 不 敵 󰕛 乃 突 出 重 圍 奮 擊 脱 入 山 林 . [23a*5*3]\nSư, Thước Thế Khanh đẳng tự liệu quả bất địch chúng, nãi đột xuất trùng vi phấn kích thoát nhập sơn lâm.\n禄 郡 公 獨 戰 被 莫 兵 刺 於 象 背 死 之 . [23a*6*7]\nLộc quận công độc chiến bị Mạc binh thích ư tượng bối tử chi.\n官 兵 死 者 千 數 莫 将 欲 圖 進 取 及 聞 太 師 回 兵 至 石 城 敬 典 乃 率 兵 回 . [23a*7*3]\nQuan binh tử giả thiên số, Mạc tướng dục đồ tiến thủ, cập văn Thái sư hồi binh chí Thạch Thành, Kính Điển nãi suất binh hồi.\n十 二 日 追 封 禄 郡 公 爲 嚴 國 公 以 其 全 節 於 王 事 也 . [23a*8*12]\nThập nhị nhật, truy phong Lộc quận công vi Nghiêm quốc công, dĩ kì toàn tiết ư vương sự dã.\n",
    "url": "/data/image_dvsk/ban_ky_tuc_bien/quyen16/DVSKTT_ban_tuc_XVI_23a.jpg"
  },
  {
    "text": "丙 寅 九 年 莫 淳 福 五 年 > > 明 嘉 靖 四 十 五 年 正 月 明 帝 崩 . [23b*1*1]\nBính Dần cửu niên, [Mạc Thuần Phúc ngũ niên Minh Gia Tĩnh tứ thập ngũ niên,] chính nguyệt, Minh Đế băng.\n太 子 暨 即 位 是 爲 文 宗 改 號 隆 󰆑 . [23b*1*24]\nThái tử kị tức vị thị vi Văn Tông, cải hiệu Long Khánh.\n莫 改 元 曰 崇 康 元 年 移 居 菩 提 舘 . [23b*3*1]\nMạc cải nguyên viết Sùng Khang nguyên niên, di cư Bồ Đề quán.\n二 十 五 日 莫 遣 史 部 尙 書 兼 東 閣 大 學 士 薊 溪 伯 甲 海 東 閣 校 書 范 維 玦 等 徃 諒 山 界 首 迎 接 使 臣 黎 光 賁 回 國 . [23b*3*14]\nNhị thập ngũ nhật, Mạc khiến Sử bộ thượng thư kiêm Đông các đại học sĩ Kế khê bá Giáp Hải, Đông các hiệu thư Phạm Duy Quyết đẳng vãng Lạng sơn giới thủ nghênh tiếp sứ thần Lê Quang Bí hồi quốc.\n光 賁 於 嘉 靖 二 十 七 年 奉 使 爲 明 人 所 留 十 八 年 至 是 回 . [23b*6*3]\nQuang Bí ư Gia Tĩnh nhị thập thất niên phụng sứ, vi Minh nhân sở lưu thập bát niên chí thị hồi.\n九 月 太 師 鄭 檢 畧 攻 山 南 . [23b*8*1]\nCửu nguyệt, Thái sư Trịnh Kiểm lược công Sơn Nam.\n兵 出 中 路 至 嘉 遠 奉 化 而 還 . [23b*8*11]\nBinh xuất trung lộ chí Gia Viễn, Phụng Hoá nhi hoàn.\n",
    "url": "/data/image_dvsk/ban_ky_tuc_bien/quyen16/DVSKTT_ban_tuc_XVI_23b.jpg"
  },
  {
    "text": "丁 卯 十 年 莫 崇 康 二 年 明 隆 󰆑 元 年 時 太 師 寝 疾 乘 轎 出 征 畧 定 西 南 軍 多 勝 捷 士 益 精 銳 . [24a*1*1]\nĐinh Mão thập niên, [Mạc Sùng Khang nhị niên Minh Long Khánh nguyên niên,] thời, Thái sư tẩm tật thừa kiệu xuất chinh lược định Tây Nam, quân đa thắng tiệp, sĩ ích tinh nhuệ.\n莫 兵 戰 數 不 勝 乃 收 兵 不 出 . [24a*2*12]\nMạc binh chiến số bất thắng nãi thu binh bất xuất.\n以 史 部 尙 書 兼 御 史 臺 都 御 史 張 國 華 爲 少 傅 文 溪 侯 . [24a*4*1]\nDĩ Sử bộ Thượng thư kiêm Ngự sử đài đô ngự sử Trương Quốc Hoa vi Thiếu phó Văn Khê hầu.\n戊 辰 十 一 年 莫 崇 康 三 年 明 隆 󰆑 二 年 春 莫 開 會 試 科 . [24a*6*1]\nMậu Thìn thập nhất niên, [Mạc Sùng Khang tam niên Minh Long Khánh nhị niên,] xuân, Mạc khai Hội thí khoa.\n賜 武 有 政 進 士 及 第 杜 安 等 四 人 進 士 出 身 甲 澧 等 十 二 人 同 進 士 出 身 . [24a*6*22]\nTứ Vũ Hữu Chính tiến sĩ cập đệ, Đỗ An đẳng tứ nhân tiến sĩ xuất thân, Giáp Lễ đẳng thập nhị nhân đồng tiến sĩ xuất thân.\n是 歲 廣 南 清 刑 憲 察 使 黄 震 憲 察 副 使 阮 瑕 等 . [24a*9*1]\nThị tuế, Quảng Nam Thanh hình hiến sát sứ Hoàng Chấn, Hiến sát phó sứ Nguyễn Hà đẳng..\n",
    "url": "/data/image_dvsk/ban_ky_tuc_bien/quyen16/DVSKTT_ban_tuc_XVI_24a.jpg"
  },
  {
    "text": "上 表 謝 恩 言 奉 聖 論 奬 以 效 忠 安 邊 . [24b*1*1]\nthượng biểu tạ ân, ngôn: Phụng Thánh luận tưởng dĩ hiệu trung an biên.\n今 竊 慮 臣 等 忝 以 書 生 仗 其 威 德 僅 䏻 集 事 奉 施 恩 例 恐 承 當 弗 稱 敢 述 蕪 詞 以 聞 . [24b*1*15]\nKim thiết lự thần đẳng thiểm dĩ thư sinh trượng kì uy đức cẩn năng tập sự phụng thi ân lệ khủng thừa đương phất xưng cảm thuật vu từ dĩ văn.\n三 月 廣 南 土 鎮 郡 公 卒 . [24b*4*1]\nTam nguyệt, Quảng Nam thổ Trấn quận công tốt.\n太 師 鄭 檢 以 乂 安 人 元 郡 公 阮 伯 䮐 爲 總 兵 代 守 其 地 . [24b*4*10]\nThái sư Trịnh Kiểm dĩ Nghệ An nhân Nguyên quận công Nguyễn Bá quýnh vi Tổng binh đại thủ kì địa.\n夏 四 月 太 師 强 疾 出 征 攻 破 安 謨 安 康 奉 化 嘉 遠 等 縣 令 收 稻 而 還 . [24b*6*1]\nHạ tứ nguyệt, Thái sư cường tật xuất chinh công phá Yên Mô, Yên Khang, Phụng Hoá, Gia Viễn đẳng huyện, lệnh thu đạo nhi hoàn.\n己 巳 十 二 年 莫 崇 康 四 年 明 隆 慶 三 年 二 月 帝 加 封 太 師 諒 國 公 鄭 檢 爲 上 相 太 國 公 尊 爲 尙 父 . [24b*8*1]\nKỉ Tị thập nhị niên, [Mạc Sùng Khang tứ niên Minh Long Khánh tam niên,] nhị nguyệt, Đế gia phong Thái sư Lượng Quốc công Trịnh Kiểm vi Thượng tướng Thái quốc công, tôn vi Thượng phụ.\n",
    "url": "/data/image_dvsk/ban_ky_tuc_bien/quyen16/DVSKTT_ban_tuc_XVI_24b.jpg"
  },
  {
    "text": "夏 四 月 帝 弟 黎 維 翰 陰 有 異 志 潜 入 宫 中 盗 藏 寶 璽 及 獲 舍 之 . [25a*1*1]\nHạ tứ nguyệt, Đế đệ Lê Duy Hàn âm hữu dị chí, tiềm nhập cung trung đạo tàng bảo tỉ, cập hoạch xá chi.\n後 又 犯 法 殺 人 命 下 議 罪 . [25a*2*7]\nHậu hựu phạm pháp sát nhân, mệnh hạ nghị tội.\n帝 言 于 上 相 曰 鞠 子 幸 頼 尙 父 暨 文 武 官 僚 共 尊 爲 君 長 欲 其 友 愛 自 親 而 家 而 國 而 天 下 共 享 安 全 . [25a*2*17]\nĐế ngôn vu Thượng tướng viết: Cúc tử hạnh lại thượng phụ ký văn vũ quan liêu cộng tôn vi quân trưởng, dục kì hữu ái, tự thân, nhi gia, nhi quốc, nhi thiên hạ cộng hưởng an toàn.\n奈 維 翰 生 同 一 体 父 母 俱 故 教 訓 不 從 每 藏 垢 納 污 𡸈 期 性 禀 顧 愚 再 犯 法 無 故 殺 人 合 監 . [25a*5*2]\nNại Duy Hàn sinh đồng nhất thể, phụ mẫu cụ cố giáo huấn bất tòng, mỗi tàng cấu nạp ô, há kì tính bẩm cố ngu tái phạm pháp, vô cố sát nhân hợp giám.\n至 七 月 二 十 五 日 少 傅 文 溪 侯 張 國 華 等 奉 聖 旨 禀 上 相 意 按 律 議 罪 刺 面 六 字 廢 爲 庶 人 付 刑 部 奉 行 . [25a*7*1]\nChí thất nguyệt, nhị thập ngũ nhật, thiếu phó Văn Khê hầu Trương Quốc Hoa đẳng phụng thánh chỉ bẩm Thượng tướng ý án luật nghị tội, thích diện lục tự, phế vi thứ nhân, phó Hình bộ phụng hành.\n",
    "url": "/data/image_dvsk/ban_ky_tuc_bien/quyen16/DVSKTT_ban_tuc_XVI_25a.jpg"
  },
  {
    "text": "秋 九 月 順 化 鎮 守 端 郡 公 阮 黄 入 朝 𢪒 見 于 行 在 . [25b*1*1]\nThu cửu nguyệt, Thuận Hoá trấn thủ Đoan quận công Nguyễn Hoàng nhập triều bái kiến vu hành tại.\n又 詣 上 相 府 拜 賀 訴 以 兄 弟 之 情 甚 相 友 愛 . [25b*2*2]\nHựu nghệ Thượng tướng phủ bái hạ tố dĩ huynh đệ chi tình thậm tương hữu ái.\n時 有 中 奇 副 将 筆 川 侯 見 上 相 有 疾 隂 𢙇 奸 謀 . [25b*3*1]\nThời, hữu trung kì phó tướng Bút Xuyên hầu kiến Thượng tướng hữu tật, âm hoài gian mưu.\n事 覺 遁 去 追 及 之 . [25b*4*1]\nSự giác, độn khứ, truy cập chi.\n上 相 欲 免 其 罪 黄 力 諍 乃 殺 之 . [25b*4*8]\nThượng tướng dục miễn kì tội, Hoàng lực tránh, nãi sát chi.\n初 昭 勳 靖 公 阮 金 知 上 相 才 識 過 人 愛 重 如 子 以 次 女 玉 寶 妻 之 . [25b*5*2]\nSơ Chiêu Huân Tĩnh công Nguyễn Kim tri Thượng tướng tài thức quá nhân, ái trọng như tử, dĩ thứ nữ Ngọc Bảo thê chi.\n玉 寶 乃 黄 之 姊 也 . [25b*6*9]\nNgọc Bảo nãi Hoàng chi tỉ dã.\n及 金 卒 帝 委 上 相 鄭 檢 總 裁 國 家 事 務 故 令 黄 鎮 守 順 化 徵 納 租 税 以 供 國 用 . [25b*6*16]\nCập Kim tốt, Đế uỷ Thượng tướng Trịnh Kiểm tổng tài quốc gia sự vụ, cố lệnh Hoàng trấn thủ Thuận Hoá trưng nạp tô thuế dĩ cúng quốc dụng.\n至 是 入 朝 玉 寶 生 子 鄭 松 才 德 超 群 英 䧺 盖 世 䏻 續 父 志 賛 成 帝 業 黎 朝 中 . [25b*8*8]\nChí thị, nhập triều Ngọc Bảo sinh tử Trịnh Tùng, tài đức siêu quần, anh hùng cái thế, năng tục phụ chí, tán thành Đế nghiệp Lê triều trung..\n",
    "url": "/data/image_dvsk/ban_ky_tuc_bien/quyen16/DVSKTT_ban_tuc_XVI_25b.jpg"
  },
  {
    "text": "興 之 功 基 於 此 . [26a*1*1]\nhưng chi công cơ ư thử.\n冬 十 月 甲 子 夜 地 震 山 崩 草 木 枯 死 . [26a*2*1]\nĐông thập nguyệt, Giáp Tí dạ địa chấn, sơn băng, thảo mộc khô tử.\n上 相 自 知 病 篤 乃 上 表 乞 釋 兵 權 辝 意 懇 切 . [26a*2*15]\nThượng tướng tự tri bệnh đốc, nãi thượng biểu khất thích binh quyền, từ ý khẩn thiết.\n帝 曰 朕 姑 從 所 請 特 命 上 相 長 子 俊 德 侯 鄭 檜 督 領 水 步 諸 營 次 子 福 良 侯 鄭 松 暨 諸 将 佐 等 成 属 討 賊 . [26a*3*14]\nĐế viết: Trẫm cô tòng sở thỉnh, đặc mệnh Thượng tướng trưởng tử Tuấn Đức hầu Trịnh Cối đốc lĩnh thuỷ bộ chư doanh, thứ tử Phúc Lương hầu Trịnh Tùng kị chư tướng tá đẳng thành thuộc thảo tặc.\n以 安 天 下 副 朕 所 望 . [26a*5*18]\nDĩ an thiên hạ phó trẫm sở vọng.\n十 一 月 有 流 星 長 五 丈 墮 地 聲 如 巨 雷 . [26a*7*1]\nThập nhất nguyệt, hữu lưu tinh trường ngũ trượng đoạ địa, thanh như cự lôi.\n莫 以 北 軍 都 督 府 左 都 督 署 府 事 林 郡 公 爲 兵 部 尙 書 掌 部 事 . [26a*8*1]\nMạc dĩ Bắc quân đô đốc phủ tả đô đốc thự phủ sự Lâm quận công vi binh bộ Thượng thư chưởng bộ sự.\n",
    "url": "/data/image_dvsk/ban_ky_tuc_bien/quyen16/DVSKTT_ban_tuc_XVI_26a.jpg"
  },
  {
    "text": "庚 午 十 三 年 莫 崇 康 五 年 明 隆 󰆑 四 年 正 月 上 相 上 表 奏 帝 令 阮 黄 行 下 順 化 廣 南 等 處 統 率 兵 象 船 艘 再 鎮 撫 方 民 以 壮 藩 維 . [26b*1*1]\nCanh Ngọ thập tam niên, [Mạc Sùng Khang ngũ niên Minh Long Khánh tứ niên,] chính nguyệt, Thượng tướng thượng biểu tấu Đế lệnh Nguyễn Hoàng hành hạ Thuận Hoá, Quảng Nam đẳng xứ, thống suất binh tượng thuyền sưu tái trấn phủ phương dân dĩ tráng phiên duy.\n上 相 戒 之 曰 國 家 以 此 重 任 付 卿 當 始 終 一 節 罄 碣 初 心 匡 輔 皇 家 . [26b*3*8]\nThượng tướng giới chi viết: Quốc gia dĩ thử trọng nhiệm phó khanh đương thuỷ chung nhất tiết khánh kiệt sơ tâm khuông phụ hoàng gia.\n黄 感 謝 奉 命 赴 鎮 . [26b*4*15]\nHoàng cảm tạ phụng mệnh phó trấn.\n召 廣 南 總 兵 元 郡 公 阮 伯 䮐 還 . [26b*6*1]\nTriệu Quảng Nam tổng binh Nguyên quận công Nguyễn Bá quýnh hoàn.\n二 月 十 八 日 上 相 太 國 公 鄭 檢 病 督 . [26b*7*1]\nNhị nguyệt, thập bát nhật, Thượng tướng Thái quốc công Trịnh Kiểm bệnh đốc.\n是 日 薨 . [26b*7*15]\nThị nhật hoăng.\n追 尊 爲 明 康 太 王 諡 志 勳 . [26b*7*18]\nTruy tôn vi Minh Khang Thái Vương, thuỵ Chí Huân.\n詔 長 子 俊 德 侯 鄭 檜 代 領 其 權 統 兵 討 賊 . [26b*8*10]\nChiếu trưởng tử Tuấn Đức hầu Trịnh Cối đại lĩnh kì quyền thống binh thảo tặc.\n時 檜 自 縱 酒 色 志 益 驕 佚 不 . [26b*9*8]\nThời Cối tự túng tửu sắc chí ích kiêu dật, bất..\n",
    "url": "/data/image_dvsk/ban_ky_tuc_bien/quyen16/DVSKTT_ban_tuc_XVI_26b.jpg"
  },
  {
    "text": "恤 士 卒 . [27a*1*1]\ntuất sĩ tốt.\n由 是 将 校 離 心 輔 佐 日 寡 人 心 思 異 各 相 生 變 終 成 禍 胎 . [27a*1*4]\nDo thị, tướng hiệu li tâm phụ tá nhật quả nhân tâm tư dị các tương sinh, biến chung thành hoạ thai.\n四 月 二 日 端 武 侯 黎 及 第 文 鋒 侯 鄭 永 紹 衛 陽 侯 鄭 栢 及 良 郡 公 普 郡 公 與 萊 郡 公 潘 公 績 等 夜 率 子 弟 兵 眾 就 福 良 侯 鄭 松 謀 定 計 策 逼 令 舉 事 . [27a*3*1]\nTứ nguyệt, nhị nhật, Đoan Vũ hầu Lê Cập Đệ, Văn Phong hầu Trịnh Vĩnh Thiệu, Vệ Dương hầu Trịnh Bách, cập Lương quận công, Phổ quận công dữ Lai quận công Phan Công Tích đẳng dạ suất tử đệ binh chúng tựu Phúc Lương hầu Trịnh Tùng mưu định kế sách, bức lệnh cử sự.\n松 不 得 已 與 及 第 永 紹 等 收 兵 象 夜 奔 安 塲 行 在 . [27a*6*3]\nTùng bất đắc dĩ dữ Cập Đệ, Vĩnh Thiệu đẳng thu binh tượng dạ bôn Yên Trường hành tại.\n明 日 至 金 城 營 要 義 郡 公 鄭 訓 同 去 詣 闕 入 拜 謁 . [27a*7*4]\nMinh nhật chí Kim Thành doanh, yêu Nghĩa quận công Trịnh Huấn đồng khứ nghệ khuyết nhập bái yết.\n松 等 泣 曰 臣 兄 檜 耽 嗜 酒 色 多 失 众 心 早 晚 必 乱 . [27a*8*5]\nTùng đẳng khấp viết: Thần huynh Cối đam thị tửu sắc đa thất chúng tâm tảo vãn tất loạn.\n又 日 夜 相 謀 奪 臣 兵 象 權 印 . [27a*9*6]\nHựu nhật dạ tương mưu đoạt thần binh tượng quyền ấn.\n故 臣 . [27a*9*17]\nCố thần..\n",
    "url": "/data/image_dvsk/ban_ky_tuc_bien/quyen16/DVSKTT_ban_tuc_XVI_27a.jpg"
  },
  {
    "text": "等 夜 遁 投 闕 哀 告 望 聖 上 怜 納 之 . [27b*1*1]\nđẳng dạ độn đầu khuyết ai cáo, vọng Thánh thượng lân nạp chi.\n帝 曰 尙 父 在 日 不 至 此 . [27b*1*14]\nĐế viết: Thượng phụ tại nhật bất chí thử.\n事 奈 何 福 良 侯 與 及 第 永 紹 栢 等 密 奏 帝 移 行 在 入 萬 頼 䦕 内 分 兵 㨿 守 壘 門 以 防 外 兵 . [27b*2*5]\nSự nại hà? Phúc Lương hầu dữ Cập Đệ, Vĩnh Thiệu, Bách đẳng mật tấu: Đế di hành tại nhập Vạn Lại quan nội, phân binh cứ thủ luỹ môn dĩ phòng ngoại binh.\n次 日 鄭 檜 親 督 福 郡 公 頼 世 美 安 郡 公 頼 世 卿 林 郡 公 阮 師 尹 石 郡 公 王 珍 渭 郡 公 黎 克 慎 陽 郡 公 阮 有 僚 䧺 茶 侯 范 文 快 宏 郡 公 缺 名 等 兵 卒 萬 餘 追 至 䦕 門 外 駐 營 按 兵 數 日 . [27b*4*3]\nThứ nhật Trịnh Cối thân đốc Phúc quận công Lại Thế Mĩ, An quận công Lại Thế Khanh, Lâm quận công Nguyễn Sư Doãn, Thạch quận công Vương Trân, Vị quận công Lê Khắc Thận, Dương quận công Nguyễn Hữu Liêu, Hùng Trà hầu Phạm Văn Khoái, Hoành quận công [khuyết danh,] đẳng binh tốt vạn dư truy chí quan môn ngoại trú doanh, án binh số nhật.\n䦕 内 諸 将 亦 拒 閉 不 出 使 人 投 書 往 來 彼 此 言 多 不 遜 者 . [27b*7*17]\nQuan nội chư tướng diệc cự bế bất xuất, sử nhân đầu thư vãng lai bỉ thử ngôn đa bất tốn giả.\n七 日 帝 命 使 出 招 諭 䦕 外 諸 将 使 之 󰕖 和 . [27b*9*3]\nThất nhật, Đế mệnh sứ xuất chiêu dụ quan ngoại chư tướng sử chi giảng hoà..\n",
    "url": "/data/image_dvsk/ban_ky_tuc_bien/quyen16/DVSKTT_ban_tuc_XVI_27b.jpg"
  },
  {
    "text": "頼 世 卿 等 曰 不 圖 今 日 使 我 等 出 於 人 下 矣 . [28a*1*1]\nLại Thế Khanh đẳng viết: Bất đồ kim nhật sử ngã đẳng xuất ư nhân hạ hĩ.\n乃 不 肯 和 自 稱 兵 犯 闕 先 排 戰 陣 . [28a*1*18]\nNãi bất khẳng hoà, tự xưng binh phạm khuyết, tiên bài chiến trận.\n頼 世 美 揮 戈 指 之 曰 何 日 擒 獲 䦕 内 人 其 事 始 和 . [28a*2*13]\nLại Thế Mĩ huy qua chỉ chi viết: Hà nhật cầm hoạch quan nội nhân, kì sự thuỷ hoà.\n帝 知 意 不 解 乃 命 諸 将 督 兵 柜 之 . [28a*3*14]\nĐế tri ý bất giải, nãi mệnh chư tướng đốc binh cự chi.\n日 夜 不 息 . [28a*4*9]\nNhật dạ bất tức.\n檜 見 累 戰 不 克 心 中 躊 躇 自 回 兵 汴 營 會 所 属 将 佐 曰 䦕 内 有 軍 境 外 有 賊 我 居 其 中 倘 有 事 變 急 難 难 與 相 拒 . [28a*4*13]\nCối kiến luỵ chiến bất khắc tâm trung trù trừ, tự hồi binh Biện Dinh, hội sở thuộc tướng tá viết: Quan nội hữu quân cảnh ngoại hữu tặc, ngã cư kì trung, thảng hữu sự biến cấp nạn nan dữ tương cự.\n乃 下 令 分 兵 据 守 衝 要 各 處 . [28a*7*2]\nNãi hạ lệnh phân binh cứ thủ xung yếu các xứ.\n武 師 鑠 守 灵 塲 會 潮 海 門 頼 世 卿 守 支 隆 神 符 海 門 阮 師 尹 守 瑜 州 王 甲 海 門 以 防 莫 兵 入 寇 . [28a*7*13]\nVũ Sư Thước thủ Linh Trường, Hội Triều hải môn, Lại Thế Khanh thủ Chi Long, Thần Phù hải môn, Nguyễn Sư Doãn thủ Du Châu, Vương Giáp hải môn dĩ phòng Mạc binh nhập khấu.\n頼 世 羙 黎 克 慎 . [28a*9*13]\nLại Thế Mĩ, Lê Khắc Thận,..\n",
    "url": "/data/image_dvsk/ban_ky_tuc_bien/quyen16/DVSKTT_ban_tuc_XVI_28a.jpg"
  },
  {
    "text": "阮 有 僚 范 文 快 等 整 飭 兵 象 船 艘 噐 械 日 夜 列 屯 江 岸 以 防 䦕 内 諸 将 突 擊 . [28b*1*1]\nNguyễn Hữu Liêu, Phạm Văn Khoái đẳng chỉnh sức binh tượng thuyền sưu, khí giới, nhật dạ liệt đồn giang ngạn dĩ phòng quan nội chư tướng đột kích.\n又 使 元 郡 公 阮 伯 䮐 鎮 守 乂 安 以 撫 其 民 . [28b*2*12]\nHựu sử Nguyên quận công Nguyễn Bá Quýnh trấn thủ Nghệ An dĩ phủ kì dân.\n八 月 布 政 州 人 立 郡 公 缺 名 見 太 王 薨 及 俊 德 侯 鄭 檜 兄 弟 不 和 清 華 起 乱 乃 率 子 弟 投 降 于 莫 . [28b*4*1]\nBát nguyệt, Bố Chính châu nhân Lập quận công [khuyết danh,] kiến Thái Vương hoăng, cập Tuấn Đức hầu Trịnh Cối huynh đệ bất hoà Thanh Hoa khởi loạn, nãi suất tử đệ đầu hàng vu Mạc.\n莫 賜 爵 先 郡 公 使 領 兵 向 道 先 行 . [28b*6*1]\nMạc tứ tước Tiên quận công, sử lĩnh binh hướng đạo tiên hành.\n十 六 日 莫 使 敬 典 督 莫 氏 諸 親 王 及 将 佐 兵 十 萬 餘 眾 戰 船 七 百 艘 侵 掠 清 華 . [28b*6*14]\nThập lục nhật, Mạc sử Kính Điển đốc Mạc thị chư thân vương cập tướng tá binh thập vạn dư chúng, chiến thuyền thất bách sưu, xâm lược Thanh Hoa.\n至 境 乃 分 兵 使 敦 讓 同 北 道 将 太 保 嘉 郡 公 莫 廷 科 副 将 荗 郡 公 缺 名 領 兵 守 . [28b*8*8]\nChí cảnh, nãi phân binh sử Đôn Nhượng đồng Bắc Đạo tướng, Thái bảo Gia quận công Mạc Đình Khoa phó tướng, Mậu quận công [khuyết danh,] lĩnh binh thủ..\n",
    "url": "/data/image_dvsk/ban_ky_tuc_bien/quyen16/DVSKTT_ban_tuc_XVI_28b.jpg"
  },
  {
    "text": "神 符 海 門 . [29a*1*1]\nThần Phù hải môn.\n進 入 後 分 使 本 道 将 弘 郡 公 缺 名 等 爲 先 鋒 第 一 隊 南 道 将 石 郡 公 阮 倦 爲 第 二 隊 西 道 将 岸 郡 公 莫 玉 󱗲 爲 第 三 隊 東 道 将 華 郡 公 奇 郡 公 並 缺 名 等 爲 第 四 隊 . [29a*1*5]\nTiến nhập hậu, phân sử bản đạo tướng Hoằng quận công [khuyết danh,] đẳng vi tiên phong đệ nhất đội, Nam đạo tướng Thạch quận công Nguyễn Quyện vi đệ nhị đội, Tây đạo tướng Ngạn quận công Mạc Ngọc liễn vi đệ tam đội, Đông đạo tướng Hoa quận công Kì quận công [tịnh khuyết danh,] đẳng vi đệ tứ đội.\n敬 典 自 督 中 營 大 軍 爲 第 五 隊 . [29a*4*12]\nKính Điển tự đốc trung doanh đại quân vi đệ ngũ đội.\n莫 諸 宗 王 統 督 朝 東 衛 及 諸 内 衛 兵 爲 第 六 隊 刻 日 並 進 入 靈 塲 之 隆 會 潮 各 海 門 會 同 于 筆 剛 . [29a*5*4]\nMạc chư tông vương thống đốc Triều Đông vệ cập chư nội vệ binh vi đệ lục đội, khắc nhật tịnh tiến nhập Linh Trường, Chi Long, Hội Triều các hải môn hội đồng vu Bút Cương.\n至 河 中 駐 營 于 河 間 两 岸 煙 火 連 󰱥 十 里 . [29a*7*5]\nChí Hà Trung trú doanh vu Hà gian lưỡng ngạn, yên hoả liên kế thập lí.\n鄭 檜 度 不 䏻 支 勢 日 益 孤 乃 率 頼 世 羙 阮 師 尹 張 國 華 及 家 小 𨒖 降 于 莫 . [29a*8*3]\nTrịnh Cối độ bất năng chi thế nhật ích cô, nãi suất Lại Thế Mĩ, Nguyễn Sư Doãn, Trương Quốc Hoa cập gia tiểu nghênh hàng vu Mạc.\n敬 典 納 之 賜 檜 . [29a*9*13]\nKính Điển nạp chi, tứ Cối..\n",
    "url": "/data/image_dvsk/ban_ky_tuc_bien/quyen16/DVSKTT_ban_tuc_XVI_29a.jpg"
  },
  {
    "text": "爵 忠 良 侯 以 頼 世 羙 爲 󰆑 郡 公 阮 師 尹 爲 莅 郡 公 王 珍 爲 山 郡 公 使 各 領 本 部 兵 前 進 . [29b*1*1]\ntước Trung Lương hầu, dĩ Lại Thế Mĩ vi Khánh quận công, Nguyễn Sư Doãn vi Li quận công, Vương Trân vi Sơn quận công, sử các lĩnh bản bộ binh tiền tiến.\n唯 武 師 鑠 欲 棄 本 營 入 安 塲 䦕 從 帝 然 士 卒 願 降 于 莫 不 肯 相 從 . [29b*2*17]\nDuy Vũ Sư Thước dục khí bản doanh nhập Yên Trường quan tòng Đế, nhiên sĩ tốt nguyện hàng vu Mạc bất khẳng tương tòng.\n師 鑠 不 得 已 與 眾 歸 莫 . [29b*4*6]\nSư Thước bất đắc dĩ dữ chúng quy Mạc.\n莫 賜 爵 水 郡 公 . [29b*4*15]\nMạc tứ tước Thuỷ quận công.\n頼 世 卿 棄 營 引 兵 遁 入 永 寧 越 錦 水 入 安 塲 䦕 . [29b*5*3]\nLại Thế Khanh khí doanh dẫn binh độn nhập Vĩnh Ninh, việt Cẩm Thuỷ, nhập Yên Trường quan.\n時 黄 廷 愛 駐 營 金 盃 江 将 本 部 兵 移 據 多 稔 󰀋 率 黎 克 慎 阮 有 僚 與 䧺 茶 侯 俱 引 兵 入 安 塲 䦕 來 會 . [29b*6*3]\nThời, Hoàng Đình Ái trú doanh Kim Bôi giang tương bản bộ binh di cứ Đa Nẫm sách, suất Lê Khắc Thận, Nguyễn Hữu Liêu, dữ Hùng Trà hầu cụ dẫn binh nhập Yên Trường quan lai hội.\n宏 郡 公 自 将 本 部 歸 乂 安 與 阮 伯 䮐 分 守 其 地 . [29b*8*5]\nHoành quận công tự tướng bản bộ quy Nghệ An dữ Nguyễn Bá quýnh phân thủ kì địa.\n二 十 日 帝 勑 封 鄭 松 爲 長 郡 公 節 制 . [29b*9*5]\nNhị thập nhật, Đế sắc phong Trịnh Tùng vi Trường quận công tiết chế..\n",
    "url": "/data/image_dvsk/ban_ky_tuc_bien/quyen16/DVSKTT_ban_tuc_XVI_29b.jpg"
  },
  {
    "text": "水 步 諸 營 統 兵 討 賊 . [30a*1*1]\nthuỷ bộ chư doanh, thống binh thảo tặc.\n是 日 節 制 鄭 松 會 諸 将 設 宴 慰 勞 軍 士 . [30a*1*9]\nThị nhật, Tiết chế Trịnh Tùng hội chư tướng, thiết yến uý lạo quân sĩ.\n武 将 榮 郡 公 黄 廷 愛 普 郡 公 鄭 模 良 郡 公 缺 名 端 武 侯 黎 及 第 衛 陽 侯 鄭 栢 文 鋒 侯 鄭 永 紹 義 郡 公 鄧 訓 萊 郡 公 潘 公 績 渭 郡 公 黎 克 慎 陽 郡 公 阮 有 僚 䧺 茶 侯 范 文 快 西 興 侯 何 壽 禄 及 将 校 三 十 員 文 臣 吏 部 尙 書 慈 郡 公 阮 珽 等 十 二 員 皆 指 天 爲 誓 同 謀 協 濟 日 夜 計 議 分 兵 㨿 守 各 處 壘 門 鑿 壕 樹 柵 設 伏 守 險 以 防 莫 兵 . [30a*2*5]\nVõ tướng Vinh quận công Hoàng Đình Ái, Phổ quận công Trịnh Mô, Lương quận công [khuyết danh,] Đoan Vũ hầu Lê Cập Đệ, Vệ Dương hầu Trịnh Bách, Văn Phong hầu Trịnh Vĩnh Thiệu, Nghĩa quận công Đặng Huấn, Lai quận công Phan Công Tích, Vị quận công Lê Khắc Thận, Dương quận công Nguyễn Hữu Liêu, Hùng Trà hầu Phạm Văn Khoái, Tây Hưng hầu Hà Thọ Lộc, cập tướng hiệu tam thập viên, văn thần lại bộ thượng thư Từ quận công Nguyễn Đình đẳng thập nhị viên, giai chỉ thiên vi thệ đồng mưu hiệp tế nhật dạ kế nghị phân binh cứ thủ các xứ luỹ môn tạc hào thụ sách thiết phục thủ hiểm dĩ phòng Mạc binh.\n二 十 五 日 莫 大 舉 兵 各 道 並 進 馬 江 自 甕 䦕 以 . [30a*9*1]\nNhị thập ngũ nhật, Mạc đại cử binh các đạo tịnh tiến Mã giang, tự Úng Quan dĩ..\n",
    "url": "/data/image_dvsk/ban_ky_tuc_bien/quyen16/DVSKTT_ban_tuc_XVI_30a.jpg"
  },
  {
    "text": "下 籃 江 自 俸 律 以 下 煙 火 障 天 旌 旗 蔽 日 清 華 人 民 携 老 扶 幼 奔 走 遁 途 不 知 所 依 號 泣 盈 天 其 財 畜 婦 女 尽 陷 于 莫 . [30b*1*1]\nhạ, Lam giang tự bổng luật dĩ hạ yên hoả chướng thiên, tinh kì tế nhật Thanh Hoa nhân dân huề lão phù ấu bôn tẩu độn đồ bất tri sở y, hiệu khấp doanh thiên kì tài súc phụ nữ tận hãm vu Mạc.\n時 莫 自 特 将 多 卒 銳 欲 併 吞 愛 驩 之 地 攻 于 安 塲 壘 外 日 夜 不 息 官 兵 勢 弱 常 髙 壘 深 溝 守 險 以 待 . [30b*4*1]\nThời, Mạc tự đặc tướng đa tốt nhuệ dục tính thôn Ái, Hoan chi địa, công vu Yên Trường luỹ ngoại, nhật dạ bất tức, quan binh thế nhược thường cao luỹ thâm cấu thủ hiểm dĩ đãi.\n六 月 端 武 侯 黎 及 第 等 用 計 使 諸 軍 士 夜 架 外 層 壘 延 袤 十 餘 里 多 用 屋 壁 󰱃 蔽 以 泥 土 塗 外 上 放 竹 尖 一 夜 而 假 城 成 . [30b*6*3]\nLục nguyệt, Đoan Vũ hầu Lê Cập Đệ đẳng dụng kế sử chư quân sĩ dạ giá ngoại tầng luỹ diên mậu thập dư lí đa dụng ốc bích thứ tế dĩ nê thổ đồ ngoại thượng phóng trúc tiêm nhất dạ nhi giả thành thành.\n明 日 莫 敬 典 望 見 之 以 爲 真 城 大 驚 不 敢 近 自 與 諸 将 議 曰 不 . [30b*8*13]\nMinh nhật, Mạc Kính Điển vọng kiến chi dĩ vi chân thành đại kinh bất cảm cận, tự dữ chư tướng nghị viết: Bất..\n",
    "url": "/data/image_dvsk/ban_ky_tuc_bien/quyen16/DVSKTT_ban_tuc_XVI_30b.jpg"
  },
  {
    "text": "期 今 日 黎 軍 若 此 猶 有 紀 律 法 令 嚴 明 培 築 一 夜 城 壘 截 然 不 效 死 之 士 猶 多 故 用 功 力 之 築 如 此 使 我 心 不 寧 必 功 不 䏻 成 未 易 平 之 . [31a*1*1]\nkì kim nhật Lê quân nhược thử do hữu kỷ luật, pháp lệnh nghiêm minh, bồi trúc nhất dạ thành luỹ, tiệt nhiên bất hiệu tử chi sĩ do đa, cố dụng công lực chi trúc như thử, sử ngã tâm bất ninh tất công bất năng thành vị dị bình chi.\n若 不 速 戰 勦 除 必 爲 後 患 . [31a*3*17]\nNhược bất tốc chiến tiễu trừ tất vi hậu hoạn.\n乃 親 督 将 士 日 夜 急 攻 期 以 克 捷 由 . [31a*4*9]\nNãi thân đốc tướng sĩ nhật dạ cấp công kì dĩ khắc tiệp Do.\n是 江 左 自 椰 州 蚕 州 江 右 自 雷 陽 農 貢 原 頭 俱 爲 戰 塲 幾 𨺻 于 賊 . [31a*5*5]\nthị, giang tả tự Da Châu, Tàm Châu, giang hữu tự Lôi Dương, Nông Cống nguyên đầu cụ vi chiến trường cơ hãm vu tặc.\n時 清 華 各 縣 人 民 散 亡 田 無 耕 種 多 荒 餓 焉 . [31a*6*12]\nThời, Thanh Hoa các huyện nhân dân tán vong điền vô canh chủng đa hoang ngạ yên.\n九 月 差 河 溪 侯 将 兵 出 守 錦 水 哀 壘 因 反 降 于 莫 . [31a*8*1]\nCửu nguyệt, sai Hà Khê hầu tướng binh xuất thủ Cẩm Thuỷ, Ai Luỹ, nhân phản hàng vu Mạc.\n帝 以 西 興 侯 何 壽 禄 代 守 其 地 . [31a*9*2]\nĐế dĩ Tây Hưng hầu Hà Thọ Lộc đại thủ kì địa.\n",
    "url": "/data/image_dvsk/ban_ky_tuc_bien/quyen16/DVSKTT_ban_tuc_XVI_31a.jpg"
  },
  {
    "text": "十 月 莫 将 率 兵 與 官 兵 交 戰 相 拒 于 保 樂 隆 崇 江 諸 将 多 出 奇 兵 . [31b*1*1]\nThập nguyệt, Mạc tướng suất binh dữ quan binh giao chiến tương cự vu Bảo Lạc, Long Sùng giang, chư tướng đa xuất kì binh.\n日 則 固 守 夜 則 刼 營 以 撓 其 眾 . [31b*2*8]\nNhật tắc cố thủ dạ tắc kiếp doanh dĩ nạo kì chúng.\n自 是 莫 兵 洶 七 驚 恐 守 禦 者 多 被 斬 刺 . [31b*3*2]\nTự thị, Mạc binh húng thất kinh, khủng thủ ngự giả đa bị trảm thích.\n每 獲 賊 馘 用 銀 賜 賞 士 卒 多 挺 身 自 願 奮 力 夜 攻 . [31b*3*17]\nMỗi hoạch tặc quắc dụng ngân tứ thưởng, sĩ tốt đa đĩnh thân tự nguyện phấn lực dạ công.\n莫 兵 . [31b*4*18]\nMạc binh.\n莫 兵 雖 眾 多 有 迯 亡 莫 敬 典 見 累 戰 不 克 乃 退 守 河 中 營 令 禁 鹹 盐 不 得 販 賣 搬 上 原 頭 與 官 兵 相 通 . [31b*5*2]\nMạc binh tuy chúng đa hữu đào vong, Mạc Kính Điển kiến luỵ chiến bất khắc, nãi thoái thủ Hà Trung doanh, lệnh cấm hàm diêm bất đắc phán mại ban thượng nguyên đầu dữ quan binh tương thông.\n後 有 盗 擔 盐 入 壘 者 擒 獲 斬 以 徇 眾 . [31b*7*5]\nHậu, hữu đạo đảm diêm nhập luỹ giả cầm hoạch trảm dĩ tuân chúng.\n是 月 武 師 鑠 密 使 人 潜 入 壘 内 納 降 書 乞 負 罪 歸 朝 . [31b*8*1]\nThị nguyệt, Vũ Sư Thước mật sử nhân tiềm nhập luỹ nội nạp hàng thư, khất phụ tội quy triều.\n帝 得 師 鑠 信 書 乃 會 諸 将 𬢱 大 進 兵 以 復 . [31b*9*3]\nĐế đắc Sư Thước tín thư, nãi hội chư tướng nghị đại tiến binh dĩ phục..\n",
    "url": "/data/image_dvsk/ban_ky_tuc_bien/quyen16/DVSKTT_ban_tuc_XVI_31b.jpg"
  },
  {
    "text": "境 土 分 爲 三 道 大 進 . [32a*1*1]\ncảnh thổ, phân vi tam đạo đại tiến.\n差 安 郡 公 頼 世 卿 端 武 侯 黎 及 第 文 鋒 侯 鄭 永 紹 普 郡 公 鄭 模 等 領 兵 出 左 路 守 安 定 逾 永 福 攻 畧 宋 山 . [32a*1*9]\nSai An quận công Lại Thế Khanh, Đoan Vũ hầu Lê Cập Đệ, Văn Phong hầu Trịnh Vĩnh Thiệu, Phổ quận công Trịnh Mô, đẳng lĩnh binh xuất tả lộ thủ An Định du Vĩnh Phúc công lược Tống Sơn.\n加 長 郡 公 鄭 松 爲 左 相 節 制 各 處 水 步 諸 營 将 士 . [32a*4*1]\nGia Trường quận công Trịnh Tùng vi Tả tướng tiết chế các xứ thuỷ bộ chư doanh tướng sĩ.\n帝 自 爲 都 将 總 督 大 兵 出 中 路 取 瑞 原 安 定 直 至 東 山 駐 營 . [32a*5*2]\nĐế tự vi Đô tướng tổng đốc đại binh xuất trung lộ thủ Thuỵ Nguyên, Yên Định trực chí Đông Sơn trú doanh.\n榮 郡 公 黄 廷 愛 義 郡 公 鄧 訓 萊 郡 公 潘 公 績 衛 陽 侯 鄭 栢 等 領 兵 出 石 路 取 雷 陽 農 貢 攻 畧 廣 昌 地 方 . [32a*6*7]\nVinh quận công Hoàng Đình Ái, Nghĩa quận công Đặng Huấn, Lai quận công Phan Công Tích, Vệ Dương hầu Trịnh Bách đẳng lĩnh binh xuất Thạch lộ thủ Lôi Dương, Nông Cống, công lược Quảng Xương địa phương.\n帝 至 東 山 駐 營 . [32a*8*10]\nĐế chí Đông Sơn trú doanh.\n武 師 鑠 先 率 本 部 五 百 人 夜 三 更 棄 營 . [32a*8*16]\nVũ Sư Thước tiên suất bản bộ ngũ bách nhân dạ tam canh khí doanh.\n明 日 到 東 山 御 . [32a*9*13]\nMinh nhật đáo Đông Sơn ngự..\n",
    "url": "/data/image_dvsk/ban_ky_tuc_bien/quyen16/DVSKTT_ban_tuc_XVI_32a.jpg"
  },
  {
    "text": "營 拜 見 請 罪 . [32b*1*1]\ndoanh bái kiến thỉnh tội.\n帝 慰 勞 之 復 仍 其 爵 撫 其 将 士 三 軍 大 喜 . [32b*1*6]\nĐế uý lạo chi phục những kì tước, phủ kì tướng sĩ tam quân đại hỉ.\n師 鑠 復 至 左 相 營 拜 謁 泣 訴 舊 情 舉 眾 尽 懽 . [32b*2*4]\nSư Thước phục chí Tả tướng doanh bái yết, khấp tố cựu tình, cử chúng tận hoan.\n自 此 軍 聲 大 振 . [32b*3*3]\nTự thử, quân thanh đại chấn.\n莫 兵 每 戰 輙 敗 不 敢 復 進 退 守 筆 剛 江 營 . [32b*3*9]\nMạc binh mỗi chiến triếp bại, bất cảm phục tiến thoái thủ Bút Cương giang doanh.\n二 十 日 帝 使 人 造 浮 橋 于 安 列 江 下 流 過 金 盃 . [32b*4*7]\nNhị thập nhật, Đế sử nhân tạo phù kiều vu An Liệt giang hạ lưu quá Kim Bôi.\n帝 與 左 将 統 大 兵 渡 江 至 金 紫 徑 逾 淳 祐 以 進 擊 莫 諸 營 . [32b*5*7]\nĐế dữ Tả tướng thống đại binh độ giang chí Kim Tử kinh du Thuần Hựu dĩ tiến kích Mạc chư dinh.\n命 武 師 鑠 招 集 本 縣 舊 兵 得 千 人 餘 爲 先 鋒 與 莫 兵 挑 戰 于 雷 津 江 渡 . [32b*6*11]\nMệnh Vũ Sư Thước chiêu tập bản huyện cựu binh đắc thiên nhân dư vi tiên phong, dữ Mạc binh khiêu chiến vu Lôi Tân giang độ.\n頼 世 卿 黎 及 第 等 攻 宋 山 峩 山 取 其 地 所 至 莫 兵 奔 潰 人 民 得 復 其 業 . [32b*8*2]\nLại Thế Khanh, Lê Cập Đệ, đẳng công Tống Sơn, Nga Sơn thủ kì địa, sở chí Mạc binh bôn hội, nhân dân đắc phục kì nghiệp.\n十 二 月 莫 敬 典 見 累 . [32b*9*11]\nThập nhị nguyệt, Mạc Kính Điển kiến luỵ..\n",
    "url": "/data/image_dvsk/ban_ky_tuc_bien/quyen16/DVSKTT_ban_tuc_XVI_32b.jpg"
  },
  {
    "text": "戰 不 勝 乃 議 曰 進 兵 攻 勦 勍 敵 已 經 九 月 不 能 成 功 . [33a*1*1]\nchiến bất thắng, nãi nghị viết: Tiến binh công tiễu kình địch dĩ kinh cửu nguyệt bất năng thành công.\n且 冬 寒 江 涸 更 兼 春 水 方 生 嵐 瘴 将 起 兵 不 足 食 人 思 舊 土 誰 與 我 同 心 戮 力 . [33a*2*3]\nThả đông hàn giang hạc cánh, kiêm xuân thuỷ phương sinh lam chướng, tương khởi binh bất túc thực, nhân tư cựu thổ, thuỳ dữ ngã đồng tâm lục lực.\n况 我 兵 寝 已 懈 怠 不 如 且 暫 回 兵 以 圖 後 舉 而 取 全 勝 也 . [33a*3*15]\nHuống ngã binh tẩm dĩ giải đãi bất như thả tạm hồi binh dĩ đồ hậu cử nhi thủ toàn thắng dã.\n苟 欲 堅 守 其 地 恐 無 益 於 事 機 爲 敵 人 之 取 笑 耳 . [33a*5*1]\nCâu dục kiên thủ kì địa khủng vô ích ư sự cơ vi địch nhân chi thủ tiếu nhĩ.\n乃 令 撒 寨 而 回 . [33a*6*2]\nNãi lệnh tản trại nhi hồi.\n是 時 鄭 檜 與 其 母 太 王 夫 人 及 家 小 同 頼 世 羙 張 國 華 等 業 以 投 降 于 莫 不 敢 歸 乃 率 其 子 弟 男 女 千 餘 人 浮 海 隨 敬 典 赴 京 投 拜 于 莫 . [33a*7*1]\nThị thời, Trịnh Cối dữ kì mẫu Thái Vương phu nhân cập gia tiểu, đồng Lại Thế Mĩ, Trương Quốc Hoa đẳng nghiệp dĩ đầu hàng vu Mạc, bất cảm quy nãi suất kì tử đệ nam nữ thiên dư nhân phù hải tuỳ Kính Điển phó kinh, đầu bái vu Mạc.\n石 郡 . [33a*9*17]\nThạch quận..\n",
    "url": "/data/image_dvsk/ban_ky_tuc_bien/quyen16/DVSKTT_ban_tuc_XVI_33a.jpg"
  },
  {
    "text": "公 率 眾 詣 闕 頓 首 請 罪 . [33b*1*1]\ncông suất chúng nghệ khuyết đồn thủ thỉnh tội.\n阮 師 尹 自 率 子 弟 回 㨿 玉 山 特 其 山 高 水 深 不 肯 歸 順 . [33b*1*10]\nNguyễn Sư Doãn tự suất tử đệ hồi cứ Ngọc Sơn đặc kì sơn cao thuỷ thâm bất khẳng quy thuận.\n帝 乃 令 黎 及 第 與 諸 将 統 精 兵 從 間 路 至 玉 山 襲 之 . [33b*2*13]\nĐế nãi lệnh Lê Cập Đệ dữ chư tướng thống tinh binh tòng gian lộ chí Ngọc Sơn tập chi.\n師 尹 已 先 知 之 下 船 夜 遁 投 降 于 莫 . [33b*3*15]\nSư Doãn dĩ tiên tri chi hạ thuyền dạ độn đầu hàng vu Mạc.\n是 歲 河 中 府 大 熟 家 有 餘 粟 . [33b*5*1]\nThị tuế, Hà Trung phủ đại thục gia hữu dư túc.\n辛 未 十 四 年 莫 崇 康 六 年 明 隆 慶 五 年 春 二 月 帝 論 功 行 封 加 左 相 長 郡 公 鄭 松 爲 太 尉 長 國 公 端 武 侯 黎 及 第 能 湧 决 多 計 策 陞 爲 太 傅 衛 陽 侯 鄭 栢 文 鋒 侯 鄭 永 紹 良 郡 公 缺 名 普 郡 公 鄭 模 安 郡 公 頼 世 . [33b*6*1]\nTân Mùi thập tứ niên, [Mạc Sùng Khang lục niên Minh Long Khánh ngũ niên,] xuân nhị nguyệt, Đế luận công hành phong gia Tả tướng Trường quận công Trịnh Tùng vi Thái uý Trường quốc công, Đoan Vũ hầu Lê Cập Đệ năng dũng quyết đa kế sách thăng vi Thái phó, Vệ Dương hầu Trịnh Bách, Văn Phong hầu Trịnh Vĩnh Thiệu, Lương quận công [khuyết danh,] Phổ quận công Trịnh Mô, An quận công Lại Thế..\n",
    "url": "/data/image_dvsk/ban_ky_tuc_bien/quyen16/DVSKTT_ban_tuc_XVI_33b.jpg"
  },
  {
    "text": "卿 義 郡 公 鄧 訓 等 俱 爲 少 傅 列 坐 其 次 . [34a*1*1]\nKhanh, Nghĩa quận công Đặng Huấn, đẳng cụ vi Thiếu phó, liệt toạ kì thứ.\n又 拜 左 相 弟 鄭 杜 爲 少 保 福 演 侯 鄭 桐 爲 永 壽 侯 鄭 檸 爲 廣 延 侯 使 俱 領 兵 討 賊 以 圖 恢 復 . [34a*1*16]\nHựu bái Tả tướng đệ Trịnh Đỗ vi Thiếu bảo, Phúc Diễn hầu Trịnh Đồng vi Vĩnh Thọ hầu, Trịnh Nịnh vi Quảng Diên hầu, sử cụ lĩnh binh thảo tặc dĩ đồ khôi phục.\n莫 開 會 試 科 . [34a*4*1]\nMạc khai Hội thí khoa.\n賜 阮 勉 阮 珙 進 士 及 第 阮 璜 等 二 人 進 士 出 身 華 有 謨 等 十 二 人 同 進 士 出 身 . [34a*4*6]\nTứ Nguyễn Miễn, Nguyễn Cung tiến sĩ cập đệ, Nguyễn Hoàng đẳng nhị nhân tiến sĩ xuất thân, Hoa Hữu Mô đẳng thập nhị nhân đồng tiến sĩ xuất thân.\n令 清 華 各 縣 社 經 兵 漂 散 者 許 回 本 貫 復 業 安 居 . [34a*6*1]\nLệnh Thanh Hoa các huyện xã kinh binh phiêu tán giả hứa hồi bản quán phục nghiệp an cư.\n七 月 莫 遣 敬 典 督 兵 冦 掠 乂 安 各 縣 . [34a*7*2]\nThất nguyệt, Mạc khiến Kính Điển đốc binh khấu lược Nghệ An các huyện.\n是 時 乂 安 之 民 久 畏 賊 威 勢 又 遠 隔 官 軍 不 能 救 助 多 降 于 莫 . [34a*7*16]\nThị thời, Nghệ An chi dân cửu uý tặc uy, thế hựu viễn cách, quan quân bất năng cứu trợ, đa hàng vu Mạc.\n由 是 大 河 以 南 俱 爲 賊 有 . [34a*9*4]\nDo thị, Đại hà dĩ Nam cụ vi tặc hữu.\n土 将 元 郡 公 . [34a*9*14]\nThổ tướng Nguyên quận công..\n",
    "url": "/data/image_dvsk/ban_ky_tuc_bien/quyen16/DVSKTT_ban_tuc_XVI_34a.jpg"
  },
  {
    "text": "阮 伯 䮐 聞 賊 至 驚 駭 望 風 而 遁 . [34b*1*1]\nNguyễn Bá quýnh văn tặc chí, kinh hãi vọng phong nhi độn.\n容 郡 公 與 賊 将 阮 倦 相 拒 力 不 能 支 乃 棄 船 走 入 化 州 爲 賊 所 獲 . [34b*1*13]\nDung quận công dữ tặc tướng Nguyễn Quyện tương cự, lực bất năng chi nãi khí thuyền tẩu nhập Hoá Châu vi tặc sở hoạch.\n大 河 以 北 又 爲 賊 所 有 . [34b*3*2]\nĐại Hà dĩ bắc hựu vi tặc sở hữu.\n自 是 賊 勢 復 振 所 至 民 皆 遠 遁 . [34b*3*11]\nTự thị, tặc thế phục chấn sở chí dân giai viễn độn.\n是 年 順 化 康 禄 縣 人 羙 郡 公 率 所 步 兵 欲 圖 端 郡 公 阮 黄 併 其 眾 降 于 莫 . [34b*5*1]\nThị niên, Thuận Hoá, Khang Lộc huyện nhân Mĩ quận công suất sở bộ binh dục đồ Đoan quận công Nguyễn Hoàng, tính kì chúng hàng vu Mạc.\n黄 知 之 率 民 攻 殺 之 . [34b*6*11]\nHoàng tri chi, suất dân công sát chi.\n順 化 稍 安 . [34b*7*1]\nThuận Hoá sảo an.\n後 廣 南 土 將 互 相 殺 掠 吞 併 黄 悉 攻 勦 平 之 . [34b*7*5]\nHậu, Quảng Nam thổ tướng hỗ tương sát lược thôn tính Hoàng tất công tiễu bình chi.\n委 偏 将 勇 郡 公 留 守 以 收 其 眾 . [34b*8*4]\nUỷ thiên tướng Dũng quận công lưu thủ dĩ thu kì chúng.\n九 月 帝 與 左 將 鄭 松 議 分 兵 與 普 郡 公 鄭 模 萊 郡 . [34b*9*1]\nCửu nguyệt, Đế dữ tả tướng Trịnh Tùng nghị phân binh dữ Phổ [quận công] Trịnh Mô, Lai quận..\n",
    "url": "/data/image_dvsk/ban_ky_tuc_bien/quyen16/DVSKTT_ban_tuc_XVI_34b.jpg"
  },
  {
    "text": "公 潘 公 績 徃 救 乂 安 . [35a*1*1]\ncông Phan Công Tích vãng cứu Nghệ An.\n莫 兵 退 回 乂 安 復 定 . [35a*1*9]\nMạc binh thoái hồi, Nghệ An phục định.\n十 月 帝 命 太 傅 端 武 侯 黎 及 第 領 兵 畧 定 天 䦕 悉 平 之 . [35a*2*1]\nThập nguyệt, Đế mệnh Thái phó Đoan Vũ hầu Lê Cập Đệ lĩnh binh lược định Thiên Quan tất bình chi.\n時 哀 牢 國 主 乍 斗 献 䧺 象 四 隻 及 寶 物 求 婚 . [35a*4*1]\nThời Ai Lao quốc chủ Sạ Đẩu hiến hùng tượng tứ chích cập bảo vật cầu hôn.\n帝 欲 鄰 國 和 好 乃 以 帝 妃 前 女 封 玉 華 公 主 嫁 之 . [35a*4*18]\nĐế dục lân quốc hoà hảo, nãi dĩ Đế phi tiền nữ phong Ngọc Hoa công chúa giá chi.\n是 年 清 華 之 地 一 榖 不 收 民 大 饑 多 流 亡 〇 . [35a*6*1]\nThị niên, Thanh Hoa chi địa nhất cốc bất thu, dân đại cơ đa lưu vong .\n時 瑞 源 縣 太 來 󰀋 人 黎 景 純 自 稱 癡 人 侯 . [35a*6*18]\nThời, Thuỵ Nguyên huyện Thái Lai sách nhân Lê Cảnh Thuần tự xưng Si nhân hầu.\n壬 申 洪 福 元 年 莫 崇 康 七 年 明 隆 慶 六 年 春 正 月 帝 祀 天 地 于 南 郊 行 禮 . [35a*8*1]\nNhâm Thân Hồng Phúc nguyên niên, [Mạc Sùng Khang thất niên Minh Long Khánh lục niên,] xuân chính nguyệt, Đế tự thiên địa vu Nam Giao hành lễ.\n帝 捧 香 爐 禱 天 󰍶 忽 香 爐 倒 于 地 上 . [35a*9*5]\nĐế bổng hương lư đảo thiên tất, hốt hương lư đảo vu địa thượng,..\n",
    "url": "/data/image_dvsk/ban_ky_tuc_bien/quyen16/DVSKTT_ban_tuc_XVI_35a.jpg"
  },
  {
    "text": "知 其 爲 不 祥 乃 詔 改 元 爲 洪 福 元 年 . [35b*1*1]\ntri kì vi bất tường, nãi chiếu cải nguyên vi Hồng Phúc nguyên niên.\n三 月 黎 及 第 隂 𢙇 異 至 謀 殺 左 相 以 奪 其 權 常 誘 左 相 承 船 浮 于 江 中 以 圖 之 . [35b*2*1]\nTam nguyệt, Lê Cập Đệ âm hoài dị chí, mưu sát Tả tướng dĩ đoạt kì quyền, thường dụ Tả tướng thừa thuyền phù vu giang trung dĩ đồ chi.\n左 相 覺 謀 乃 不 果 . [35b*3*13]\nTả tướng giác, mưu nãi bất quả.\n自 是 两 家 相 怨 外 𠍵 協 力 以 擊 賊 内 各 𢙇 疑 以 防 奸 刺 . [35b*4*2]\nTự thị, lưỡng gia tương oán ngoại dạng hiệp lực dĩ đồ kích tặc nội các hoài nghi dĩ phòng gian thích.\n秋 七 月 莫 使 敬 典 督 兵 侵 清 華 乂 安 等 處 . [35b*6*1]\nThu thất nguyệt, Mạc sử Kính Điển đốc binh xâm Thanh Hoa, Nghệ An đẳng xứ.\n帝 及 諸 将 議 令 各 縣 沿 河 軍 人 預 徒 財 畜 入 山 林 避 居 以 防 賊 兵 . [35b*6*17]\nĐế cập chư tướng nghị, lệnh các huyện duyên hà quân nhân dự đồ tài súc nhập sơn lâm tị cư dĩ phòng tặc binh.\n八 月 莫 兵 果 至 擄 掠 方 民 沿 河 各 縣 人 民 流 散 . [35b*8*6]\nBát nguyệt, Mạc binh quả chí, lỗ lược phương dân duyên hà các huyện nhân dân lưu tán.\n其 地 空 虚 . [35b*9*6]\nKì địa không hư.\n時 布 政 亡 命 将 先 郡 公 . [35b*9*10]\nThời, Bố chính vong mệnh tướng Tiên quận công..\n",
    "url": "/data/image_dvsk/ban_ky_tuc_bien/quyen16/DVSKTT_ban_tuc_XVI_35b.jpg"
  },
  {
    "text": "向 道 引 海 陽 将 立 郡 公 統 水 兵 船 六 十 餘 艘 通 海 道 入 冦 順 化 廣 南 等 處 . [36a*1*1]\nhướng đạo dẫn Hải Dương tướng Lập quận công thống thuỷ binh thuyền lục thập dư sưu thông hải đạo nhập khấu Thuận Hoá, Quảng Nam, đẳng xứ.\n土 人 多 降 . [36a*2*11]\nThổ nhân đa hàng.\n自 是 賊 勢 復 大 . [36a*2*15]\nTự thị, tặc thế phục đại.\n鎮 守 阮 黄 設 計 誘 致 立 斬 之 于 江 中 . [36a*3*3]\nTrấn thủ Nguyễn Hoàng thiết kế dụ trí Lập trảm chi vu giang trung.\n賊 眾 大 潰 浮 海 而 還 忽 遇 大 風 波 尽 死 于 海 外 . [36a*3*17]\nTặc chúng đại hội, phù hải nhi hoàn, hốt ngộ đại phong ba tận tử vu hải ngoại.\n先 郡 公 迯 歸 布 政 州 再 歸 于 莫 . [36a*4*17]\nTiên quận công đào quy Bố Chính châu, tái quy vu Mạc.\n順 廣 復 平 . [36a*5*11]\nThuận, Quảng phục bình.\n黄 撫 治 數 十 餘 年 爲 政 寬 和 每 事 常 施 恩 惠 用 法 公 平 戒 飭 本 部 禁 戢 凶 黠 两 鎮 之 民 感 仁 𢙇 德 移 風 易 俗 市 無 預 價 民 不 爲 盗 外 户 不 閉 外 國 商 舶 皆 來 販 賣 交 易 得 中 軍 令 嚴 肅 人 人 效 力 . [36a*5*15]\nHoàng phủ trị số thập dư niên, vi chính khoan hoà, mỗi sự thường thi ân huệ, dụng pháp công bình, giới sức bản bộ, cấm tập hung hiệt, lưỡng trấn chi dân cảm nhân hoài đức di phong dị tục, thị vô dự giá dân bất vi đạo, ngoại hộ bất bế, ngoại quốc thương bách giai lai phán mại giao dịch đắc trúng, quân lệnh nghiêm túc, nhân nhân hiệu lực.\n於 是 莫 . [36a*9*16]\nƯ thị, Mạc..\n",
    "url": "/data/image_dvsk/ban_ky_tuc_bien/quyen16/DVSKTT_ban_tuc_XVI_36a.jpg"
  },
  {
    "text": "人 不 敢 來 窺 境 内 得 安 居 樂 業 矣 . [36b*1*1]\nnhân bất cảm lai khuy, cảnh nội đắc an cư lạc nghiệp hĩ.\n太 傅 渭 郡 公 黎 克 慎 反 越 壘 歸 降 于 莫 . [36b*2*1]\nThái phó Vị quận công Lê Khắc Thận phản, việt luỹ quy hàng vu Mạc.\n左 相 鄭 松 收 獲 其 子 恂 快 忱 等 皆 殺 之 . [36b*2*16]\nTả tướng Trịnh Tùng thu hoạch kì tử Tuân, Khoái, Thầm, đẳng giai sát chi.\n九 月 帝 命 安 郡 公 頼 世 卿 普 郡 公 鄭 模 萊 郡 公 潘 公 績 等 領 兵 救 乂 安 . [36b*4*1]\nCửu nguyệt, Đế mệnh An quận công Lại Thế Khanh, Phổ quận công Trịnh Mô, Lai quận công Phan Công Tích đẳng lĩnh binh cứu Nghệ An.\n及 至 莫 兵 遂 退 . [36b*5*10]\nCập chí, Mạc binh toại thoái.\n乂 安 復 平 〇 . [36b*5*16]\nNghệ An phục bình .\n是 年 乂 安 各 縣 田 野 荒 蕪 一 榖 不 收 民 大 饑 餓 更 被 瘟 㾮 死 者 過 半 人 多 流 亡 或 散 之 南 方 或 漂 居 東 北 境 内 蕭 然 . [36b*6*3]\nThị niên, Nghệ An các huyện điền dã hoang vu, nhất cốc bất thu, dân đại cơ ngạ, cánh bị ôn hoàng tử giả quá bán, nhân đa lưu vong hoặc tán chi Nam phương hoặc phiêu cư Đông Bắc cảnh nội tiêu nhiên.\n冬 十 一 月 帝 命 萊 郡 公 潘 公 績 經 畧 順 化 慰 勞 . [36b*9*1]\nĐông thập nhất nguyệt, Đế mệnh Lai quận công Phan Công Tích kinh lược Thuận Hoá, uý lạo..\n",
    "url": "/data/image_dvsk/ban_ky_tuc_bien/quyen16/DVSKTT_ban_tuc_XVI_36b.jpg"
  },
  {
    "text": "将 士 . [37a*1*1]\ntướng sĩ.\n及 至 境 内 多 致 意 于 阮 黄 . [37a*1*3]\nCập chí, cảnh nội đa trí ý vu Nguyễn Hoàng.\n黄 亦 以 兵 來 會 爲 之 設 宴 尽 訴 舊 日 之 情 甚 歡 . [37a*1*13]\nHoàng diệc dĩ binh lai hội vi chi thiết yến, tận tố cựu nhật chi tình thậm hoan.\n及 歸 黄 親 送 之 . [37a*2*13]\nCập quy, Hoàng thân tống chi.\n二 十 一 日 黎 及 第 常 有 異 志 欲 謀 害 左 相 鄭 松 . [37a*3*1]\nNhị thập nhất nhật, Lê Cập Đệ thường hữu dị chí dục mưu hại Tả tướng Trịnh Tùng.\n左 相 陽 爲 不 知 多 以 金 遣 之 . [37a*3*19]\nTả tướng dương vi bất tri đa dĩ kim khiến chi.\n及 第 來 謝 因 使 刀 手 伏 于 幕 下 擒 殺 之 . [37a*4*11]\nCập Đệ lai tạ, nhân sử đao thủ phục vu mạc hạ cầm sát chi.\n使 人 聲 言 曰 及 第 謀 反 帝 命 我 殺 之 . [37a*5*8]\nSử nhân thanh ngôn viết: Cập Đệ mưu phản, Đế mệnh ngã sát chi.\n汝 等 将 士 毋 得 驚 怖 竄 叛 者 矣 誅 . [37a*6*4]\nNhữ đẳng tướng sĩ vô đắc kinh bố thoán phản giả hĩ tru.\n於 是 部 卒 震 懾 無 敢 動 者 . [37a*6*17]\nƯ thị, bộ tốt Chấn nhiếp vô cảm động giả.\n時 耿 潝 廷 彦 言 于 帝 曰 左 相 兵 權 勢 大 . [37a*7*9]\nThời, Cảnh hấp Đình Ngạn ngôn vu Đế viết: Tả tướng binh quyền thế đại.\n陛 下 難 與 並 立 . [37a*8*7]\nBệ hạ nan dữ tịnh lập.\n帝 聞 之 惶 感 乃 夜 幸 于 外 将 皇 子 四 人 與 俱 至 乂 安 城 駐 蹕 . [37a*8*13]\nĐế văn chi hoàng cảm nãi dạ hạnh vu ngoại, tương Hoàng tử tứ nhân dữ cụ chí Nghệ An thành trú tất.\n左 . [37a*9*18]\nTả..\n",
    "url": "/data/image_dvsk/ban_ky_tuc_bien/quyen16/DVSKTT_ban_tuc_XVI_37a.jpg"
  },
  {
    "text": "相 與 諸 将 議 曰 今 帝 咱 小 人 讒 言 一 旦 輕 将 神 噐 播 迁 于 外 . [37b*1*1]\ntướng dữ chư tướng nghị viết: Kim Đế thính tiểu nhân sàm ngôn, nhất đán khinh tương thần khí bá thiên vu ngoại.\n天 下 不 可 一 日 無 君 我 等 及 士 卒 誰 與 立 功 名 乎 不 如 先 求 皇 子 而 立 之 以 安 人 心 然 後 發 兵 迎 帝 未 晚 . [37b*2*6]\nThiên hạ bất khả nhất nhật vô quân, ngã đẳng cập sĩ tốt thuỳ dữ lập công danh hồ? Bất như tiên cầu hoàng tử nhi lập chi, dĩ an nhân tâm nhiên hậu phát binh nghênh Đế vị vãn.\n時 皇 第 五 子 潭 在 瑞 原 縣 廣 施 社 乃 使 人 迎 之 尊 立 爲 帝 . [37b*4*9]\nThời, Hoàng đệ ngũ tử Đàm tại Thuỵ Nguyên huyện, Quảng Thi xã, nãi sử nhân nghênh chi, tôn lập vi Đế.\n是 爲 世 宗 . [37b*5*13]\nThị vi Thế Tông.\n大 越 史 記 本 紀 全 書 續 編 卷 之 十 六 終 . [37b*9*1]\nĐại Việt Sử ký bản kỷ toàn thư tục biên quyển chi thập lục [chung.]..\n",
    "url": "/data/image_dvsk/ban_ky_tuc_bien/quyen16/DVSKTT_ban_tuc_XVI_37b.jpg"
  }
]