[
  {
    "text": "大 越 史 記 本 紀 續 編 卷 之 十 八 . [1a*1*1]\nĐại Việt sử ký bản kỷ tục biên quyển chi thập bát.\n黎 皇 朝 紀 . [1a*2*1]\nLê Hoàng triều KỶ.\n敬 宗 惠 皇 帝 [ 諱 維 新 世 宗 次 子 也 在 壽 三 十 二 崩 塟 華 臠 陵 ] 位 二 十 年 帝 容 貌 雄 偉 繼 体 守 成 而 天 謀 致 有 不 祥 之 事 良 可 悲 夫 ] . [1a*3*1]\nKính Tông Huệ Hoàng Đế, [Huý Duy Tân, Thế Tông thứ tử dã, tại thọ tam thập nhị, băng táng Hoa Loan lăng. vị nhị thập niên, Đế dung mạo hùng vĩ, kế thể thủ thành nhi thiên mưu, trí hữu bất tường chi sự, lương khả bi phù].\n下 晏 然 . [1a*4*23]\nhạ yến nhiên.\n然 偏 咱 那 庚 子 慎 德 元 年 . [1a*4*26]\nNhiên thiên thính na Canh Tí, Thận Đức nguyên niên.\n[ 十 一 月 以 後 弘 定 明 萬 曆 二 十 八 年 ] . [1a*5*7]\n[Thập nhất nguyệt dĩ hậu Hoằng Định Minh Vạn Lịch nhị thập bát niên].\n元 年 夏 五 月 大 水 . [1a*5*21]\nnguyên niên; Hạ, ngũ nguyệt, đại thuỷ.\n是 時 太 尉 端 國 公 阮 黄 陰 使 薊 郡 公 潘 彦 壮 郡 公 吳 廷 峩 美 郡 公 裴 文 奎 等 謀 反 . [1a*6*2]\nThị thời Thái uý Đoan quốc công Nguyễn Hoàng âm sử Kế quận công Phan Ngạn, Tráng quận công Ngô Đình Nga, Mĩ quận công Bùi Văn Khuê đẳng mưu phản.\n平 安 王 𭁈 諸 臣 方 議 征 討 . [1a*7*15]\nBình An Vương dữ chư thần phương nghị chinh thảo.\n黄 欲 售 私 計 托 爲 請 兵 追 擊 遂 大 燒 營 寨 潜 回 順 化 . [1a*8*5]\nHoàng dục thụ tư kế, thác vi thỉnh binh truy kích, toại đại thiêu doanh trại, tiềm hồi Thuận Hoá.\n此 時 國 内 擾 攘 人 心 摇 動 . [1a*9*5]\nThử thời quốc nội nhiễu nhương, nhân tâm dao động.\n王 乃 翊 拨 . [1a*9*15]\nVương nãi dực bạt..\n",
    "url": "/data/image_dvsk/ban_ky_tuc_bien/quyen18/DVSKTT_ban_tuc_XVIII_1a.jpg"
  },
  {
    "text": "皇 上 回 銮 以 圖 固 本 . [1b*1*1]\nHoàng thượng hồi loan dĩ đồ cố bản.\n時 潘 彦 吳 廷 峩 裴 文 奎 等 引 兵 附 莫 招 安 城 市 . [1b*1*9]\nThời, Phan Ngạn, Ngô Đình Nga, Bùi Văn Khuê đẳng dẫn binh phụ Mạc, chiêu an thành thị.\n既 而 彦 疑 文 奎 有 異 謀 乃 使 人 射 殺 文 奎 於 江 中 . [1b*2*10]\nKí nhi Ngạn nghi Văn Khuê hữu dị mưu, nãi sử nhân xạ sát Văn Khuê ư giang trung.\n彦 自 稱 爲 節 制 郢 國 公 廷 峩 稱 爲 太 保 花 郡 公 彦 弟 缺 名 ] . [1b*3*11]\nNgạn tự xưng vi Tiết chế Dĩnh quốc công, Đình Nga xưng vi Thái bảo Hoa quận công, Ngạn đệ [khuyết danh].\n稱 爲 前 步 營 瓊 郡 公 用 莫 乾 統 年 號 牌 示 禁 止 . [1b*4*15]\nxưng vi Tiền bộ dinh Quỳnh quận công, dụng Mạc Càn Thống niên hiệu bài thị cấm chỉ.\n文 奎 妻 阮 氏 年 欲 爲 夫 報 讐 泣 謂 本 軍 曰 有 能 竭 力 報 恩 殺 得 彦 者 重 賞 . [1b*5*14]\nVăn Khuê thê Nguyễn Thị Niên dục vị phu báo thù, khấp vị bản quân viết: \"Hữu năng kiệt lực báo ân, sát đắc Ngạn giả, trọng thưởng\".\n彦 聞 之 大 怒 . [1b*7*5]\nNgạn văn chi đại nộ.\n六 月 朔 彦 𭛁 軍 至 黄 江 交 戦 . [1b*7*10]\nLục nguyệt, sóc, Ngạn phát quân chí Hoàng Giang giao chiến.\n文 奎 妻 兵 射 殺 彦 于 江 中 . [1b*8*3]\nVăn Khuê thê binh xạ sát Ngạn vu giang trung.\n平 安 王 遣 僉 都 御 史 嘉 祿 子 黎 義 澤 賫 書 于 廣 南 太 尉 端 國 . [1b*8*13]\nBình An Vương khiển Thiêm đô ngự sử Gia Lộc tử Lê Nghĩa Trạch tê thư vu Quảng Nam Thái uý Đoan quốc..\n",
    "url": "/data/image_dvsk/ban_ky_tuc_bien/quyen18/DVSKTT_ban_tuc_XVIII_1b.jpg"
  },
  {
    "text": "公 阮 黄 . [2a*1*1]\ncông Nguyễn Hoàng.\n曰 大 臣 與 國 義 同 休 戚 舅 以 國 言 之 則 累 世 勳 舊 之 臣 也 以 家 言 之 則 親 親 之 義 也 . [2a*1*4]\nViết: \"Đại thần dữ quốc, nghĩa đồng hưu thích, cữu dĩ quốc ngôn chi, tắc luỹ thế huân cựu chi thần dã, dĩ gia ngôn chi, tắc thân thân chi nghĩa dã.\n傾 以 僞 莫 僣 干 國 運 遭 否 先 祖 太 宰 興 國 昭 勳 靖 公 [ 興 國 公 阮 金 乃 平 安 王 之 外 祖 故 亦 稱 先 祖 也 ] . [2a*2*18]\nKhuynh dĩ nguỵ Mạc tiếm can, quốc vận tao phủ, tiên tổ Thái tể Hưng Quốc Chiêu Huân Tĩnh công [Hưng quốc công Nguyễn Kim nãi Bình An Vương chi ngoại tổ, cố diệc xưng tiên tổ dã].\n首 唱 大 義 翊 莊 宗 皇 帝 於 崎 嶇 之 間 各 分 復 正 . [2a*4*20]\nthủ xướng đại nghĩa, dực Trang Tông Hoàng Đế ư kì khu chi gian, các phận phục chính.\n先 祖 即 世 先 考 明 康 太 王 當 國 重 寄 以 舅 肺 腑 之 親 委 以 順 廣 二 處 . [2a*5*11]\nTiên tổ tức thế, tiên khảo Minh Khang Thái Vương đương quốc trọng, ký dĩ cữu phế phủ chi thân, uỷ dĩ Thuận, Quảng nhị xứ.\n舅 自 受 命 撫 安 方 民 寔 有 其 功 . [2a*7*1]\nCữu tự thụ mệnh, phủ an phương dân, thực hữu kì công.\n先 考 上 賓 甥 掌 兵 政 仍 舅 舊 職 . [2a*7*13]\nTiên khảo thượng tân sanh chưởng binh chính, nhưng cữu cựu chức.\n累 書 催 督 財 賦 漕 運 以 濟 國 用 舅 每 以 海 道 難 阻 爲 辭 . [2a*8*7]\nLuỹ thư thôi đốc tài phú, tào vận dĩ tế quốc dụng, cữu mỗi dĩ hải đạo nan trở vi từ.\n及 其 城 既 復 天 下 既 定 . [2a*9*10]\nCập kì thành ký phục, thiên hạ ký định,..\n",
    "url": "/data/image_dvsk/ban_ky_tuc_bien/quyen18/DVSKTT_ban_tuc_XVIII_2a.jpg"
  },
  {
    "text": "舅 始 從 容 就 道 . [2b*1*1]\ncữu thuỷ tòng dung tựu đạo.\n朝 廷 優 加 營 河 中 一 府 及 山 南 上 伴 七 縣 授 以 右 相 意 欲 舅 與 左 相 榮 國 公 黄 廷 愛 左 扶 右 持 以 濟 中 天 之 業 安 南 國 之 民 . [2b*1*7]\nTriều đình ưu, gia doanh Hà Trung nhất phủ cập Sơn Nam thượng bạn thất huyện, thụ dĩ Hữu tướng, ý dục cữu dữ Tả tướng Vinh quốc công Hoàng Đình Ái tả phù hữu trì dĩ tế Trung thiên chi nghiệp, An Nam quốc chi dân.\n比 者 逆 臣 潘 彦 裴 文 奎 吳 廷 峩 等 萌 心 背 叛 稱 兵 犯 順 甥 方 與 舅 料 理 兵 事 追 勦 逆 黨 不 期 舅 不 待 命 私 自 𢫔 回 摇 動 方 民 . [2b*3*18]\nTỉ giả, nghịch thần Phan Ngạn, Bùi Văn Khuê, Ngô Đình Nga đẳng manh tâm bội phản, xưng binh phạm thuận, sanh phương dữ cữu liệu lí binh sự, truy tiễu nghịch đảng, bất kì cữu bất đãi mệnh, tư tự thiện hồi, dao động phương dân.\n不 知 本 舅 意 耶 抑 誤 咱 彼 計 耶 兹 裴 文 奎 潘 彦 互 相 攻 擊 俱 被 殺 戮 . [2b*6*11]\nBất tri bản cữu ý da? ức ngộ thính bỉ kế da? Tư Bùi Văn Khuê, Phan Ngạn hỗ tương công kích, cụ bị sát lục.\n乃 知 天 道 昭 明 禍 不 旋 踵 舅 亦 知 之 矣 . [2b*8*1]\nNãi tri Thiên đạo chiêu minh, hoạ bất tuyền chủng, cữu diệc tri chi hĩ.\n事 既 如 此 舅 果 能 超 然 覺 悟 追 悔 前 咎 思 先 祖 之 勳 業 . [2b*8*16]\nSự ký như thử, cữu quả năng siêu nhiên giác ngộ, truy hối tiền cữu, tư tiên tổ chi huân nghiệp..\n",
    "url": "/data/image_dvsk/ban_ky_tuc_bien/quyen18/DVSKTT_ban_tuc_XVIII_2b.jpg"
  },
  {
    "text": "當 使 人 奉 書 詣 行 在 𢪒 禀 督 集 財 賦 以 供 國 用 則 以 功 凖 過 朝 廷 自 有 典 憲 而 舅 之 前 日 勳 業 得 以 復 全 累 世 勳 各 事 業 永 永 不 替 . [3a*1*1]\nđương sử nhân phụng thư nghệ hành tại bái bẩm, đốc tập tài phú dĩ cung quốc dụng tắc dĩ công chuẩn quá, triều đình tự hữu điển hiến, nhi cữu chi tiền nhật huân nghiệp đắc dĩ phục toàn, luỹ thế huân các sự nghiệp vĩnh vĩnh bất thế.\n若 其 不 爾 則 以 順 攻 逆 朝 廷 用 兵 有 各 矣 舅 之 各 節 當 如 何 耶 舅 在 兵 務 常 以 經 史 留 心 其 審 思 之 毋 貽 後 悔 . [3a*3*15]\nNhược kì bất nhĩ, tắc dĩ thuận công nghịch, triều đình dụng binh hữu các hĩ, cữu chi các tiết đương như hà da? Cữu tại binh vụ thường dĩ kinh sử lưu tâm, kì thẩm tư chi, vô di hậu hối\".\n義 澤 行 至 境 内 揣 知 黄 素 多 謀 自 貯 詔 書 于 筒 置 于 野 外 叢 處 使 舍 人 移 來 . [3a*6*3]\nNghĩa Trạch hành chí cảnh nội, suỷ tri Hoàng tố đa mưu, tự trữ chiếu thư vu đồng, trí vu dã ngoại tùng xứ, sử xá nhân di lai.\n黄 聞 之 謀 奪 詔 書 圖 辱 使 者 . [3a*7*14]\nHoàng văn chi, mưu đoạt chiếu thư, đồ nhục sứ giả.\n夜 令 勇 士 就 于 住 處 刼 奪 囊 槖 罄 尽 回 㸔 不 見 詔 書 又 使 就 于 住 舘 悉 焚 之 . [3a*8*7]\nDạ lệnh dũng sĩ tựu vu trú xứ kiếp đoạt nang thác khánh tận, hồi khán bất kiến chiếu thư, hựu sử tựu vu trú quán tất phần chi.\n黄 . [3a*9*18]\nHoàng..\n",
    "url": "/data/image_dvsk/ban_ky_tuc_bien/quyen18/DVSKTT_ban_tuc_XVIII_3a.jpg"
  },
  {
    "text": "以 爲 書 文 尽 焚 扵 烈 焰 之 中 . [3b*1*1]\ndĩ vi thư văn tận phần ư liệt diễm chi trung.\n明 日 親 率 将 佐 整 飭 象 馬 儀 衛 來 迎 望 見 義 澤 两 手 捧 書 而 至 乃 自 駭 愕 顧 謂 将 佐 曰 天 生 主 将 朝 廷 有 人 . [3b*1*12]\nMinh nhật thân suất tướng tá, chỉnh sức tượng mã, nghi vệ lai nghênh, vọng kiến Nghĩa Trạch lưỡng thủ bổng thư nhi chí, nãi tự hãi ngạc cố vị tướng tá viết: \"Thiên sinh chủ tướng, triều đình hữu nhân\".\n自 是 無 復 有 睥 睨 之 志 . [3b*3*17]\nTự thị, vô phục hữu bễ nghễ chi chí.\n東 土 人 僞 威 武 侯 [ 缺 名 ] . [3b*4*7]\nĐông thổ nhân nguỵ Uy Vũ hầu [khuyết danh].\n率 本 道 兵 船 艘 三 百 隻 自 稱 海 陽 大 将 . [3b*4*16]\nsuất bản đạo binh thuyền sưu tam bách chích, tự xưng Hải Dương đại tướng.\n莫 宗 親 僞 祁 惠 王 招 山 南 兵 自 稱 南 土 節 制 . [3b*5*13]\nMạc tông thân Nguỵ Kì Huệ Vương chiêu Sơn Nam binh, tự xưng Nam thổ tiết chế.\n時 莫 茂 洽 母 僞 稱 國 母 代 居 尊 位 . [3b*6*12]\nThời, Mạc Mậu Hợp mẫu nguỵ xưng Quốc mẫu, đại cư tôn vị.\n莫 氏 宗 室 及 餘 黨 前 避 山 林 者 至 是 𭁈 茂 洽 長 子 [ 缺 名 ] . [3b*7*8]\nMạc thị tông thất cập dư đảng tiền tị sơn lâm giả, chí thị dữ Mậu Hợp trưởng tử [khuyết danh].\n並 赴 京 拜 謁 . [3b*8*11]\ntịnh phó kinh bái yết.\n茂 洽 母 使 人 迎 敬 恭 自 推 恩 賞 上 自 官 員 下 至 庶 民 不 拘 . [3b*8*16]\nMậu Hợp mẫu sử nhân nghênh Kính Cung, tự suy ân thưởng, thượng tự quan viên, hạ chí thứ dân, bất câu..\n",
    "url": "/data/image_dvsk/ban_ky_tuc_bien/quyen18/DVSKTT_ban_tuc_XVIII_3b.jpg"
  },
  {
    "text": "新 舊 勳 勞 各 封 爲 都 指 揮 使 同 知 僉 事 左 右 校 點 等 聀 . [4a*1*1]\ntân cựu huân lao, các phong vi Đô chỉ huy sứ, Đồng tri, Thiêm sự, tả hữu hiệu điểm đẳng chức.\n秋 七 月 敬 恭 在 関 門 𭛁 行 至 武 寕 市 橋 吳 廷 峩 等 各 率 本 属 縣 兵 往 迎 之 敬 恭 皆 仍 其 爵 . [4a*2*4]\nThu thất nguyệt, Kính Cung tại quan môn, phát hành chí Vũ Ninh, Thị Cầu, Ngô Đình Nga đẳng các suất bản thuộc huyện binh vãng nghênh chi, Kính Cung giai nhưng kì tước.\n扵 是 天 下 官 員 将 士 共 迎 敬 恭 至 京 師 . [4a*4*3]\nƯ thị, thiên hạ quan viên tướng sĩ cộng nghênh Kính Cung chí Kinh sư.\n時 帝 在 清 華 留 鎮 郡 公 鄭 林 扶 駕 遣 尚 父 平 安 王 出 兵 拜 頂 處 駐 營 . [4a*5*1]\nThời, đế tại Thanh Hoa, lưu Trấn quận công Trịnh Lâm phù giá, khiển Thượng phụ Bình An Vương xuất binh Bái Đính xứ trú doanh.\n僞 雲 郡 [ 缺 名 來 降 令 饒 其 罪 . [4a*6*9]\nNguỵ Vân quận [khuyết danh] lai hàng, lệnh nhiêu kì tội.\n八 月 進 兵 出 長 安 . [4a*7*1]\nBát nguyệt, tiến binh xuất Trường Yên.\n捉 得 茂 洽 母 在 中 都 城 . [4a*7*8]\nTróc đắc Mậu Hợp mẫu tại Trung Đô thành.\n船 出 喝 門 直 進 至 京 . [4a*7*17]\nThuyền xuất Hát môn, trực tiến chí kinh.\n莫 兵 大 敗 溺 死 者 不 可 勝 計 . [4a*8*7]\nMạc binh đại bại, nịch tử giả bất khả thăng kê.\n由 是 尽 復 京 城 . [4a*8*18]\nDo thị tận phục Kinh thành.\n数 日 潘 彦 弟 瓊 郡 出 首 亦 饒 其 罪 . [4a*9*6]\nSổ nhật, Phan Ngạn đệ Quỳnh quận xuất thú, diệc nhiêu kì tội.\n",
    "url": "/data/image_dvsk/ban_ky_tuc_bien/quyen18/DVSKTT_ban_tuc_XVIII_4a.jpg"
  },
  {
    "text": "時 僞 西 道 将 涯 郡 [ 缺 名 髙 郡 [ 缺 名 㨿 兵 于 日 昭 地 方 . [4b*1*1]\nThời nguỵ Tây đạo tướng Nhai quận [khuyết danh], Cao quận [khuyết danh], cứ binh vu Nhật Chiêu địa phương.\n夜 時 大 兵 潜 至 日 昭 營 . [4b*1*21]\nDạ thời, đại binh tiềm chí Nhật Chiêu dinh.\n涯 郡 驚 走 . [4b*2*9]\nNhai quận kinh tẩu.\n收 獲 船 四 十 隻 象 七 隻 來 献 營 門 . [4b*2*13]\nthu hoạch thuyền tứ thập chích; tượng thất chích, lai hiến dinh môn.\n王 大 喜 . [4b*3*8]\nVương đại hỉ.\n九 月 捕 得 吳 廷 峩 于 天 德 江 献 營 門 令 斬 之 . [4b*3*11]\nCửu nguyệt, bộ đắc Ngô Đình Nga vu Thiên Đức giang hiến dinh môn, lệnh trảm chi.\n僞 威 武 侯 南 陽 侯 缺 名 将 船 二 百 隻 至 青 池 縣 翁 莫 處 𭁈 官 軍 交 戦 大 敗 威 武 侯 走 㨿 海 門 . [4b*4*11]\nNguỵ Uy Vũ hầu, Nam Dương hầu [khuyết danh] tương thuyền nhị bách chích chí Thanh Trì huyện, Ông Mạc xứ dữ quan quân giao chiến, đại bại; Uy Vũ hầu tẩu cứ hải môn.\n禁 遏 鹹 盐 買 賣 . [4b*6*9]\nCấm át hàm diêm mãi mại.\n冬 十 月 平 安 王 差 海 郡 公 阮 廷 倫 領 兵 南 征 . [4b*7*1]\nĐông, thập nguyệt, Bình An Vương sai Hải quận công Nguyễn Đình Luân lĩnh binh Nam chinh.\n船 至 黄 江 口 𭁈 南 陽 交 戦 敗 走 棄 船 四 十 餘 隻 收 兵 回 京 . [4b*8*1]\nThuyền chí Hoàng Giang khẩu, dữ Nam Dương giao chiến, bại tẩu, khí thuyền tứ thập dư chích, thu binh hồi kinh.\n王 大 怒 遂 罷 其 聀 . [4b*9*5]\nVương đại nộ, toại bãi kì chức.\n",
    "url": "/data/image_dvsk/ban_ky_tuc_bien/quyen18/DVSKTT_ban_tuc_XVIII_4b.jpg"
  },
  {
    "text": "十 一 月 大 赦 改 元 以 是 年 爲 弘 定 元 年 . [5a*1*1]\nThập nhất nguyệt, đại xá, cải nguyên, dĩ thị niên vi Hoằng Định nguyên niên.\n立 浮 橋 過 大 江 于 翁 莫 津 . [5a*1*16]\nLập phù kiều quá Đại giang vu Ông Mạc tân.\n十 二 月 殺 萬 郡 公 [ 缺 名 在 草 津 . [5a*2*9]\nThập nhị nguyệt, sát Vạn quận công [khuyết danh] tại Thảo Tân.\n莫 敬 恭 走 至 金 城 縣 使 南 郡 缺 名 㨿 南 昌 縣 立 營 寨 水 步 日 夜 廵 守 . [5a*3*3]\nMạc Kính Cung tẩu chí Kim Thành huyện, sử Nam quận [khuyết danh] cứ Nam Xang huyện, lập doanh trại thuỷ bộ, nhật dạ tuần thủ.\n南 郡 殺 威 武 侯 取 其 粮 食 . [5a*4*11]\nNam quận sát Uy Vũ hầu thủ kì lương thực.\n山 西 将 涯 郡 髙 郡 等 避 居 大 同 土 官 隂 毒 殺 之 . [5a*5*3]\nSơn Tây tướng Nhai quận, Cao quận đẳng tị cư Đại Đồng, thổ quan âm độc sát chi.\n辛 丑 弘 定 二 年 [ 明 萬 曆 春 二 十 九 年 . [5a*7*1]\nTân Sửu, Hoằng Định nhị niên, [Minh Vạn Lịch Xuân, nhị thập cửu niên].\n正 月 平 安 王 大 兵 進 𭛁 𭁈 賊 黨 南 陽 交 戦 . [5a*7*15]\nchính nguyệt, Bình An Vương đại binh tiến phát, dữ tặc đảng Nam Dương giao chiến.\n官 軍 前 鋒 振 郡 公 [ 缺 名 亡 于 陣 . [5a*8*8]\nQuan quân tiền phong Chấn quận công [khuyết danh] vong vu trận.\n會 賊 黨 南 郡 峩 郡 俱 死 官 軍 大 勝 收 󰱐 船 艘 婦 . [5a*9*1]\nHội tặc đảng Nam quận, Nga quận câu tử, quan quân đại thắng, thu hoạch thuyền sưu, phụ..\n",
    "url": "/data/image_dvsk/ban_ky_tuc_bien/quyen18/DVSKTT_ban_tuc_XVIII_5a.jpg"
  },
  {
    "text": "女 牛 畜 財 物 以 千 数 還 京 . [5b*1*1]\nnữ, ngưu súc, tài vật dĩ thiên sổ hoàn kinh.\n梟 南 郡 峩 郡 二 首 于 長 安 以 令 眾 . [5b*1*11]\nKiêu Nam quận, Nga quận nhị thủ vu Trường Yên dĩ lệnh chúng.\n後 又 擒 得 南 郡 季 弟 漕 郡 渭 郡 來 献 軍 門 悉 斬 之 . [5b*2*6]\nHậu hựu cầm đắc Nam quận quý đệ Tào quận Vị quận lai hiến quân môn, tất trảm chi.\n令 下 招 安 人 民 悅 服 . [5b*3*7]\nLệnh hạ chiêu an, nhân dân duyệt phục.\n三 月 平 安 王 差 兵 畧 定 海 陽 . [5b*3*15]\nTam nguyệt, Bình An Vương sai binh lược định Hải Dương.\n莫 敬 恭 聞 之 自 棄 兵 馬 而 走 . [5b*4*9]\nMạc Kính Cung văn chi, tự khí binh mã nhi tẩu.\n大 兵 進 至 悉 燒 毀 營 寨 而 還 . [5b*5*3]\nĐại binh tiến chí, tất thiêu huỷ doanh trại nhi hoàn.\n夏 四 月 擒 得 僞 勇 郡 誅 之 . [5b*6*1]\nHạ, tứ nguyệt, cầm đắc nguỵ Dũng quận, tru chi.\n勇 郡 青 池 人 也 . [5b*6*11]\n[Dũng quận Thanh Trì nhân dã].\n天 雨 石 . [5b*6*17]\nThiên vũ thạch.\n五 月 修 築 堤 路 自 彰 德 至 羙 良 以 待 迎 接 乘 輿 . [5b*7*1]\nNgũ nguyệt, tu trúc đê lộ tự Chương Đức chí Mĩ Lương dĩ đãi nghênh tiếp thừa dư.\n秋 八 月 帝 自 清 華 進 至 京 師 登 御 正 殿 . [5b*8*1]\nThu, bát nguyệt, Đế tự Thanh Hoa tiến chí Kinh sư, đăng ngự chính điện.\n有 黄 竜 之 瑞 . [5b*8*16]\nHữu hoàng long chi thuỵ.\n",
    "url": "/data/image_dvsk/ban_ky_tuc_bien/quyen18/DVSKTT_ban_tuc_XVIII_5b.jpg"
  },
  {
    "text": "冬 十 一 月 始 開 鄕 試 科 取 士 . [6a*1*1]\nĐông, thập nhất nguyệt, thuỷ khai Hương thí khoa thủ sĩ.\n十 二 月 命 登 郡 公 阮 啓 領 兵 畧 定 山 西 京 北 地 方 . [6a*1*12]\nThập nhị nguyệt, mệnh Đăng quận công Nguyễn Khải lĩnh binh lược định Sơn Tây, Kinh Bắc địa phương.\n明 年 二 月 還 京 . [6a*2*14]\nMinh niên nhị nguyệt hoàn kinh.\n壬 寅 三 年 [ 明 萬 曆 三 十 年 ] . [6a*3*1]\nNhâm Dần tam niên, [Minh Vạn Lịch tam thập niên].\n春 二 月 會 試 天 下 士 人 . [6a*3*11]\nXuân, nhị nguyệt, Hội thí thiên hạ sĩ nhân.\n取 中 格 阮 登 等 十 名 . [6a*3*20]\nThủ trúng cách Nguyễn Đăng đẳng thập danh.\n及 廷 試 上 御 敬 天 殿 親 策 . [6a*4*6]\nCập Đình thí, Thượng ngự Kính Thiên điện, thân sách.\n賜 阮 登 等 二 名 進 士 出 身 阮 珙 等 八 名 同 進 士 出 身 . [6a*4*16]\nTứ Nguyễn Đăng đẳng nhị danh Tiến sĩ xuất thân, Nguyễn Cung đẳng bát danh đồng Tiến sĩ xuất thân.\n閏 二 月 大 同 土 将 淳 郡 公 缺 名 ] 來 降 . [6a*6*1]\nNhuận nhị nguyệt, Đại Đồng thổ tướng Thuần quận công [khuyết danh] lai hàng.\n三 月 天 雨 雹 . [6a*6*15]\nTam nguyệt, thiên vũ bạc.\n夏 四 月 俘 獲 僞 惠 武 王 檻 送 京 師 斬 之 . [6a*7*1]\nHạ, tứ nguyệt, phu hoạch nguỵ Huệ Vũ Vương hạm tống kinh sư trảm chi.\n是 月 望 月 有 食 之 . [6a*7*16]\nThị nguyệt, vọng, nguyệt hữu thực chi.\n秋 八 月 平 安 王 觀 兵 于 草 津 . [6a*8*6]\nThu, bát nguyệt, Bình An Vương quan binh vu Thảo Tân.\n癸 卯 四 年 [ 明 萬 曆 十 一 年 ] . [6a*9*1]\nQuý Mão, tứ niên [Minh Vạn Lịch thập nhất niên].\n三 春 三 月 月 中 有 黒 子 三 點 . [6a*9*11]\ntam Xuân, tam nguyệt, nguyệt trung hữu hắc tử tam điểm.\n",
    "url": "/data/image_dvsk/ban_ky_tuc_bien/quyen18/DVSKTT_ban_tuc_XVIII_6a.jpg"
  },
  {
    "text": "夏 四 月 朔 日 有 食 之 . [6b*1*1]\nHạ, tứ nguyệt, sóc, nhật hữu thực chi.\n清 沔 人 夜 入 殿 中 坐 于 竜 椅 命 斬 之 . [6b*1*9]\nThanh Miện nhân dạ nhập điện trung toạ vu long ỷ, mệnh trảm chi.\n是 時 平 安 王 疑 登 郡 公 阮 啓 有 異 心 命 内 監 岳 郡 公 裴 仕 林 械 繋 之 按 驗 無 賍 一 年 乃 赦 . [6b*2*6]\nThị thời, Bình An Vương nghi Đăng quận công Nguyễn Khải hữu dị tâm, mệnh nội giám Nhạc quận công Bùi Sĩ Lâm giới hệ chi, án nghiệm vô tang, nhất niên nãi xá.\n甲 辰 五 年 [ 明 萬 曆 十 二 年 ] . [6b*5*1]\nGiáp Thìn, ngũ niên, [Minh, Vạn Lịch thập nhị niên].\n三 春 會 試 天 下 士 人 . [6b*5*11]\ntam Xuân, Hội thí thiên hạ sĩ nhân.\n取 中 格 鄧 維 明 等 七 名 . [6b*5*19]\nThủ trúng cách Đặng Duy Minh đẳng thất danh.\n及 殿 試 賜 阮 世 標 等 二 名 進 士 出 身 鄧 維 明 等 五 名 同 進 士 出 身 . [6b*6*6]\nCập Điện thí, tứ Nguyễn Thế Tiêu đẳng nhị danh Tiến sĩ xuất thân, Đặng Duy Minh đẳng ngũ danh đồng Tiến sĩ xuất thân.\n丙 午 七 年 [ 明 萬 曆 十 四 年 ] . [6b*8*1]\nBính Ngọ thất niên, [Minh Vạn Lịch thập tứ niên].\n三 遣 正 使 黎 弼 四 副 使 阮 用 阮 克 寬 等 如 明 進 謝 恩 禮 . [6b*8*11]\ntam Khiển chánh sứ Lê Bật Tứ, phó sứ Nguyễn Dụng, Nguyễn Khắc Khoan đẳng như Minh tiến tạ ân lễ.\n又 遣 正 使 吳 致 和 阮 實 . [6b*9*10]\nHựu khiển chánh sứ Ngô Trí Hoà, Nguyễn Thực,..\n",
    "url": "/data/image_dvsk/ban_ky_tuc_bien/quyen18/DVSKTT_ban_tuc_XVIII_6b.jpg"
  },
  {
    "text": "副 使 范 鴻 儒 阮 名 世 阮 郁 阮 惟 時 等 二 部 如 明 歳 貢 . [7a*1*1]\nphó sứ Phạm Hồng Nho, Nguyễn Danh Thế, Nguyễn Úc, Nguyễn Duy Thì đẳng nhị bộ như Minh tuế cống.\n丁 未 八 年 [ 明 萬 曆 十 五 年 ] . [7a*3*1]\nĐinh Mùi, bát niên, [Minh, Vạn Lịch thập ngũ niên].\n三 春 會 試 天 下 士 人 . [7a*3*11]\ntam Xuân, Hội thí thiên hạ sĩ nhân.\n取 中 格 吳 仁 澈 等 五 名 . [7a*3*19]\nThủ trúng cách Ngô Nhân Triệt đẳng ngũ danh.\n及 殿 試 賜 劉 廷 質 進 士 出 身 吳 仁 澈 等 四 各 同 進 士 出 身 . [7a*4*6]\nCập Điện thí, tứ Lưu Đình Chất Tiến sĩ xuất thân, Ngô Nhân Triệt đẳng tứ các đồng Tiến sĩ xuất thân.\n戊 申 九 年 明 萬 曆 十 六 年 ] . [7a*6*1]\nMậu Thân, cửu niên [Minh, Vạn Lịch thập lục niên].\n三 春 二 月 初 三 日 日 中 有 暈 两 重 . [7a*6*11]\ntam Xuân, nhị nguyệt, sơ tam nhật, nhật trung hữu vựng lưỡng trùng.\n是 歳 天 下 飢 . [7a*7*2]\nThị tuế, thiên hạ cơ.\n秋 冬 粟 米 大 貴 人 多 餓 死 . [7a*7*7]\nThu, Đông túc mễ đại quý, nhân đa ngạ tử.\n庚 戌 十 一 年 [ 明 萬 曆 十 八 年 ] . [7a*8*1]\nCanh Tuất, thập nhất niên, [Minh, Vạn Lịch thập bát niên].\n三 春 會 試 天 下 士 人 . [7a*8*12]\ntam Xuân, Hội thí thiên hạ sĩ nhân.\n取 中 格 阮 進 用 等 七 名 . [7a*8*20]\nThủ trúng cách Nguyễn Tiến Dụng đẳng thất danh.\n及 廷 試 賜 阮 文 奎 進 士 出 身 阮 . [7a*9*7]\nCập Đình thí, tứ Nguyễn Văn Khuê Tiến sĩ xuất thân, Nguyễn..\n",
    "url": "/data/image_dvsk/ban_ky_tuc_bien/quyen18/DVSKTT_ban_tuc_XVIII_7a.jpg"
  },
  {
    "text": "進 用 等 六 名 同 進 士 出 身 . [7b*1*1]\nTiến Dụng đẳng lục danh đồng Tiến sĩ xuất thân.\n冬 十 月 户 部 左 侍 郎 衍 嘉 侯 黎 弼 四 啓 言 扵 平 安 王 其 一 定 世 子 預 付 兵 權 以 固 人 心 其 二 處 置 強 藩 以 一 制 度 夫 王 者 以 天 下 爲 一 家 卧 榻 之 側 𡸈 容 他 人 鼾 睡 兹 太 原 諒 山 廣 南 順 化 等 處 本 是 先 王 境 土 曠 年 積 弊 任 彼 自 爾 強 梁 . [7b*2*1]\nĐông, thập nguyệt, Hộ bộ tả thị lang Diễn Gia hầu Lê Bật Tứ khải ngôn ư Bình An Vương, kì nhất: Định thế tử dự phó binh quyền dĩ cố nhân tâm; kì nhị: xử trí cường phiên dĩ nhất chế độ: \"Phù Vương giả, dĩ thiên hạ vi nhất gia, ngoạ tháp chi trắc, khởi dung tha nhân han thụy? Tư Thái Nguyên, Lạng Sơn, Quảng Nam, Thuận Hoá đẳng xứ, bản thị Tiên vương cảnh thổ, khoáng niên tích tệ, nhậm bỉ tự nhĩ cường lương.\n若 不 處 置 恐 爲 異 日 之 患 . [7b*6*18]\nNhược bất xử trí, khủng vi dị nhật chi hoạn.\n今 聖 上 濟 英 雄 之 志 百 戦 百 勝 以 有 天 下 . [7b*7*10]\nKim thánh thượng tế anh hùng chi chí, bách chiến bách thắng dĩ hữu thiên hạ.\n将 佐 雲 集 士 勇 技 精 . [7b*8*8]\nTướng tá vân tập, sĩ dũng kĩ tinh.\n飲 馬 則 河 水 乾 磨 劎 則 山 石 缺 戦 船 千 艘 雄 象 百 数 . [7b*8*16]\nẨm mã tắc hà thuỷ can, ma kiếm tắc sơn thạch khuyết, chiến thuyền thiên sưu, hùng tượng bách sổ.\n天 . [7b*9*18]\nThiên..\n",
    "url": "/data/image_dvsk/ban_ky_tuc_bien/quyen18/DVSKTT_ban_tuc_XVIII_7b.jpg"
  },
  {
    "text": "下 精 兵 悉 聚 京 師 而 縱 賊 不 擊 此 所 謂 養 虎 遺 患 也 . [8a*1*1]\nhạ tinh binh tất tụ Kinh sư nhi túng tặc bất kích, thử sở vị dưỡng hổ di hoạn dã.\n昔 唐 憲 宗 從 黄 裳 之 請 以 法 度 裁 制 藩 鎮 卒 成 中 興 之 功 . [8a*2*3]\nTích Đường Hiến Tông tòng Hoàng Thường chi thỉnh, dĩ pháp độ tài chế phiên trấn, tốt thành trung hưng chi công.\n由 唐 以 來 𡸈 無 忠 言 以 啓 之 乎 恭 乞 裁 斷 行 之 . [8a*3*7]\nDo Đường dĩ lai, khởi vô trung ngôn dĩ khải chi hồ? Cung khất tài đoán hành chi.\n國 家 之 億 萬 年 無 疆 之 業 其 在 扵 此 . [8a*4*7]\nQuốc gia chi ức vạn niên vô cương chi nghiệp kì tại ư thử\".\n辛 亥 十 二 年 [ 明 萬 曆 十 九 年 ] . [8a*5*1]\nTân Hợi, thập nhị niên, [Minh, Vạn Lịch thập cửu niên].\n三 冬 十 月 十 六 日 傘 圓 山 崩 凣 十 二 丈 餘 . [8a*5*12]\ntam Đông, thập nguyệt, thập lục nhật, Tản Viên sơn băng phàm thập nhị trượng dư.\n十 八 日 安 越 縣 天 雨 血 凣 一 日 夜 壬 子 十 三 年 [ 明 萬 曆 四 十 年 ] . [8a*6*6]\nThập bát nhật, Yên Việt huyện, thiên vũ huyết phàm nhất nhật dạ Nhâm Tí, thập tam niên, [Minh, Vạn Lịch tứ thập niên].\n秋 八 月 御 史 󰱑 僉 都 御 史 芳 泉 伯 阮 惟 時 𭁈 十 三 道 監 察 御 史 范 珍 等 啓 言 扵 平 安 王 以 爲 民 者 國 之 本 治 國 之 道 爱 民 而 . [8a*7*12]\nThu, bát nguyệt, Ngự sử đài Thiêm đô Ngự sử Phương Tuyền bá Nguyễn Duy Thì dữ thập tam đạo giám sát ngự sử Phạm Trân đẳng khải ngôn ư Bình An Vương dĩ vi: \"Dân giả, quốc chi bản, trị quốc chi đạo, ái dân nhi..\n",
    "url": "/data/image_dvsk/ban_ky_tuc_bien/quyen18/DVSKTT_ban_tuc_XVIII_8a.jpg"
  },
  {
    "text": "已 . [8b*1*1]\ndĩ.\n又 聞 天 𭁈 民 一 理 民 心 悅 則 天 意 得 矣 . [8b*1*2]\nHựu văn, thiên dữ dân nhất lí, dân tâm duyệt tắc thiên ý đắc hĩ.\n是 以 善 爲 國 者 爱 民 如 父 母 爱 子 聞 其 飢 寒 爲 之 哀 見 其 勞 苦 爲 之 恤 禁 其 苛 暴 止 其 擅 賦 使 民 皆 遂 其 生 養 而 無 愁 恨 嘆 息 之 聲 . [8b*1*17]\nThị dĩ, thiện vi quốc giả, ái dân như phụ mẫu ái tử, văn kì cơ hàn vị chi ai, kiến kì lao khổ vị chi tuất, cấm kì hà bạo, chỉ kì thiện phú, sử dân giai toại kì sinh dưỡng nhi vô sầu hận thán tức chi thanh.\n此 所 謂 知 治 國 之 道 使 民 之 誼 也 . [8b*4*13]\nThử sở vị tri trị quốc chi đạo, sử dân chi nghị dã.\n今 聖 上 有 意 於 民 一 政 之 施 務 在 養 民 一 令 之 行 深 戒 擾 民 . [8b*5*8]\nKim Thánh thượng hữu ý ư dân, nhất chính chi thi vụ tại dưỡng dân, nhất lệnh chi hành thâm giới nhiễu dân.\n其 爱 民 之 心 真 天 地 父 母 之 爲 量 者 . [8b*6*13]\nKì ái dân chi tâm, chân thiên địa phụ mẫu chi vi lượng giả.\n第 奉 行 者 未 能 仰 體 德 意 務 行 苛 虐 𧡟 爲 奢 侈 該 一 縣 則 困 一 縣 之 民 該 一 社 則 困 一 社 之 民 凣 其 擾 民 之 事 無 所 不 爲 . [8b*7*9]\nĐệ phụng hành giả, vị năng ngưỡng thể đức ý, vụ hành hà ngược, quan vi xa xỉ, cai nhất huyện tắc khốn nhất huyện chi dân, cai nhất xã tắc khốn nhất xã chi dân, phàm kì nhiễu dân chi sự, vô sở bất vi,..\n",
    "url": "/data/image_dvsk/ban_ky_tuc_bien/quyen18/DVSKTT_ban_tuc_XVIII_8b.jpg"
  },
  {
    "text": "使 天 下 之 民 男 或 無 衣 女 或 無 裳 𰙔 唱 之 席 不 復 置 婚 姻 之 禮 不 復 備 養 生 送 死 無 所 資 飲 食 日 用 無 所 給 貧 弱 氓 隷 昆 虫 草 木 俱 不 得 遂 其 生 . [9a*1*1]\nsử thiên hạ chi dân, nam hoặc vô y, nữ hoặc vô thường, ca xướng chi tịch bất phục trí, hôn nhân chi lễ bất phục bị, dưỡng sinh tống tử vô sở tư, ẩm thực nhật dụng vô sở cấp, bần nhược manh lệ côn trùng thảo mộc cụ bất đắc toại kì sinh.\n是 以 感 動 天 地 致 天 心 未 上 順 洪 水 之 灾 泛 溢 過 常 得 非 時 政 所 䦕 其 可 不 恐 惧 脩 省 思 所 以 致 此 之 𠧨 乎 必 䏻 行 保 民 之 政 則 下 順 民 心 上 合 天 意 而 轉 灾 爲 祥 年 榖 屡 登 家 人 給 足 海 内 昇 平 國 家 億 萬 年 之 基 業 今 其 自 是 有 永 矣 . [9a*4*2]\nThị dĩ, cảm động thiên địa, trí thiên tâm vị thượng thuận, hồng thuỷ chi tai phiếm dật quá thường, đắc phi thời chính sở quan, kì khả bất khủng cụ, tu tỉnh, tư sở dĩ trí thử chi cữu hồ? Tất năng hành bảo dân chi chính tắc hạ thuận dân tâm, thượng hợp thiên ý, nhi chuyển tai vi tường, niên cốc lũ đăng, gia nhân cấp túc, hải nội thăng bình, quốc gia ức vạn niên chi cơ nghiệp kim kì tự thị hữu vĩnh hĩ\".\n冬 十 月 太 傅 清 郡 公 鄭 𭫨 擒 得 僞 蕭 國 于 天 健 . [9a*9*1]\nĐông, thập nguyệt, thái phó Thanh quận công Trịnh Tráng cầm đắc nguỵ Tiêu Quốc vu Thiên Kiện..\n",
    "url": "/data/image_dvsk/ban_ky_tuc_bien/quyen18/DVSKTT_ban_tuc_XVIII_9a.jpg"
  },
  {
    "text": "山 蕭 國 金 榜 不 奪 人 也 ] . [9b*1*1]\nsơn [Tiêu Quốc Kim Bảng, Bất Đoạt nhân dã].\n癸 丑 十 四 年 [ 明 萬 曆 十 一 年 ] . [9b*2*1]\nQuý Sửu, thập tứ niên, [Minh, Vạn Lịch thập nhất niên].\n四 春 會 試 天 下 士 人 . [9b*2*12]\ntứ Xuân, Hội thí thiên hạ sĩ nhân.\n取 中 格 裴 必 勝 等 七 名 . [9b*2*20]\nThủ trúng cách Bùi Tất Thắng đẳng thất danh.\n至 廷 試 賜 阮 俊 等 七 名 並 同 進 士 出 身 . [9b*3*7]\nChí Đình thí, tứ Nguyễn Tuấn đẳng thất danh tịnh đồng Tiến sĩ xuất thân.\n夏 四 月 遣 正 使 劉 廷 質 阮 登 副 使 阮 德 澤 黄 琦 阮 政 阮 師 卿 等 二 部 如 明 歳 貢 . [9b*4*4]\nHạ, tứ nguyệt, khiển chánh sứ Lưu Đình Chất, Nguyễn Đăng, phó sứ Nguyễn Đức Trạch, Hoàng Kì, Nguyễn Chính, Nguyễn Sư Khanh đẳng nhị bộ như Minh tuế cống.\n五 月 望 月 有 食 之 . [9b*5*17]\nNgũ nguyệt, vọng, nguyệt hữu thực chi.\n六 月 順 廣 太 尉 端 國 公 阮 黄 卒 . [9b*6*7]\nLục nguyệt, Thuận Quảng thái uý Đoan quốc công Nguyễn Hoàng tốt.\n秋 七 月 望 月 有 食 之 . [9b*7*2]\nThu, thất nguyệt, vọng, nguyệt hữu thực chi.\n八 月 命 太 傅 清 郡 公 鄭 𭫨 經 畧 安 廣 等 處 恢 拓 境 土 . [9b*8*1]\nBát nguyệt, mệnh Thái phó Thanh quận công Trịnh Tráng kinh lược Yên Quảng đẳng xứ khôi thác cảnh thổ.\n所 至 人 民 㱕 附 留 属 将 鎮 守 而 還 . [9b*9*3]\nSở chí, nhân dân quy phụ, lưu thuộc tướng trấn thủ nhi hoàn.\n",
    "url": "/data/image_dvsk/ban_ky_tuc_bien/quyen18/DVSKTT_ban_tuc_XVIII_9b.jpg"
  },
  {
    "text": "冬 十 一 月 命 朝 臣 分 行 各 處 問 民 疾 苦 . [10a*1*1]\nĐông, thập nhất nguyệt, mệnh triều thần phân hành các xứ vấn dân tật khổ.\n漂 流 者 饒 役 三 年 使 得 安 居 復 業 . [10a*1*16]\nPhiêu lưu giả nhiêu dịch tam niên sử đắc an cư phục nghiệp.\n甲 寅 十 五 年 [ 明 萬 曆 十 二 年 ] . [10a*3*1]\nGiáp Dần, thập ngũ niên, [Minh, Vạn Lịch thập nhị niên].\n四 夏 六 月 勑 封 王 孫 鄭 杖 爲 廉 郡 公 鄭 柞 爲 荣 郡 公 鄭 梌 爲 香 郡 公 鄭 榜 爲 會 郡 公 鄭 榛 爲 普 郡 公 鄭 廉 爲 朗 郡 公 鄭 栻 爲 倫 郡 公 鄭 棣 爲 和 郡 公 . [10a*3*12]\ntứ Hạ, lục nguyệt, sắc phong vương tôn Trịnh Trượng vi Liêm quận công, Trịnh Tạc vi Vinh quận công, Trịnh Đồ vi Hương quận công, Trịnh Bảng vi Hội quận công, Trịnh Trăn vi Phổ quận công, Trịnh Liêm vi Lãng quận công, Trịnh Thức vi Luân quận công, Trịnh Lệ vi Hoà quận công.\n秋 九 月 封 王 子 鄭 棣 爲 瓊 郡 公 . [10a*7*1]\nThu, cửu nguyệt, phong vương tử Trịnh Lệ vi Quỳnh quận công.\n以 刑 科 都 給 事 中 阮 有 作 爲 海 陽 參 政 . [10a*7*13]\nDĩ Hình khoa đô cấp sự trung Nguyễn Hữu Tác vi Hải Dương tham chính.\n冬 十 一 月 雷 嗚 . [10a*9*1]\nĐông, thập nhất nguyệt, lôi ô.\n",
    "url": "/data/image_dvsk/ban_ky_tuc_bien/quyen18/DVSKTT_ban_tuc_XVIII_10a.jpg"
  },
  {
    "text": "乙 卯 十 六 年 [ 明 萬 曆 十 三 年 ] . [10b*1*1]\nẤt Mão, thập lục niên, [Minh, Vạn Lịch thập tam niên].\n四 春 二 月 朝 堂 阮 澧 等 啓 陳 時 弊 凣 八 條 . [10b*1*12]\ntứ Xuân, nhị nguyệt, triều đường Nguyễn Lễ đẳng khải trần thời tệ phàm bát điều.\n平 安 王 嘉 納 之 特 厚 賞 賜 . [10b*2*6]\nBình An Vương gia nộp chi, đặc hậu thưởng tứ.\n三 月 朔 日 有 食 之 . [10b*2*16]\nTam nguyệt, sóc, nhật hữu thực chi.\n二 十 八 日 申 時 弘 烈 盛 烈 等 社 陂 無 故 水 涸 當 五 刻 後 復 如 故 . [10b*3*6]\nNhị thập bát nhật, Thân thì, Hoằng Liệt, Thịnh Liệt đẳng xã bi vô cố thuỷ hạc, đương ngũ khắc hậu phục như cố.\n秋 閏 八 月 遣 少 尉 舒 郡 公 阮 景 堅 等 𭁈 刑 部 尚 書 兼 東 閣 𭓇 士 羙 溪 侯 阮 澧 等 迎 接 使 臣 回 還 . [10b*5*1]\nThu, nhuận bát nguyệt, khiển thiếu uý Thư quận công Nguyễn Cảnh Kiên đẳng dữ Hình bộ thượng thư kiêm Đông các học sĩ Mĩ Khê hầu Nguyễn Lễ đẳng nghênh tiếp sứ thần hồi hoàn.\n丙 辰 十 七 年 [ 明 萬 曆 十 四 年 ] . [10b*7*1]\nBính Thìn, thập thất niên, [Minh Vạn Lịch thập tứ niên].\n四 春 正 月 二 十 六 日 月 有 食 之 是 月 會 試 天 下 士 人 . [10b*7*12]\ntứ Xuân, chính nguyệt, nhị thập lục nhật, nguyệt hữu thực chi Thị nguyệt, Hội thí thiên hạ sĩ nhân.\n取 中 格 武 勉 等 四 名 . [10b*8*9]\nThủ trúng cách Vũ Miễn đẳng tứ danh.\n及 廷 試 賜 黎 致 用 等 同 進 士 出 身 . [10b*8*17]\nCập Đình thí, tứ Lê Trí Dụng đẳng đồng Tiến sĩ xuất thân.\n二 月 以 吏 部 右 . [10b*9*12]\nNhị nguyệt, dĩ Lại bộ Hữu..\n",
    "url": "/data/image_dvsk/ban_ky_tuc_bien/quyen18/DVSKTT_ban_tuc_XVIII_10b.jpg"
  },
  {
    "text": "侍 郎 春 陽 伯 阮 名 世 爲 户 部 左 侍 郎 工 部 右 侍 郎 禮 川 伯 阮 克 寬 爲 刑 部 左 侍 郎 御 史 󰱑 僉 都 御 史 芳 泉 伯 阮 惟 時 爲 副 都 御 史 . [11a*1*1]\nthị lang Xuân Dương bá Nguyễn Danh Thế vi Hộ bộ Tả thị lang; Công bộ Hữu thị lang Lễ Xuyên bá Nguyễn Khắc Khoan vi Hình bộ Tả thị lang; Ngự sử đài thiêm đô ngự sử Phương Tuyền bá Nguyễn Duy Thì vi Phó đô ngự sử.\n又 論 奉 使 功 陞 寺 卿 仁 嶺 伯 劉 廷 質 爲 吏 部 右 侍 郎 福 岩 伯 阮 登 爲 户 部 右 侍 郎 並 加 侯 爵 參 政 唐 川 子 阮 政 爲 太 僕 寺 卿 伯 爵 . [11a*3*14]\nHựu luận phụng sứ công, thăng Tự khanh Nhân Lĩnh bá Lưu Đình Chất vi Lại bộ Hữu thị lang; Phúc Nham bá Nguyễn Đăng vi Hộ bộ Hữu thị lang, tịnh gia hầu tước; Tham chính Đường Xuyên tử Nguyễn Chính vi Thái bộc Tự khanh bá tước.\n三 月 二 十 七 日 陞 署 衛 事 東 陽 侯 阮 文 祚 爲 沔 郡 公 花 陽 侯 王 珠 爲 浦 郡 公 . [11a*7*1]\nTam nguyệt, nhị thập thất nhật, thăng Thự vệ sự Đông Dương hầu Nguyễn Văn Tộ vi Miện quận công, Hoa Dương hầu Vương Châu vi Phố quận công.\n秋 九 月 户 部 左 侍 郎 衍 嘉 侯 黎 弼 四 吏 部 右 侍 . [11a*9*1]\nThu, cửu nguyệt, Hộ bộ tả thị lang Diễn Gia hầu Lê Bật Tứ, Lại bộ Hữu thị..\n",
    "url": "/data/image_dvsk/ban_ky_tuc_bien/quyen18/DVSKTT_ban_tuc_XVIII_11a.jpg"
  },
  {
    "text": "郎 仁 嶺 侯 劉 廷 質 等 啓 言 於 平 安 王 以 爲 天 心 仁 爱 必 形 於 譴 告 之 中 或 不 知 自 省 天 又 出 灾 異 以 警 惧 之 . [11b*1*1]\nlang Nhân Lĩnh hầu Lưu Đình Chất đẳng khải ngôn ư Bình An Vương dĩ vi: \"Thiên tâm nhân ái, tất hình ư khiển cáo chi trung, hoặc bất tri tự tỉnh thiên hựu xuất tai dị dĩ cảnh cụ chi.\n以 此 見 天 心 仁 爱 人 君 如 此 其 至 . [11b*3*6]\nDĩ thử kiến thiên tâm nhân ái nhân quân như thử kì chí.\n本 年 五 六 月 間 農 務 正 殷 天 既 作 旱 熯 耕 農 觖 望 . [11b*4*1]\nBản niên ngũ lục nguyệt gian, nông vụ chính ân, thiên ký tác hạn hán, canh nông quyết vọng.\n兹 八 月 日 禾 榖 方 成 天 又 降 旱 灾 遠 被 郡 國 . [11b*5*2]\nTư bát nguyệt nhật, hoà cốc phương thành, thiên hựu giáng hạn tai viễn bị quận quốc.\n一 年 二 旱 灾 異 間 見 屡 出 閭 里 之 民 多 有 嗟 怨 得 非 時 政 所 䦕 使 之 然 󰊹 . [11b*6*1]\nNhất niên nhị hạn, tai dị gian kiến lũ xuất, lư lí chi dân đa hữu ta oán, đắc phi thời chính sở quan sử chi nhiên dư.\n兹 聞 令 催 清 華 處 各 縣 社 逐 項 選 益 另 兵 . [11b*7*11]\nTư văn lênh thôi Thanh Hoa xứ các huyện xã trục hạng tuyển ích lánh binh.\n恐 非 閲 選 之 時 . [11b*8*9]\nKhủng phi duyệt tuyển chi thời.\n若 此 令 一 行 其 諸 權 勢 所 該 隨 而 效 之 更 加 選 補 民 命 将 . [11b*8*15]\nNhược thử lệnh nhất hành kì chư quyền thế sở cai tuỳ nhi hiệu chi, cánh gia tuyển bổ, dân mệnh tương..\n",
    "url": "/data/image_dvsk/ban_ky_tuc_bien/quyen18/DVSKTT_ban_tuc_XVIII_11b.jpg"
  },
  {
    "text": "何 以 堪 恭 乞 以 敬 天 恤 民 爲 心 酌 停 益 兵 以 爲 仁 政 之 事 . [12a*1*1]\nhà dĩ kham? Cung khất dĩ kính thiên tuất dân vi tâm, chước đình ích binh dĩ vi nhân chính chi sự.\n如 此 則 民 心 悅 天 意 得 和 氣 致 祥 耳 雨 降 嘉 禾 興 黎 民 陶 給 足 之 休 國 勢 奠 泰 磐 之 壮 而 祚 胤 永 無 窮 矣 . [12a*2*5]\nNhư thử tắc dân tâm duyệt, thiên ý đắc, hoà khí trí tường nhĩ, vũ giáng gia hoà hưng lê dân đào cấp túc chi hưu, quốc thế điện thái bàn chi tráng nhi tộ dận vĩnh vô cùng hĩ\".\n丁 巳 十 八 年 [ 明 萬 曆 十 五 年 ] . [12a*5*1]\nĐinh Tị thập bát niên, [Minh Vạn Lịch thập ngũ niên].\n四 春 正 月 望 月 有 食 之 . [12a*5*12]\ntứ Xuân, chính nguyệt, vọng, nguyệt hữu thực chi.\n以 郎 中 裴 秉 彛 爲 安 廣 道 監 察 御 史 以 其 󰁮 宗 忠 義 始 終 全 節 故 也 . [12a*5*21]\nDĩ Lang trung Bùi Bỉnh Di vi Yên Quảng đạo giám sát ngự sử, dĩ kì cử tông trung nghĩa thuỷ chung toàn tiết cố dã.\n又 以 郎 中 杜 世 隆 爲 廣 南 道 監 察 御 史 以 其 父 有 功 於 國 故 擢 用 之 . [12a*7*8]\nHựu dĩ Lang trung Đỗ Thế Long vi Quảng Nam đạo giám sát ngự sử, dĩ kì phụ hữu công ư quốc cố trạc dụng chi.\n秋 八 月 十 五 日 有 颶 風 大 起 水 潦 淹 浸 禾 榖 盡 . [12a*9*1]\nThu, bát nguyệt, thập ngũ nhật, hữu cụ phong đại khởi, thuỷ lạo yêm tẩm, hoà cốc tận..\n",
    "url": "/data/image_dvsk/ban_ky_tuc_bien/quyen18/DVSKTT_ban_tuc_XVIII_12a.jpg"
  },
  {
    "text": "空 . [12b*1*1]\nkhông.\n十 六 日 月 有 食 之 . [12b*1*2]\nThập lục nhật, nguyệt hữu thực chi.\n加 吏 部 尚 書 掌 六 部 事 兼 御 史 󰱑 都 御 史 澧 郡 公 阮 文 階 爲 少 傅 . [12b*1*9]\nGia Lại bộ thượng thư chưởng lục bộ sự kiêm Ngự sử đài đô ngự sử Lễ quận công Nguyễn Văn Giai vi thiếu phó.\n九 月 時 五 榖 當 熟 颶 風 大 起 鹹 水 破 潰 近 海 之 民 多 被 其 害 . [12b*3*1]\nCửu nguyệt, thời ngũ cốc đương thục, cụ phong đại khởi, hàm thuỷ phá hội, cận hải chi dân đa bị kì hại.\n山 西 處 大 蝗 . [12b*4*6]\nSơn Tây xứ đại hoàng.\n戊 午 十 九 年 [ 明 萬 曆 十 六 年 ] . [12b*5*1]\nMậu Ngọ thập cửu niên, [Minh, Vạn Lịch thập lục niên].\n四 春 正 月 望 月 有 食 之 . [12b*5*12]\ntứ Xuân, chính nguyệt, vọng, nguyệt hữu thực chi.\n二 月 命 太 傅 清 郡 公 鄭 𭫨 率 属 将 舒 郡 公 阮 景 堅 澧 郡 公 阮 文 階 拔 郡 公 缺 名 ] 右 郡 公 謝 世 福 登 郡 公 阮 啓 附 郡 公 阮 潶 𭁈 督 視 禮 部 左 侍 郎 芳 蘭 侯 阮 實 又 命 太 保 萬 郡 公 鄭 椿 率 属 将 𣹟 郡 . [12b*6*1]\nNhị nguyệt, mệnh thái phó Thanh quận công Trịnh Tráng suất thuộc tướng Thư quận công Nguyễn Cảnh Kiên, Lễ quận công Nguyễn Văn Giai, Bạt quận công [khuyết danh], Hữu quận công Tạ Thế Phúc, Đăng quận công Nguyễn Khải, Phụ quận công Nguyễn Hắc dữ Đốc thị Lễ bộ Tả thị lang Phương Lan hầu Nguyễn Thực, hựu mệnh Thái bảo Vạn quận công Trịnh Xuân suất thuộc tướng Cống quận..\n",
    "url": "/data/image_dvsk/ban_ky_tuc_bien/quyen18/DVSKTT_ban_tuc_XVIII_12b.jpg"
  },
  {
    "text": "公 黄 廷 逢 倫 郡 公 鄭 栻 普 郡 公 鄭 榛 朗 郡 公 鄭 稴 𭁈 督 視 副 都 御 史 芳 泉 伯 阮 惟 時 等 分 爲 二 道 進 兵 會 擊 莫 慶 王 及 僞 智 水 等 . [13a*1*1]\ncông Hoàng Đình Phùng, Luân quận công Trịnh Thức, Phổ quận công Trịnh Trăn, Lãng quận công Trịnh Liêm dữ Đốc thị phó Đô ngự sử Phương Tuyền bá Nguyễn Duy Thì đẳng phân vi nhị đạo tiến binh hội kích Mạc Khánh Vương cập nguỵ Trí Thuỷ đẳng.\n賊 黨 聞 之 皆 遠 遁 . [13a*3*14]\nTặc đảng văn chi giai viễn độn.\n太 傅 清 郡 公 鄭 𭫨 密 差 富 禄 侯 缺 名 ] 斬 得 僞 立 郡 公 . [13a*4*2]\nThái phó Thanh quận công Trịnh Tráng mật sai Phú Lộc hầu [khuyết danh] trảm đắc nguỵ Lập quận công.\n三 月 命 太 保 鎮 郡 公 鄭 林 率 属 将 禄 郡 公 缺 名 ] 會 郡 公 鄭 榜 等 往 伐 武 崖 僞 黨 . [13a*6*1]\nTam nguyệt, mệnh Thái bảo Trấn quận công Trịnh Lâm suất thuộc tướng Lộc quận công [khuyết danh], Hội quận công Trịnh Bảng đẳng vãng phạt Vũ Nhai nguỵ đảng.\n以 刑 部 左 侍 郎 禮 川 伯 阮 克 寬 爲 督 視 . [13a*7*12]\nDĩ Hình bộ Tả thị lang Lễ xuyên bá Nguyễn Khắc Khoan vi Đốc thị.\n又 添 差 左 軍 營 将 士 一 千 前 軍 營 将 士 一 千 𭁈 俱 進 擊 . [13a*8*9]\nHựu thiêm sai Tả quân dinh tướng sĩ nhất thiên, Tiền quân dinh tướng sĩ nhất thiên dữ câu tiến kích.\n賊 黨 聞 之 震 駭 悉 . [13a*9*12]\nTặc đảng văn chi chấn hãi tất..\n",
    "url": "/data/image_dvsk/ban_ky_tuc_bien/quyen18/DVSKTT_ban_tuc_XVIII_13a.jpg"
  },
  {
    "text": "皆 解 散 . [13b*1*1]\ngiai giải tán.\n夏 四 月 時 榖 大 豊 稔 乃 分 遣 培 築 各 處 堤 路 以 防 水 患 . [13b*2*1]\nHạ, tứ nguyệt, thời cốc đại phong nhẫm, nãi phân khiển bồi trúc các xứ đê lộ dĩ phòng thuỷ hoạn.\n是 月 安 定 縣 丹 泥 上 社 銅 皷 山 崩 . [13b*4*1]\nThị nguyệt, Yên Định huyện, Đan Nê Thượng xã, Đồng Cổ sơn băng.\n命 官 往 告 祭 之 . [13b*4*14]\nMệnh quan vãng cáo tế chi.\n二 十 四 日 寅 時 有 彗 星 見 于 西 南 方 形 如 紅 絹 . [13b*5*2]\nNhị thập tứ nhật, Dần thì, hữu Tuệ tinh hiện vu Tây Nam phương, hình như hồng quyên.\n二 十 八 日 酉 時 有 星 直 騰 西 方 走 形 如 帛 疋 . [13b*6*3]\nNhị thập bát nhật, Dậu thì, hữu tinh trực đằng Tây phương tẩu, hình như bạch thất.\n閏 四 月 命 太 傅 清 郡 公 鄭 𭫨 太 保 萬 郡 公 鄭 椿 等 督 領 象 馬 士 卒 往 伐 僞 豪 郡 徒 黨 于 安 勇 地 . [13b*8*1]\nNhuận tứ nguyệt, mệnh Thái phó Thanh quận công Trịnh Tráng, Thái bảo Vạn quận công Trịnh Xuân đẳng đốc lĩnh tượng mã sĩ tốt vãng phạt nguỵ Hào quận đồ đảng vu Yên Dũng địa..\n",
    "url": "/data/image_dvsk/ban_ky_tuc_bien/quyen18/DVSKTT_ban_tuc_XVIII_13b.jpg"
  },
  {
    "text": "方 . [14a*1*1]\nphương.\n諸 軍 被 嵐 瘴 而 回 士 馬 多 損 . [14a*1*2]\nChư quân bị lam chướng nhi hồi, sĩ mã đa tổn.\n秋 八 月 天 雨 金 形 如 黄 米 又 雨 米 如 黒 米 雨 酒 如 甘 酒 . [14a*2*1]\nThu, bát nguyệt, thiên vũ kim, hình như hoàng mễ, hựu vũ mễ, như hắc mễ, vũ tửu như cam tửu.\n九 月 時 有 白 氣 形 如 鉞 直 立 每 夜 五 更 常 見 在 東 南 方 經 是 月 下 旬 至 十 月 上 旬 始 滅 . [14a*4*1]\nCửu nguyệt, thời hữu bạch khí hình như việt trực lập, mỗi dạ ngũ canh thường hiện tại Đông Nam phương, kinh thị nguyệt hạ tuần chí thập nguyệt thượng tuần thuỷ diệt.\n冬 十 月 四 日 吏 部 左 侍 郎 富 春 侯 吳 致 和 户 部 左 侍 郎 衍 嘉 侯 黎 弼 四 與 范 珍 等 啓 言 于 平 安 王 曰 窃 見 本 年 九 月 下 旬 有 異 星 寅 刻 見 于 南 方 長 一 丈 餘 又 有 雷 動 非 時 . [14a*6*1]\nĐông, thập nguyệt, tứ nhật, Lại bộ Tả thị lang Phú Xuân hầu Ngô Trí Hoà, Hộ bộ Tả thị lang Diễn Gia hầu Lê Bật Tứ dữ Phạm Trân đẳng khải ngôn vu Bình An Vương viết: \"Thiết kiến, bản niên cửu nguyệt hạ tuần hữu dị tinh Dần khắc hiện vu Nam phương, trường nhất trượng dư, hựu hữu lôi động phi thời.\n前 月 又 有 雨 黒 米 雨 . [14a*9*11]\nTiền nguyệt hựu hữu vũ hắc mễ, vũ..\n",
    "url": "/data/image_dvsk/ban_ky_tuc_bien/quyen18/DVSKTT_ban_tuc_XVIII_14a.jpg"
  },
  {
    "text": "沙 金 . [14b*1*1]\nsa kim.\n等 事 涉 扵 恠 異 得 非 時 政 所 䦕 . [14b*1*3]\nĐẳng sự thiệp ư quái dị, đắc phi thời chính sở quan.\n其 他 背 理 傷 道 难 以 疏 奉 謹 以 六 事 陳 之 其 一 乞 脩 德 以 祈 天 命 其 二 抑 權 豪 以 養 民 力 其 三 禁 煩 苛 以 厚 民 生 其 四 抑 奢 侈 以 豊 民 財 其 五 禁 盗 劫 以 奠 民 居 其 六 脩 軍 政 以 護 民 生 . [14b*1*15]\nKì tha bội lí thương đạo nan dĩ sớ phụng, cẩn dĩ lục sự trần chi: kì nhất: khất tu đức dĩ kì thiên mệnh; kì nhị: ức quyền hào dĩ dưỡng dân lực; kì tam: cấm phiền hà dĩ hậu dân sinh; kì tứ: ức xa xỉ dĩ phong dân tài; kì ngũ: cấm đạo kiếp dĩ điện dân cư; kì lục: tu quân chính dĩ hộ dân sinh\".\n時 帝 以 國 家 庶 事 委 平 安 王 總 裁 故 洞 達 謹 啓 欲 以 上 聞 輔 行 仁 政 . [14b*5*13]\nThời, Đế dĩ quốc gia thứ sự uỷ Bình An Vương tổng tài, cố đỗng đạt cẩn khải dục dĩ thượng văn phụ hành nhân chính.\n吏 部 右 侍 郎 仁 嶺 侯 劉 廷 質 啓 言 于 平 安 王 曰 窃 聞 天 降 灾 祚 在 德 𭁈 否 . [14b*7*3]\nLại bộ Hữu thị lang Nhân Lĩnh hầu Lưu Đình Chất khải ngôn vu Bình An Vương viết: \"Thiết văn, thiên giáng tai tộ tại đức dữ phủ.\n作 善 則 降 之 以 祥 不 善 則 警 之 以 異 . [14b*8*14]\nTác thiện tắc giáng chi dĩ tường, bất thiện tắc cảnh chi dĩ dị.\n然 因 灾 異 而 脩 德 則 無 . [14b*9*10]\nNhiên nhân tai dị nhi tu đức tắc vô..\n",
    "url": "/data/image_dvsk/ban_ky_tuc_bien/quyen18/DVSKTT_ban_tuc_XVIII_14b.jpg"
  },
  {
    "text": "損 . [15a*1*1]\ntổn.\n是 以 古 人 以 天 自 處 而 致 謹 於 天 命 之 際 . [15a*1*2]\nThị dĩ, cổ nhân dĩ thiên tự xử nhi trí cẩn ư thiên mệnh chi tế.\n漢 文 帝 克 承 天 心 而 變 異 消 弭 宋 景 公 一 發 善 言 而 灾 星 退 舍 . [15a*1*18]\nHán Văn Đế khắc thừa thiên tâm nhi biến dị tiêu nhị, Tống Cảnh Công nhất phát thiện ngôn nhi tai tinh thoái xả.\n國 家 自 恢 復 以 來 天 地 未 應 美 祥 未 至 而 灾 異 頗 有 疊 出 . [15a*3*6]\nQuốc gia tự khôi phục dĩ lai, thiên địa vị ứng, mĩ tường vị chí, nhi tai dị phả hữu điệp xuất.\n本 年 秋 候 天 雨 黑 炭 則 是 異 也 而 當 時 諱 言 灾 異 指 爲 雨 米 . [15a*4*10]\nBản niên thu hậu, thiên vũ hắc thán tắc thị dị dã, nhi đương thời huý ngôn tai dị chỉ vi vũ mễ.\n𡸈 至 和 如 史 皇 之 時 而 天 爲 雨 粟 者 乎 天 雨 黄 沙 却 是 恠 也 而 術 士 好 言 祥 瑞 指 爲 雨 金 . [15a*5*15]\nKhởi chí hoà như sử Hoàng chi thời nhi thiên vi vũ túc giả hồ? Thiên vũ hoàng sa khước thị quái dã, nhi thuật sĩ hiếu ngôn tường thuỵ chỉ vi vũ kim.\n𡸈 亨 通 如 夏 禹 之 世 而 天 爲 雨 金 者 乎 意 者 既 示 之 警 或 未 省 悟 九 月 下 旬 越 本 月 旬 異 星 見 于 東 南 方 見 者 . [15a*7*13]\nKhởi hanh thông như Hạ Vũ chi thế, nhi thiên vi vũ kim giả hồ? Ý giả ký thị chi cảnh hoặc vị tỉnh ngộ, cửu nguyệt hạ tuần việt bản nguyệt tuần, dị tinh hiện vu Đông Nam phương, kiến giả..\n",
    "url": "/data/image_dvsk/ban_ky_tuc_bien/quyen18/DVSKTT_ban_tuc_XVIII_15a.jpg"
  },
  {
    "text": "無 不 駭 慄 尤 非 小 異 也 . [15b*1*1]\nvô bất hãi lật, vưu phi tiểu dị dã.\n得 非 德 之 未 脩 政 猶 闕 失 而 𦤶 然 歟 今 政 事 所 行 不 逮 往 年 命 令 之 布 該 將 不 體 上 人 寬 恤 之 意 務 行 苛 虐 竭 民 財 産 愁 苦 之 聲 足 以 感 動 上 天 而 天 警 以 恠 異 人 主 覩 是 宜 以 自 省 也 . [15b*1*10]\nĐắc phi đức chi vị tu chính do khuyết thất nhi trí nhiên dư? Kim chính sự sở hành bất đãi vãng niên, mệnh lệnh chi bố cai tương bất thể thượng nhân khoan tuất chi ý, vụ hành hà ngược, kiệt dân tài sản, sầu khổ chi thanh túc dĩ cảm động thượng Thiên nhi Thiên cảnh dĩ quái dị, nhân chủ đổ thị nghi dĩ tự tỉnh dã.\n恭 願 謹 祗 天 戒 惠 養 小 民 凡 一 毫 有 便 於 民 者 行 之 一 弊 有 妨 於 民 者 去 之 . [15b*5*7]\nCung nguyện cẩn chi thiên giới, huệ dưỡng tiểu dân, phàm nhất hào hữu tiện ư dân giả hành chi, nhất tệ hữu phương ư dân giả khử chi.\n尤 且 施 仁 政 於 民 . [15b*6*18]\nVưu thả thi nhân chính ư dân.\n京 畿 庯 坊 之 民 所 當 恤 也 則 號 令 諸 將 禁 戢 攘 奪 以 强 天 下 之 原 本 清 華 四 政 之 民 所 當 恤 也 則 申 勑 諸 將 勿 爲 煩 擾 以 壮 國 . [15b*7*7]\nKinh kì phố phường chi dân sở đáng tuất dã, tắc hiệu lệnh chư tướng cấm tập nhương đoạt dĩ cường thiên hạ chi nguyên bản; Thanh Hoa tứ chiếng chi dân sở đáng tuất dã, tắc thân sắc chư tướng vật vi phiền nhiễu dĩ tráng quốc..\n",
    "url": "/data/image_dvsk/ban_ky_tuc_bien/quyen18/DVSKTT_ban_tuc_XVIII_15b.jpg"
  },
  {
    "text": "家 之 堂 基 . [16a*1*1]\ngia chi đường cơ.\n如 此 近 者 被 其 澤 而 説 遠 者 聞 其 風 而 來 斯 得 民 矣 . [16a*1*5]\nNhư thử cận giả bị kì trạch nhi duyệt, viễn giả văn kì phong nhi lai, tư đắc dân hĩ.\n人 心 悅 於 下 天 道 應 於 上 將 見 灾 星 轉 爲 景 星 之 祥 沴 雨 轉 爲 甘 雨 之 瑞 諸 福 之 物 無 不 畢 至 而 王 道 大 成 矣 . [16a*2*7]\nNhân tâm duyệt ư hạ, thiên đạo ứng ư thượng, tương kiến tai tinh chuyển vi cảnh tinh chi tường, lệ vũ chuyển vi cam vũ chi thuỵ, chư phúc chi vật vô bất tất chí, nhi Vương đạo đại thành hĩ\".\n朝 臣 上 奏 其 略 曰 天 人 相 與 之 際 甚 可 畏 也 . [16a*5*1]\nTriều thần thượng tấu, kì lược viết: \"Thiên nhân tương dữ chi tế thậm khả uý dã.\n人 事 不 脩 天 以 灾 異 譴 告 之 . [16a*5*18]\nNhân sự bất tu, thiên dĩ tai dị khiển cáo chi.\n兹 本 年 九 月 下 旬 越 本 月 上 旬 每 夜 五 鼓 沴 星 現 東 南 方 形 如 白 雲 形 如 白 練 形 如 尖 梭 形 如 芒 刃 頭 尾 尖 細 視 之 駭 慄 . [16a*6*11]\nTư bản niên cửu nguyệt hạ tuần việt bản nguyệt thượng tuần, mỗi dạ ngũ cổ, lệ tinh hiện Đông Nam phương, hình như bạch vân, hình như bạch luyện, hình như tiêm toa, hình như mang nhận, đầu vĩ tiêm tế, thị chi hãi lật.\n又 有 雨 下 金 如 土 雨 下 米 如 黒 雨 下 酒 如 . [16a*9*3]\nHựu hữu vũ hạ kim như thổ, vũ hạ mễ như hắc, vũ hạ tửu như..\n",
    "url": "/data/image_dvsk/ban_ky_tuc_bien/quyen18/DVSKTT_ban_tuc_XVIII_16a.jpg"
  },
  {
    "text": "甘 嗚 非 時 之 雷 灾 異 稠 見 . [16b*1*1]\ncam, ô phi thời chi lôi, tai dị trù hiện.\n變 不 虚 生 意 者 内 有 失 德 外 有 失 政 紀 綱 彫 弛 法 令 未 張 官 吏 苛 刻 民 星 摇 動 人 事 多 失 和 而 致 然 歟 謹 察 周 書 王 省 惟 歲 卿 士 惟 月 庶 民 惟 星 盖 言 人 事 有 得 失 休 咎 之 徵 各 以 類 應 . [16b*1*11]\nBiến bất hư sinh ý giả, nội hữu thất đức, ngoại hữu thất chính, kỷ cương điêu thỉ, pháp lệnh vị trương, quan lại hà khắc, dân tinh dao động, nhân sự đa thất hoà nhi trí nhiên dư? Cẩn sát Chu thư: \"Vương tỉnh duy Tuế, khanh sĩ duy nguyệt, thứ dân duy tinh\", cái ngôn nhân sự hữu đắc thất, hưu cữu chi trưng các dĩ loại ứng.\n兹 年 異 星 夜 見 灾 沴 並 作 此 上 天 示 戒 乃 恐 惧 憂 勤 之 日 . [16b*5*8]\nTư niên dị tinh dạ hiện, tai lệ tịnh tác, thử thượng thiên thị giới, nãi khủng cụ ưu cần chi nhật.\n見 天 心 仁 爱 每 寓 於 譴 告 之 中 請 修 德 以 禳 之 可 乎 . [16b*6*12]\nKiến thiên tâm nhân ái, mỗi ngụ ư khiển cáo chi trung, thỉnh tu đức dĩ nhương chi khả hồ.\n昔 宋 景 公 一 發 善 言 而 灾 星 爲 之 退 舍 宋 太 宗 一 開 齋 禳 而 彗 星 自 然 隨 滅 . [16b*7*14]\nTích Tống Cảnh Công nhất phát thiện ngôn, nhi tai tinh vị chi thoái xả, Tống Thái Tông nhất khai trai nhương, nhi Tuệ tinh tự nhiên tuỳ diệt.\n視 前 代 所 行 之 事 可 爲 徵 驗 . [16b*9*7]\nThị tiền đại sở hành chi sự, khả vi trưng nghiệm.\n臣 . [16b*9*18]\nThần..\n",
    "url": "/data/image_dvsk/ban_ky_tuc_bien/quyen18/DVSKTT_ban_tuc_XVIII_16b.jpg"
  },
  {
    "text": "等 伏 乞 髙 明 大 德 因 灾 而 惧 側 身 脩 行 設 祈 天 𡊨 齋 戒 密 禱 庶 幾 誠 心 感 格 玄 象 隨 應 沴 星 退 舍 和 氣 致 祥 隂 陽 調 而 風 雨 時 群 生 和 而 萬 物 殖 海 宇 措 衽 席 之 康 國 家 置 泰 磐 之 壮 基 緒 之 傳 今 其 自 是 有 永 于 以 衍 宗 社 億 萬 年 無 窮 之 福 . [17a*1*1]\nđẳng phục khất cao minh đại đức nhân tai nhi cụ trắc thân tu hành, thiết kì thiên đàn, trai giới mật đảo, thứ cơ thành tâm cảm cách, huyền tượng tuỳ ứng lệ tinh thoái xả, hoà khí trí tường, âm dương điều nhi phong vũ thời, quần sinh hoà nhi vạn vật thực, hải vũ thố nhẫm tịch chi khang, quốc gia trí Thái bàn chi tráng, cơ tự chi truyền kim kì tự thị hữu vĩnh, vu dĩ diễn tông xã ức vạn niên vô cùng chi phúc\".\n上 覧 其 奏 留 中 . [17a*6*2]\nthượng lãm kì tấu lưu trung.\n十 一 月 夜 五 更 彗 星 見 東 方 月 餘 始 滅 朝 臣 啓 于 平 安 王 曰 本 年 九 月 下 旬 有 異 星 見 于 東 南 方 本 月 十 一 日 夜 再 有 異 星 出 見 其 灾 異 屡 見 如 此 . [17a*7*1]\nThập nhất nguyệt, dạ ngũ canh, Tuệ tinh hiện Đông phương, nguyệt dư thuỷ diệt, triều thần khải vu Bình An Vương viết: \"Bản niên, cửu nguyệt hạ tuần hữu dị tinh hiện vu Đông Nam phương; bản nguyệt thập nhất nhật dạ tái hữu dị tinh xuất hiện, kì tai dị lũ kiến như thử,..\n",
    "url": "/data/image_dvsk/ban_ky_tuc_bien/quyen18/DVSKTT_ban_tuc_XVIII_17a.jpg"
  },
  {
    "text": "意 者 上 德 有 所 未 脩 政 事 有 所 舛 紊 人 謀 或 有 異 圖 而 致 然 歟 如 人 君 再 拱 扵 上 所 親 者 正 人 所 行 者 正 道 間 有 細 人 出 入 内 殿 導 引 爲 非 如 官 方 已 有 吏 部 反 特 許 聀 名 非 例 賦 税 已 有 户 部 反 差 人 到 民 爭 收 詞 訟 已 有 該 勘 衙 門 間 有 咱 人 誣 告 捉 人 取 財 軍 項 已 有 府 司 衛 所 間 有 差 人 勾 取 軍 色 重 役 乞 具 本 革 前 弊 照 行 . [17b*1*1]\ný giả thượng đức hữu sở vị tu, chính sự hữu sở suyễn vặn, nhân mưu hoặc hữu dị đồ nhi trí nhiên dư? Như nhân quân tái củng ư thượng, sở thân giả chính nhân, sở hành giả chính đạo, gian hữu tế nhân xuất nhập nội điện, đạo dẫn vi phi, như quan phương dĩ hữu Lại bộ, phản đặc hứa chức danh phi lệ; phú thuế dĩ hữu Hộ bộ, phản sai nhân đáo dân tranh thu; từ tụng dĩ hữu cai khám nha môn, gian hữu thính nhân vu cáo, tróc nhân thủ tài; quân hạng dĩ hữu phủ ti vệ sở, gian hữu sai nhân câu thủ, quân sắc trọng dịch, khất cụ bản cách tiền tệ, chiếu hành.\n紀 綱 法 度 已 有 成 憲 具 在 如 該 将 止 許 該 兵 不 有 該 民 兹 各 該 官 專 民 專 財 專 殺 又 私 󰱇 益 兵 一 家 至 五 . [17b*7*17]\nKỉ cương pháp độ dĩ hữu thành hiến cụ tại, như cai tướng chỉ hứa cai binh bất hữu cai dân, tư các cai quan chuyên dân chuyên tài chuyên sát, hựu tư tuyển ích binh, nhất gia chí ngũ,..\n",
    "url": "/data/image_dvsk/ban_ky_tuc_bien/quyen18/DVSKTT_ban_tuc_XVIII_17b.jpg"
  },
  {
    "text": "六 人 重 收 官 税 一 田 至 两 三 租 該 總 該 社 勾 勘 户 婚 田 土 諸 訟 水 路 陸 路 私 置 巡 司 巡 察 衙 門 . [18a*1*1]\nlục nhân, trọng thu quan thuế, nhất điền chí lưỡng tam tô; cai tổng cai xã câu khám hộ hôn điền thổ chư tụng, thuỷ lộ lục lộ tư trí tuần ti tuần sát nha môn.\n乞 令 諭 諸 将 一 切 停 罷 . [18a*3*1]\nKhất lệnh dụ chư tướng nhất thiết đình bãi.\n他 如 隂 有 異 圖 乃 人 謀 不 軌 恭 望 裁 察 . [18a*3*10]\nTha như âm hữu dị đồ, nãi nhân mưu bất quỹ, cung vọng tài sát.\n這 此 等 弊 乃 亦 天 星 示 警 正 恐 惧 脩 省 之 日 . [18a*4*7]\nGiá thử đẳng tệ nãi diệc thiên tinh thị cảnh, chính khủng cụ tu tỉnh chi nhật.\n宜 宣 召 大 臣 𭁈 諸 王 子 諭 以 王 業 󰠡 难 改 革 弊 政 務 悅 民 心 庶 幾 人 心 悅 天 意 得 灾 星 轉 爲 景 星 世 治 陶 爲 至 治 太 平 做 十 分 祚 胤 傳 億 載 國 家 基 緒 今 其 自 是 有 永 矣 . [18a*5*6]\nNghi tuyên triệu đại thần dữ chư vương tử, dụ dĩ Vương nghiệp gian nan, cải cách tệ chính, vụ duyệt dân tâm, thứ cơ nhân tâm duyệt, thiên ý đắc, tai tinh chuyển vi cảnh tinh, thế trị đào vi chí trị, thái bình tố thập phần tộ dận truyền ức tải, quốc gia cơ tự kim kì tự thị hữu vĩnh hĩ.\n王 留 思 之 . [18a*8*16]\nVương lưu tứ chi\".\n己 未 二 十 年 [ 六 月 以 後 神 宗 永 明 萬 曆 四 十 七 年 ] . [18a*9*1]\nKỉ Mùi, nhị thập niên, [lục nguyệt dĩ hậu Thần Tông Vĩnh Minh Vạn Lịch tứ thập thất niên].\n祚 元 年 春 正 月 十 六 . [18a*9*20]\nTộ nguyên niên Xuân, chính nguyệt, thập lục..\n",
    "url": "/data/image_dvsk/ban_ky_tuc_bien/quyen18/DVSKTT_ban_tuc_XVIII_18a.jpg"
  },
  {
    "text": "日 未 時 大 火 起 自 王 府 門 後 延 燒 两 邉 庯 坊 透 入 朝 堂 端 門 楼 及 左 右 直 廬 皆 空 尽 . [18b*1*1]\nnhật, Mùi thì, đại hoả, khởi tự Vương phủ môn, hậu diên thiêu lưỡng biên phố phường, thấu nhập triều đường Đoan Môn lâu, cập tả hữu trực lư giai không tận.\n二 月 會 試 天 下 士 人 . [18b*3*1]\nNhị nguyệt, Hội thí thiên hạ sĩ nhân.\n取 合 格 陳 有 禮 等 七 名 . [18b*3*9]\nThủ hợp cách Trần Hữu Lễ đẳng thất danh.\n及 殿 試 賜 阮 瀨 進 士 出 身 裴 球 等 六 名 同 進 士 出 身 . [18b*3*18]\nCập Điện thí, tứ Nguyễn Lại Tiến sĩ xuất thân, Bùi Cầu đẳng lục danh đồng Tiến sĩ xuất thân.\n三 月 平 安 王 往 東 津 楼 觀 舟 . [18b*5*2]\nTam nguyệt, Bình An Vương vãng đông tân lâu quan chu.\n回 到 三 岐 路 忽 有 伏 銃 𭛁 射 王 象 . [18b*5*13]\nHồi đáo tam kì lộ, hốt hữu phục súng phát xạ Vương tượng.\n捉 得 其 人 監 拷 知 帝 與 王 子 鄭 椿 隂 謀 殺 王 . [18b*6*9]\nTróc đắc kì nhân, giam khảo tri Đế dữ Vương tử Trịnh Xuân âm mưu sát Vương.\n夏 四 月 王 使 太 傅 清 郡 公 鄭 𭫨 與 内 監 岳 郡 公 裴 仕 林 入 内 殿 鞫 問 遂 尽 得 其 状 . [18b*7*8]\nHạ, tứ nguyệt, Vương sử Thái phó Thanh quận công Trịnh Tráng dữ Nội giám Nhạc quận công Bùi Sĩ Lâm nhập nội điện cúc vấn, toại tận đắc kì trạng.\n五 月 十 二 日 遂 逼 絞 帝 崩 . [18b*9*3]\nNgũ nguyệt, thập nhị nhật, toại bức giảo Đế băng.\n後 追 尊 爲 惠 皇 . [18b*9*13]\nHậu truy tôn vi Huệ Hoàng..\n",
    "url": "/data/image_dvsk/ban_ky_tuc_bien/quyen18/DVSKTT_ban_tuc_XVIII_18b.jpg"
  }
]