[
  {
    "text": "帝 廟 號 敬 宗 . [19a*1*1]\nĐế, miếu hiệu Kính Tông.\n六 月 皇 子 即 位 于 勤 政 殿 改 元 爲 永 祚 元 年 . [19a*2*1]\nLục nguyệt, Hoàng tử tức vị vu Cần Chính điện, cải nguyên vi Vĩnh Tộ nguyên niên.\n大 赦 . [19a*2*18]\nĐại xá.\n初 萬 郡 公 鄭 椿 隂 謀 射 殺 王 父 至 是 黎 弼 四 劾 之 仍 監 于 内 府 . [19a*3*2]\nSơ, Vạn quận công Trịnh Xuân âm mưu xạ sát Vương phụ, chí thị, Lê Bật Tứ hặc chi, nhưng giam vu nội phủ.\n神 宗 淵 皇 帝 上 諱 維 祺 敬 宗 長 子 也 在 位 二 十 五 年 遂 位 六 年 復 位 十 三 年 壽 五 十 六 歳 而 崩 塟 群 玉 陵 帝 隆 準 龍 顔 聰 明 博 覧 深 畧 緯 文 可 然 宫 闈 無 制 敎 感 浮 屠 此 其 所 短 ? ] . [19a*5*1]\nThần Tông Uyên Hoàng Đế thượng, [huý Duy Kì, Kính Tông trưởng tử dã, tại vị nhị thập ngũ niên, toại vị lục niên, phục vị thập tam niên, thọ ngũ thập lục tuế nhi băng, táng Quần Ngọc lăng. Đế long chuẩn, long nhan, thông minh bác lãm, thâm lược, vĩ văn, khả Nhiên cung vi vô chế, giáo cảm phù đồ, thử kì sở đoản dã].\n稱 令 辟 . [19a*7*29]\nxứng lệnh tịch.\n其 母 端 慈 皇 太 后 鄭 氏 玉 楨 乃 尚 父 平 安 王 之 次 女 也 以 弘 定 八 年 丁 未 十 一 月 十 九 日 . [19a*8*1]\nKì mẫu Đoan Từ Hoàng thái hậu Trịnh Thị Ngọc Trinh, nãi thượng phụ Bình An Vương chi thứ nữ dã, dĩ Hoằng Định bát niên, Đinh Mùi thập nhất nguyệt, thập cửu nhật..\n",
    "url": "/data/image_dvsk/ban_ky_tuc_bien/quyen18/DVSKTT_ban_tuc_XVIII_19a.jpg"
  },
  {
    "text": "誕 生 . [19b*1*1]\nđản sinh.\n及 敬 宗 崩 平 安 王 尊 立 爲 帝 以 誕 日 爲 壽 陽 聖 節 . [19b*1*3]\nCập Kính Tông băng, Bình An Vương tôn lập vi đế, dĩ đản nhật vi Thọ Dương thánh tiết.\n庚 申 永 祚 二 年 [ 明 萬 曆 十 八 年 ] . [19b*3*1]\nCanh Thân, Vĩnh Tộ nhị niên, [Minh Vạn Lịch thập bát niên].\n四 明 神 宗 崩 太 子 光 宗 即 位 纔 六 月 而 崩 . [19b*3*13]\ntứ Minh Thần Tông băng, Thái tử Quang Tông tức vị, tài lục nguyệt nhi băng.\n熹 宗 遂 即 位 改 元 天 啓 . [19b*4*7]\nHi Tông toại tức vị, cải nguyên Thiên Khải.\n遣 正 使 阮 世 標 阮 珙 副 使 裴 文 彪 吳 仁 澈 阮 奎 阮 俊 等 二 部 如 明 歳 貢 . [19b*4*16]\nKhiển chánh sứ Nguyễn Thế Tiêu, Nguyễn Cung, phó sứ Bùi Văn Bưu, Ngô Nhân Triệt, Nguyễn Khuê, Nguyễn Tuấn đẳng nhị bộ như Minh tuế cống.\n辛 酉 三 年 [ 明 熹 宗 啓 元 年 ] . [19b*7*1]\nTân Dậu tam niên, [Minh Hi Tông Khải nguyên niên].\n天 秋 八 月 東 方 有 白 虹 長 半 天 . [19b*7*11]\nThiên Thu, bát nguyệt, Đông phương hữu bạch vồng, trường bán thiên.\n壬 戌 四 年 [ 明 天 二 年 ] . [19b*8*1]\nNhâm Tuất tứ niên, [Minh Thiên nhị niên].\n啓 秋 八 月 天 大 雨 内 城 頺 壞 六 七 處 凣 三 十 餘 丈 . [19b*8*9]\nKhải Thu, bát nguyệt, thiên đại vũ, nội thành đồi hoại lục thất xứ phàm tam thập dư trượng.\n",
    "url": "/data/image_dvsk/ban_ky_tuc_bien/quyen18/DVSKTT_ban_tuc_XVIII_19b.jpg"
  },
  {
    "text": "癸 亥 五 年 [ 明 天 三 年 ] . [20a*1*1]\nQuý Hợi ngũ niên, [Minh Thiên tam niên].\n啓 春 會 試 天 下 士 人 . [20a*1*9]\nKhải Xuân, Hội thí thiên hạ sĩ nhân.\n取 合 格 范 不 建 等 七 名 . [20a*1*17]\nThủ hợp cách Phạm Bất Kiến đẳng thất danh.\n夏 四 月 殿 試 貢 士 . [20a*2*5]\nHạ, tứ nguyệt, Điện thí cống sĩ.\n時 弘 化 月 圓 人 阮 秩 潜 借 人 代 行 文 事 覺 . [20a*2*12]\nThời Hoằng Hoá, Nguyệt Viên nhân Nguyễn Trật tiềm tá nhân đại hành văn, sự giác.\n上 不 悅 故 是 科 不 賜 黄 榜 . [20a*3*11]\nThượng bất duyệt, Cố thị khoa bất tứ hoàng bảng.\n五 月 報 天 寺 門 石 井 無 故 填 壞 . [20a*4*3]\nNgũ nguyệt, Báo Thiên tự môn thạch tỉnh vô cố điền hoại.\n六 月 平 安 王 感 冐 乃 與 文 武 百 官 謀 擇 世 子 . [20a*4*15]\nLục nguyệt, Bình An Vương cảm mạo, nãi dữ văn vũ bá quan mưu trạch Thế tử.\n十 七 日 朝 臣 謹 奏 以 王 世 子 太 傅 清 郡 公 鄭 𭫨 掌 兵 權 又 以 次 子 太 保 萬 郡 公 鄭 椿 副 掌 兵 權 . [20a*5*16]\nthập thất nhật, triều thần cẩn tấu dĩ Vương thế tử Thái phó Thanh quận công Trịnh Tráng chưởng binh quyền, hựu dĩ thứ tử Thái bảo Vạn quận công Trịnh Xuân phó chưởng binh quyền.\n十 八 日 鄭 椿 自 率 本 兵 象 馬 銃 磾 排 捶 横 亭 處 使 奠 郡 蟠 郡 等 将 兵 破 入 内 府 掠 取 象 馬 金 銀 財 物 逼 . [20a*7*16]\nThập bát nhật, Trịnh Xuân tự suất bản binh, tượng mã, súng đạn bài thuỳ Hoành Đình xứ, sử Điện quận, Bàn quận đẳng tướng binh phá nhập nội phủ, lược thủ tượng mã, kim ngân tài vật, bức..\n",
    "url": "/data/image_dvsk/ban_ky_tuc_bien/quyen18/DVSKTT_ban_tuc_XVIII_20a.jpg"
  },
  {
    "text": "王 出 遷 于 城 外 因 縱 火 延 燒 京 畿 各 處 . [20b*1*1]\nVương xuất thiên vu thành ngoại, nhân túng hoả diên thiêu kinh kì các xứ.\n時 掌 監 岳 郡 公 裴 士 林 見 事 變 挺 身 扶 王 於 危 疑 之 󰟸 . [20b*1*16]\nThời chưởng giám Nhạc quận công Bùi Sĩ Lâm kiến sự biến, đĩnh thân phù Vương ư nguy nghi chi khoảnh.\n是 日 王 世 子 鄭 𭫨 與 群 臣 恊 謀 乃 使 其 弟 太 保 勇 郡 公 鄭 楷 奉 迎 聖 駕 扈 從 調 護 . [20b*3*1]\nThị nhật, Vương thế tử Trịnh Tráng dữ quần thần hiệp mưu, nãi sử kì đệ Thái bảo Dũng quận công Trịnh Khải phụng nghênh Thánh giá hộ tòng điều hộ.\n王 世 子 鄭 𭫨 會 文 武 百 官 于 清 池 縣 仁 睦 市 論 行 軍 務 . [20b*4*14]\nVương thế tử Trịnh Tráng hội văn võ bá quan vu Thanh Trì huyện, Nhân Mục thị, luận hành quân vụ.\n時 平 安 王 播 遷 于 清 池 縣 黄 梅 社 舘 泊 處 使 裴 仕 林 衛 入 親 弟 奉 國 公 鄭 杜 營 誘 鄭 椿 入 授 以 大 權 . [20b*5*17]\nThời, Bình An Vương bá thiên vu Thanh Trì huyện, Hoàng Mai xã, Quán Bạc xứ, sử Bùi Sĩ Lâm vệ nhập thân đệ Phụng quốc công Trịnh Đỗ dinh, dụ Trịnh Xuân nhập, thụ dĩ đại quyền.\n椿 啣 草 伏 庭 . [20b*8*1]\nXuân hàm thảo phục đình.\n王 数 以 亂 臣 賊 子 之 罪 乃 令 仕 林 差 人 斷 椿 脚 足 而 死 . [20b*8*6]\nVương sổ dĩ loạn thần tặc tử chi tội, nãi lệnh Sĩ Lâm sai nhân đoạn Xuân cước túc nhi tử.\n於 是 鄭 杜 使 親 男 碩 郡 公 . [20b*9*9]\nƯ thị, Trịnh Đỗ sử thân nam Thạc quận công..\n",
    "url": "/data/image_dvsk/ban_ky_tuc_bien/quyen18/DVSKTT_ban_tuc_XVIII_20b.jpg"
  },
  {
    "text": "[ 缺 名 ] 赴 迎 世 子 鄭 𭫨 就 本 營 . [21a*1*1]\n[khuyết danh] phó nghênh Thế tử Trịnh Tráng tựu bản doanh.\n世 子 鄭 𭫨 乃 與 碩 郡 同 象 而 行 . [21a*1*12]\nThế tử Trịnh Tráng nãi dữ Thạc quận đồng tượng nhi hành.\n時 劉 廷 質 洞 知 鄭 杜 父 子 隂 謀 不 軌 乃 趨 步 追 及 諫 曰 碩 郡 是 乃 逆 賊 明 公 不 可 與 之 偕 行 . [21a*2*5]\nThời, Lưu Đình Chất đỗng tri Trịnh Đỗ phụ tử âm mưu bất quỹ, nãi xu bộ truy cập, gián viết: \"Thạc quận thị nãi nghịch tặc, minh công bất khả dữ chi giai hành.\n公 始 悟 遂 令 碩 郡 歸 營 自 整 兵 馬 回 駐 于 寧 江 . [21a*4*4]\n\" Công thuỷ ngộ, toại lệnh Thạc quận quy doanh, tự chỉnh binh mã hồi trú vu Ninh Giang.\n二 十 日 仕 林 護 王 至 青 威 縣 青 春 舘 . [21a*5*4]\nNhị Thập nhật, Sĩ Lâm hộ Vương chí Thanh Oai huyện, Thanh Xuân quán.\n王 薨 二 十 五 日 世 子 鄭 𭫨 迎 就 寧 江 發 䘮 乃 令 治 郡 公 [ 缺 名 ] 整 船 十 三 隻 奉 迎 梓 宫 順 行 水 道 歸 塟 . [21a*5*18]\nVương hoăng nhị thập ngũ nhật, Thế tử Trịnh Tráng nghênh tựu Ninh Giang phát tang, nãi lệnh Trị quận công [khuyết danh] chỉnh thuyền thập tam chích, phụng nghênh tử cung, thuận hành thuỷ đạo quy táng.\n因 親 率 文 武 百 官 及 天 下 諸 營 竒 共 扶 皇 上 從 經 道 由 金 榜 縣 不 奪 社 出 正 路 回 清 華 以 圖 寧 . [21a*8*1]\nNhân thân suất văn võ bá quan cập thiên hạ chư dinh kì cộng, phù hoàng thượng tòng kinh đạo do Kim Bảng huyện, Bất Đoạt xã, xuất chính lộ hồi Thanh Hoa dĩ đồ ninh..\n",
    "url": "/data/image_dvsk/ban_ky_tuc_bien/quyen18/DVSKTT_ban_tuc_XVIII_21a.jpg"
  },
  {
    "text": "輯 . [21b*1*1]\ntập.\n秋 八 月 帝 進 封 王 世 子 太 傅 清 郡 公 鄭 𭫨 恊 謀 同 德 功 臣 都 將 節 制 各 處 水 步 諸 營 兼 總 内 外 平 章 軍 國 重 事 太 尉 清 國 公 委 以 裁 决 機 務 . [21b*1*2]\nThu, bát nguyệt, Đế tấn phong Vương thế tử Thái phó Thanh quận công Trịnh Tráng Hiệp mưu đồng đức công thần đô tướng tiết chế các xứ thuỷ bộ chư dinh kiêm tổng nội ngoại bình chương quân quốc trọng sự, Thái uý Thanh quốc công, uỷ dĩ tài quyết cơ vụ.\n是 時 莫 敬 寬 僭 號 隆 泰 竊 㨿 高 平 日 久 聞 國 中 有 變 乃 嘯 聚 山 林 氓 隷 之 徒 乘 虚 直 抵 嘉 林 屯 駐 于 東 畬 土 塊 地 方 . [21b*4*2]\nThị thời, Mạc Kính Khoan tiếm hiệu Long Thái, thiết cứ Cao Bằng nhật cửu, văn quốc trung hữu biến, nãi khiếu tụ sơn lâm manh lệ chi đồ, thừa hư trực để Gia Lâm, đồn trú vu Đông Dư, Thổ Khối địa phương.\n烏 合 響 應 者 殆 以 萬 數 人 情 騷 擾 方 民 不 得 休 息 . [21b*6*11]\nÔ hợp hưởng ứng giả đãi dĩ vạn số, nhân tình tao nhiễu, phương dân bất đắc hưu tức.\n八 月 節 制 太 尉 清 國 公 鄭 𭫨 欽 奉 皇 上 命 親 提 諸 軍 進 發 . [21b*7*12]\nBát nguyệt, Tiết chế thái uý Thanh quốc công Trịnh Tráng khâm phụng Hoàng thượng mệnh, thân đề chư quân tiến phát.\n二 十 一 日 擊 破 春 光 賊 於 株 橋 賊 兵 敗 走 . [21b*8*17]\nNhị thập nhất nhật, kích phá Xuân Quang tặc ư Chu Kiều, tặc binh bại tẩu.\n二 十 六 日 . [21b*9*15]\nNhị thập lục nhật,..\n",
    "url": "/data/image_dvsk/ban_ky_tuc_bien/quyen18/DVSKTT_ban_tuc_XVIII_21b.jpg"
  },
  {
    "text": "大 兵 進 至 珥 河 水 步 相 接 大 破 敬 寬 於 嘉 林 地 方 斬 殺 甚 眾 . [22a*1*1]\nđại binh tiến chí Nhĩ Hà, thuỷ bộ tương tiếp, đại phá Kính Khoan ư Gia Lâm địa phương, trảm sát thậm chúng.\n敬 寬 僅 以 身 免 遁 入 山 林 . [22a*2*6]\nKính Khoan cận dĩ thân miễn độn nhập sơn lâm.\n於 是 天 下 人 民 復 按 堵 如 故 京 城 宮 禁 爲 之 肅 清 . [22a*2*16]\nƯ thị, thiên hạ nhân dân phục án đổ như cố, Kinh thành cung cấm vị chi tiêu thanh.\n節 制 太 尉 清 國 公 鄭 𭫨 以 天 下 既 定 乃 命 陪 從 户 部 左 侍 郎 衍 嘉 侯 黎 弼 四 與 掌 監 太 保 岳 郡 公 裴 仕 林 等 回 清 華 奉 迎 聖 駕 進 御 京 城 . [22a*3*17]\nTiết chế thái uý Thanh Quốc công Trịnh Tráng dĩ thiên hạ ký định, nãi mệnh Bồi tụng Hộ bộ Tả thị lang Diễn Gia hầu Lê Bật Tứ dữ chưởng giám Thái bảo Nhạc quận công Bùi Sĩ Lâm đẳng hồi Thanh Hoa phụng nghênh thánh giá tiến ngự Kinh thành.\n群 臣 皆 朝 賀 . [22a*6*16]\nQuần thần giai triều hạ.\n自 是 天 下 晏 然 無 事 矣 . [22a*7*3]\nTự thị, thiên hạ yến nhiên vô sự hĩ.\n冬 十 一 月 十 一 日 册 封 節 制 太 尉 清 國 公 鄭 𭫨 爲 元 帥 統 國 政 清 都 王 . [22a*7*12]\nĐông, thập nhất nguyệt, thập nhất nhật, sách phong Tiết chế thái uý Thanh Quốc công Trịnh Tráng vi Nguyên soái thống quốc chính Thanh Đô Vương.\n其 册 文 曰 皇 天 運 啓 中 興 必 生 賢 以 爲 . [22a*9*4]\nKì sách văn viết: 'Hoàng thiên vận khải trung hưng, tất sinh hiền dĩ vi..\n",
    "url": "/data/image_dvsk/ban_ky_tuc_bien/quyen18/DVSKTT_ban_tuc_XVIII_22a.jpg"
  },
  {
    "text": "社 稷 . [22b*1*1]\nxã tắc.\n人 君 權 公 上 出 必 隆 爵 以 表 閲 勳 亶 恊 明 徵 載 鏤 華 册 . [22b*1*3]\nNhân quân quyền công thượng xuất, tất long tước dĩ biểu duyệt huân, đản hiệp minh trưng tải lũ hoa sách.\n恊 謀 同 德 功 臣 都 将 節 制 各 處 水 步 諸 營 兼 總 内 外 平 章 軍 國 重 事 太 尉 清 國 公 鄭 𭫨 肖 前 德 業 冠 古 英 䧺 . [22b*2*6]\nHiệp mưu đồng đức công thần đô tướng Tiết chế các xứ thuỷ bộ chư dinh kiêm tổng nội ngoại bình chương quân quốc trọng sự Thái uý Thanh quốc công Trịnh Tráng, tiếu tiền đức nghiệp, quan cổ anh hùng.\n掌 兵 時 耀 百 戦 威 悉 平 海 内 定 策 日 服 群 心 望 再 造 國 家 炳 文 茂 着 坤 裳 錫 寵 盍 󰏲 師 命 . [22b*4*11]\nChưởng binh thời diệu bách chiến uy, tất bình hải nội; định sách nhật phục quần tâm vọng, tái tạo quốc gia, bỉnh văn mậu trứ Khôn thường tích, sủng hạp kê sư mệnh.\n特 遣 吏 部 尚 書 掌 六 部 事 兼 御 史 󰉟 都 御 史 少 傅 澧 郡 公 阮 文 階 賫 捧 金 册 進 封 爲 元 帥 統 國 政 清 都 王 受 賜 冠 冕 卷 服 仍 錫 圭 瓚 土 田 . [22b*6*9]\nĐặc khiển Lại bộ thượng thư chưởng lục bộ sự kiêm ngự sử đài đô ngự sử thiếu phó Lễ quận công Nguyễn Văn Giai tê bổng kim sách tấn phong vi Nguyên soái Thống quốc chính Thanh Đô Vương, thụ tứ quan, miện, quyển phục, nhưng tích Khuê toản, thổ điền.\n尚 其 守 法 度 保 功 名 慎 位 各 遵 . [22b*9*7]\nThượng kì thủ pháp độ, bảo công danh, thận vị các, tuân..\n",
    "url": "/data/image_dvsk/ban_ky_tuc_bien/quyen18/DVSKTT_ban_tuc_XVIII_22b.jpg"
  },
  {
    "text": "成 訓 篤 忠 󰠐 膺 爵 禄 宜 王 永 匹 顯 休 . [23a*1*1]\nthành huấn, đốc trung thầm ưng tước lộc, nghi vương vĩnh thất hiển hưu.\n王 其 欽 哉 . [23a*1*15]\nVương kì khâm tai\".\n甲 子 六 年 [ 明 天 四 年 ] 啓 追 封 平 安 王 爲 恭 和 寬 正 哲 王 . [23a*2*1]\nGiáp Tí lục niên, [Minh Thiên tứ niên] Khải truy phong Bình An Vương vi Cung Hoà Khoan Chính Triết Vương.\n其 册 文 曰 王 者 光 復 夏 圖 丕 恢 前 緒 . [23a*3*1]\nKì sách văn viết: \"Vương giả quang phục hạ đồ, phi khôi tiền tự.\n朝 廷 肇 稱 殷 禮 用 表 宗 工 . [23a*3*15]\nTriều đình triệu xưng ân lễ, dụng biểu tông công.\n蠲 榖 攸 宜 鏤 金 孔 耀 . [23a*4*7]\nquyên cốc du nghi, lũ kim khổng diệu.\n都 元 帥 總 國 政 尚 父 平 安 王 聰 明 挺 達 智 勇 英 豪 仗 仁 義 拯 生 靈 奠 安 社 稷 整 乾 坤 扶 日 月 髙 厚 德 功 . [23a*4*15]\nĐô nguyên soái tổng quốc chính thượng phụ Bình An Vương, thông minh đĩnh đạt, trí dũng anh hào, trượng nhân nghĩa chửng sinh linh, điện an xã tắc, chỉnh càn khôn phù nhật nguyệt, cao hậu đức công.\n後 再 緯 裕 於 燕 謀 . [23a*6*18]\nHậu tái vĩ dụ ư yến mưu.\n上 荅 載 󰏲 於 鴻 號 特 遣 官 賫 捧 金 册 追 封 爲 恭 和 寬 正 哲 王 尚 其 愉 怡 孚 妥 相 佑 扶 持 惟 餘 慶 施 于 子 孫 . [23a*7*7]\nThượng đáp tái kê ư hồng hiệu, đặc khiển quan tê bổng kim sách, truy phong vi Cung Hoà Khoan Chính Triết Vương, thượng kì du di phu thoả, tương hựu phù trì, duy dư khánh thi vu tử tôn.\n斯 億 年 綿 其 祚 胤 . [23a*9*11]\nTư ức niên miên kì tộ dận.\n欽 . [23a*9*18]\nKhâm..\n",
    "url": "/data/image_dvsk/ban_ky_tuc_bien/quyen18/DVSKTT_ban_tuc_XVIII_23a.jpg"
  },
  {
    "text": "哉 . [23b*1*1]\ntai\".\n乙 丑 七 年 [ 明 天 五 年 ] 啓 秋 八 月 初 命 官 考 覈 天 下 士 望 取 阮 沂 等 二 十 七 名 任 各 職 . [23b*2*1]\nẤt Sửu thất niên, [Minh Thiên ngũ niên], Khải Thu, bát nguyệt, sơ mệnh quan khảo hạch thiên hạ sĩ vọng, thủ Nguyễn Nghi đẳng nhị thập thất danh nhậm các chức.\n丙 寅 八 年 [ 明 天 六 年 ] 啓 遣 正 使 阮 進 用 陳 瑋 副 使 杜 克 敬 阮 自 彊 裴 必 勝 阮 瀨 等 二 部 如 明 歳 貢 . [23b*4*1]\nBính Dần bát niên, [Minh Thiên lục niên], Khải khiển chánh sứ Nguyễn Tiến Dụng, Trần Vĩ; phó sứ Đỗ Khắc Kính, Nguyễn Tự Cường, Bùi Tất Thắng, Nguyễn Lại đẳng nhị bộ như Minh tuế cống.\n丁 卯 九 年 [ 明 天 七 年 ] 啓 春 差 官 賫 勅 諭 順 廣 太 保 瑞 郡 公 阮 福 原 曰 賢 傑 之 人 可 共 行 事 功 丈 夫 爲 志 貴 䏻 明 時 勢 . [23b*6*1]\nĐinh Mão cửu niên, [Minh Thiên thất niên], Khải Xuân, sai quan tê sắc dụ Thuận Quảng Thái bảo Thuỵ quận công Nguyễn Phúc Nguyên viết: \"Hiền kiệt chi nhân, khả cộng hành sự công, trượng phu vi chí, quý năng minh thời thế.\n竇 融 自 河 西 納 款 名 在 漢 廷 田 興 以 魏 博 歸 朝 勳 髙 唐 社 . [23b*8*6]\nĐậu Dung tự Hà Tây nạp khoản, danh tại Hán đình; Điền Hưng dĩ Nguỵ Bác quy triều, huân cao Đường xã.\n自 古 賢 人 君 子 智 炳 識 . [23b*9*10]\nTự cổ hiền nhân quân tử, trí bỉnh thức..\n",
    "url": "/data/image_dvsk/ban_ky_tuc_bien/quyen18/DVSKTT_ban_tuc_XVIII_23b.jpg"
  },
  {
    "text": "真 所 以 建 功 當 時 流 芳 後 世 . [24a*1*1]\nchân, sở dĩ kiến công đương thời, lưu phương hậu thế.\n我 國 家 應 天 順 人 乘 時 啓 運 太 祖 髙 皇 帝 以 武 功 定 天 下 寔 資 功 臣 翼 賛 列 聖 皇 帝 以 文 教 致 太 平 亦 藉 勳 舊 弼 臣 所 以 享 國 至 干 長 久 柰 世 降 中 否 僞 莫 上 干 . [24a*1*12]\nNgã quốc gia ứng thiên thuận nhân, thừa thời khải vận, Thái Tổ Cao Hoàng Đế dĩ vũ công định thiên hạ, thật tư công thần dực tán, liệt thánh hoàng đế, dĩ văn giáo trí thái bình, diệc tạ huân cựu bật thần, sở dĩ hưởng quốc chí can trường cửu, nại thế giáng trung bĩ, nguỵ Mạc thượng can.\n幸 天 命 未 改 人 心 戴 舊 . [24a*5*1]\nHạnh thiên mệnh vị cải, nhân tâm đái cựu.\n荘 宗 裕 皇 帝 奮 起 西 土 爾 祖 昭 勳 靖 公 恊 明 康 太 王 整 乾 坤 名 垂 竹 帛 . [24a*5*10]\nTrang Tông Dụ Hoàng Đế phấn khởi Tây thổ, nhĩ tổ Chiêu Huân Tĩnh Công hiệp Minh Khang Thái Vương chỉnh đốn càn khôn, danh thuỳ trúc bạch.\n運 啓 重 亨 國 家 再 造 . [24a*7*2]\nVận khải trùng hanh, quốc gia tái tạo.\n世 宗 毅 皇 帝 進 御 中 都 爾 父 謹 義 公 賛 尚 父 平 安 王 日 參 國 政 計 安 天 下 績 紀 旂 常 . [24a*7*10]\nThế Tông Nghị Hoàng Đế tiến ngự trung đô, nhĩ phụ Cẩn Nghĩa Công tán thượng phụ Bình An Vương nhật tham quốc chính, kế an thiên hạ, tích kỷ kì thường.\n柰 以 逆 臣 彦 奎 等 敢 抗 不 忠 稱 兵 . [24a*9*6]\nNại dĩ nghịch thần Ngạn, Khuê đẳng, cảm kháng bất trung, xưng binh..\n",
    "url": "/data/image_dvsk/ban_ky_tuc_bien/quyen18/DVSKTT_ban_tuc_XVIII_24a.jpg"
  },
  {
    "text": "犯 順 國 内 騷 驛 . [24b*1*1]\nphạm thuận, quốc nội tao dịch.\n爾 父 子 意 欲 保 全 因 遷 舊 鎮 . [24b*1*7]\nNhĩ phụ tử ý dục bảo toàn, nhân thiên cựu trấn.\n時 頼 都 元 帥 總 國 政 尚 父 平 安 王 精 忠 許 國 仁 義 行 師 討 鋤 諸 逆 天 下 頼 以 安 平 再 三 十 年 . [24b*1*18]\nThời lại Đô nguyên soái tổng quốc chính Thượng phụ Bình An Vương, tinh trung hứa quốc, nhân nghĩa hành sư, thảo sừ chư nghịch, thiên hạ lại dĩ an bình, tái tam thập niên.\n不 意 逆 椿 豺 狼 其 性 梟 獍 其 心 穿 墉 以 鼠 牙 毒 師 以 蠆 尾 人 心 摇 動 尚 頼 元 帥 統 國 政 清 都 王 以 仁 厚 資 濟 英 䧺 志 暨 親 勳 文 武 大 臣 恊 同 心 力 救 君 親 之 難 拯 社 稷 之 危 掃 蕩 莫 孽 恢 復 都 城 内 寧 外 撫 近 悅 遠 來 . [24b*3*17]\nBất ý nghịch Xuân, sài lang kì tính, kiêu kính kì tâm, xuyên dung dĩ thử nha, độc sư dĩ mại vĩ, nhân tâm dao động, thượng lại Nguyên soái Thống quốc chính Thanh đô vương dĩ nhân hậu tư, tế anh hùng chí, kị thân huân văn vũ đại thần, hiệp đồng tâm lực, cứu quân thân chi nạn, chửng xã tắc chi nguy, tảo đãng Mạc nghiệt khôi phục đô thành, nội ninh ngoại phủ, cận duyệt viễn lai.\n方 今 時 有 可 爲 人 皆 望 治 爾 䏻 顧 君 臣 上 下 之 義 念 祖 父 勤 勞 之 功 遠 覧 深 . [24b*8*8]\nPhương kim, thời hữu khả vi, nhân giai vọng trị, nhĩ năng cố quân thần thượng hạ chi nghĩa, niệm tổ phụ cần lao chi công, viễn lãm thâm..\n",
    "url": "/data/image_dvsk/ban_ky_tuc_bien/quyen18/DVSKTT_ban_tuc_XVIII_24b.jpg"
  },
  {
    "text": "識 恪 輸 忠 欸 㱕 命 朝 廷 朕 加 之 以 殊 禮 庸 之 以 上 公 . [25a*1*1]\nthức, khác thâu trung ái, quy mệnh triều đình, trẫm gia chi dĩ thù lễ, dung chi dĩ thượng công.\n爾 其 勉 相 我 家 以 強 王 室 則 爾 之 身 名 𭁈 國 俱 顕 爾 之 苗 裔 與 國 永 存 世 爵 禄 世 忠 貞 券 書 匱 室 𢃄 礪 山 河 永 栐 無 窮 矣 . [25a*2*3]\nNhĩ kì miễn tướng ngã gia, dĩ cường vương thất, tắc nhĩ chi thân danh dữ quốc câu hiển, nhĩ chi miêu duệ dữ quốc vĩnh tồn, thế tước lộc thế trung trinh, khoán thư quỹ thất, đái lệ sơn hà, vĩnh vĩnh vô cùng hĩ.\n諭 如 到 日 爾 宜 整 飭 将 士 象 馬 船 艘 諸 京 拜 謁 以 合 人 臣 之 義 . [25a*4*13]\nDụ như đáo nhật, nhĩ nghi chỉnh sức tướng sĩ, tượng mã thuyền sưu, chư kinh bái yết, dĩ hợp nhân thần chi nghĩa.\n儻 或 執 迷 阻 兵 拒 命 則 天 威 所 臨 瞬 息 之 間 髙 山 爲 平 地 矣 . [25a*6*1]\nThảng hoặc chấp mê, trở binh cự mệnh, tắc thiên uy sở lâm, thuấn tức chi gian, cao sơn vi bình địa hĩ.\n向 背 吉 㓙 在 爾 其 思 之 . [25a*7*6]\nHướng bội cát hung, tại nhĩ kì tư chi\".\n諭 至 福 原 違 命 不 從 於 是 議 定 南 征 . [25a*7*15]\nDụ chí, Phúc Nguyên vi mệnh bất tòng, ư thị nghị định Nam chinh.\n二 月 清 都 王 翊 扶 聖 駕 親 征 . [25a*8*11]\nNhị nguyệt, Thanh Đô Vương dực phù thánh giá thân chinh.\n按 兵 至 日 麗 海 門 賊 負 固 相 拒 大 軍 . [25a*9*5]\nÁn binh chí Nhật Lệ hải môn, tặc phụ cố tương cự, đại quân..\n",
    "url": "/data/image_dvsk/ban_ky_tuc_bien/quyen18/DVSKTT_ban_tuc_XVIII_25a.jpg"
  },
  {
    "text": "數 戰 不 利 乃 整 旅 而 還 . [25b*1*1]\nsổ chiến bất lợi, nãi chỉnh lữ nhi hoàn.\n秋 八 月 鄕 試 各 處 士 人 . [25b*1*10]\nThu, bát nguyệt, Hương thí các xứ sĩ nhân.\n明 熹 宗 崩 . [25b*2*2]\nMinh Hi Tông băng.\n弟 由 檢 即 位 改 元 崇 禎 . [25b*2*6]\nĐệ Do Kiểm tức vị, cải nguyên Sùng Trinh.\n冬 十 月 兵 部 尚 書 少 傅 衍 嘉 侯 黎 弼 四 卒 . [25b*2*15]\nĐông, thập nguyệt, Binh bộ Thượng thư Thiếu phó Diễn Gia hầu Lê Bật Tứ tốt.\n贈 郡 公 爵 賜 謚 和 義 . [25b*3*15]\nTặng Quận công tước, tứ thuỵ Hoà Nghĩa.\n戊 辰 十 年 [ 明 崇 元 年 ] . [25b*5*1]\nMậu Thìn, thập niên, [Minh Sùng nguyên niên].\n禎 春 正 月 吏 部 尚 書 兼 掌 六 部 事 兼 御 史 󰱑 都 御 史 太 傅 澧 郡 公 阮 文 階 卒 . [25b*5*9]\nTrinh Xuân, chính nguyệt, Lại bộ Thượng thư kiêm chưởng lục bộ sự, kiêm Ngự sử đài Đô ngự sử Thái phó Lễ quận công Nguyễn Văn Giai tốt.\n贈 司 徒 賜 謚 謹 度 [ 文 階 天 禄 芙 蒥 塲 人 ] . [25b*6*17]\nTặng Tư đồ, tứ thuỵ Cẩn Độ [Văn Giai Thiên Lộc. Phù Lưu Trường nhân].\n二 月 會 試 天 下 士 人 . [25b*7*14]\nNhị nguyệt, Hội thí thiên hạ sĩ nhân.\n取 中 格 江 文 明 等 十 八 名 . [25b*8*1]\nThủ trúng cách Giang Văn Minh đẳng thập bát danh.\n夏 四 月 廷 試 . [25b*8*11]\nHạ, tứ nguyệt, Đình thí.\n上 親 策 問 以 天 下 之 事 朝 廷 之 政 . [25b*8*16]\nThượng thân sách vấn, dĩ thiên hạ chi sự, triều đình chi chính.\n賜 江 文 明 進 士 及 . [25b*9*12]\nTứ Giang Văn Minh Tiến sĩ cập..\n",
    "url": "/data/image_dvsk/ban_ky_tuc_bien/quyen18/DVSKTT_ban_tuc_XVIII_25b.jpg"
  },
  {
    "text": "第 第 三 名 楊 暠 等 三 名 進 士 出 身 鄧 丕 顕 等 十 四 名 同 進 士 出 身 . [26a*1*1]\nđệ đệ tam danh, Dương Cảo đẳng tam danh Tiến sĩ xuất thân, Đặng Phi Hiển đẳng thập tứ danh đồng Tiến sĩ xuất thân.\n己 巳 十 一 年 [ 四 月 以 後 改 明 崇 禎 二 年 ] . [26a*3*1]\nKỉ Tị, thập nhất niên, [Tứ nguyệt dĩ hậu, cải Minh, Sùng Trinh nhị niên].\n德 隆 元 年 . [26a*3*16]\nĐức Long nguyên niên.\n春 詔 文 武 百 官 及 百 姓 等 其 員 人 於 癸 亥 年 有 追 隨 進 𭛁 全 二 功 加 陞 職 爵 榮 封 功 臣 字 有 差 . [26a*3*20]\nXuân, chiếu văn võ bá quan cập bách tính đẳng kì, viên nhân ư Quý Hợi niên, hữu truy tuỳ tiến phát toàn nhị công, gia thăng chức tước, vinh phong công thần tự hữu sai.\n夏 四 月 旱 改 元 爲 德 隆 元 年 . [26a*5*14]\nHạ, tứ nguyệt, hạn cải nguyên vi Đức Long nguyên niên.\n大 赦 . [26a*6*8]\nĐại xá.\n大 饑 . [26a*6*10]\nĐại cơ.\n是 月 㫖 下 凡 諸 營 奇 隊 隨 攻 髙 平 莫 孽 有 軍 功 者 應 加 陞 職 爵 . [26a*6*12]\nThị nguyệt, chỉ hạ: Phàm chư dinh kì đội tuỳ công Cao Bằng Mạc nghiệt hữu quân công giả, ưng gia thăng chức tước.\n冬 十 月 進 封 元 帥 統 國 政 清 都 王 爲 大 元 帥 統 國 政 師 父 清 王 . [26a*8*2]\nĐông, thập nguyệt, tấn phong Nguyên soái thống quốc chính Thanh Đô Vương vi Đại Nguyên soái Thống quốc chính sư phụ Thanh Vương.\n其 冊 文 曰 建 皇 極 錫 福 方 . [26a*9*9]\nKì sách văn viết: \"Kiến Hoàng cực tích phúc, phương..\n",
    "url": "/data/image_dvsk/ban_ky_tuc_bien/quyen18/DVSKTT_ban_tuc_XVIII_26a.jpg"
  },
  {
    "text": "昭 弊 理 之 公 定 宗 禮 数 功 載 舉 貴 尊 之 典 . [26b*1*1]\nchiêu tế lí chi công, định tông lễ sổ công, tái cử quý tôn chi điển.\n蠲 辰 恊 榖 鏤 冊 敭 華 . [26b*1*17]\nQuyên thì hiệp cốc, lũ sách dương hoa.\n元 帥 統 國 政 清 都 王 鄭 𭫨 忠 厚 傳 家 智 䏻 安 國 武 威 揚 百 戦 賛 成 再 造 之 勳 文 教 誕 四 敷 輔 致 大 強 之 治 望 𠃔 孚 於 中 外 位 宜 冠 於 臣 工 . [26b*2*7]\nNguyên soái thống quốc chính Thanh Đô Vương Trịnh Tráng, trung hậu truyền gia, trí năng an quốc, vũ uy dương bách chiến, tán thành tái tạo chi huân, văn giáo đản tứ phu, phụ trí đại cường chi trị, vọng doãn phu ư trung ngoại, vị nghi quan ư thần công.\n特 遣 官 持 節 賚 金 冊 玉 章 進 封 恊 謀 同 德 功 臣 大 元 帥 統 國 政 師 父 清 王 . [26b*5*5]\nĐặc khiển quan trì tiết, lãi kim sách, ngọc chương tấn phong Hiệp mưu đồng đức công thần Đại nguyên soái thống quốc chính sư phụ Thanh Vương.\n受 賜 瓚 作 圭 仍 錫 田 啓 宇 . [26b*6*15]\nThụ tứ toản tác khuê, nhưng tích điền khải vũ.\n王 其 欽 鄰 弼 直 惟 敬 承 上 帝 之 休 迪 德 保 民 斯 益 衍 世 王 之 業 . [26b*7*7]\nVương kì khâm lân bật trực, duy kính thừa thượng đế chi hưu, địch đức bảo dân, tư ích diễn thế Vương chi nghiệp.\n欽 哉 . [26b*8*13]\nKhâm tai\".\n是 月 擢 舍 人 長 衛 官 玉 林 侯 黎 福 來 爲 尚 寶 寺 卿 貢 郡 . [26b*8*15]\nThị nguyệt, trạc xá nhân trưởng vệ quan Ngọc Lâm hầu Lê Phúc Lai vi Thượng bảo tự khanh Cống quận..\n",
    "url": "/data/image_dvsk/ban_ky_tuc_bien/quyen18/DVSKTT_ban_tuc_XVIII_26b.jpg"
  },
  {
    "text": "公 令 督 知 四 司 舍 人 . [27a*1*1]\ncông, lệnh đốc tri tứ ti xá nhân.\n[ 福 來 農 山 齋 人 ] . [27a*1*9]\n[Phúc Lai, Nông Sơn Trai nhân].\n貢 庚 午 德 隆 二 年 [ 明 崇 三 年 ] 禎 夏 五 月 帝 納 王 女 鄭 氏 玉 󱗭 立 爲 皇 后 . [27a*1*15]\nCống, Canh Ngọ, Đức Long nhị niên, [Minh, Sùng tam niên], Trinh Hạ, ngũ nguyệt, Đế nộp Vương nữ Trịnh Thị Ngọc Trúc, lập vi Hoàng hậu.\n先 是 玉 󱗭 已 嫁 皇 宗 伯 強 郡 公 黎 柱 爲 夫 人 生 四 子 . [27a*3*6]\nTiên thị, Ngọc Trúc dĩ giá Hoàng tông bá Cường quận công Lê Trụ vi phu nhân, sinh tứ tử.\n時 黎 柱 坐 繋 獄 王 以 玉 󱗭 上 嫁 帝 納 之 . [27a*4*8]\nThời, Lê Trụ toạ hệ ngục, Vương dĩ Ngọc Trúc thượng giá, Đế nộp chi.\n朝 臣 阮 實 阮 名 世 等 累 疏 諫 . [27a*5*5]\nTriều thần Nguyễn Thực, Nguyễn Danh Thế đẳng luỹ sớ gián.\n帝 不 聽 且 曰 業 已 成 事 強 娶 之 . [27a*5*16]\nĐế bất thính, thả viết: \"Nghiệp dĩ thành sự, cưỡng thú chi\".\n是 日 以 後 天 作 滔 雨 日 夜 不 止 . [27a*6*10]\nThị nhật dĩ hậu, thiên tác thao vũ, nhật dạ bất chỉ.\n六 月 洪 水 大 至 珥 河 漲 溢 衝 入 街 衢 . [27a*7*4]\nLục nguyệt, hồng thuỷ đại chí, Nhĩ Hà trướng dật, xung nhập nhai cù.\n南 門 水 流 如 澌 庯 坊 渡 行 人 多 溺 死 . [27a*8*1]\nNam môn thuỷ lưu như ti, phố phường độ hành nhân đa nịch tử.\n又 青 池 縣 安 沿 勸 良 等 社 及 各 堤 路 破 潰 禾 榖 耗 損 人 民 . [27a*8*15]\nHựu Thanh Trì huyện, Yên Duyên, Khuyến Lương đẳng xã, cập các đê lộ phá hội, hoà cốc hao tổn, nhân dân..\n",
    "url": "/data/image_dvsk/ban_ky_tuc_bien/quyen18/DVSKTT_ban_tuc_XVIII_27a.jpg"
  },
  {
    "text": "饑 饉 . [27b*1*1]\ncơ cận.\n秋 八 月 開 鄕 試 各 處 士 人 . [27b*1*3]\nThu, bát nguyệt, khai Hương thí các xứ sĩ nhân.\n九 月 帝 作 宫 殿 三 座 及 行 廊 十 六 間 . [27b*1*13]\nCửu nguyệt, Đế tác cung điện tam toạ, cập hành lang thập lục gian.\n冬 十 月 明 遣 二 部 使 催 貢 禮 賜 宴 在 東 河 津 . [27b*2*11]\nĐông, thập nguyệt, Minh khiển nhị bộ sứ thôi cống lễ, tứ yến tại Đông Hà tân.\n王 親 詣 講 武 樓 旅 陳 貢 物 使 明 使 觀 之 因 於 水 岸 盛 張 船 艘 象 馬 振 耀 兵 威 示 以 強 盛 之 意 . [27b*3*11]\nVương thân nghệ Giảng Võ lâu, lữ trần cống vật, sử Minh sứ quan chi, nhân ư thuỷ ngạn thịnh trương thuyền sưu tượng mã chấn diệu binh uy, thị dĩ cường thịnh chi ý.\n十 七 日 壬 戌 月 有 食 之 . [27b*5*10]\nThập thất nhật Nhâm Tuất, nguyệt hữu thực chi.\n差 官 閲 󰱇 時 欽 差 武 将 等 多 恃 親 勳 不 遵 詔 令 濫 受 民 財 公 行 賄 賂 汰 老 免 另 顛 倒 不 公 屢 被 詰 責 而 清 華 󰱇 官 蔡 伯 旗 等 爲 㔫 甚 . [27b*6*2]\nSai quan duyệt tuyển, thời khâm sai võ tướng đẳng, đa thị thân huân, bất tuân chiếu lệnh, lạm thụ dân tài, công hành hối lộ, thải lão miễn lánh, điên đảo bất công, lũ bị cật trách, nhi Thanh Hoa tuyển quan Thái Bá Kì đẳng vi vưu thậm.\n唯 髙 司 陳 瑋 呂 時 中 阮 光 明 阮 才 全 阮 克 文 阮 澄 謹 . [27b*8*17]\nDuy Cao Ty, Trần Vĩ, Lã Thì Trung, Nguyễn Quang Minh, Nguyễn Tài Toàn, Nguyễn Khắc Văn, Nguyễn Trừng cẩn..\n",
    "url": "/data/image_dvsk/ban_ky_tuc_bien/quyen18/DVSKTT_ban_tuc_XVIII_27b.jpg"
  },
  {
    "text": "慎 守 法 不 犯 多 得 民 心 民 皆 稱 之 . [28a*1*1]\nthận thủ pháp, bất phạm, đa đắc dân tâm, dân giai xưng chi.\n海 陽 道 監 察 御 史 楊 淳 以 鞫 獄 事 被 誣 告 免 官 . [28a*1*14]\nHải Dương đạo Giám sát Ngự sử Dương Thuần dĩ cúc ngục sự bị vu cáo miễn quan.\n命 工 部 尚 書 泉 郡 公 阮 惟 時 兵 科 都 給 事 中 江 文 明 給 事 中 黎 可 儔 翰 林 院 校 討 申 珪 等 往 關 上 俟 命 . [28a*2*15]\nMệnh Công bộ Thượng thư Tuyền quận công Nguyễn Duy Thì, Binh khoa đô cấp sự trung Giang Văn Minh, Cấp sự trung Lê Khả Trù, Hàn lâm viện hiệu thảo Thân Khuê đẳng vãng quan thượng sĩ mệnh.\n冬 十 一 月 遣 正 使 陳 有 禮 楊 致 澤 副 使 阮 經 濟 裴 秉 鈞 阮 宜 黄 公 輔 等 二 部 如 明 歳 貢 . [28a*5*1]\nĐông, thập nhất nguyệt, khiển chánh sứ Trần Hữu Lễ, Dương Trí Trạch; phó sứ Nguyễn Kinh Tế, Bùi Bỉnh Quân, Nguyễn Nghi, Hoàng Công Phụ đẳng nhị bộ như Minh tuế cống.\n追 思 功 臣 命 朝 官 賚 靖 國 公 范 篤 厚 澤 公 鄧 訓 榮 國 公 黄 廷 愛 陽 國 公 阮 有 僚 等 龕 主 附 山 南 山 西 京 北 海 陽 等 處 宮 廟 四 時 配 饗 . [28a*6*17]\nTruy tứ công thần, mệnh triều quan lãi Tĩnh Quốc công Phạm Đốc, Hậu Trạch công Đặng Huấn, Vinh Quốc công Hoàng Đình Ái, Dương Quốc công Nguyễn Hữu Liêu đẳng khám chủ, phụ Sơn Nam, Sơn Tây, Kinh Bắc, Hải Dương đẳng xứ cung miếu, tứ thời phối hưởng.\n",
    "url": "/data/image_dvsk/ban_ky_tuc_bien/quyen18/DVSKTT_ban_tuc_XVIII_28a.jpg"
  },
  {
    "text": "辛 未 三 年 [ 明 崇 四 年 ] . [28b*1*1]\nTân Mùi, tam niên, [Minh, Sùng tứ niên].\n禎 春 正 月 初 四 日 瑞 香 祠 李 翁 仲 神 像 汗 出 . [28b*1*9]\nTrinh Xuân, chính nguyệt, sơ tứ nhật, Thuỵ Hương từ Lí Ông Trọng thần tượng hãn xuất.\n六 日 有 暴 風 從 東 北 起 拨 木 折 屋 船 多 覆 没 . [28b*2*5]\nLục nhật, hữu bạo phong tòng Đông Bắc khởi, bạt mộc chiết ốc, thuyền đa phúc một.\n順 化 憲 察 副 使 武 真 回 朝 . [28b*3*5]\nThuận Hoá Hiến sát phó sứ Vũ Chân hồi triều.\n真 天 禄 平 浪 上 社 人 . [28b*3*15]\nChân Thiên Lộc, Bình Lãng Thượng xã nhân.\n初 爲 阮 黄 所 阻 凣 十 八 年 至 是 謀 與 荗 良 侯 裴 文 俊 間 道 歸 朝 . [28b*4*6]\nSơ vi Nguyễn Hoàng sở trở, phàm thập bát niên, chí thị mưu dữ Mậu Lương hầu Bùi Văn Tuấn, gian đạo quy triều.\n王 問 以 藩 方 事 賜 賚 甚 厚 乃 拜 真 爲 奉 天 府 尹 賜 冠 帶 朝 服 . [28b*5*12]\nVương vấn dĩ phiên phương sự, tứ lãi thậm hậu, nãi bái Chân vi Phụng Thiên phủ doãn, tứ quan đai triều phục.\n賜 文 俊 爵 荗 郡 公 . [28b*6*17]\nTứ Văn Tuấn tước Mậu quận công.\n[ 文 俊 宋 沛 耐 人 . [28b*7*6]\n[Văn Tuấn, Tống Bái Nại nhân].\n山 農 貢 黄 山 石 剥 . [28b*7*12]\nSơn, Nông Cống, Hoàng Sơn thạch bác.\n嘉 遠 儉 弄 山 石 落 . [28b*7*19]\nGia Viễn, Kẽm Trống sơn thạch lạc.\n培 築 各 處 堤 路 . [28b*8*7]\nBồi trúc các xứ đê lộ.\n三 月 會 試 天 下 士 人 . [28b*8*13]\nTam nguyệt, Hội thí thiên hạ sĩ nhân.\n取 中 格 阮 明 哲 等 六 名 . [28b*9*5]\nThủ trúng cách Nguyễn Minh Triết đẳng lục danh.\n時 有 錦 江 縣 . [28b*9*14]\nThời hữu Cẩm Giàng huyện..\n",
    "url": "/data/image_dvsk/ban_ky_tuc_bien/quyen18/DVSKTT_ban_tuc_XVIII_28b.jpg"
  },
  {
    "text": "鄧 舍 社 阮 文 光 以 欠 點 得 預 󰱇 乃 削 去 其 名 . [29a*1*1]\nĐặng Xá xã Nguyễn Văn Quang dĩ khiếm điểm đắc dự tuyển, nãi tước khử kì danh.\n初 帝 觀 試 見 日 暈 有 赤 虹 纏 抱 又 有 白 虹 貫 于 其 中 人 以 爲 是 應 . [29a*1*18]\nSơ, Đế quan thí, kiến nhật vựng hữu xích hồng triền bão, hựu hữu bạch hồng quán vu kì trung, nhân dĩ vi thị ứng.\n廷 試 日 上 親 策 . [29a*3*7]\nĐình thí nhật, Thượng thân sách.\n賜 阮 明 哲 進 士 及 第 第 三 名 黎 抃 等 二 名 進 士 出 身 阮 名 壽 等 三 名 同 進 士 出 親 . [29a*3*13]\nTứ Nguyễn Minh Triết Tiến sĩ cập đệ đệ tam danh, Lê Biện đẳng nhị danh Tiến sĩ xuất thân, Nguyễn Danh Thọ đẳng tam danh đồng Tiến sĩ xuất thân.\n海 陽 處 雨 雹 如 大 石 如 馬 頭 人 物 被 害 . [29a*5*8]\nHải Dương xứ vũ bạc như đại thạch, như mã đầu, nhân vật bị hại.\n王 正 妃 阮 氏 玉 秀 卒 . [29a*6*6]\nVương chính phi Nguyễn Thị Ngọc Tú tốt.\n妃 阮 黄 女 也 . [29a*6*14]\nPhi, Nguyễn Hoàng nữ dã.\n夏 四 月 乙 卯 西 京 馬 鞍 山 雷 降 裂 地 五 丈 . [29a*7*2]\nHạ, tứ nguyệt, Ất Mão, Tây Kinh, Mã Yên sơn lôi giáng, liệt địa ngũ trượng.\n十 六 日 己 未 月 食 適 風 雨 晦 寘 不 見 . [29a*8*1]\nThập lục nhật, Kỷ Mùi, nguyệt thực, thích phong vũ hối trí, bất kiến.\n西 京 殿 石 獒 破 壞 斷 腰 落 下 . [29a*8*15]\nTây Kinh điện thạch ngao phá hoại đoạn yêu lạc hạ.\n青 池 黄 梅 石 井 嗚 聲 聞 . [29a*9*9]\nThanh Trì, Hoàng Mai thạch tỉnh ô thanh văn..\n",
    "url": "/data/image_dvsk/ban_ky_tuc_bien/quyen18/DVSKTT_ban_tuc_XVIII_29a.jpg"
  },
  {
    "text": "如 皷 . [29b*1*1]\nnhư cổ.\n五 月 赤 虹 經 天 一 刻 始 散 . [29b*1*3]\nNgũ nguyệt, xích hồng kinh thiên, nhất khắc thuỷ tán.\n六 月 王 親 御 坐 東 楼 令 掘 江 鏖 船 習 射 . [29b*1*13]\nLục nguyệt, Vương thân ngự toạ Đông lâu, lệnh quật giang, ao thuyền tập xạ.\n時 有 火 起 自 江 頭 延 燒 至 王 府 左 門 两 邊 庯 坊 及 城 内 朝 元 朝 堂 . [29b*2*12]\nThời, hữu hoả khởi tự giang đầu, duyên thiêu chí Vương phủ tả môn, lưỡng biên phố phường cập thành nội Triều Nguyên, Triều Đường.\n帝 避 出 御 華 陽 侯 [ 缺 名 ] 家 四 日 還 宫 . [29b*4*1]\nĐế tị xuất ngự Hoa Dương hầu [khuyết danh] gia, tứ nhật hoàn cung.\n秋 八 月 二 十 九 日 瑞 原 縣 來 裔 社 龍 淵 有 浮 出 水 上 如 牛 頭 馬 頭 人 頭 蛇 頭 者 不 知 其 幾 . [29b*4*15]\nThu, bát nguyệt, nhị thập cửu nhật, Thuỵ Nguyên huyện, Lai Duệ xã, Long uyên hữu phù xuất thuỷ thượng như ngưu đầu, mã đầu, nhân đầu, xà đầu giả, bất tri kì KỶ.\n九 月 初 三 日 大 風 折 木 𭛁 屋 . [29b*6*13]\nCửu nguyệt, sơ tam nhật, đại phong chiết mộc phát ốc.\n四 日 至 六 日 雨 下 如 注 珥 河 水 漲 内 外 殿 廷 水 深 一 尺 . [29b*7*7]\nTứ nhật chí lục nhật, vũ hạ như chú, Nhĩ Hà thuỷ trướng, nội ngoại điện đình thuỷ thâm nhất xích.\n冬 十 月 朔 日 有 食 之 . [29b*8*10]\nĐông, thập nguyệt, sóc, nhật hữu thực chi.\n以 本 命 年 日 同 值 止 齋 戒 而 不 救 . [29b*9*1]\nDĩ bản mệnh niên nhật đồng trị, chỉ trai giới nhi bất cứu.\n以 右 侍 郎 . [29b*9*14]\nDĩ Hữu thị lang..\n",
    "url": "/data/image_dvsk/ban_ky_tuc_bien/quyen18/DVSKTT_ban_tuc_XVIII_29b.jpg"
  },
  {
    "text": "阮 俊 裴 秉 彜 阮 自 強 爲 左 侍 郎 僉 都 御 史 陳 瑋 爲 副 都 御 史 寺 卿 杜 克 敬 阮 瀨 爲 右 侍 郎 . [30a*1*1]\nNguyễn Tuấn, Bùi Bỉnh Di, Nguyễn Tự Cường vi Tả thị lang; Thiêm đô ngự sử Trần Vĩ vi Phó đô ngự sử; Tự khanh Đỗ Khắc Kính, Nguyễn Lại vi Hữu thị lang.\n平 調 陳 沂 爲 山 西 處 參 政 出 范 福 慶 爲 諒 山 處 憲 察 使 鄧 丕 顯 爲 宣 光 處 憲 察 使 黎 攀 鱗 爲 安 廣 處 憲 察 使 以 沂 等 居 官 不 䏻 慎 守 故 也 . [30a*2*17]\nBình điều Trần Nghi vi Sơn Tây xứ Tham chính, xuất Phạm Phúc Khánh vi Lạng Sơn xứ Hiến sát sứ; Đặng Phi Hiển vi Tuyên Quang xứ Hiến sát sứ; Lê Phan Lân vi Yên Quảng xứ Hiến sát sứ, dĩ Nghi đẳng cư quan bất năng thận thủ cố dã.\n望 月 有 食 之 . [30a*5*16]\nVọng, nguyệt hữu thực chi.\n十 一 月 命 北 軍 都 督 府 左 都 督 副 将 西 郡 公 鄭 柞 統 領 本 部 将 士 并 属 差 各 營 奇 及 布 政 州 官 兵 鎮 守 乂 安 處 以 太 僕 寺 卿 江 文 明 爲 督 視 . [30a*6*4]\nThập nhất nguyệt, mệnh Bắc quân Đô đốc phủ, Tả đô đốc, phó tướng Tây quận công Trịnh Tạc thống lĩnh bản bộ tướng sĩ, tịnh thuộc sai các dinh cơ, cập Bố Chính châu quan binh, trấn thủ Nghệ An xứ; dĩ Thái bộc tự khanh Giang Văn Minh vi Đốc thị.\n又 差 太 保 岳 郡 公 裴 仕 林 鎮 守 清 華 處 . [30a*9*4]\nHựu sai Thái bảo Nhạc quận công Bùi Sĩ Lâm trấn thủ Thanh Hoa xứ;..\n",
    "url": "/data/image_dvsk/ban_ky_tuc_bien/quyen18/DVSKTT_ban_tuc_XVIII_30a.jpg"
  },
  {
    "text": "以 寺 卿 阮 克 文 爲 督 同 . [30b*1*1]\ndĩ Tự khanh Nguyễn Khắc Văn vi Đốc đồng.\n各 奉 命 出 鎮 . [30b*1*10]\nCác phụng mệnh xuất trấn.\n所 至 令 行 禁 止 境 内 肅 然 . [30b*1*15]\nSở chí lệnh hành cấm chỉ, cảnh nội tiêu nhiên.\n嘉 遠 多 稼 山 石 隕 十 七 丈 餘 . [30b*2*7]\nGia Viễn, Đa Giá sơn thạch vẫn thập thất trượng dư.\n壬 申 四 年 [ 明 崇 五 年 ] . [30b*3*1]\nNhâm Thân, tứ niên, [Minh, Sùng ngũ niên].\n禎 春 正 月 己 亥 追 尊 皇 考 簡 輝 帝 爲 敬 宗 惠 皇 帝 奉 迎 神 主 入 太 廟 奉 祀 . [30b*3*9]\nTrinh, Xuân, chính nguyệt, Kỷ Hợi, truy tôn Hoàng khảo Giản Huy Đế vi Kính Tông Huệ Hoàng Đế, phụng nghênh thần chủ nhập Thái Miếu phụng tự.\n二 月 加 封 太 王 哲 王 金 冊 及 厚 澤 公 銀 冊 羙 字 . [30b*4*16]\nNhị nguyệt, gia phong Thái Vương, Triết Vương kim sách, cập Hậu Trạch công ngân sách, mĩ tự.\n二 十 一 日 巳 時 有 雙 虹 赤 白 彎 入 日 中 一 刻 始 散 . [30b*5*17]\nNhị thập nhất nhật, Tị thì, hữu song hồng, xích, bạch, loan nhập nhật trung, nhất khắc thuỷ tán.\n遣 禮 部 尚 書 少 尉 蘭 郡 公 阮 實 等 持 節 捧 金 冊 銀 印 拜 左 捷 軍 營 太 傅 崇 郡 公 鄭 橋 爲 欽 差 節 制 各 處 水 步 諸 營 兼 總 内 外 平 章 軍 國 重 事 . [30b*7*1]\nKhiển Lễ bộ Thượng thư, Thiếu uý Lan quận công Nguyễn Thực đẳng trì tiết bổng, kim sách, ngân ấn, bái Tả tiệp quân dinh Thái phó Sùng quận công Trịnh Kiều vi Khâm sai Tiết chế các xứ thuỷ bộ chư dinh, kiêm Tổng nội ngoại Bình chương quân quốc trọng sự,..\n",
    "url": "/data/image_dvsk/ban_ky_tuc_bien/quyen18/DVSKTT_ban_tuc_XVIII_30b.jpg"
  },
  {
    "text": "副 掌 國 政 太 尉 崇 國 公 開 府 爲 䧺 威 府 . [31a*1*1]\nPhó chưởng quốc chính Thái uý Sùng Quốc công, khai phủ vi Hùng Uy phủ.\n再 分 差 官 持 節 捧 銀 冊 并 印 拜 恊 義 營 太 尉 嵩 郡 公 鄭 橒 爲 嵩 岳 公 開 府 曰 恊 義 府 扶 義 營 太 尉 勇 郡 公 鄭 稭 爲 勇 禮 公 開 府 曰 扶 義 府 勝 義 營 太 傅 瓊 郡 公 鄭 棣 爲 瓊 巖 公 開 府 曰 勝 義 府 . [31a*1*16]\nTái phân sai quan trì Tiết bổng ngân sách tịnh ấn, bái Hiệp nghĩa dinh Thái uý Tung quận công Trịnh Vân vi Tung Nhạc công, khai phủ viết: Hiệp Nghĩa phủ; Phù Nghĩa dinh Thái uý Dũng quận công Trịnh Khải vi Dũng Lễ công, khai phủ viết: Phù Nghĩa phủ; Thắng Nghĩa dinh Thái phó Quỳnh quận công Trịnh Lệ vi Quỳnh Nham công, khai phủ viết: Thắng Nghĩa phủ.\n又 以 太 保 附 郡 公 阮 潶 兵 部 尚 書 太 保 登 郡 公 阮 啓 等 爲 太 傅 . [31a*5*15]\nHựu dĩ Thái bảo Phụ quận công Nguyễn Hắc, Binh bộ Thượng thư Thái bảo Đăng quận công Nguyễn Khải đẳng vi Thái phó.\n[ 潶 阮 之 子 ] . [31a*7*3]\n[Hắc, Nguyễn chi tử].\n黄 三 月 十 六 日 酉 時 月 食 . [31a*7*7]\nHoàng Tam nguyệt, thập lục nhật, Dậu thì, nguyệt thực.\n加 禮 部 尚 書 少 尉 蘭 郡 公 阮 實 兵 部 尚 書 太 傅 登 郡 公 阮 啓 等 並 以 國 老 參 預 朝 政 . [31a*7*17]\nGia Lễ bộ Thượng thư Thiếu uý Lan quận công Nguyễn Thực, Binh bộ Thượng thư Thái phó Đăng quận công Nguyễn Khải đẳng tịnh dĩ Quốc lão tham dự triều chính.\n夏 四 月 󰰾 阮 . [31a*9*13]\nHạ, tứ nguyệt, bãi Nguyễn..\n",
    "url": "/data/image_dvsk/ban_ky_tuc_bien/quyen18/DVSKTT_ban_tuc_XVIII_31a.jpg"
  },
  {
    "text": "俊 阮 瀨 官 . [31b*1*1]\nTuấn, Nguyễn Lại quan.\n時 吏 部 左 侍 郎 阮 俊 右 侍 郎 阮 瀨 等 銓 除 各 職 率 多 冗 濫 . [31b*1*5]\nThời, Lại bộ Tả thị lang Nguyễn Tuấn, Hữu thị lang Nguyễn Lại đẳng thuyên trừ các chức suất đa nhũng lạm.\n朝 堂 阮 實 阮 啓 等 劾 之 乃 󰰾 . [31b*2*9]\nTriều đường Nguyễn Thực, Nguyễn Khải đẳng hặc chi, nãi bãi.\n瀨 任 居 銓 衡 多 受 賂 遺 人 有 謠 曰 各 職 僃 員 两 渤 盡 田 . [31b*3*2]\nLại nhậm cư thuyên hành, đa thụ lộ dị, nhân hữu dao viết: \"Các chức bị viên, lưỡng Bột tận điền\".\n加 禮 部 尚 書 兼 翰 林 院 侍 讀 掌 翰 林 院 事 東 閣 學 士 國 老 參 預 朝 政 少 尉 蘭 郡 公 阮 實 爲 太 保 工 部 尚 書 兼 國 子 監 司 業 泉 郡 公 阮 惟 時 爲 少 傅 . [31b*4*5]\nGia Lễ bộ Thượng thư kiêm Hàn Lâm viện thị độc chưởng Hàn Lâm viện sự, Đông các học sĩ, Quốc lão tham dự triều chính, Thiếu uý Lan quận công Nguyễn Thực vi Thái bảo; Công bộ Thượng thư kiêm Quốc Tử Giám tư nghiệp Tuyền quận công Nguyễn Duy Thì vi Thiếu phó.\n以 越 郡 公 鄭 程 倫 郡 公 鄭 栻 德 捃 公 鄭 杭 陵 郡 公 鄭 榜 延 郡 公 鄭 枒 洪 郡 公 鄭 榴 等 爲 太 保 蘭 郡 公 黄 義 肥 扶 郡 公 鄭 櫟 西 郡 公 . [31b*7*7]\nDĩ Việt quận công Trịnh Trình, Luân quận công Trịnh Thức, Đức quận công Trịnh Hàng, Lăng quận công Trịnh Bảng, Diên quận công Trịnh Nha, Hồng quận công Trịnh Lựu đẳng vi Thái bảo; Lan quận công Hoàng Nghĩa Phì, Phù quận công Trịnh Lịch, Tây quận công..\n",
    "url": "/data/image_dvsk/ban_ky_tuc_bien/quyen18/DVSKTT_ban_tuc_XVIII_31b.jpg"
  },
  {
    "text": "鄭 柞 等 爲 少 尉 . [32a*1*1]\nTrịnh Tạc đẳng vi Thiếu uý.\n五 月 朝 議 欲 保 户 部 左 侍 郎 梅 溪 侯 阮 進 用 爲 吏 部 左 侍 郎 . [32a*1*7]\nNgũ nguyệt, triều nghị, dục bảo Hộ bộ Tả thị lang Mai Khê hầu Nguyễn Tiến Dụng vi Lại bộ Tả thị lang.\n太 傅 阮 啓 劾 其 前 爲 清 華 塲 提 調 用 情 取 舍 不 堪 此 職 . [32a*2*13]\nThái phó Nguyễn Khải hặc kì tiền vi Thanh Hoa trường đề điệu, dụng tình thủ xả, bất kham thử chức.\n乃 以 副 都 御 史 陳 瑋 爲 吏 部 左 侍 郎 禮 部 右 侍 郎 杜 克 敬 爲 吏 部 右 侍 郎 吏 科 都 給 事 中 阮 惟 曉 爲 僉 都 御 史 . [32a*3*16]\nNãi dĩ Phó đô Ngự sử Trần Vĩ vi Lại bộ Tả thị lang; Lễ bộ Hữu thị lang Đỗ Khắc Kính vi Lại bộ Hữu thị lang; Lại khoa Đô cấp sự trung Nguyễn Duy Hiểu vi Thiêm đô Ngự sử.\n分 差 陳 瑋 阮 光 明 黎 敬 申 珪 等 往 勘 訪 各 處 堤 路 總 幹 承 司 官 吏 勤 怠 廉 貪 事 因 . [32a*6*4]\nPhân sai Trần Vĩ, Nguyễn Quang Minh, Lê Kính, Thân Khuê đẳng vãng khám phóng các xứ đê lộ, tổng cán, thừa ti quan lại cần đãi liêm tham sự nhân.\n六 月 初 一 日 大 雨 至 三 四 日 不 止 . [32a*8*1]\nLục nguyệt, sơ nhất nhật, đại vũ chí tam tứ nhật bất chỉ.\n丹 墀 及 諸 殿 庭 水 深 数 寸 五 日 雨 下 始 注 珥 河 水 溢 . [32a*8*14]\nĐan trì cập chư điện đình, thuỷ thâm sổ thốn, Ngũ nhật, vũ hạ thuỷ chú, Nhĩ Hà thuỷ dật.\n王 因 親 . [32a*9*16]\nVương nhân thân..\n",
    "url": "/data/image_dvsk/ban_ky_tuc_bien/quyen18/DVSKTT_ban_tuc_XVIII_32a.jpg"
  },
  {
    "text": "率 太 尉 崇 國 公 鄭 橋 及 諸 營 奇 乘 船 順 流 至 青 池 縣 琛 陽 安 沿 勸 良 等 社 堤 路 護 築 . [32b*1*1]\nsuất Thái uý Sùng Quốc công Trịnh Kiều cập chư dinh cơ thừa thuyền thuận lưu chí Thanh Trì huyện, Thám Dương, Yên Duyên, Khuyến Lương đẳng xã đê lộ hộ trúc.\n水 愈 泛 溢 乃 還 . [32b*2*15]\nThuỷ dũ phiếm dật, nãi hoàn.\n仍 令 收 各 處 堤 路 總 幹 官 濫 取 民 钱 入 宫 . [32b*3*3]\nNhưng lệnh thu các xứ đê lộ tổng cán quan lạm thủ dân tiền nhập cung.\n秋 九 月 望 卯 時 日 食 . [32b*4*1]\nThu, cửu nguyệt, vọng, Mão thì, nhật thực.\n癸 酉 五 年 [ 明 崇 六 年 ] 禎 春 正 月 龍 泉 山 崩 . [32b*5*1]\nQuý Dậu, ngũ niên, [Minh, Sùng lục niên] Trinh, Xuân, chính nguyệt, Long Tuyền sơn băng.\n命 太 傅 附 郡 公 阮 潶 太 保 廣 郡 公 鄭 杭 陵 郡 公 鄭 榜 洪 郡 公 鄭 榴 等 參 預 朝 政 . [32b*5*17]\nMệnh Thái phó Phụ quận công Nguyễn Hắc, Thái bảo Quảng quận công Trịnh Hàng, Lăng quận công Trịnh Bảng, Hồng quận công Trịnh Lựu đẳng tham dự triều chính.\n命 太 保 廣 郡 公 鄭 杭 同 吳 仁 澈 阮 光 明 等 照 補 各 府 衛 軍 項 . [32b*7*9]\nMệnh Thái bảo Quảng quận công Trịnh Hàng đồng Ngô Nhân Triệt, Nguyễn Quang Minh đẳng chiếu bổ các phủ vệ quân hạng.\n三 月 永 福 縣 多 筆 山 石 剥 . [32b*8*15]\nTam nguyệt, Vĩnh Phúc huyện, Đa Bút sơn thạch bác.\n奉 化 縣 隂 陽 井 邉 處 两 山 崩 . [32b*9*8]\nPhụng Hoá huyện, Âm Dương tỉnh biên xử lưỡng sơn băng..\n",
    "url": "/data/image_dvsk/ban_ky_tuc_bien/quyen18/DVSKTT_ban_tuc_XVIII_32b.jpg"
  },
  {
    "text": "隕 交 塞 行 路 人 馬 不 得 往 來 . [33a*1*1]\nvẫn, giao tắc hành lộ, nhân mã bất đắc vãng lai.\n命 陳 瑋 阮 進 用 阮 壽 春 申 珪 等 往 關 上 俟 命 迎 接 陪 臣 回 國 . [33a*1*12]\nMệnh Trần Vĩ, Nguyễn Tiến Dụng, Nguyễn Thọ Xuân, Thân Khuê đẳng vãng quan thượng sĩ mệnh, nghênh tiếp bồi thần hồi quốc.\n仍 差 太 保 廣 郡 公 鄭 杭 統 領 各 奇 隊 象 馬 士 卒 衛 行 . [33a*2*18]\nNhưng sai Thái bảo Quảng quận công Trịnh Hàng thống lĩnh các cơ đội tượng mã sĩ tốt vệ hành.\n二 十 日 陪 臣 陳 有 禮 楊 致 澤 阮 經 濟 阮 宜 黄 公 輔 等 赴 京 入 拜 謁 . [33a*4*2]\nNhị thập nhật, bồi thần Trần Hữu Lễ, Dương Trí Trạch, Nguyễn Kinh Tế, Nguyễn Nghi, Hoàng Công Phụ đẳng phó Kinh nhập bái yết.\n副 使 裴 秉 鈞 卒 于 明 . [33a*5*10]\nPhó sứ Bùi Bỉnh Quân tốt vu Minh.\n二 十 二 日 李 太 宗 神 位 無 故 移 位 . [33a*6*1]\nNhị thập nhị nhật, Lí Thái Tông Thần vị vô cố di vị.\n差 内 臣 派 郡 公 [ 缺 名 ] 往 祭 之 . [33a*6*14]\nSai nội thần Phái quận công [khuyết danh] vãng tế chi.\n得 六 七 日 又 移 復 如 舊 . [33a*7*7]\nĐắc lục thất nhật, hựu di phục như cựu.\n青 池 縣 安 沿 社 地 分 珥 河 夜 涸 一 克 餘 至 有 秉 燭 捕 魚 者 . [33a*7*16]\nThanh Trì huyện, Yên Duyên xã địa phận, Nhĩ Hà dạ hạc nhất khắc dư, chí hữu bỉnh chúc bộ ngư giả.\n差 水 軍 船 艘 八 十 餘 往 山 南 處 潛 入 嘉 遠 縣 . [33a*9*1]\nSai thuỷ quân thuyền sưu bát thập dư vãng Sơn Nam xứ, tiềm nhập Gia Viễn huyện..\n",
    "url": "/data/image_dvsk/ban_ky_tuc_bien/quyen18/DVSKTT_ban_tuc_XVIII_33a.jpg"
  },
  {
    "text": "擊 前 僞 賢 郡 公 之 子 . [33b*1*1]\nkích tiền nguỵ Hiền quận công chi tử.\n二 十 三 日 巳 時 有 風 起 自 北 方 來 盛 烈 社 潭 涸 一 克 餘 . [33b*1*9]\nNhị thập tam nhật, Tị thì, hữu phong khởi tự Bắc phương lai, Thịnh Liệt xã đàm hạc nhất khắc dư.\n珥 河 水 波 動 盪 船 艘 沉 破 人 多 溺 死 . [33b*2*13]\nNhĩ Hà thuỷ ba động đãng, thuyền sưu trầm phá, nhân đa nịch tử.\n朝 臣 劾 興 化 處 參 議 張 瑀 居 官 不 䏻 慎 守 職 司 致 民 嗚 告 及 阮 沆 任 知 縣 未 滿 一 考 丁 憂 未 畢 潛 以 金 銀 妄 奏 求 爲 西 京 殿 陵 副 殆 甚 超 越 . [33b*3*9]\nTriều thần hặc Hưng Hoá xứ Tham nghị Trương Vũ cư quan bất năng thận thủ chức ti, trí dân ô cáo, cập Nguyễn Hàng nhậm tri huyện vị mãn nhất khảo, đinh ưu vị tất, tiềm dĩ kim ngân vọng tấu, cầu vi Tây Kinh điện lăng phó, đãi thậm siêu việt.\n上 付 下 論 罪 張 瑀 并 收 阮 沆 勅 命 . [33b*6*9]\nThượng phó hạ luận tội Trương Vũ, tịnh thu Nguyễn Hàng sắc mệnh.\n王 親 率 諸 營 將 士 征 順 化 不 克 而 還 . [33b*7*4]\nVương thân suất chư dinh tướng sĩ chinh Thuận Hoá, bất khắc nhi hoàn.\n甲 戌 六 年 [ 明 崇 七 年 ] . [33b*8*1]\nGiáp Tuất lục niên, [Minh, Sùng thất niên].\n禎 春 二 月 望 月 食 . [33b*8*9]\nTrinh, Xuân, nhị nguyệt, vọng, nguyệt thực.\n三 月 朔 日 食 . [33b*8*16]\nTam nguyệt, sóc, nhật thực.\n會 試 天 下 士 人 . [33b*9*1]\nHội thí thiên hạ sĩ nhân.\n取 合 格 阮 仁 著 等 五 名 . [33b*9*7]\nThủ hợp cách Nguyễn Nhân Trứ đẳng ngũ danh.\n及 殿 . [33b*9*16]\nCập Điện..\n",
    "url": "/data/image_dvsk/ban_ky_tuc_bien/quyen18/DVSKTT_ban_tuc_XVIII_33b.jpg"
  },
  {
    "text": "試 上 親 策 賜 武 拨 萃 進 士 出 身 阮 仁 著 等 四 名 同 進 士 出 身 . [34a*1*1]\nthí, Thượng thân sách, tứ Vũ Bạt Tuỵ Tiến sĩ xuất thân, Nguyễn Nhân Trứ đẳng tứ danh đồng Tiến sĩ xuất thân.\n夏 大 旱 禾 榖 焦 枯 人 民 饑 饉 . [34a*2*6]\nHạ, đại hạn, hoà cốc tiêu khô, nhân dân cơ cận.\n秋 始 雨 . [34a*2*17]\nThu thuỷ vũ.\n加 禮 部 尚 書 兼 翰 林 院 侍 讀 掌 翰 林 院 事 . [34a*3*3]\nGia Lễ bộ Thượng thư kiêm Hàn Lâm viện thị độc, chưởng Hàn Lâm viện sự.\n東 閣 學 士 國 老 參 預 朝 政 太 保 蘭 郡 公 阮 實 陞 户 部 尚 書 太 傅 致 仕 . [34a*4*2]\nĐông Các học sĩ Quốc lão tham dự triều chính; Thái bảo Lan quận công Nguyễn Thực thăng Hộ bộ Thượng thư Thái phó trí sĩ.\n本 朝 恢 復 以 來 以 尚 書 國 老 致 仕 自 實 始 . [34a*5*10]\nBản triều khôi phục dĩ lai, dĩ Thượng thư quốc lão trí sĩ tự Thực thuỷ.\n乙 亥 七 年 [ 十 月 以 後 改 明 崇 禎 八 年 ] . [34a*7*1]\nẤt Hợi thất niên, [Thập nguyệt dĩ hậu cải Minh, Sùng Trinh bát niên].\n陽 和 元 年 . [34a*7*15]\nDương Hoà nguyên niên.\n夏 六 月 令 㫖 禁 聀 所 該 苛 刻 及 戒 飭 該 勘 衙 門 淹 留 詞 訟 放 布 施 行 凣 十 二 條 . [34a*7*19]\nHạ, lục nguyệt, lệnh chỉ cấm chức sở cai hà khắc, cập giới sức cai khám nha môn yêm lưu từ tụng, phóng bố thi hành phàm thập nhị điều.\n冬 十 月 改 元 爲 陽 和 元 年 . [34a*9*7]\nĐông, thập nguyệt, cải nguyên vi Dương Hoà nguyên niên.\n大 . [34a*9*17]\nĐạị.\n",
    "url": "/data/image_dvsk/ban_ky_tuc_bien/quyen18/DVSKTT_ban_tuc_XVIII_34a.jpg"
  },
  {
    "text": "赦 . [34b*1*1]\nxá.\n丁 丑 陽 和 三 年 [ 明 崇 十 年 ] . [34b*2*1]\nĐinh Sửu, Dương Hoà tam niên, [Minh, Sùng thập niên].\n禎 春 正 月 朔 日 有 食 之 . [34b*2*11]\nTrinh, Xuân, chính nguyệt, sóc, nhật hữu thực chi.\n冬 十 月 會 試 天 下 士 人 . [34b*2*20]\nĐông, thập nguyệt, Hội thí thiên hạ sĩ nhân.\n取 合 格 阮 春 正 等 二 十 名 . [34b*3*9]\nThủ hợp cách Nguyễn Xuân chính đẳng nhị thập danh.\n及 廷 試 上 親 策 賜 阮 春 正 阮 沂 阮 世 卿 等 進 士 及 第 阮 有 常 等 二 名 進 士 出 身 阮 滚 等 十 五 名 同 進 士 出 身 . [34b*4*1]\nCập Đình thí, Thượng thân sách, tứ Nguyễn Xuân Chính, Nguyễn Nghi Nguyễn Thế Khanh đẳng Tiến sĩ cập đệ Nguyễn Hữu Thường đẳng nhị danh Tiến sĩ xuất thân Nguyễn Cổn đẳng thập ngũ danh đồng Tiến sĩ xuất thân.\n十 一 月 致 仕 阮 實 卒 贈 太 宰 賜 謚 忠 純 時 年 八 十 三 . [34b*6*6]\nThập nhất nguyệt, trí sĩ Nguyễn Thực tốt, tặng Thái tể, tứ thuỵ Trung Thuần, thời niên bát thập tam.\n[ 實 東 岸 雲 恬 人 ] . [34b*7*9]\n[Thực, Đông Ngàn, Vân Điềm nhân].\n十 二 月 晦 日 食 . [34b*7*15]\nThập nhị nguyệt, hối, nhật thực.\n遣 正 使 阮 惟 曉 江 文 明 副 使 阮 光 明 陳 沂 阮 評 申 珪 等 二 部 如 明 歳 貢 . [34b*8*1]\nKhiển chánh sứ Nguyễn Duy Hiểu, Giang Văn Minh; phó sứ Nguyễn Quang Minh, Trần Nghi, Nguyễn Bình, Thân Khuê đẳng nhị bộ như Minh tuế cống.\n命 陳 有 禮 陽 致 澤 阮 . [34b*9*11]\nMệnh Trần Hữu Lễ, Dương Trí Trạch, Nguyễn..\n",
    "url": "/data/image_dvsk/ban_ky_tuc_bien/quyen18/DVSKTT_ban_tuc_XVIII_34b.jpg"
  },
  {
    "text": "壽 春 范 福 慶 阮 光 岳 等 往 關 上 候 命 . [35a*1*1]\nThọ Xuân, Phạm Phúc Khánh, Nguyễn Quang Nhạc đẳng vãng quan thượng hậu mệnh.\n戊 寅 四 年 [ 明 崇 禎 十 一 年 ] 王 親 率 諸 軍 往 征 莫 孽 于 髙 平 地 方 . [35a*2*1]\nMậu Dần, tứ niên, [Minh, Sùng Trinh, thập nhất niên], Vương thân suất chư quân vãng chinh Mạc nghiệt vu Cao Bằng địa phương.\n属 将 夏 郡 公 [ 缺 名 ] 爲 虜 所 獲 林 郡 公 [ 缺 名 ] 當 陣 怯 走 伏 誅 . [35a*3*3]\nThuộc tướng Hạ quận công [khuyết danh] vi lỗ sở hoạch, Lâm quận công [khuyết danh] đương trận khiếp tẩu, phục tru.\n冬 十 二 月 定 文 武 百 官 行 儀 以 明 等 級 . [35a*4*5]\nĐông, thập nhị nguyệt, định văn vũ bá quan hành nghi dĩ minh đẳng cấp.\n己 卯 五 年 [ 明 崇 禎 十 二 年 ] . [35a*6*1]\nKỉ Mão, ngũ niên, [Minh, Sùng Trinh, thập nhị niên].\n夏 四 月 申 明 人 命 訟 事 遵 如 景 統 六 年 之 制 . [35a*6*11]\nHạ, tứ nguyệt, thân minh nhân mệnh tụng sự tuân như Cảnh Thống lục niên chi chế.\n其 犯 人 止 收 本 分 田 産 及 妻 子 財 物 . [35a*7*6]\nKì phạm nhân chỉ thu bản phần điền sản cập thê tử tài vật.\n如 不 足 者 許 供 開 犯 人 父 母 兄 弟 田 産 爲 償 命 钱 不 得 連 捉 宗 族 鄕 里 永 爲 常 法 . [35a*8*2]\nNhư bất túc giả, hứa cung khai phạm nhân phụ mẫu huynh đệ điền sản vi thường mệnh tiền, bất đắc liên tróc tông tộc hương lí, vĩnh vi thường pháp.\n命 工 部 . [35a*9*15]\nMệnh Công bộ..\n",
    "url": "/data/image_dvsk/ban_ky_tuc_bien/quyen18/DVSKTT_ban_tuc_XVIII_35a.jpg"
  },
  {
    "text": "尚 書 少 傅 泉 郡 公 阮 惟 時 同 阮 壽 春 阮 春 正 阮 光 岳 范 福 慶 等 往 關 上 候 命 迎 使 臣 還 國 . [35b*1*1]\nThượng thư thiếu phó Tuyền quận công Nguyễn Duy Thì đồng Nguyễn Thọ Xuân, Nguyễn Xuân Chính, Nguyễn Quang Nhạc, Phạm Phúc Khánh đẳng vãng quan thượng hậu mệnh, nghênh sứ thần hoàn quốc.\n冬 十 二 月 太 尉 崇 國 公 鄭 橋 奉 王 㫖 申 明 嚴 戒 執 法 舉 行 凣 十 二 條 大 抵 以 詳 職 司 悅 民 心 爲 本 . [35b*2*17]\nĐông, thập nhị nguyệt, Thái uý Sùng quốc công Trịnh Kiều phụng Vương chỉ, thân minh nghiêm giới chấp pháp cử hành phàm thập nhị điều, đại để dĩ tường chức ti duyệt dân tâm vi bản.\n庚 辰 六 年 [ 明 崇 禎 十 三 年 ] . [35b*5*1]\nCanh Thìn, lục niên, [Minh, Sùng Trinh, thập tam niên].\n春 閏 正 月 會 試 天 下 士 人 . [35b*5*11]\nXuân, nhuận chính nguyệt, Hội thí thiên hạ sĩ nhân.\n取 合 格 費 文 述 等 二 十 二 名 . [35b*5*21]\nThủ hợp cách Phí Văn Thuật đẳng nhị thập nhị danh.\n及 廷 試 上 親 策 賜 費 文 述 等 二 名 進 士 出 身 黄 榮 等 二 十 名 同 進 士 出 身 . [35b*6*10]\nCập Đình thí, Thượng thân sách, tứ Phí Văn Thuật đẳng nhị danh Tiến sĩ xuất thân, Hoàng Vinh đẳng nhị thập danh đồng Tiến sĩ xuất thân.\n壬 午 八 年 [ 明 崇 禎 十 五 年 ] . [35b*9*1]\nNhâm Ngọ, bát niên, [Minh, Sùng Trinh, thập ngũ niên].\n秋 九 月 太 尉 崇 國 公 鄭 橋 薨 . [35b*9*11]\nThu, cửu nguyệt, Thái uý Sùng quốc công Trịnh Kiều hoăng.\n贈 . [35b*9*22]\nTặng..\n",
    "url": "/data/image_dvsk/ban_ky_tuc_bien/quyen18/DVSKTT_ban_tuc_XVIII_35b.jpg"
  },
  {
    "text": "上 宰 上 相 賜 諡 䧺 度 . [36a*1*1]\nThượng tể, Thượng tướng, tứ thuỵ Hùng Độ.\n王 謀 與 僚 佐 以 方 今 天 下 紀 綱 在 公 勘 詞 訟 擒 制 盗 刼 仍 差 官 分 治 各 處 . [36a*1*9]\nVương mưu dữ liêu tá, dĩ phương kim thiên hạ kỷ cương, tại công khám từ tụng, cầm chế đạo kiếp, nhưng sai quan phân trị các xứ.\n以 副 都 将 太 保 西 郡 公 鄭 柞 鎮 山 南 處 太 常 寺 卿 范 公 著 爲 賛 理 太 保 扶 郡 公 鄭 櫟 鎮 山 西 處 兵 部 右 侍 郎 阮 澄 爲 賛 理 瓊 岩 公 鄭 棣 鎮 京 北 處 工 部 右 侍 郎 阮 評 爲 賛 理 少 尉 華 郡 公 鄭 梣 鎮 海 陽 處 户 科 都 給 事 中 阮 仁 著 爲 賛 理 . [36a*3*2]\nDĩ Phó đô tướng Thái bảo Tây quận công Trịnh Tạc trấn Sơn Nam xứ, Thái thường tự khanh Phạm Công Trứ vi Tán lí; Thái bảo Phù quận công Trịnh Lịch trấn Sơn Tây xứ, Binh bộ Hữu thị lang Nguyễn Trừng vi Tán lí; Quỳnh Nham công Trịnh Lệ trấn Kinh Bắc xứ, Công bộ Hữu thị lang Nguyễn Bình vi Tán lí; Thiếu uý Hoa quận công Trịnh Sầm trấn Hải Dương xứ, Hộ khoa đô cấp sự trung Nguyễn Nhân Trứ vi Tán lí.\n並 同 承 司 釐 革 前 弊 撫 安 方 民 . [36a*7*17]\nTịnh đồng thừa ti li cách tiền tệ, phủ an phương dân.\n癸 未 九 年 [ 十 月 以 後 真 宗 福 泰 元 年 明 崇 禎 十 六 年 ] . [36a*9*1]\nQuý Mùi, cửu niên, [Thập nguyệt dĩ hậu, Chân Tông Phúc Thái nguyên niên. Minh Sùng Trinh thập lục niên].\n春 二 月 命 太 保 西 . [36a*9*21]\nXuân, nhị nguyệt, mệnh Thái bảo Tây..\n",
    "url": "/data/image_dvsk/ban_ky_tuc_bien/quyen18/DVSKTT_ban_tuc_XVIII_36a.jpg"
  },
  {
    "text": "郡 公 鄭 柞 瓊 岩 公 鄭 棣 與 賛 理 右 侍 郎 阮 光 明 寺 卿 范 公 著 阮 名 壽 等 統 領 大 兵 往 征 順 化 阮 福 闌 . [36b*1*1]\nquận công Trịnh Tạc, Quỳnh Nham công Trịnh Lệ dữ Tán lí Hữu thị lang Nguyễn Quang Minh, Tự khanh Phạm Công Trứ, Nguyễn Danh Thọ đẳng thống lĩnh đại binh vãng chinh Thuận Hoá Nguyễn Phúc Lan.\n襲 擊 賊 裨 将 勝 良 侯 于 中 和 社 擒 獲 斬 之 及 俘 獲 書 記 文 全 子 解 納 營 門 . [36b*3*3]\nTập kích tặc tì tướng Thắng Lương hầu vu Trung Hoà xã, cầm hoạch trảm chi, cập phu hoạch thư ký Văn Toàn Tử, giải nộp dinh môn.\n因 進 軍 直 扺 日 麗 海 門 . [36b*4*13]\nNhân tiến quân trực chỉ Nhật Lệ hải môn.\n三 月 王 扶 鑾 駕 進 于 布 政 州 駐 安 排 社 料 定 兵 機 授 以 方 畧 . [36b*5*4]\nTam nguyệt, Vương phù Loan giá tiến vu Bố Chính châu, trú An Bài xã, liệu định binh cơ, thụ dĩ phương lược.\n時 統 領 諸 營 嚴 陣 以 待 . [36b*6*10]\nThời thống lĩnh chư dinh, nghiêm trận dĩ đãi.\n會 上 有 㫖 以 南 方 暑 氣 炎 熱 難 以 久 留 乃 整 大 兵 而 還 . [36b*7*1]\nHội Thượng hữu chỉ, dĩ Nam phương thử khí viêm nhiệt, nan dĩ cửu lưu, nãi chỉnh đại binh nhi hoàn.\n賜 户 部 左 侍 郎 兼 徽 文 院 詹 事 少 傅 仁 郡 公 尹 僖 致 仕 . [36b*8*4]\nTứ Hộ bộ Tả thị lang kiêm Huy văn viện thiêm sự Thiếu phó Nhân quận công Doãn Hi trí sĩ.\n冬 十 月 詔 傳 位 於 皇 太 子 . [36b*9*8]\nĐông, thập nguyệt, chiếu truyền vị ư Hoàng thái tử..\n",
    "url": "/data/image_dvsk/ban_ky_tuc_bien/quyen18/DVSKTT_ban_tuc_XVIII_36b.jpg"
  }
]