[
  {
    "text": "維 祐 即 皇 帝 位 于 勤 政 殿 改 元 爲 福 泰 元 年 . [37a*1*1]\nDuy Hựu tức Hoàng Đế vị vu Cần Chính điện, cải nguyên vi Phúc Thái nguyên niên.\n大 赦 天 下 凣 二 十 七 條 . [37a*1*18]\nĐại xá thiên hạ, phàm nhị thập thất điều.\n尊 帝 爲 太 上 皇 皇 后 鄭 氏 爲 皇 太 后 . [37a*2*9]\nTôn Đế vi Thái Thượng Hoàng, Hoàng hậu Trịnh thị vi Hoàng Thái Hậu.\n會 試 天 下 士 人 . [37a*3*5]\nHội thí thiên hạ sĩ nhân.\n取 合 格 黎 致 澤 等 九 名 . [37a*3*11]\nThủ hợp cách Lê Trí Trạch đẳng cửu danh.\n十 二 月 殿 試 賜 阮 克 紹 等 二 名 進 士 出 身 黎 廷 譽 等 七 名 同 進 士 出 身 . [37a*4*3]\nThập nhị nguyệt, Điện thí, tứ Nguyễn Khắc Thiệu đẳng nhị danh Tiến sĩ xuất thân, Lê Đình Dự đẳng thất danh đồng Tiến sĩ xuất thân.\n真 宗 順 皇 帝 [ 諱 維 祐 神 宗 長 子 也 十 三 歳 受 禅 在 位 七 年 壽 二 十 而 崩 塟 花 浦 陵 帝 天 性 沉 潜 寬 容 博 厚 有 人 君 之 德 六 七 載 間 歳 比 豊 稔 使 其 天 假 之 年 則 漢 文 富 庶 之 效 同 得 羙 稱 矣 ] . [37a*6*1]\nChân Tông Thuận Hoàng Đế, [huý Duy Hựu, Thần Tông trưởng tử dã. Thập tam tuế thụ thiện. Tại vị thất niên, thọ nhị thập nhi băng, táng Hoa Phố lăng. Đế thiên tính trầm tiềm, khoan dung bác hậu, hữu nhân quân chi đức. Lục thất tải gian, tuế tỉ phong nhẫm. Sử kì thiên giả chi niên, tắc Hán Văn phú thứ chi hiệu, đồng đắc mĩ xưng hĩ].\n甲 申 福 泰 二 年 . [37a*9*1]\nGiáp Thân, Phúc Thái nhị niên.\n[ 明 崇 禎 十 七 年 ] . [37a*9*7]\n[Minh, Sùng Trinh thập thất niên].\n夏 四 月 太 白 經 天 . [37a*9*13]\nHạ, tứ nguyệt, Thái Bạch kinh thiên.\n是 月 . [37a*9*20]\nThị nguyệt,..\n",
    "url": "/data/image_dvsk/ban_ky_tuc_bien/quyen18/DVSKTT_ban_tuc_XVIII_37a.jpg"
  },
  {
    "text": "命 官 考 覈 天 下 士 望 除 任 府 縣 等 職 . [37b*1*1]\nmệnh quan khảo hạch thiên hạ sĩ vọng, trừ nhậm phủ huyện đẳng chức.\n冬 十 二 月 命 太 保 西 郡 公 鄭 柞 同 督 視 楊 致 澤 賛 理 范 公 著 等 畧 定 髙 平 地 方 進 兵 設 伏 斬 得 賊 裨 将 一 人 俘 獲 賊 黨 而 還 . [37b*1*15]\nĐông, thập nhị nguyệt, mệnh Thái bảo Tây quận công Trịnh Tạc đồng đốc thị Dương Trí Trạch, Tán lí Phạm Công Trứ đẳng lược định Cao Bằng địa phương, tiến binh thiết phục, trảm đắc tặc tì tướng nhất nhân, phu hoạch tặc đảng nhi hoàn.\n乙 酉 三 年 [ 明 隆 武 元 年 清 順 治 元 年 ] . [37b*5*1]\nẤt Dậu tam niên, [Minh Long Vũ nguyên niên; Thanh Thuận Trị nguyên niên].\n夏 四 月 十 九 日 熒 惑 入 鬼 宿 犯 積 屍 . [37b*5*15]\nHạ, tứ nguyệt, thập cửu nhật, Huỳnh Hoặc nhập Quỷ tú, phạm Tích Thi.\n進 封 副 都 将 太 保 西 郡 公 鄭 柞 爲 欽 差 節 制 各 處 水 步 諸 營 掌 國 權 柄 左 相 太 尉 西 國 公 開 謙 定 府 凡 國 家 庶 務 悉 委 栽 决 . [37b*6*5]\nTấn phong Phó đô tướng Thái bảo Tây quận công Trịnh Tạc vi Khâm sai Tiết chế các xứ thuỷ bộ chư dinh Chưởng quốc quyền bính Tả tướng, Thái uý Tây quốc công, khai Khiêm Định phủ, phàm quốc gia thứ vụ, tất uỷ tài quyết.\n五 月 日 王 感 冐 太 保 扶 郡 公 鄭 櫟 太 傅 華 郡 公 鄭 . [37b*8*17]\nNgũ nguyệt nhật, Vương cảm mạo, Thái bảo Phù quận công Trịnh Lịch, Thái phó Hoa quận công Trịnh..\n",
    "url": "/data/image_dvsk/ban_ky_tuc_bien/quyen18/DVSKTT_ban_tuc_XVIII_37b.jpg"
  },
  {
    "text": "梣 恨 不 得 志 乃 稱 兵 作 亂 . [38a*1*1]\nSầm hận bất đắc chí, nãi xưng binh tác loạn.\n太 尉 西 國 公 鄭 柞 奉 㫖 恊 與 文 武 臣 僚 參 議 奏 聞 于 帝 仍 告 天 地 宗 廟 . [38a*1*11]\nThái uý Tây quốc công Trịnh Tạc phụng chỉ hiệp dữ văn vũ thần liêu tham nghị tấu văn vu Đế, nhưng cáo thiên địa tông miếu.\n初 二 日 出 兵 攻 討 擒 獲 逆 櫟 正 身 其 逆 梣 遁 入 寧 江 . [38a*3*2]\nSơ nhị nhật, xuất binh công thảo, cầm hoạch nghịch Lịch chính thân, kì nghịch Sầm độn nhập Ninh Giang.\n命 太 保 溪 郡 公 鄭 杖 督 兵 躡 捕 追 及 於 祝 山 俘 獲 獻 納 並 寘 諸 國 法 . [38a*4*4]\nMệnh Thái bảo Khê quận công Trịnh Trượng đốc binh niếp bộ, truy cập ư Chúc Sơn phụ hoạch, hiến nộp, tịnh trí chư quốc pháp.\n時 賛 理 范 公 著 武 将 陶 光 饒 亦 預 有 參 賛 征 討 之 功 . [38a*5*12]\nThời, Tán lí Phạm Công Trứ, võ tướng Đào Quang Nhiêu diệc dự hữu tham tán chinh thảo chi công.\n赦 天 下 季 税 之 半 . [38a*6*14]\nXá thiên hạ quý thuế chi bán.\n又 禁 人 民 毋 得 作 匿 名 書 吹 虚 傳 説 蠱 惑 人 心 . [38a*7*4]\nHựu cấm nhân dân vô đắc tác nặc danh thư, xuý hư truyền thuyết, cổ hoặc nhân tâm.\n六 月 申 明 勘 訟 條 例 以 勉 當 官 廉 勤 之 法 革 小 民 告 訐 之 風 . [38a*8*4]\nLục nguyệt, thân minh khám tụng điều lệ, dĩ miễn đương quan liêm cần chi pháp, cách tiểu dân cáo kiết chi phong.\n秋 七 月 禁 諸 權 貴 及 . [38a*9*10]\nThu, thất nguyệt, cấm chư quyền quý cập..\n",
    "url": "/data/image_dvsk/ban_ky_tuc_bien/quyen18/DVSKTT_ban_tuc_XVIII_38a.jpg"
  },
  {
    "text": "各 該 衙 門 并 二 司 官 不 得 占 取 社 民 户 分 縣 官 亦 不 得 濫 收 民 钱 . [38b*1*1]\ncác cai nha môn tịnh nhị ti quan bất đắc chiếm thủ xã dân hộ phân, huyện quan diệc bất đắc lạm thu dân tiền.\n其 各 祭 钱 米 並 隨 大 中 小 社 應 出 有 差 以 省 民 費 . [38b*2*8]\nKì các tế tiền mễ, tịnh tuỳ đại trung tiểu xã ưng xuất hữu sai, dĩ tỉnh dân phí.\n丙 戌 四 年 [ 明 隆 武 二 年 清 順 治 二 年 ] . [38b*4*1]\nBính Tuất tứ niên, [Minh, Long Vũ nhị niên. Thanh Thuận Trị nhị niên].\n春 正 月 二 十 二 日 雨 雹 鳥 獸 多 被 害 . [38b*4*15]\nXuân, chính nguyệt, nhị thập nhị nhật, vũ bạc, điểu thú đa bị hại.\n二 月 京 師 雨 雹 . [38b*5*5]\nNhị nguyệt, Kinh sư vũ bạc.\n是 歳 榖 大 收 . [38b*5*11]\nThị tuế cốc đại thu.\n差 正 使 阮 仁 政 副 使 范 永 綿 陳 槩 阮 滚 等 同 天 朝 使 都 督 林 參 駕 海 往 福 建 求 封 于 明 . [38b*6*1]\nSai chánh sứ Nguyễn Nhân Chính; phó sứ Phạm Vĩnh Miên, Trần Khái, Nguyễn Cổn đẳng đồng thiên triều sứ Đô đốc Lâm Sâm giá hải vãng Phúc Kiến cầu phong vu Minh.\n時 明 帝 即 位 爲 清 人 所 破 . [38b*7*16]\nThời, Minh đế tức vị, vi Thanh nhân sở phá.\n明 臣 再 尊 立 永 曆 皇 帝 . [38b*8*8]\nMinh thần tái tôn lập Vĩnh Lịch hoàng đế.\n明 帝 因 遣 翰 林 潘 琦 等 賚 勅 書 誥 命 并 塗 金 銀 印 往 . [38b*8*17]\nMinh đế nhân khiển Hàn lâm Phan Kì đẳng lãi sắc thư cáo mệnh tịnh trà kim ngân ấn vãng..\n",
    "url": "/data/image_dvsk/ban_ky_tuc_bien/quyen18/DVSKTT_ban_tuc_XVIII_38b.jpg"
  },
  {
    "text": "本 國 冊 封 太 上 皇 爲 安 南 國 王 . [39a*1*1]\nbản quốc, sách phong Thái Thượng Hoàng vi An Nam quốc vương.\n明 使 與 仁 政 等 陸 行 由 鎮 南 關 而 回 . [39a*1*13]\nMinh sứ dữ Nhân Chính đẳng lục hành do trấn Nam Quan nhi hồi.\n時 明 國 大 亂 . [39a*2*9]\nThời, Minh quốc đại loạn.\n龍 州 首 領 趙 有 涇 爲 族 兄 趙 有 濤 所 殺 . [39a*2*14]\nLong Châu thủ lĩnh Triệu Hữu Kinh vi tộc huynh Triệu Hữu Đào sở sát.\n其 子 有 啓 求 救 於 是 命 瓊 岩 公 鄭 棣 進 兵 太 原 攻 髙 平 獲 趙 有 濤 并 家 属 調 回 京 諭 以 和 睦 遣 還 本 州 . [39a*3*12]\nKì tử Hữu Khải cầu cứu, ư thị mệnh Quỳnh Nham công Trịnh Lệ tiến binh Thái Nguyên công Cao Bằng, hoạch Triệu Hữu Đào tịnh gia thuộc, điều hồi Kinh, dụ dĩ hoà mục, khiển hoàn bản châu.\n冬 十 月 會 試 天 下 士 人 . [39a*5*15]\nĐông, thập nguyệt, Hội thí thiên hạ sĩ nhân.\n取 中 格 阮 登 鎬 等 十 七 名 . [39a*6*7]\nThủ trúng cách Nguyễn Đăng Cảo đẳng thập thất danh.\n十 二 月 殿 試 上 親 御 筆 賜 阮 登 鎬 進 士 及 第 第 三 名 阮 曰 舉 進 士 出 身 范 文 達 等 十 五 名 同 進 士 出 身 . [39a*6*17]\nThập nhị nguyệt, Điện thí, Thượng thân ngự bút tứ Nguyễn Đăng Cảo Tiến sĩ cập đệ đệ tam danh, Nguyễn Viết Cử Tiến sĩ xuất thân, Phạm Văn Đạt đẳng thập ngũ danh đồng Tiến sĩ xuất thân.\n",
    "url": "/data/image_dvsk/ban_ky_tuc_bien/quyen18/DVSKTT_ban_tuc_XVIII_39a.jpg"
  },
  {
    "text": "丁 亥 五 年 [ 明 永 曆 元 年 清 順 治 三 年 ] . [39b*1*1]\nĐinh Hợi ngũ niên, [Minh, Vĩnh Lịch nguyên niên\n夏 五 月 阮 仁 政 等 候 明 使 賚 封 印 到 關 . [39b*1*15]\nThanh, Thuận Trị tam niên].\n乃 命 禮 部 尚 書 少 保 陽 郡 公 阮 宜 與 户 部 左 侍 郎 阮 壽 春 僉 都 御 史 同 仁 派 户 科 都 給 事 中 阮 策 顕 提 刑 張 論 道 吏 科 給 事 中 阮 文 廣 等 迎 接 回 京 . [39b*2*6]\nHạ, ngũ nguyệt, Nguyễn Nhân Chính đẳng hậu Minh sứ lãi phong ấn đáo quan.\n明 使 行 放 封 禮 宣 制 文 曰 朕 惟 帝 王 之 興 務 先 柔 遠 春 秋 之 義 獨 奬 尊 王 . [39b*5*8]\nNãi mệnh Lễ bộ Thượng thư Thiếu bảo Dương quận công Nguyễn Nghi dữ Hộ bộ Tả thị lang Nguyễn Thọ Xuân, Thiêm đô Ngự sử Đồng Nhân Phái, Hộ khoa đô cấp sự trung Nguyễn Sách Hiển, Đề hình Trương Luận Đạo, Lại khoa cấp sự trung Nguyễn Văn Quảng đẳng nghênh tiếp hồi kinh.\n昔 我 皇 祖 疆 理 天 下 海 隅 日 出 盡 入 版 圖 . [39b*6*18]\nMinh sứ hành phóng phong lễ, tuyên chế văn viết: \"Trẫm duy, đế vương chi hưng, vụ tiên nhu viễn; Xuân thu chi nghĩa, độc tưởng tôn vương.\n惟 爾 安 南 獨 承 聲 教 禮 樂 衣 冠 漸 爲 風 俗 其 食 國 家 之 恩 者 百 世 貽 子 孫 之 慶 者 數 傳 . [39b*7*16]\nTích ngã Hoàng tổ cương lí thiên hạ, hải ngung nhật xuất tận nhập bản đồ.\n爾 都 統 司 黎 祐 . [39b*9*13]\nDuy nhĩ An Nam, độc thừa thanh giáo, lễ nhạc y quan, tiệm vi phong tục, kì thực quốc gia chi ân giả, bách thế, di tử tôn chi khánh giả, sổ truyền.\n.\nNhĩ Đô thống ti Lê Hựu..\n",
    "url": "/data/image_dvsk/ban_ky_tuc_bien/quyen18/DVSKTT_ban_tuc_XVIII_39b.jpg"
  },
  {
    "text": "賢 良 夙 昭 恭 順 不 懈 宜 德 服 龍 荒 而 聲 馳 象 魏 . [40a*1*1]\nhiền lương túc chiêu, cung thuận bất giải, nghi đức phục long hoang nhi thanh trì tượng nguỵ.\n當 我 隆 武 皇 帝 御 極 閩 甸 爾 獨 航 海 來 王 . [40a*2*1]\nĐương ngã Long Vũ Hoàng Đế ngự cực Mân điện, nhĩ độc hàng hải lai vương.\n惟 國 家 不 寶 遠 物 臣 人 享 贄 抵 嘉 事 大 之 誠 . [40a*2*17]\nDuy quốc gia bất bảo viễn vật, thần nhân hưởng chí để gia sự đại chi thành.\n念 要 荒 亦 吾 赤 子 錫 社 分 藩 所 謂 柔 遠 以 德 . [40a*3*16]\nNiệm yếu hoang diệc ngô xích tử, tích xã phân phiên sở vị nhu viễn dĩ đức.\n朕 以 神 宗 皇 帝 嫡 孫 爲 四 海 臣 民 推 戴 纘 承 大 統 撫 臨 萬 方 遠 慕 唐 帝 恊 和 之 風 近 想 漢 宣 兼 臨 之 盛 値 . [40a*4*15]\nTrẫm dĩ Thần Tông hoàng đế đích tôn, vi tứ hải thần dân suy đái, toản thừa đại thống, phủ lâm vạn phương, viễn mộ Đường đế hiệp hoà chi phong, cận tưởng Hán Tuyên kiêm lâm chi thịnh trị.\n兹 𨢄 類 犯 順 爲 我 薄 海 同 讐 楚 蜀 之 壮 士 雲 興 吳 越 之 義 旗 響 應 . [40a*7*1]\nTư xú loại phạm thuận, vi ngã bạc hải đồng thù, Sở Thục chi tráng sĩ vân hưng, Ngô Việt chi nghĩa kì hưởng ứng.\n滅 此 胡 虜 綏 彼 四 方 . [40a*8*8]\nDiệt thử Hồ lỗ, tuy bỉ tứ phương.\n嘉 爾 忠 誠 深 予 眷 注 . [40a*8*16]\nGia nhĩ trung thành, thâm dư quyến chú.\n是 用 遣 詞 臣 潘 琦 科 臣 李 用 揖 持 . [40a*9*6]\nThị dụng khiển từ thần Phan Kì, Khoa thần Lí Dụng Tiếp trì..\n",
    "url": "/data/image_dvsk/ban_ky_tuc_bien/quyen18/DVSKTT_ban_tuc_XVIII_40a.jpg"
  },
  {
    "text": "節 封 爾 爲 安 南 國 王 . [40b*1*1]\ntiết phong nhĩ vi An Nam quốc vương.\n嗚 呼 章 服 奉 帝 天 之 命 圭 璧 餘 燕 翼 之 休 . [40b*1*9]\nÔ hô! Chương phục phụng đế thiên chi mệnh, khuê bích dư yến dực chi hưu.\n君 爾 國 子 爾 民 耕 桑 亦 属 帝 德 荒 服 王 賓 服 享 共 球 無 怠 前 脩 . [40b*2*7]\nQuân nhĩ quốc, tử nhĩ dân, canh tang diệc thuộc đế đức; hoang phục vương tân phục hưởng cung cầu vô đãi tiền tu.\n朕 惟 漢 家 銅 柱 之 封 永 綏 南 服 夏 后 塗 山 之 會 再 見 中 原 . [40b*3*13]\nTrẫm duy, Hán gia đồng trụ chi phong, vĩnh tuy Nam phục, Hạ hậu Đồ Sơn chi hội, tái kiến trung nguyên.\n欽 哉 . [40b*4*17]\nKhâm tai\".\n六 月 差 官 選 汰 另 兵 . [40b*5*1]\nLục nguyệt, sai quan tuyển thải lánh binh.\n秋 七 月 差 官 選 閲 各 處 兵 民 逐 項 以 定 兵 額 . [40b*5*9]\nThu, thất nguyệt, sai quan tuyển duyệt các xứ binh dân, trục hạng dĩ định binh ngạch.\n戊 子 六 年 [ 明 永 曆 二 年 清 順 治 四 年 ] . [40b*7*1]\nMậu Tí lục niên, [Minh, Vĩnh Lịch nhị niên. Thanh, Thuận Trị tứ niên].\n夏 五 月 禁 民 間 不 得 妄 冐 職 爵 以 避 兵 役 . [40b*7*15]\nHạ, ngũ nguyệt, cấm dân gian bất đắc vọng mạo chức tước dĩ tị binh dịch.\n己 丑 七 年 [ 十 月 以 後 神 明 永 曆 三 年 宗 復 位 慶 德 元 清 順 治 五 年 ] . [40b*9*1]\nKỉ Sửu thất niên, [Thập nguyệt dĩ hậu, Thần Minh, Vĩnh Lịch tam niên. Tông phục vị, Khánh Đức nguyên Thanh, Thuận Trị ngũ niên].\n年 . [40b*9*26]\nniên.\n秋 八 月 . [40b*9*27]\nThu, bát nguyệt,..\n",
    "url": "/data/image_dvsk/ban_ky_tuc_bien/quyen18/DVSKTT_ban_tuc_XVIII_40b.jpg"
  }
]