[
  {
    "text": "以 明 年 爲 陽 德 元 年 . [30b*1*1]\ndĩ minh niên vi Dương Đức nguyên niên.\n大 赦 〇 . [30b*1*9]\nĐại xá .\n尊 王 正 妃 鄭 氏 玉 瓏 爲 國 太 母 . [30b*1*12]\nTôn Vương chính phi Trịnh Thị Ngọc Lung vi Quốc thái mẫu.\n嘉 宗 羙 皇 帝 諱 維 襘 神 宗 次 子 也 初 神 宗 崩 帝 甫 二 歲 王 命 正 妃 鄭 氏 玉 瓏 養 于 宫 中 玄 宗 崩 無 嗣 遂 登 大 寶 在 位 四 年 崩 壽 十 五 歲 塟 福 安 陵 . [30b*3*1]\nGia Tông Mĩ Hoàng Đế [Huý Duy Cối, Thần Tông thứ tử dã. Sơ, Thần Tông băng, Đế phủ nhị tuế, Vương mệnh Chính phi Trịnh Thị Ngọc Lung dưỡng vu cung trung Huyền Tông băng vô tự, toại đăng đại bảo. Tại vị tứ niên băng, thọ thập ngũ tuế, táng Phúc An lăng .\n帝 體 貌 英 偉 天 性 寬 和 有 君 之 德 惜 夫 享 國 於 久 未 見 其 有 爲 也 壬 子 陽 德 元 年 清 康 熙 十 一 年 春 正 月 仍 給 開 國 功 臣 黎 來 祭 田 孫 姪 世 守 祀 事 〇 . [30b*4*24]\nĐế thể mạo anh vĩ, thiên tính khoan hoà, hữu quân chi đức. Tích phu hưởng quốc ư cửu, vị kiến kì hữu vi dã.] Nhâm Tí Dương Đức nguyên niên, [Thanh Khang Hi thập nhất niên,] xuân chính nguyệt, những cấp khai quốc công thần Lê Lai tế điền, tôn điệt thế thủ tự sự .\n三 月 以 楊 㵆 爲 御 史 󰉟 都 御 史 阮 宗 澧 爲 吏 部 左 侍 郎 阮 荗 材 爲 副 都 御 史 棃 得 全 爲 僉 都 御 史 〇 . [30b*7*11]\nTam nguyệt, dĩ Dương Hạo vi Ngự sử đài đô ngự sử Nguyễn Tông Lễ vi Lại bộ Tả thị lang, Nguyễn Mậu Tài vi Phó đô ngự sử, Lê Đắc Toàn vi Thiêm đô ngự sử .\n夏 四 . [30b*9*16]\nHạ tứ..\n",
    "url": "/data/image_dvsk/ban_ky_tuc_bien/quyen19/DVSKTT_ban_tuc_XIX_30b.jpg"
  },
  {
    "text": "月 王 以 廣 南 阮 福 頻 久 違 朝 命 負 固 不 服 告 祭 于 天 地 神 祗 聲 罪 致 討 〇 . [31a*1*1]\nnguyệt, Vương dĩ Quảng Nam Nguyễn Phúc Tần cửu vi triều mệnh, phụ cố bất phục cáo tế vu thiên địa thần chi thanh tội trí thảo .\n命 副 都 将 太 傅 莅 郡 公 鄭 棟 爲 統 領 預 徃 乂 安 屯 鎮 協 與 統 率 少 尉 當 郡 公 陶 光 饒 䂓 料 布 置 控 制 邊 方 〇 . [31a*2*11]\nMệnh Phó đô tướng Thái phó Li quận công Trịnh Đống vi Thống lĩnh dự vãng Nghệ An đồn trấn hiệp, dữ thống suất Thiếu uý Đương quận công Đào Quang Nhiêu quy liệu bố trí khống chế biên phương .\n以 范 質 爲 大 理 寺 卿 〇 . [31a*4*16]\nDĩ Phạm Chất vi Đại Lí tự khanh .\n五 月 鎮 守 乂 安 處 兼 鎮 布 政 州 統 率 官 左 匡 軍 營 副 将 少 尉 當 郡 公 陶 光 饒 卒 . [31a*5*7]\nNgũ nguyệt,, trấn thủ Nghệ An xứ kiêm trấn Bố Chính châu Thống suất quan Tả khuông quân doanh phó tướng Thiếu uý Đương quận công Đào Quang Nhiêu tốt.\n光 饒 奉 侍 王 潜 邸 日 久 累 期 討 賊 安 内 靖 外 多 有 勳 勞 在 鎮 凣 十 八 年 令 行 禁 止 盗 賊 屏 息 邊 陲 晏 然 年 七 十 一 卒 于 鎮 . [31a*7*1]\nQuang Nhiêu phụng thị Vương tiềm để nhật cửu, luỵ kì thảo tặc an nội tịnh ngoại, đa hữu huân lao, tại trấn phàm thập bát niên, lệnh hành cấm chỉ đạo tặc, bình tức biên thuỳ yến nhiên, niên thất thập nhất tốt vu trấn.\n贈 太 宰 賜 諡 純 謹 褒 . [31a*9*11]\nTặng Thái tể, tứ thuỵ Thuần Cẩn ,.\n",
    "url": "/data/image_dvsk/ban_ky_tuc_bien/quyen19/DVSKTT_ban_tuc_XIX_31a.jpg"
  },
  {
    "text": "封 爲 福 神 立 祠 享 祀 . [31b*1*1]\nphong vi phúc thần, lập từ hưởng tự.\n光 饒 青 威 泉 甘 人 〇 . [31b*1*9]\n[Quang Nhiêu Thanh Oai Tuyền Cam nhân,] .\n六 月 王 親 扶 皇 上 御 駕 親 征 . [31b*1*18]\nLục nguyệt, Vương thân phù Hoàng thượng ngự giá thân chinh.\n委 節 制 太 尉 宜 國 公 鄭 根 總 提 大 兵 直 進 廣 南 順 化 地 方 . [31b*2*7]\nUỷ Tiết chế Thái uý Nghi quốc công Trịnh Căn tổng đề đại binh trực tiến Quảng Nam, Thuận Hoá địa phương.\n時 御 駕 南 征 寬 郡 公 武 公 俊 在 京 遁 歸 宣 光 攻 刼 州 民 . [31b*3*11]\nThời, Ngự giá Nam chinh Khoan quận công Vũ Công Tuấn tại kinh độn quy Tuyên Quang, công kiếp châu dân.\n留 守 京 城 少 傅 殿 郡 公 鄭 楃 差 兵 追 殺 之 盡 獲 其 黨 而 還 〇 . [31b*4*14]\nLưu thủ kinh thành Thiếu phó Điện quận công Trịnh Ốc sai binh truy sát chi, tận hoạch kì đảng, nhi hoàn .\n副 将 少 尉 羙 郡 公 鄭 桓 卒 . [31b*6*1]\nPhó tướng thiếu uý Mĩ quận công Trịnh Hoàn tốt.\n贈 太 保 〇 . [31b*6*11]\nTặng Thái bảo .\n工 部 尙 書 少 保 錦 郡 公 致 仕 阮 厚 眷 卒 年 九 十 五 . [31b*6*15]\nCông bộ Thượng thư Thiếu bảo Cẩm quận công trí sĩ Nguyễn Hậu Quyến tốt, niên cửu thập ngũ.\n加 贈 户 部 尙 書 賜 諡 文 斗 . [31b*7*16]\nGia tặng Hộ bộ Thượng thư, tứ thuỵ Văn Đẩu.\n厚 眷 至 灵 樂 山 人 〇 . [31b*8*8]\n[Hậu Quyến Chí Linh Lạc Sơn nhân,] .\n秋 閏 八 月 大 軍 進 到 布 政 州 差 諸 将 分 道 進 討 . [31b*8*17]\nThu nhuận bát nguyệt, đại quân tiến đáo Bố Chính châu, sai chư tướng phân đạo tiến thảo.\n節 制 太 尉 宣 國 . [31b*9*13]\nTiết chế Thái uý Tuyên quốc..\n",
    "url": "/data/image_dvsk/ban_ky_tuc_bien/quyen19/DVSKTT_ban_tuc_XIX_31b.jpg"
  },
  {
    "text": "公 鄭 根 親 率 大 兵 渡 河 放 曉 諭 于 順 化 廣 南 二 處 民 人 曰 伐 罪 救 民 乃 王 者 興 師 之 義 . [32a*1*1]\ncông Trịnh Căn thân suất đại binh độ hà, phóng hiểu dụ vu Thuận Hoá, Quảng Nam nhị xứ dân nhân viết: Phạt tội cứu dân nãi Vương giả hưng sư chi nghĩa.\n爾 之 二 處 人 民 本 是 皇 朝 聖 祖 神 宗 之 土 地 人 民 非 阮 氏 開 拓 之 所 有 . [32a*2*16]\nNhĩ chi nhị xứ nhân dân bản thị hoàng triều Thánh Tổ Thần Tông chi thổ địa nhân dân, phi Nguyễn thị khai thác chi sở hữu.\n仰 荷 先 聖 王 念 及 莩 葭 之 親 奏 知 先 皇 帝 准 許 端 國 公 鎮 守 二 處 供 納 貢 税 以 資 國 用 指 誓 天 地 期 以 始 終 盡 節 爲 臣 . [32a*4*7]\nNgưỡng hà tiên thánh vương niệm cập phu gia chi thân, tấu tri tiên hoàng đế, chuẩn hứa Đoan quốc công trấn thủ nhị xứ, cúng nạp cống thuế dĩ tư quốc dụng, chỉ thệ thiên địa kì dĩ thuỷ chung tận tiết vi thần.\n于 時 光 聖 王 志 厲 恢 復 皇 家 勦 除 僞 莫 端 國 公 居 在 外 鎮 曾 無 汗 馬 守 功 及 天 下 大 定 始 赴 京 拜 賀 . [32a*6*16]\nVu thời Quang Thánh Vương chí lệ khôi phục hoàng gia tiễu trừ nguỵ Mạc, Đoan quốc công cư tại ngoại trấn tăng vô hãn mã thủ công, cập thiên hạ đại định thuỷ phó kinh bái hạ.\n先 聖 王 量 廣 含 弘 不 叙 勳 勞 止 以 親 義 仍 具 本 加 . [32a*8*18]\nTiên thánh vương lượng quảng hàm hoằng bất tự huân lao, chỉ dĩ thân nghĩa những cụ bản gia..\n",
    "url": "/data/image_dvsk/ban_ky_tuc_bien/quyen19/DVSKTT_ban_tuc_XIX_32a.jpg"
  },
  {
    "text": "以 職 爵 寵 禄 優 厚 位 冠 廷 臣 . [32b*1*1]\ndĩ chắc tước sủng lộc ưu hậu vị quán đình thần.\n不 意 違 皆 約 盟 隂 圖 反 側 於 庚 子 年 誘 使 姦 臣 作 亂 私 自 迯 回 有 乖 臣 節 正 當 裁 之 以 法 . [32b*1*12]\nBất ý vi giai ước minh, âm đồ phản trắc, ư Canh Tí niên dụ sử gian thần tác loạn, tư tự đào hồi, hữu quai thần tiết, chính đương tài chi dĩ pháp.\n先 聖 王 憐 愛 曲 容 宥 其 過 失 . [32b*3*10]\nTiên Thánh vương lân ái khúc dung, hựu kì quá thất.\n况 差 官 賫 捧 勑 書 曉 誘 事 理 而 焚 毀 使 舘 圖 奪 勑 書 隂 辱 使 命 . [32b*4*3]\nHuống, sai quan tê bổng sắc thư hiểu dụ sự lí, nhi phàn huỷ sứ quán đồ đoạt sắc thư, âm nhục sứ mệnh.\n其 不 軌 之 心 以 萌 於 此 . [32b*5*9]\nKì bất quỹ chi tâm dĩ manh ư thử.\n自 後 循 習 畧 不 必 言 . [32b*5*18]\nTự hậu tuần tập lược bất tất ngôn.\n上 年 差 官 賫 諭 曉 以 君 臣 大 義 示 以 禍 福 两 端 欲 彼 革 心 歸 命 以 免 . [32b*6*8]\nThượng niên sai quan tê dụ hiểu dĩ quân thần đại nghĩa thị dĩ hoạ phúc lưỡng đoan dục bỉ cách tâm quy mệnh dĩ miễn.\n爾 民 兵 戈 之 苦 共 享 太 平 之 福 . [32b*7*16]\nNhĩ dân binh qua chi khổ cộng hưởng thái bình chi phúc.\n詎 料 彼 孽 不 能 覺 悟 更 驕 慢 辭 説 拒 遏 欽 命 行 人 . [32b*8*10]\nCự liệu bỉ nghiệt bất năng giác ngộ cánh kiêu mạn từ thuyết cự át khâm mệnh hành nhân.\n其 叛 逆 不 敬 之 罪 孰 . [32b*9*11]\nKì phản nghịch bất kính chi tội thục..\n",
    "url": "/data/image_dvsk/ban_ky_tuc_bien/quyen19/DVSKTT_ban_tuc_XIX_32b.jpg"
  },
  {
    "text": "甚 於 此 . [33a*1*1]\nthậm ư thử.\n夫 土 乃 王 土 民 乃 王 民 彼 之 竊 據 此 土 者 不 知 是 何 名 󰉍 而 深 溝 髙 壘 以 逆 命 厚 賦 重 斂 以 虐 民 脇 爾 以 執 㦸 執 戈 何 有 乎 班 聯 職 秩 致 爾 失 學 書 學 禮 何 有 乎 科 目 功 名 迹 其 所 爲 旣 負 固 作 逆 又 拒 我 朝 廷 再 茶 毒 我 方 民 彼 之 罪 惡 如 此 容 可 置 而 不 問 乎 民 之 倒 懸 如 此 容 何 恬 而 不 救 乎 事 非 得 已 兵 征 言 興 . [33a*1*4]\nPhu thổ nãi vương thổ dân nãi vương dân, bỉ chi thiết cứ thử thổ giả bất tri thị hà danh hiệu, nhi thâm cấu cao luỹ dĩ nghịch mệnh, hậu phú trọng liễm dĩ ngược dân? Hiếp nhĩ dĩ chấp kích chấp qua hà hữu hồ ban liễn chức trật trí nhĩ thất học thư học lễ hà hữu hồ khoa mục công danh! Tích kì sở vi ký phụ cố tác nghịch hựu cự ngã triều đình tái trà độc ngã phương dân bỉ chi tội ác như thử dung khả trí nhi bất vấn hồ? Dân chi đảo huyền như thử dung hà điềm nhi bất cứu hồ? Sự phi đắc dĩ binh chinh ngôn hưng.\n兹 我 恭 奉 大 元 帥 統 國 政 尙 師 太 父 德 功 仁 威 明 聖 西 王 翊 扶 皇 上 飭 駕 親 征 專 委 我 以 總 提 大 兵 號 令 諸 . [33a*7*14]\nTư ngã cung phụng Đại nguyên soái thống quốc chính thượng sư Thái phụ đức công nhân uy minh thánh Tây Vương dực phù Hoàng thượng sức giá thân chinh, chuyên uỷ ngã dĩ Tổng đề đại binh, hiệu lệnh chư..\n",
    "url": "/data/image_dvsk/ban_ky_tuc_bien/quyen19/DVSKTT_ban_tuc_XIX_33a.jpg"
  },
  {
    "text": "将 分 道 進 討 期 以 萬 全 取 勝 盡 殄 逆 徒 而 後 以 . [33b*1*1]\ntướng phân đạo tiến thảo kì dĩ vạn toàn thủ thắng tận điển nghịch đồ nhi hậu dĩ.\n爾 二 處 人 等 倘 能 倍 暗 向 明 歸 人 避 虐 或 倒 前 戈 以 投 降 或 詣 軍 門 而 出 首 名 目 則 赦 過 賞 功 小 民 則 輕 徭 薄 賦 倘 或 别 處 人 民 畏 罪 而 逃 有 爲 賊 所 誘 竄 居 于 此 如 見 大 兵 進 至 先 來 歸 命 亦 得 赦 過 録 用 若 執 迷 不 悟 則 火 炎 崑 崗 玉 石 俱 焚 . [33b*2*1]\nNhĩ nhị xứ nhân đẳng thảng năng bồi ám hướng minh, quy nhân tị ngược, hoặc đảo tiền qua dĩ đầu hàng, hoặc nghệ quân môn nhi xuất thủ, danh mục tắc xá quá thưởng công, tiểu dân tắc khinh dao bạc phú, thảng hoặc biệt xứ nhân dân uý tội nhi đào hữu vi tặc sở dụ thoán cư vu thử, như kiến đại binh tiến chí tiên lai quy mệnh diệc đắc xá, quá lục dụng nhược chấp mê bất ngộ tắc hoả viêm Côn Cương ngọc thạch cụ phàn.\n到 此 時 節 爾 等 将 安 迯 乎 . [33b*7*3]\nĐáo thử thời tiết nhĩ đẳng tương an đào hồ.\n特 諭 〇 . [33b*7*13]\nĐặc dụ .\n冬 十 一 月 統 率 黎 時 憲 督 本 道 官 兵 直 進 賊 外 壘 差 所 属 僉 掌 侯 梁 登 光 禎 祥 侯 武 俊 材 承 夜 奪 戰 賊 . [33b*7*16]\nĐông thập nhất nguyệt, Thống suất Lê Thời Hiến đốc bản đạo quan binh trực tiến tặc ngoại luỹ, sai sở thuộc Thiêm Chưởng hầu Lương Đăng Quang, Trinh Tường hầu Vũ Tuấn Tài thừa dạ đoạt chiến tặc..\n",
    "url": "/data/image_dvsk/ban_ky_tuc_bien/quyen19/DVSKTT_ban_tuc_XIX_33b.jpg"
  },
  {
    "text": "徒 于 多 吝 處 燒 毀 賊 寨 斬 得 賊 馘 收 得 賊 旗 幟 噐 械 調 詣 軍 門 獻 納 〇 . [34a*1*1]\nđồ vu Đa Lận xứ, thiêu huỷ tặc trại, trảm đắc tặc quắc, thu đắc tặc kì xí khí giới, điều nghệ quân môn hiến nạp .\n以 梁 登 光 爲 參 督 武 俊 材 爲 提 督 賞 其 能 先 登 破 賊 也 〇 . [34a*2*10]\nDĩ Lương Đăng Quang vi Tham đốc, Vũ Tuấn Tài vi Đề đốc, thưởng kì năng tiên đăng phá tặc dã .\n副 将 都 督 同 知 衛 郡 公 鄭 梐 卒 . [34a*3*14]\nPhó tướng Đô đốc đồng tri Vệ quận công Trịnh Bệ tốt.\n贈 少 保 〇 . [34a*4*8]\nTặng Thiếu bảo .\n十 二 月 王 以 順 化 地 濕 又 値 降 冬 寒 凍 士 卒 難 久 留 遂 奏 知 于 帝 還 師 . [34a*4*12]\nThập nhị nguyệt, Vương dĩ Thuận Hoá địa thấp hựu trị giáng đông hàn đông, sĩ tốt nan cửu lưu, toại tấu tri vu Đế hoàn sư.\n凣 俘 獲 賊 人 男 女 老 少 皆 給 錢 米 𤼵 回 〇 . [34a*6*3]\nPhàm phù hoạch tặc nhân nam nữ lão thiếu giai cấp tiền mễ phát hồi .\n命 副 将 少 尉 豪 郡 公 黎 時 憲 鎮 守 乂 安 處 兼 鎮 布 政 州 陪 從 兵 部 左 侍 郎 桂 海 侯 黎 仕 澈 爲 督 視 陪 從 兵 部 右 侍 郎 海 山 男 阮 名 實 爲 副 督 視 . [34a*7*1]\nMệnh Phó tướng Thiếu uý Hào quận công Lê Thời Hiến trấn thủ Nghệ An xứ kiêm trấn Bố Chính châu, Bồi tụng Binh bộ Tả thị lang Quế Hải hầu Lê Sĩ Triệt vi Đốc thị, Bồi tụng Binh bộ Hữu thị lang Hải Sơn nam Nguyễn Danh Thực vi Phó đốc thị,..\n",
    "url": "/data/image_dvsk/ban_ky_tuc_bien/quyen19/DVSKTT_ban_tuc_XIX_34a.jpg"
  },
  {
    "text": "追 贈 南 征 陣 亡 将 士 職 爵 田 禄 有 差 . [34b*1*10]\nTruy tặng Nam chinh trận vong tướng sĩ chức tước điền lộc hữu sai.\n癸 丑 二 年 清 康 熙 十 二 年 春 正 月 車 駕 至 京 師 . [34b*3*1]\nQuý Sửu nhị niên, [Thanh Khang Hi thập nhị niên,] xuân chính nguyệt, xa giá chí kinh sư .\n命 阮 廷 正 裴 廷 員 黎 公 朝 等 徃 闕 上 候 命 〇 . [34b*4*1]\nMệnh Nguyễn Đình Chính, Bùi Đình Viên, Lê Công Triều đẳng vãng khuyết thượng hậu mệnh .\n三 月 遣 正 使 阮 荗 材 胡 士 揚 副 使 陶 公 正 武 公 道 武 惟 諧 等 二 部 如 清 歲 貢 附 告 哀 事 〇 . [34b*4*18]\nTam nguyệt, khiến Chính sứ Nguyễn Mậu Tài, Hồ Sĩ Dương, Phó sứ Đào Công Chính, Vũ Công Đạo, Vũ Duy Hài đẳng nhị bộ như Thanh tuế cống, phụ cáo ai sự .\n賜 參 督 膠 璿 侯 陶 登 用 郡 公 爵 〇 . [34b*6*16]\nTứ Tham đốc Giao Toàn hầu Đào Đăng Dụng quận công tước .\n以 潘 兼 全 爲 史 部 左 侍 郎 阮 國 櫆 爲 户 部 左 侍 郎 范 質 爲 副 都 御 史 申 全 爲 史 部 右 侍 郎 黎 榮 爲 户 部 右 侍 郎 阮 廷 . [34b*7*11]\nDĩ Phan Kiêm Toàn vi Sử bộ Tả thị lang, Nguyễn Quốc khôi vi Hộ bộ Tả thị lang, Phạm Chất vi Phó đô ngự sử, Thân Toàn vi Sử bộ hữu thị lang, Lê Vinh vi Hộ bộ Hữu thị lang, Nguyễn Đình..\n控 御 邊 陲 保 安 方 民 〇 . [34b*1*1]\nkhống ngự biên thuỳ bảo an phương dân .\n",
    "url": "/data/image_dvsk/ban_ky_tuc_bien/quyen19/DVSKTT_ban_tuc_XIX_34b.jpg"
  },
  {
    "text": "正 爲 禮 部 右 侍 郎 武 良 爲 刑 部 右 侍 郎 裴 廷 員 爲 工 部 右 侍 郎 〇 . [35a*1*1]\nChính vi Lễ bộ Hữu thị lang, Vũ Lương vi Hình bộ Hữu thị lang, Bùi Đình Viên vi Công bộ Hữu thị lang .\n以 同 存 澤 爲 兵 部 左 侍 郎 . [35a*2*8]\nDĩ Đồng Tồn Trạch vi Binh bộ Tả thị lang.\n先 是 存 澤 任 御 史 󰉟 勘 訟 逾 期 罷 職 至 是 復 用 之 〇 . [35a*2*18]\nTiên thị, Tồn Trạch nhiệm Ngự sử đài khám tụng du kì, bãi chức, chí thị phục dụng chi .\n秋 七 月 起 復 參 從 史 部 尙 書 兼 東 閣 大 學 士 國 老 參 預 朝 政 太 保 燕 郡 公 致 仕 范 公 著 入 朝 掌 六 部 事 參 賛 機 務 〇 . [35a*4*2]\nThu thất nguyệt, khởi phục Tham tụng Sử bộ Thượng thư kiêm Đông các Đại học sĩ quốc lão Tham dự triều chính Thái bảo Yên quận công trí sĩ Phạm Công Trứ nhập triều chưởng lục bộ sự Tham tán cơ vụ .\n令 文 官 入 王 府 内 閣 議 事 奉 侍 内 閣 自 是 始 〇 . [35a*6*10]\nLệnh văn quan nhập Vương phủ nội các nghị sự phụng thị nội các tự thị thuỷ .\n九 月 陶 光 輝 有 罪 伏 誅 . [35a*7*10]\nCửu nguyệt, Đào Quang Huy hữu tội phục tru.\n光 輝 乃 光 饒 之 子 籍 父 功 隂 蒙 加 職 爵 權 禄 配 以 郡 主 而 乃 驕 弄 自 恣 多 行 悖 逆 不 道 又 隂 營 . [35a*8*1]\nQuang Huy nãi Quang Nhiêu chi tử, tịch phụ công âm mông gia chức tước quyền lộc, phối dĩ Quận chúa nhi nãi kiêu lộng tự tư, đa hành bột nghịch bất đạo, hựu âm doanh..\n",
    "url": "/data/image_dvsk/ban_ky_tuc_bien/quyen19/DVSKTT_ban_tuc_XIX_35a.jpg"
  },
  {
    "text": "居 禁 地 . [35b*1*1]\ncư cấm địa.\n有 訴 告 事 𤼵 付 廷 臣 議 盡 得 情 状 論 梟 首 以 正 條 律 . [35b*1*4]\nHữu tố cáo, sự phát, phó đình thần nghị tận đắc tình trạng, luận kiêu thủ dĩ chính điều luật.\n王 念 彼 父 多 有 功 勞 於 國 降 賜 絞 死 併 誅 其 黨 兼 禄 侯 鄭 楏 〇 . [35b*2*6]\nVương niệm bỉ phụ đa hữu công lao ư quốc giáng tứ giảo tử, tính tru kì đảng Kiêm Lộc hầu Trịnh khuê .\n鄕 試 各 處 士 人 . [35b*3*12]\nHương thí các xứ sĩ nhân.\n是 時 清 華 處 參 政 武 求 誨 多 受 銀 錢 寄 托 士 人 爲 肆 塲 奉 天 府 尹 吳 策 論 應 務 試 塲 潜 将 文 書 入 塲 私 使 家 〇 大 寫 試 卷 混 送 入 考 取 中 䂓 取 錢 財 . [35b*3*18]\nThị thời, Thanh Hoa xứ Tham chính Vũ Cầu Hối đa thụ ngân tiền ký thác sĩ nhân vi tứ trường, Phụng Thiên phủ doãn Ngô Sách luận ứng vụ thí trường tiềm tương văn thư nhập trường tư sử gia nhân đại tả thí quyển, hỗn tống nhập khảo thủ trung quy thủ tiền tài.\n事 覺 並 加 徒 刑 . [35b*7*2]\nSự giác, tịnh gia đồ hình.\n山 西 處 參 政 黎 志 道 私 考 士 人 失 實 又 於 塲 中 以 無 中 卷 標 名 中 榜 及 多 寄 托 士 人 爲 肆 塲 論 罷 職 . [35b*7*8]\nSơn Tây xứ Tham chính Lê Chí Đạo tư khảo sĩ nhân thất thực, hựu ư trường trung dĩ vô trúng quyển tiêu danh trung bảng, cập đa ký thác sĩ nhân vi tứ trường, luận bãi chức.\n其 各 府 縣 校 僃 類 士 人 . [35b*9*10]\nKì các phủ huyện hiệu bị loại sĩ nhân..\n",
    "url": "/data/image_dvsk/ban_ky_tuc_bien/quyen19/DVSKTT_ban_tuc_XIX_35b.jpg"
  },
  {
    "text": "得 實 者 奬 賞 失 實 者 貶 罰 各 有 差 〇 . [36a*1*1]\nđắc thực giả tưởng thưởng, thất thực giả biếm phạt, các hữu sai .\n冬 十 一 月 會 試 天 下 貢 士 . [36a*1*15]\nĐông thập nhất nguyệt, Hội thí thiên hạ cống sĩ.\n取 合 格 阮 公 望 等 五 名 . [36a*2*7]\nThủ hợp cách Nguyễn Công Vọng đẳng ngũ danh.\n及 殿 試 賜 裴 光 運 等 並 同 進 士 出 身 〇 . [36a*2*16]\nCập Điện thí tứ Bùi Quang Vận đẳng tịnh đồng tiến sĩ xuất thân .\n十 二 月 考 天 下 士 望 . [36a*3*13]\nThập nhị nguyệt, khảo thiên hạ Sĩ vọng.\n取 阮 洐 等 三 十 名 除 内 外 任 名 職 〇 . [36a*4*3]\nThủ Nguyễn hành đẳng tam thập danh trừ nội ngoại nhiệm danh chức .\n罷 參 從 宰 相 刑 部 尙 書 芳 桂 侯 黎 斅 東 閣 校 書 梅 林 子 張 論 道 等 職 爵 . [36a*4*17]\nBãi Tham tụng Tể tướng Hình bộ Thượng thư Phương Quế hầu Lê Hiệu, Đông các hiệu thư Mai Lâm tử Trương Luận Đạo đẳng chức tước.\n貶 吏 部 左 侍 郎 瑞 郡 公 潘 兼 全 爲 太 常 寺 卿 侯 爵 兵 部 左 侍 郎 桂 海 侯 黎 仕 澈 爲 諒 山 處 憲 察 使 職 伯 爵 以 其 便 許 勑 旨 并 憑 批 各 衙 門 吏 應 務 間 有 多 少 故 也 〇 . [36a*6*8]\nBiếm Lại bộ Tả thị lang Thuỵ Quận công Phan Kiêm Toàn vi Thái thường tự khanh hầu tước, Binh bộ Tả thị lang Quế Hải hầu Lê Sĩ Triệt vi Lạng Sơn xứ Hiến sát sứ chức bá tước, dĩ kì tiện hứa sắc chỉ tịnh bằng phê các nha môn lại ứng vụ gian hữu đa thiểu, cố dã .\n以 阮 國 . [36a*9*16]\nDĩ Nguyễn Quốc..\n",
    "url": "/data/image_dvsk/ban_ky_tuc_bien/quyen19/DVSKTT_ban_tuc_XIX_36a.jpg"
  },
  {
    "text": "櫆 爲 吏 部 左 侍 郎 阮 曰 庶 爲 吏 科 都 給 事 中 〇 . [36b*1*1]\nkhôi vi Lại bộ Tả thị lang, Nguyễn Viết Thứ vi Lại khoa đô cấp sự trung .\n參 從 宰 相 兵 部 尙 書 川 郡 公 陳 登 選 卒 . [36b*2*1]\nTham tụng Tể tướng Binh bộ Thượng thư Xuyên quận công Trần Đăng Tuyển tốt.\n登 選 爲 人 沉 毅 端 正 學 識 該 搏 南 征 之 舉 參 賛 軍 務 籌 畫 有 功 . [36b*2*16]\nĐăng Tuyển vi nhân trầm nghị, đoan chính, học thức cai bác, Nam chinh chi cử tham tán quân vụ trù hoạch hữu công.\n至 是 卒 贈 户 部 尙 書 少 保 賜 謚 雅 量 . [36b*4*4]\nChí thị tốt, tặng Hộ bộ Thượng thư Thiếu bảo, tứ thuỵ Nhã Lượng.\n登 選 安 勇 黄 梅 人 . [36b*4*18]\n[Đăng Tuyển Yên Dũng Hoàng Mai nhân,] .\n陪 從 兵 部 尙 書 少 保 頴 郡 公 致 仕 阮 悌 卒 . [36b*5*8]\nBồi tụng Binh bộ Thượng thư Thiếu bảo Dĩnh quận công trí sĩ Nguyễn Đễ tốt.\n贈 户 部 尙 書 少 傅 . [36b*6*3]\nTặng Hộ bộ Thượng thư Thiếu phó.\n賜 謚 惠 󰔄 . [36b*6*10]\nTứ thuỵ Huệ Ngu.\n悌 玉 山 禾 塲 人 甲 寅 三 年 十 月 以 後 改 德 元 元 年 清 康 熙 十 三 年 春 二 月 令 旨 訓 戒 各 職 司 . [36b*6*14]\n[Đễ Ngọc Sơn Hoà Trường nhân,] Giáp Dần tam niên, [thập nguyệt dĩ hậu cải Đức Nguyên nguyên niên Thanh Khang Hi thập tam niên,] xuân nhị nguyệt, lệnh chỉ huấn giới các chức ti.\n大 畧 以 爲 宰 相 之 職 在 乎 進 賢 退 不 肖 當 量 才 授 官 度 德 定 立 使 卿 大 夫 各 當 其 任 不 . [36b*8*4]\nĐại lược dĩ vi: Tể tướng chi chức tại hồ tiến hiền thoái bất tiêu, đương lượng tài thụ quan độ đức định lập, sử khanh đại phu các đương kì nhiệm bất..\n",
    "url": "/data/image_dvsk/ban_ky_tuc_bien/quyen19/DVSKTT_ban_tuc_XIX_36b.jpg"
  },
  {
    "text": "得 以 私 心 自 用 . [37a*1*1]\nđắc dĩ tư tâm tự dụng.\n吏 部 之 職 在 乎 權 衡 人 物 當 察 言 行 觀 噐 識 可 爲 京 官 者 除 京 官 堪 爲 守 令 者 銓 守 令 不 可 徇 私 取 舍 . [37a*1*7]\nLại bộ chi chức tại hồ quyền hoành nhân vật đương sát ngôn hành quan khí thức khả vi kinh quan giả trừ kinh quan kham vi thủ lệnh giả thuyên thủ lệnh bất khả tuân tư thủ xá.\n刑 部 襨 視 之 官 如 見 重 囚 付 下 襨 議 合 公 同 審 讞 務 以 得 情 爲 本 不 得 󰏲 滯 逾 期 . [37a*3*10]\nHình bộ phức thị chi quan như kiến trọng tù phó hạ phức nghị, hợp công đồng thẩm nghiện, vụ dĩ đắc tình vi bản bất đắc kê đái du kì.\n御 史 耳 目 之 任 所 以 振 紀 綱 而 警 風 采 . [37a*5*5]\nNgự sử nhĩ mục chi nhiệm sở dĩ chấn kỷ cương nhi cảnh phong thái.\n凣 宰 執 有 過 将 臣 有 失 百 司 違 法 時 政 有 闕 並 許 糾 劾 陳 言 . [37a*6*2]\nPhàm Tể chấp hữu quá, tướng thần hữu thất, bách ti vi pháp, thời chính hữu khuyết, tịnh hứa kiểu hặc trần ngôn.\n提 刑 監 察 御 史 職 專 諍 論 審 讞 案 問 糾 劾 察 録 照 刷 等 事 . [37a*7*7]\nĐề hình giám sát ngự sử chức chuyên tranh luận thẩm nghiện án vấn kiểu hặc sát lục chiếu xoát đẳng sự.\n監 察 御 史 彈 劾 之 責 如 見 時 政 有 闕 百 官 有 過 當 陳 言 糾 劾 . [37a*8*11]\nGiám sát ngự sử đàn hặc chi trách như kiến thời chính hữu khuyết, bách quan hữu quá, đương trần ngôn kiểu hặc.\n吏 科 繳 . [37a*9*16]\nLại khoa chước..\n",
    "url": "/data/image_dvsk/ban_ky_tuc_bien/quyen19/DVSKTT_ban_tuc_XIX_37a.jpg"
  },
  {
    "text": "駁 之 任 如 見 吏 部 銓 序 非 才 則 論 駁 封 還 . [37b*1*1]\nbác chi nhiệm, như kiến Lại bộ thuyên tự phi tài, tắc luận bác phong hoàn.\n刑 部 亦 繳 駁 之 任 如 見 刑 部 審 讞 不 公 亦 論 駁 封 還 . [37b*1*17]\nHình bộ diệc chước bác chi nhiệm, như kiến Hình bộ thẩm nghiện bất công, diệc luận bác phong hoàn.\n提 領 職 掌 整 理 畿 内 橋 梁 道 路 開 渠 决 水 救 火 防 姦 . [37b*3*1]\nĐề lĩnh chức chưởng chỉnh lí kì nội kiều lương đạo lộ, khai cừ quyết thuỷ, cứu hoả phòng gian.\n府 尹 彈 壓 之 官 如 見 權 貴 勢 家 不 等 員 人 驕 從 游 俠 弗 遵 法 制 許 得 彈 糾 懲 治 . [37b*4*3]\nPhủ doãn đạn áp chi quan, như kiến quyền quý thế gia bất đẳng viên nhân kiêu túng du hiệp, phất tuân pháp chế, hứa đắc đàn kiểu trừng trị.\n鎮 守 留 守 職 專 擒 制 盗 刼 防 禦 姦 非 當 保 安 方 民 不 得 擅 置 非 例 職 名 肆 爲 民 擾 . [37b*5*15]\nTrấn thủ lưu thủ chức chuyên cầm chế đạo kiếp, phòng ngự gian phi, đương bảo an phương dân, bất đắc thiện trí phi lệ chức danh tứ vi dân nhiễu.\n憲 司 職 掌 如 見 本 處 災 異 水 旱 一 體 陳 言 . [37b*7*10]\nHiến ti chức chưởng như kiến bản xứ tai dị thuỷ hạn nhất thể trần ngôn.\n承 司 府 縣 肆 行 違 法 鎮 守 留 守 不 禁 姦 非 並 許 彈 劾 糾 奏 又 巡 行 属 内 兼 訪 . [37b*8*8]\nThừa ti phủ huyện tứ hành vi pháp trấn thủ lưu thủ bất cấm gian phi tịnh hứa đạn hặc kiểu tấu, hựu tuần hành thuộc nội kiêm phỏng..\n",
    "url": "/data/image_dvsk/ban_ky_tuc_bien/quyen19/DVSKTT_ban_tuc_XIX_37b.jpg"
  },
  {
    "text": "疾 苦 查 勘 權 勢 脅 捉 諸 訟 . [38a*1*1]\ntật khổ tra khám quyền thế hiếp tróc chư tụng.\n承 司 膺 方 面 之 重 寄 如 見 所 属 官 司 政 治 均 平 應 保 舉 有 不 如 法 者 糾 舉 . [38a*1*11]\nThừa ti ứng phương diện chi trọng kí, như kiến sở thuộc quan ti chính trị quân bình ứng bảo cử, hữu bất như pháp giả kiểu cử.\n郡 守 民 之 師 帥 如 見 属 内 縣 官 有 政 績 稱 職 者 保 舉 不 稱 職 者 糾 舉 . [38a*3*3]\nQuận thú dân chi sư soái, như kiến thuộc nội huyện quan hữu chính tích xứng chức giả bảo cử bất xứng chức giả kiểu cử.\n縣 令 親 民 之 官 當 存 心 撫 字 勸 課 農 桑 興 便 除 害 留 意 敎 化 使 仁 讓 風 行 告 訐 俗 易 其 義 婦 孝 子 亦 當 輔 達 旌 表 以 厚 風 俗 . [38a*4*11]\nHuyện lệnh thân dân chi quan, đương tồn tâm phủ tự khuyến khoá nông tang hưng tiện trừ hại lưu ý giáo hoá sử nhân nhượng phong hành cáo kiết tục dị kì nghĩa phụ hiếu tử diệc đương phụ đạt tinh biểu dĩ hậu phong tục.\n凣 内 外 各 衙 門 官 如 見 本 吏 某 人 奉 公 守 法 廉 勤 練 達 年 月 積 累 無 有 過 犯 者 保 舉 之 某 人 恣 行 貪 冗 志 在 䂓 財 怠 慢 廢 事 有 過 犯 者 . [38a*7*4]\nPhàm nội ngoại các nha môn quan như kiến bản lại mỗ nhân phụng công thủ pháp liêm cần luyện đạt niên nguyệt tích luỹ vô hữu quá phạm giả bảo cử chi, mỗ nhân tư hành tham nhũng chí tại quy tài đãi mạn phế sự hữu quá phạm giả..\n",
    "url": "/data/image_dvsk/ban_ky_tuc_bien/quyen19/DVSKTT_ban_tuc_XIX_38a.jpg"
  },
  {
    "text": "即 糾 𮞏 斥 去 〇 . [38b*1*1]\ntức kiểu đệ xích khứ .\n三 月 以 王 嫡 孫 副 将 鄭 栐 爲 左 都 督 〇 . [38b*1*7]\nTam nguyệt, dĩ Vương đích tôn Phó tướng Trịnh Vĩnh vi Tả đô đốc .\n夏 五 月 初 九 日 陪 從 吏 部 左 侍 郎 蓮 池 子 阮 國 櫆 卒 . [38b*2*4]\nHạ ngũ nguyệt, sơ cửu nhật, Bồi tụng Lại bộ Tả thị lang Liên Trì tử Nguyễn Quốc khôi tốt.\n國 櫆 爲 人 慷 慨 敢 言 . [38b*3*6]\nQuốc khôi vi nhân khảng khái cảm ngôn.\n訃 聞 上 深 爲 哀 悼 贈 兵 部 尙 書 池 郡 公 賜 謚 剛 忠 . [38b*3*14]\nPhó văn, Thượng thâm vi ai điệu, tặng Binh bộ Thượng thư Trì quận công, tứ thuỵ Cương Trung.\n國 櫆 青 池 月 盎 人 〇 . [38b*4*15]\n[Quốc khôi Thanh Trì Nguyệt Áng nhân,] .\n以 黎 斅 爲 兵 部 左 侍 郎 潘 兼 全 爲 刑 部 左 侍 郎 黎 仕 澈 爲 工 部 左 侍 郎 . [38b*5*2]\nDĩ Lê Hiệu vi Binh bộ Tả thị lang, Phan Kiêm Toàn vi Hình bộ Tả thị lang, Lê sĩ Triệt vi Công bộ Tả thị lang.\n先 是 斅 等 綠 事 既 罷 貶 . [38b*6*11]\nTiên thị, Hiệu đẳng lục sự ký bãi biếm.\n至 是 復 用 之 〇 . [38b*7*2]\nChí thị, phục dụng chi .\n六 月 六 日 太 白 畫 見 與 日 爭 光 〇 . [38b*7*8]\nLục nguyệt, lục nhật, Thái Bạch hoạch hiện dữ nhật tranh quang .\n賜 碩 忠 侯 黎 時 海 郡 公 爵 〇 . [38b*8*3]\nTứ Thạc Trung hầu Lê Thời Hải quận công tước .\n秋 七 月 十 八 日 帝 以 王 世 子 節 制 太 尉 宜 國 公 鄭 根 功 望 隆 . [38b*8*14]\nThu thất nguyệt, thập bát nhật, Đế dĩ Vương thế tử tiết chế Thái uý Nghi quốc công Trịnh Căn công vọng long..\n",
    "url": "/data/image_dvsk/ban_ky_tuc_bien/quyen19/DVSKTT_ban_tuc_XIX_38b.jpg"
  },
  {
    "text": "重 晉 封 爲 元 帥 典 國 政 定 南 王 . [39a*1*1]\ntrọng, tấn phong vi Nguyên soái điển quốc chính Định Nam Vương.\n其 󰀋 文 曰 皇 天 生 賢 聖 之 才 所 以 壽 至 治 人 君 優 尊 貴 之 禮 所 以 表 殊 勳 亶 協 榖 辰 載 敭 華 󰀋 . [39a*1*13]\nKì sách văn viết: Hoàng thiên sinh hiền thánh chi tài, sở dĩ thọ chí trị nhân quân ưu tôn quý chi lễ sở dĩ biểu thù huân đàn hiệp cốc thần tải dương hoa sách.\n特 進 開 府 欽 差 節 制 各 處 水 部 諸 營 兼 總 政 柄 太 尉 宜 國 公 鄭 根 英 䧺 盖 世 氣 象 過 人 . [39a*3*13]\nĐặc tiến khai phủ khâm sai tiết chế các xứ thuỷ bộ chư doanh kiêm tổng chính bính Thái uý Nghi quốc công Trịnh Căn anh hùng cái thế khí tượng quá nhân.\n昔 先 君 恢 復 舊 疆 多 頼 前 王 經 綸 屯 亨 之 力 暨 朕 躬 光 膺 景 命 全 資 師 父 造 就 󰌩 養 之 功 保 國 永 奠 鴻 圖 傳 家 深 貽 燕 翼 睠 . [39a*5*9]\nTích tiên quân khôi phục cựu cương, đa lại tiền vương kinh luân đồn hanh chi lực, kị trẫm cung quang ứng cảnh mệnh toàn tư sư phụ tạo tựu mông dưỡng chi công, bảo quốc vĩnh điện hồng đồ, truyền gia thâm di yên dực quyến.\n惟 王 嗣 克 暢 皇 猷 任 征 伐 則 南 鋤 阮 孽 北 掃 莫 徒 功 特 髙 宇 宙 總 政 柄 則 内 安 中 國 外 服 遠 . [39a*8*2]\nduy Vương tự khắc sướng hoàng du, nhiệm chinh phạt tắc Nam sừ Nguyễn nghiệt, Bắc tảo Mạc đồ, công đặc cao vũ trụ, tổng chính bính tắc nội an trung quốc ngoại phục viễn..\n",
    "url": "/data/image_dvsk/ban_ky_tuc_bien/quyen19/DVSKTT_ban_tuc_XIX_39a.jpg"
  },
  {
    "text": "裔 德 彌 暎 乾 坤 . [39b*1*1]\nduệ đức di ánh càn khôn.\n望 久 孚 四 海 之 心 位 當 冠 百 僚 之 首 . [39b*1*7]\nVọng cửu phù tứ hải chi tâm vị đương quán bách liêu chi thủ.\n特 遣 特 進 金 紫 榮 祿 大 夫 參 從 吏 部 尙 書 兼 東 閣 大 學 士 國 老 參 預 朝 政 掌 六 部 事 太 保 燕 郡 公 范 公 著 捧 賫 金 󰀋 玉 章 普 封 元 帥 典 國 政 定 南 王 榮 如 圭 瓚 用 啓 宇 田 尙 其 受 命 承 休 乘 彛 慎 位 政 詳 典 章 法 度 悋 守 成 䂓 德 得 位 禄 壽 名 誕 膺 申 眷 賛 皇 家 緒 綿 於 有 永 衍 王 室 業 保 於 無 疆 . [39b*2*3]\nĐặc khiến đặc tiến kim tử Vinh Lộc đại phu tham tụng Lại bộ Thượng thư kiêm Đông các đại học sĩ quốc lão Tham dự triều chính chưởng lục bộ sự Thái bảo Yên quận công Phạm Công Trứ bổng tê kim sách ngọc chương phổ phong Nguyên soái Điển quốc chính Định Nam Vương vinh như khuê toản dụng khải vũ điền thượng kì thụ mệnh thừa hưu thừa di thận vị chính tường điển chương pháp độ lận thủ thành quy đức đắc vị lộc thọ danh đản ứng thân quyến tán hoàng gia tự miên ư hữu vĩnh diễn Vương thất nghiệp bảo ư vô cương.\n王 其 欽 哉 〇 . [39b*8*5]\nVương kì khâm tai .\n旨 准 目 今 王 府 領 布 命 令 曰 令 諭 臣 民 進 啓 者 曰 謹 啓 聞 . [39b*8*10]\nChỉ chuẩn mục kim Vương phủ lĩnh bố mệnh lệnh viết lệnh dụ, thần dân tiến khải giả viết cẩn khải văn.\n副 王 府 布 令 . [39b*9*14]\nPhó vương phủ bố lệnh..\n",
    "url": "/data/image_dvsk/ban_ky_tuc_bien/quyen19/DVSKTT_ban_tuc_XIX_39b.jpg"
  },
  {
    "text": "曰 令 旨 進 啓 者 曰 謹 啓 〇 . [40a*1*1]\nviết lệnh chỉ, tiến khải giả viết Cẩn khải .\n八 月 王 諭 定 南 王 曰 王 者 創 業 垂 統 必 貽 厥 嘉 猷 世 嫡 繼 體 守 成 當 遵 其 善 法 . [40a*1*11]\nBát nguyệt, Vương dụ Định Nam Vương viết: Vương giả sáng nghiệp thuỳ thống tất di quyết gia du thế đích kế thể thủ thành đương tuân kì thiện pháp.\n兹 我 承 家 丕 緒 攬 國 大 權 修 王 業 紹 先 王 積 累 之 基 興 起 治 功 討 安 天 下 賛 聖 皇 承 列 聖 繼 傳 之 統 謐 寧 海 宇 磐 奠 國 家 泰 山 安 保 鴻 圖 豊 󱘬 謀 深 燕 翼 . [40a*3*5]\nTư ngã thừa gia phi tự lãm quốc đại quyền tu Vương nghiệp thiệu Tiên vương tích luỹ chi cơ, hưng khởi trị công, thảo an thiên hạ, tán Thánh hoàng thừa liệt thánh kế truyền chi thống, mật ninh hải vũ bàn điện quốc gia Thái Sơn an bảo hồng đồ phong trúc mưu thâm yên dực.\n於 庚 子 年 已 奉 加 開 府 位 委 總 政 . [40a*6*9]\nƯ Canh Tí niên, dĩ phụng gia khai phủ vị uỷ Tổng chính.\n機 乃 能 志 愛 君 親 明 習 機 務 典 司 庶 政 令 簡 肅 中 外 悅 徒 經 營 四 方 威 震 耀 藩 侯 賓 服 . [40a*7*4]\nCơ nãi năng chí ái quân thân minh tập cơ vụ điển ti thứ chính lệnh giản túc trung ngoại duyệt đồ kinh doanh tứ phương uy chấn diệu phiên hầu tân phục.\n功 寔 多 社 稷 寄 堪 任 生 民 . [40a*9*1]\nCông thực đa xã tắc ký kham nhiệm sinh dân.\n我 仍 奏 知 皇 上 欽 遵 . [40a*9*11]\nNgã những tấu tri hoàng thượng khâm tuân..\n",
    "url": "/data/image_dvsk/ban_ky_tuc_bien/quyen19/DVSKTT_ban_tuc_XIX_40a.jpg"
  },
  {
    "text": "勑 旨 . [40b*1*1]\nsắc chỉ.\n晉 封 王 爵 授 以 統 裁 國 家 庶 務 内 統 百 官 外 均 四 海 . [40b*1*3]\nTấn phong vương tước thụ dĩ thống tài quốc gia thứ vụ nội thống bách quan ngoại quân tứ hải.\n位 至 隆 至 重 謀 是 訓 是 行 . [40b*2*5]\nVị chí long chí trọng mưu thị huấn thị hành.\n今 其 知 業 保 以 成 幾 圖 不 忽 防 非 室 󱘥 正 心 脩 身 一 言 一 行 祖 宗 之 懿 德 . [40b*2*15]\nKim kì tri nghiệp bảo dĩ thành cơ đồ bất hốt phòng phi thất dục chính tâm tu thân nhất ngôn nhất hành tổ tông chi ý đức.\n是 遵 一 政 一 令 祖 宗 之 成 䂓 是 述 . [40b*4*7]\nThị tuân nhất chính nhất lệnh tổ tông chi thành quy thị thuật.\n日 與 親 勳 大 臣 文 武 百 官 協 同 心 德 共 求 治 理 區 處 世 務 以 興 太 平 . [40b*5*2]\nNhật dữ thân huân đại thần văn võ bách quan hiệp đồng tâm đức cộng cầu trị lí khu xứ thế vụ dĩ hưng thái bình.\n官 人 則 量 才 能 課 功 狀 使 官 皆 稱 其 職 求 賢 則 察 言 行 試 政 事 使 賢 咸 登 于 朝 任 . [40b*6*10]\nQuan nhân tắc lượng tài năng khoá công trạng sử quan giai xứng kì chức cầu hiền tắc sát ngôn hành thí chính sự sử hiền hàm đăng vu triều nhiệm.\n将 則 御 以 恩 威 使 将 咸 樂 爲 用 愛 民 則 省 其 征 役 使 民 皆 遂 有 生 . [40b*8*5]\nTướng tắc ngự dĩ ân uy sử tướng hàm lạc vi dụng ái dân tắc tỉnh kì chinh dịch sử dân giai toại hữu sinh.\n爵 賞 刑 罰 之 權 公 . [40b*9*12]\nTước thưởng hình phạt chi quyền công..\n",
    "url": "/data/image_dvsk/ban_ky_tuc_bien/quyen19/DVSKTT_ban_tuc_XIX_40b.jpg"
  },
  {
    "text": "操 信 必 禮 樂 教 化 之 本 加 務 詳 明 . [41a*1*1]\ntháo tín tất lễ lạc giáo hoá chi bản gia vụ tường minh.\n如 是 則 政 事 得 以 脩 紀 綱 得 以 振 文 德 洽 而 武 功 成 中 國 安 而 外 夷 服 . [41a*1*14]\nNhư thị tắc chính sự đắc dĩ tu kỷ cương đắc dĩ chấn văn đức hiệp nhi vũ công thành trung quốc an nhi ngoại di phục.\n䂓 模 混 一 宗 社 久 長 以 衍 意 萬 年 惟 王 之 業 尙 其 敬 之 以 副 我 委 任 傳 授 之 意 . [41a*3*5]\nQuy mô hỗn nhất tông xã cửu trường dĩ diễn ý vạn niên duy vương chi nghiệp thượng kì kính chi dĩ phó ngã uỷ nhiệm truyền thụ chi ý.\n兹 論 . [41a*4*17]\nTư luận.\n帝 尊 封 親 生 母 黎 氏 玉 環 爲 昭 儀 〇 . [41a*5*2]\nĐế tôn phong thân sinh mẫu Lê thị Ngọc Hoàn vi Chiêu Nghi .\n冬 十 月 改 元 德 元 . [41a*5*16]\nĐông thập nguyệt, cải nguyên Đức Nguyên.\n大 赦 〇 . [41a*6*5]\nĐại xá .\n旨 准 推 恩 武 班 陞 次 . [41a*6*8]\nChỉ chuẩn thôi ân vũ ban thăng thứ.\n太 傅 溪 郡 公 鄭 杖 秉 郡 公 鄭 󱘦 莅 郡 公 鄭 棟 等 並 爲 太 宰 少 尉 廉 郡 公 鄭 榩 豪 郡 公 黎 時 憲 等 並 爲 太 傅 少 尉 安 郡 公 鄭 橏 兼 郡 公 鄭 樹 少 傅 奠 郡 公 . [41a*6*16]\nThái phó Khê quận công Trịnh Trượng, Bỉnh quận công Trịnh ? Li quận công Trịnh Đống đẳng tịnh vi Thái tể Thiếu uý, Liêm quận công Trịnh Kiền, Hào quận công Lê Thời Hiến đẳng tịnh vi Thái phó, Thiếu uý An quận công Trịnh Thiện Kiêm quận công Trịnh Thụ, Thiếu phó Điện quận công..\n",
    "url": "/data/image_dvsk/ban_ky_tuc_bien/quyen19/DVSKTT_ban_tuc_XIX_41a.jpg"
  },
  {
    "text": "鄭 楃 等 並 爲 太 保 恩 郡 公 鄭 棉 爲 少 尉 左 都 督 副 将 良 郡 公 鄭 栐 爲 少 傅 濯 郡 公 鄭 槏 禄 郡 公 丁 文 左 等 並 爲 少 保 詠 郡 公 譚 景 堅 纘 郡 公 鄭 𣛧 燕 郡 公 鄭 柳 等 並 爲 右 都 督 副 将 派 澤 侯 鄭 榆 爲 都 督 同 知 郡 公 爵 副 将 謙 郡 公 鄭 椽 爲 都 督 僉 事 . [41b*1*1]\nTrịnh Ốc đẳng tịnh vi Thái bảo, Ân quận công Trịnh Miên vi Thiếu uý, Tả đô đốc phó tướng Lương quận công Trịnh Vĩnh vi Thiếu phó, Trạc quận công Trịnh Khiếm, Lộc quận công Đinh Văn Tá đẳng tịnh vi Thiếu bảo, Vịnh quận công Đàm Cảnh Kiên, Toản quận công Trịnh Sâm, Yên quận công Trịnh Liễu đẳng tịnh vi Hữu đô đốc, Phó tướng Phái Trạch hầu Trịnh du vi Đô đốc đồng tri quận công tước, Phó tướng Khiêm quận công Trịnh Duyên vi Đô đốc thiêm sự.\n其 餘 各 陞 職 爵 有 差 〇 . [41b*6*4]\nKì dư các thăng chức tước hữu sai .\n廢 潘 兼 全 爲 庶 人 送 歸 清 華 鎮 居 住 以 其 累 行 事 犯 故 也 . [41b*6*13]\nPhế Phan Kiêm Toàn vi thứ nhân, tống quy Thanh Hoa trấn cư trú, dĩ kì luỵ hành sự phạm cố dã.\n又 以 黎 斅 黎 仕 澈 等 黨 與 兼 全 貶 . [41b*7*17]\nHựu dĩ Lê Hiệu, Lê Sĩ Triệt đẳng đảng dữ Kiêm Toàn biếm.\n斅 爲 興 化 處 參 政 仕 澈 爲 太 原 處 憲 察 使 〇 . [41b*8*12]\nHiệu vi Hưng Hoá xứ Tham chính, Sĩ Triệt vi Thái nguyên xứ Hiến sát sứ .\n十 二 月 吏 部 右 侍 郎 . [41b*9*11]\nThập nhị nguyệt, Lại bộ Hữu thị lang..\n",
    "url": "/data/image_dvsk/ban_ky_tuc_bien/quyen19/DVSKTT_ban_tuc_XIX_41b.jpg"
  },
  {
    "text": "申 全 等 除 内 外 任 各 職 一 千 二 百 三 十 九 員 名 〇 . [42a*1*1]\nThân Toàn đẳng trừ nội ngoại nhiệm các chức nhất thiên nhị bách tam thập cửu viên danh .\n貶 乂 安 處 參 政 梁 實 爲 東 閣 校 書 以 其 抑 取 士 人 銀 錢 故 也 . [42a*2*2]\nBiếm Nghệ An xứ Tham chính Lương Thực vi Đông các hiệu , dĩ kì ức thủ sĩ nhân ngân tiền cố dã.\n乙 卯 德 元 二 年 清 康 熙 十 四 年 春 三 月 使 臣 阮 荗 材 胡 士 揚 等 回 國 〇 . [42a*4*1]\nẤt Mão Đức Nguyên nhị niên, [Thanh Khang Hi thập tứ niên,] xuân tam nguyệt, sứ thần Nguyễn Mậu Tài, Hồ Sĩ Dương đẳng hồi quốc .\n夏 四 月 三 日 帝 崩 . [42a*5*9]\nHạ tứ nguyệt, tam nhật, Đế băng.\n群 臣 上 尊 號 曰 寬 明 敏 達 英 果 徽 柔 克 仁 篤 義 羙 皇 帝 廟 號 嘉 宗 〇 . [42a*5*16]\nQuần thần thượng tôn hiệu viết: Khoan Minh Mẫn Đạt Anh Quả Huy Nhu Khắc Nhân Đốc Nghĩa Mĩ Hoàng Đế, miếu hiệu Gia Tông .\n論 奉 使 功 以 阮 荗 材 爲 刑 部 尙 書 子 爵 胡 士 揚 爲 工 部 尙 書 郡 公 爵 陶 公 正 爲 刑 部 右 侍 郎 武 公 道 爲 工 部 右 侍 郎 並 男 爵 武 惟 . [42a*7*6]\nLuận phụng sứ công dĩ Nguyễn Mậu Tài vi Hình bộ Thượng thư tử tước; Hồ Sĩ Dương vi Công bộ Thượng thư quận công tước; Đào Công Chính vi Hình bộ Hữu thị lang, Vũ Công Đạo vi Công bộ Hữu thị lang, tịnh nam tước; Vũ Duy..\n",
    "url": "/data/image_dvsk/ban_ky_tuc_bien/quyen19/DVSKTT_ban_tuc_XIX_42a.jpg"
  },
  {
    "text": "諧 爲 東 閣 大 學 士 子 爵 〇 . [42b*1*1]\nHài vi Đông các Đại học sĩ tử tước .\n六 月 奉 嘉 宗 羙 皇 帝 梓 宫 回 塟 于 福 安 陵 立 天 寧 殿 奉 事 從 生 母 昭 儀 故 鄕 也 . [42b*1*11]\nLục nguyệt, phụng Gia Tông Mĩ Hoàng Đế tử cung hồi táng vu Phúc An lăng, lập Thiên Ninh điện phụng sự, tòng sinh mẫu Chiêu Nghi cố hương dã.\n是 時 王 與 正 妃 親 行 拜 哭 禮 極 其 哀 慟 . [42b*3*5]\nThị thời, Vương dữ Chính phi thân hành bái khốc lễ cực kì ai đỗng.\n定 南 王 亦 親 送 至 江 津 行 禮 曲 盡 哀 敬 . [42b*4*2]\nĐịnh Nam Vương diệc thân tống chí giang tân hành lễ khúc tận ai kính.\n文 武 臣 僚 見 者 流 涕 〇 . [42b*4*17]\nVăn vũ thần liêu kiến giả lưu thế .\n十 二 日 皇 弟 維 祫 即 皇 帝 位 . [42b*5*8]\nThập nhị nhật, Hoàng đệ Duy hợp tức Hoàng Đế vị.\n初 神 宗 臨 崩 嘱 與 王 曰 宮 人 鄭 氏 玉 󱘬 懷 妊 方 四 月 間 未 卜 男 女 尙 頼 王 其 保 護 之 . [42b*6*1]\nSơ, Thần Tông lâm băng chúc dữ Vương viết: Cung nhân Trịnh thị Ngọc Trúc hoài nhâm phương tứ nguyệt gian vị bốc nam nữ, thượng lại Vương kì bảo hộ chi.\n及 生 而 體 貌 奇 偉 年 九 歲 王 育 之 于 府 中 . [42b*7*15]\nCập sinh, nhi thể mạo kì vĩ, niên cửu tuế Vương dục chi vu phủ trung.\n至 是 王 親 扶 登 殿 即 皇 帝 位 改 元 以 明 年 正 月 爲 永 治 元 年 . [42b*8*13]\nChí thị, Vương thân phù đăng điện tức Hoàng Đế vị, cải nguyên, dĩ minh niên chính nguyệt vi Vĩnh Trị nguyên niên.\n大 . [42b*9*18]\nĐạị.\n",
    "url": "/data/image_dvsk/ban_ky_tuc_bien/quyen19/DVSKTT_ban_tuc_XIX_42b.jpg"
  },
  {
    "text": "赦 〇 . [43a*1*1]\nxá .\n定 六 部 職 掌 事 例 . [43a*1*3]\nĐịnh lục bộ chức chưởng sự lệ.\n吏 部 掌 官 爵 封 賜 銓 選 考 課 黜 陟 之 政 填 充 補 給 之 事 . [43a*1*10]\nLại bộ chưởng quan tước, phong tứ, thuyên tuyển, khảo khoá, truất trắc chi chính, điền sung, bổ cấp chi sự.\n户 部 掌 土 地 人 民 倉 厙 錢 糧 調 𤼵 之 政 禄 食 貢 賦 盐 鐵 之 事 . [43a*2*13]\nHộ bộ chưởng thổ địa, nhân dân, thương khố, tiền lương, điều phát chi chính; lộc thực, cống phú, diêm thiết chi sự.\n禮 部 掌 禮 儀 祠 祭 󰆑 宴 學 校 科 舉 之 政 衣 冠 印 符 章 表 貢 使 朝 覲 之 節 兼 總 司 天 醫 卜 及 僧 道 教 坊 同 文 雅 樂 之 属 . [43a*3*18]\nLễ bộ chưởng lễ nghi, từ tế, khánh yến, học hiệu, khoa cử chi chính; y quan, ấn phù, chương biểu, cống sứ, triều cận chi tiết; kiêm tổng ti thiên y bốc, cập tăng, đạo giáo phường, đồng văn, nhã lạc chi thuộc.\n兵 部 掌 兵 戒 禁 衛 車 馬 儀 仗 噐 械 之 政 邊 夷 鎮 戎 驛 庯 險 要 緊 急 之 事 . [43a*6*8]\nBinh bộ chưởng binh giới, cấm vệ, xa mã, nghi trượng, khí giới chi chính; biên di, trấn nhung, dịch phố, hiểm yếu khẩn cấp chi sự.\n刑 部 掌 律 令 刑 法 按 襨 獄 訟 之 政 治 五 刑 之 罪 . [43a*7*17]\nHình bộ chưởng luật lệnh, hình pháp, án phức, ngục tụng chi chính; trị ngũ hình chi tội.\n工 部 掌 城 池 橋 梁 道 路 土 木 工 匠 之 政 繕 修 營 造 之 . [43a*8*17]\nCông bộ chưởng thành trì, kiều lương, đạo lộ, thổ mộc, công tượng, chi chính; thiện tu doanh tạo chi..\n",
    "url": "/data/image_dvsk/ban_ky_tuc_bien/quyen19/DVSKTT_ban_tuc_XIX_43a.jpg"
  },
  {
    "text": "事 山 林 園 苑 川 澤 之 禁 〇 . [43b*1*1]\nsự; sơn lâm, viên uyển, xuyên trạch chi cấm .\n秋 七 月 以 武 惟 志 爲 户 部 尙 書 阮 荗 材 爲 兵 部 尙 書 申 全 為 御 史 󰉟 都 御 史 鄧 公 瓆 爲 吏 部 左 侍 郎 黎 榮 爲 户 部 左 侍 郎 阮 公 璧 爲 禮 部 左 侍 郎 同 存 澤 爲 工 部 左 侍 郎 阮 名 實 爲 吏 部 右 侍 郎 武 惟 諧 爲 兵 部 右 侍 郎 裴 廷 員 爲 刑 部 右 侍 郎 〇 . [43b*1*11]\nThu thất nguyệt, dĩ Vũ Duy Chí vi Hộ bộ Thượng thư, Nguyễn Mậu Tài vi Binh bộ Thượng thư, Thân Toàn vi Ngự sử đài đô ngự sử, Đặng Công chất vi Lại bộ Tả thị lang, Lê Vinh vi Hộ bộ Tả thị lang, Nguyễn Công Bích vi Lễ bộ Tả thị lang, Đồng Tồn Trạch vi Công bộ Tả thị lang, Nguyễn Danh Thực vi Lại bộ Hữu thị lang, Vũ Duy Hài vi Binh bộ Hữu thị lang, Bùi Đình Viên vi Hình bộ Hữu thị lang .\n九 月 鎮 守 乂 安 處 兼 鎮 布 政 州 統 率 官 左 中 軍 營 副 将 太 尉 豪 郡 公 黎 時 憲 卒 . [43b*6*13]\nCửu nguyệt, trấn thủ Nghệ An xứ kiêm trấn Bố Chính châu thống suất quan Tả trung quân doanh phó tướng Thái uý Hào quận công Lê Thời Hiến tốt.\n時 憲 爲 人 智 畧 勇 敢 有 機 變 才 治 軍 號 令 嚴 肃 每 出 征 伐 數 立 奇 功 年 六 十 有 . [43b*8*7]\nThời Hiến vi nhân trí lược dũng cảm, hữu cơ biến tài, trị quân hiệu lệnh nghiêm túc, mỗi xuất chinh phạt số lập kì công, niên lục thập hữu..\n",
    "url": "/data/image_dvsk/ban_ky_tuc_bien/quyen19/DVSKTT_ban_tuc_XIX_43b.jpg"
  },
  {
    "text": "六 卒 . [44a*1*1]\nlục tốt.\n于 鎮 贈 太 宰 賜 謚 嚴 智 褒 封 爲 福 神 立 祠 祭 祀 . [44a*1*3]\nvu trấn Tặng Thái tể tứ thuỵ Nghiêm Trí, bao phong vi phúc thần lập từ tế tự.\n時 憲 雷 陽 福 豪 人 〇 . [44a*2*3]\n[Thời Hiến Lôi Dương Phúc Hào nhân,] .\n命 右 都 督 燕 郡 公 鄭 柳 鎮 守 乂 安 處 兼 鎮 布 政 州 〇 . [44a*2*12]\nMệnh Hữu đô đốc Yên quận công Trịnh Liễu trấn thủ Nghệ An xứ kiêm trấn Bố Chính châu .\n命 阮 公 璧 陶 公 正 入 侍 經 筵 〇 . [44a*3*10]\nMệnh Nguyễn Công Bích, Đào Công Chính nhập thị kinh diên .\n貶 僉 都 御 史 杜 善 政 爲 户 科 都 給 事 中 以 其 勘 訟 失 當 故 也 〇 . [44a*4*4]\nBiếm Thiêm đô ngự sử Đỗ Thiện Chính vi Hộ khoa đô cấp sự trung, dĩ kì khám tụng thất đương, cố dã .\n冬 十 月 吏 部 尙 書 兼 東 閣 大 學 士 國 老 參 預 朝 政 掌 六 部 事 太 保 燕 郡 公 范 公 著 卒 . [44a*5*10]\nĐông thập nguyệt, Lại bộ Thượng thư kiêm Đông các Đại học sĩ Quốc lão Tham dự triều chính chưởng lục bộ sự Thái bảo Yên quận công Phạm Công Trứ tốt.\n公 著 爲 人 深 沉 簡 重 行 有 操 術 輔 王 於 潜 邸 日 籌 畫 居 多 當 國 日 久 法 度 屢 有 建 明 年 七 十 有 六 卒 . [44a*7*6]\nCông Trứ vi nhân thâm trầm, giản trọng, hành hữu tháo thuật, phụ Vương ư tiềm để nhật, trù hoạch cư đa, đương quốc nhật cửu, pháp độ lũ hữu kiến minh, niên thất thập hữu lục tốt.\n贈 太 宰 賜 謚 忠 勤 . [44a*9*8]\nTặng Thái tể tứ thuỵ Trung Cần.\n公 著 唐 豪 遼 川 人 . [44a*9*15]\n[Công Trứ Đường Hào Liêu Xuyên nhân,]..\n",
    "url": "/data/image_dvsk/ban_ky_tuc_bien/quyen19/DVSKTT_ban_tuc_XIX_44a.jpg"
  },
  {
    "text": "十 一 月 鄕 試 各 處 士 人 〇 . [44b*1*2]\n.\n十 二 月 旱 〇 . [44b*1*12]\nThập nhất nguyệt, Hương thí các xứ sĩ nhân .\n以 范 質 爲 刑 部 左 侍 郎 武 惟 諧 爲 御 史 󰉟 副 都 御 史 阮 曰 庶 爲 僉 都 御 史 韶 仕 琳 爲 吏 科 都 給 事 中 . [44b*1*17]\nThập nhị nguyệt hạn .\n大 越 史 記 本 紀 續 編 卷 之 十 九 終 . [44b*9*1]\nDĩ Phạm Chất vi Hình bộ Tả thị lang, Vũ Duy Hài vi Ngự sử đài phó đô ngự sử, Nguyễn Viết Thứ vi Thiêm đô ngự sử, Thiều Sĩ Lâm vi Lại khoa đô cấp sự trung.\n.\nĐại Việt Sử Ký Bản Kỷ Tục Biên quyển chi thập cửu [chung]..\n",
    "url": "/data/image_dvsk/ban_ky_tuc_bien/quyen19/DVSKTT_ban_tuc_XIX_44b.jpg"
  }
]