[
  {
    "text": "大 越 史 記 外 紀 全 書 卷 之 一 . [1a*1*1]\nĐại Việt Sử Ký Ngoại Kỷ Toàn Thư Quyển Chi Nhất.\n朝 列 大 夫 國 子 監 司 業 兼 史 官 修 撰 臣 吳 士 連 編 . [1a*2*1]\nTriều liệt đại phu, Quốc Tử Giám Tư nghiệp, kiêm Sử quan tu soạn, thần Ngô Sĩ Liên biên.\n按 黄 帝 時 建 萬 國 以 交 趾 界 於 西 南 遠 在 百 粤 之 表 . [1a*4*1]\nÁn: Hoàng đế thời, kiến vạn quốc, dĩ Giao Chỉ giới ư Tây Nam, viễn tại Bách Việt chi biểu.\n堯 命 𦏁 氏 宅 南 交 定 南 方 交 趾 之 地 . [1a*5*4]\nNghiêu mệnh Hi thị trạch Nam Giao, định Nam phương Giao Chỉ chi địa.\n禹 别 九 州 百 粤 爲 楊 州 域 交 趾 属 焉 . [1a*6*1]\nVũ biệt cửu châu, Bách Việt vi Dương châu vực, Giao Chỉ thuộc yên.\n成 周 時 始 稱 越 裳 氏 越 之 名 肇 於 此 云 . [1a*6*15]\nThành Chu thời thuỷ xưng Việt Thường thị, Việt chi danh triệu ư thử vân.\n鴻 龐 氏 紀 . [1a*8*1]\nHồng Bàng thị KỶ.\n涇 陽 王 . [1a*9*1]\nKinh Dương Vương.\n",
    "url": "/data/image_dvsk/ngoai_ky/quyen1/DVSKTT_ngoai_I_1a.jpg"
  },
  {
    "text": "諱 祿 續 神 農 氏 之 後 也 . [1b*1*1]\nHuý Lộc Tục, Thần Nông thị chi hậu dã.\n壬 戌 元 年 . [1b*2*1]\nNhâm Tuất nguyên niên.\n初 炎 帝 神 農 氏 三 世 孫 帝 明 生 帝 宜 既 而 南 廵 至 五 嶺 接 得 鶩 僊 女 生 王 . [1b*2*5]\nSơ Viêm Đế Thần Nông thị tam thế tôn Đế Minh sinh Đế Nghi, ký nhi Nam tuần, chí Ngũ Lĩnh tiếp đắc Vụ Tiên nữ, sinh vương.\n王 聖 智 聰 明 帝 明 奇 之 欲 使 嗣 位 . [1b*3*14]\nVương thánh trí thông minh, Đế Minh kì chi, dục sử tự vị.\n王 固 讓 其 兄 不 敢 奉 命 . [1b*4*8]\nVương cố nhượng kì huynh, bất cảm phụng mệnh.\n帝 明 於 是 立 帝 宜 爲 嗣 治 北 方 封 王 爲 涇 陽 王 治 南 方 號 赤 鬼 國 . [1b*4*17]\nĐế Minh ư thị lập Đế Nghi vi tự, trị Bắc phương, phong vương vi Kinh Dương Vương, trị Nam phương, hiệu Xích Quỷ quốc.\n王 娶 洞 庭 君 女 曰 神 龍 生 貉 龍 君 按 唐 紀 涇 陽 時 有 牧 羊 父 自 謂 洞 庭 君 少 女 嫁 涇 川 次 子 被 黜 寄 書 與 柳 毅 奏 洞 庭 君 則 涇 川 洞 庭 世 爲 婚 姻 有 自 . [1b*6*4]\nVương thú Động Đình quân nữ viết Thần Long, sinh Lạc Long Quân [án Đường kỷ Kinh Dương thời hữu mục dương phụ, tự vị Động Đình quân thiếu nữ, giá Kinh Xuyên thứ tử, bị truất, ký thư dữ Liễu Nghị tấu Động Đình quân. Tắc Kinh Xuyên Động Đình thế vi hôn nhân hữu tự.\n來 矣 . [1b*8*3]\nlai hĩ].\n貉 龍 君 . [1b*9*1]\nLạc Long Quân.\n",
    "url": "/data/image_dvsk/ngoai_ky/quyen1/DVSKTT_ngoai_I_1b.jpg"
  },
  {
    "text": "諱 崇 䌫 涇 陽 王 之 子 也 . [2a*1*1]\nHuý Sùng Lãm, Kinh Dương Vương chi tử dã.\n君 娶 帝 來 女 曰 嫗 姬 生 百 男 俗 傳 生 百 卵 是 爲 百 粤 之 祖 . [2a*2*1]\nQuân thú Đế Lai nữ viết Âu Cơ, sinh bách nam, [tục truyền sinh bách noãn] thị vi Bách Việt chi tổ.\n一 日 謂 姬 曰 我 是 龍 種 爾 是 僊 種 水 火 相 尅 合 併 實 難 . [2a*3*2]\nNhất nhật, vị Cơ viết: \"Ngã thị long chủng, nhĩ thị tiên chủng, thuỷ hoả tương khắc hợp, tính thực nan.\n乃 與 之 相 别 分 五 十 子 從 母 歸 山 五 十 子 從 父 居 南 居 南 作 歸 南 海 封 其 長 爲 䧺 王 嗣 君 位 . [2a*4*4]\nNãi dữ chi tương biệt, phân ngũ thập tử tòng mẫu quy sơn, ngũ thập tử tòng phụ cư nam, [cư Nam tác quy Nam Hải], phong kì trưởng vi Hùng Vương, tự quân vị.\n史 臣 吴 士 連 曰 天 地 開 肈 之 時 有 以 氣 化 者 盤 古 氏 是 也 . [2a*6*1]\nSử thần Ngô Sĩ Liên viết: \"Thiên địa khai triệu chi thời, hữu dĩ khí hoá giả, Bàn Cổ thị thị dã.\n有 氣 化 然 後 有 形 化 莫 非 陰 陽 二 氣 也 . [2a*7*5]\nHữu khí hoá nhiên hậu hữu hình hoá, mạc phi âm dương nhị khí dã\".\n易 曰 天 地 絪 緼 萬 物 化 醇 男 女 媾 精 萬 物 化 生 . [2a*8*2]\nDịch viết: \"Thiên địa nhân uẩn, vạn vật hoá thuần, nam nữ cấu tinh, vạn vật hoá sinh\".\n故 有 夫 婦 然 後 有 父 子 有 父 子 然 後 有 君 臣 . [2a*9*2]\nCố hữu phu phụ nhiên hậu hữu phụ tử, hữu phụ tử nhiên hậu hữu quân thần.\n",
    "url": "/data/image_dvsk/ngoai_ky/quyen1/DVSKTT_ngoai_I_2a.jpg"
  },
  {
    "text": "然 而 聖 賢 之 生 必 異 乎 常 乃 天 所 命 . [2b*1*1]\nNhiên nhi thánh hiền chi sinh, tất dị hồ, thường nãi thiên sở mệnh.\n吞 玄 鳥 卵 而 生 商 履 巨 人 跡 而 興 周 皆 紀 其 實 然 也 . [2b*1*15]\nThốn huyền điểu noãn nhi sinh Thương, lí cự nhân tích nhi hưng Chu, giai kỷ kì thực nhiên dã.\n神 農 氏 之 後 帝 明 得 鶩 僊 女 而 生 涇 陽 王 是 爲 百 粤 始 祖 . [2b*2*17]\nThần Nông thị chi hậu Đế Minh đắc Vụ Tiên nữ nhi sinh Kinh Dương Vương, thị vi Bách Việt thuỷ tổ.\n王 娶 神 龍 女 生 貉 龍 君 君 娶 帝 來 女 而 生 育 有 百 男 之 祥 . [2b*4*3]\nVương thú Thần Long nữ sinh Lạc Long Quân, Quân thú Đế Lai nữ nhi sinh dục hữu bách nam chi tường.\n此 其 所 以 能 肇 我 越 之 基 也 歟 考 之 通 鑑 外 紀 帝 來 帝 宜 之 子 㨿 此 所 載 涇 陽 王 帝 宜 之 弟 乃 相 爲 婚 姻 蓋 世 尙 鴻 荒 禮 樂 未 著 而 然 者 歟 䧺 王 . [2b*5*7]\nThử kì sở dĩ năng triệu ngã Việt chi cơ dã dư? Khảo chi Thông Giám Ngoại Kỉ: Đế Lai, Đế Nghi chi tử; cứ thử sở tải Kinh Dương Vương Đế Nghi chi đệ, nãi tương vi hôn nhân, cái thế thượng hồng hoang, lễ nhạc vị trứ nhi nhiên giả dư? Hùng Vương.\n",
    "url": "/data/image_dvsk/ngoai_ky/quyen1/DVSKTT_ngoai_I_2b.jpg"
  },
  {
    "text": "貉 龍 君 之 子 也 缺 諱 都 峯 州 今 白 鶴 縣 是 也 . [3a*1*1]\nLạc Long Quân chi tử dã [khuyết huý], đô Phong Châu [Kim Bạch Hạc huyện thị dã].\n雄 王 之 立 也 建 國 號 文 郎 國 其 國 東 夾 南 海 西 抵 巴 蜀 北 至 洞 庭 湖 南 接 胡 孫 國 即 占 城 國 今 廣 南 是 也 分 國 爲 十 五 部 曰 交 趾 曰 朱 鳶 曰 武 寧 曰 福 祿 曰 越 裳 曰 寧 海 曰 陽 泉 曰 陸 海 曰 武 定 曰 懷 驩 曰 九 真 曰 平 文 曰 新 興 曰 九 德 以 臣 属 焉 其 曰 文 郎 王 所 都 也 . [3a*2*1]\nHùng Vương chi lập dã, kiến quốc hiệu Văn Lang quốc [kì quốc đông giáp Nam Hải, tây để Ba Thục, bắc chí Động Đình hồ, nam tiếp Hồ Tôn quốc, tức Chiêm Thành quốc, kim Quảng Nam thị dã], phân quốc vi thập ngũ bộ viết Giao Chỉ, viết Chu Diên, viết Vũ Ninh, viết Phúc Lộc, viết Việt Thường, viết Ninh Hải, viết Dương Tuyền, viết Lục Hải, viết Vũ Định, viết Hoài Hoan, viết Cửu Chân, viết Bình Văn, viết Tân Hưng, viết Cửu Đức, dĩ thần thuộc yên; kì viết Văn Lang vương sở đô dã.\n置 相 曰 貉 候 將 曰 貉 將 貉 將 後 訛 爲 雄 將 王 子 曰 官 郎 王 女 曰 媚 娘 . [3a*6*11]\nTrí tướng viết Lạc Hầu, tướng viết Lạc Tướng [Lạc tướng hậu ngoa vi Hùng Tướng] Vương tử viết Quan Lang, vương nữ viết Mị Nương.\n有 司 曰 蒲 政 世 世 以 父 傳 子 曰 父 道 . [3a*7*19]\nHữu ti viết Bồ Chính, thế thế dĩ phụ truyền tử, viết phụ đạo.\n世 主 皆 號 雄 王 . [3a*8*10]\nThế chủ giai hiệu Hùng Vương.\n時 山 麓 之 民 見 江 河 濮 水 皆 聚 魚 鰕 率 相 魚 食 爲 蛟 蛇 所 傷 . [3a*8*16]\nThời sơn lộc chi dân kiến giang hà bộc thuỷ giai tụ ngư hà suất tương ngư thực, vi giao xà sở thương,..\n",
    "url": "/data/image_dvsk/ngoai_ky/quyen1/DVSKTT_ngoai_I_3a.jpg"
  },
  {
    "text": "白 於 王 . [3b*1*1]\nbạch ư vương.\n王 曰 山 蠻 之 種 與 水 族 實 殊 彼 好 同 惡 異 故 有 此 病 . [3b*1*4]\nVương viết: \"Sơn man chi chủng dữ thuỷ tộc thực thù; bỉ hiếu đồng ố dị, cố hữu thử bệnh\".\n乃 命 人 以 墨 跡 畵 水 恠 於 身 . [3b*2*5]\nNãi mệnh nhân dĩ mặc tích hoạ thuỷ quái ư thân.\n自 是 蛟 龍 見 之 無 咬 傷 之 害 . [3b*2*16]\nTự thị giao long kiến chi vô giảo thương chi hại.\n百 粤 文 身 之 俗 盖 始 此 . [3b*3*8]\nBách Việt văn thân chi tục cái thuỷ thử.\n雄 王 六 世 武 寧 部 扶 董 鄕 有 富 家 翁 生 一 南 三 歲 餘 飲 食 肥 大 不 能 言 笑 . [3b*3*17]\nHùng Vương lục thế, Vũ Ninh bộ, Phù Đổng hương, hữu phú gia ông, sinh nhất nam, tam tuế dư, ẩm thực phì đại bất năng ngôn tiếu.\n適 國 内 有 警 王 命 人 求 能 却 敵 者 . [3b*5*8]\nThích quốc nội hữu cảnh, vương mệnh nhân cầu năng khước địch giả.\n其 日 小 兒 忽 能 言 告 其 母 邀 天 使 來 曰 願 得 一 劍 一 馬 君 無 憂 也 . [3b*6*2]\nKì nhật, tiểu nhi hốt năng ngôn, cáo kì mẫu yêu thiên sứ lai viết: \"Nguyện đắc nhất kiếm, nhất mã, quân vô ưu dã\".\n王 賜 之 劍 馬 小 兒 即 躍 馬 揮 劍 而 前 官 軍 從 後 破 賊 于 武 寧 山 . [3b*7*8]\nVương tứ chi kiếm mã, tiểu nhi tức dược mã huy kiếm nhi tiền, quan quân tòng hậu, phá tặc vu Vũ Ninh sơn.\n脚 賊 自 倒 戈 相 攻 死 者 甚 󰕛 餘 黨 羅 拜 呼 天 將 即 皆 來 降 . [3b*8*13]\nCước tặc tự đảo qua tương công, tử giả thậm chúng, dư đảng la bái, hô thiên tướng, tức giai lai hàng.\n小 而 躍 馬 . [3b*9*16]\nTiểu nhi dược mã..\n",
    "url": "/data/image_dvsk/ngoai_ky/quyen1/DVSKTT_ngoai_I_3b.jpg"
  },
  {
    "text": "騰 空 而 去 . [4a*1*1]\nđằng không nhi khứ.\n王 命 開 所 居 園 宅 立 廟 時 祀 焉 . [4a*1*5]\nVương mệnh khai sở cư viên trạch lập miếu, thời tự yên.\n後 李 太 祖 封 爲 冲 天 神 王 其 神 祠 在 扶 董 鄕 建 初 寺 測 . [4a*1*17]\nHậu, Lí Thái Tổ phong vi Xung Thiên Thần Vương [Kì thần từ tại Phù Đổng hương Kiến Sơ tự trắc].\n周 成 王 時 我 越 始 聘 于 周 未 詳 第 幾 世 稱 越 裳 氏 献 白 雉 . [4a*2*19]\nChu Thành Vương thời, ngã Việt thuỷ sính vu Chu [Vị tường đệ cơ thế xưng Việt Thường thị, hiến bạch trĩ.\n周 公 曰 政 令 不 施 君 子 不 臣 其 人 命 作 指 南 車 送 還 本 國 . [4a*3*19]\nChu Công viết: Chính lệnh bất thi, quân tử bất thần kì nhân\", mệnh tác chỉ nam xa tống hoàn bản quốc.\n時 屬 季 世 王 有 女 曰 媚 娘 美 而 艷 . [4a*5*1]\nThời thuộc quý thế Vương hữu nữ viết Mị Nương, mĩ nhi diễm.\n蜀 王 聞 之 誥 王 求 爲 婚 . [4a*5*14]\nThục Vương văn chi, cáo vương cầu vi hôn.\n王 欲 從 之 雄 侯 止 之 曰 彼 欲 圖 我 以 婚 姻 爲 由 耳 . [4a*6*4]\nVương dục tòng chi, Hùng hầu chỉ chi viết: \"Bỉ dục đồ ngã, dĩ hôn nhân vi do nhĩ\".\n蜀 王 以 是 㗸 怨 . [4a*7*4]\nThục Vương dĩ thị hàm oán.\n王 欲 求 可 配 者 謂 群 臣 曰 此 女 是 僊 種 才 德 兼 備 者 方 可 爲 姻 . [4a*7*10]\nVương dục cầu khả phối giả, vị quần thần viết: \"Thử nữ thị tiên chủng, tài đức kiêm bị giả phương khả vi nhân\".\n時 見 二 姻 自 外 來 拜 見 庭 下 求 爲 婚 姻 . [4a*8*15]\nThời kiến nhị nhân tự ngoại lai, bái kiến đình hạ, cầu vi hôn nhân.\n王 異 而 問 之 對 曰 一 爲 . [4a*9*11]\nVương dị nhi vấn chi, đối viết nhất vi..\n",
    "url": "/data/image_dvsk/ngoai_ky/quyen1/DVSKTT_ngoai_I_4a.jpg"
  },
  {
    "text": "山 精 一 爲 水 精 皆 在 境 内 聞 明 王 有 聖 女 敢 來 請 命 . [4b*1*1]\nSơn Tinh, nhất vi Thuỷ Tinh, giai tại cảnh nội, văn minh vương hữu thánh nữ, cảm lai thỉnh mệnh.\n王 曰 我 有 一 女 𡸈 得 两 賢 乎 . [4b*2*2]\nVương viết: \"Ngã hữu nhất nữ, khởi đắc lưỡng hiền hồ?\".\n乃 納 來 日 能 具 聘 禮 先 來 即 與 . [4b*2*13]\nNãi nạp lai nhật, năng cụ sính lễ tiên lai tức dữ.\n兩 賢 應 諾 拜 謝 而 歸 . [4b*3*6]\nLưỡng hiền ứng nặc, bái tạ nhi quy.\n明 日 山 精 將 珍 寶 金 銀 山 禽 野 獸 等 物 來 献 . [4b*3*14]\nMinh nhật, Sơn Tinh tương trân bảo kim ngân, sơn cầm dã thú đẳng vật lai hiến.\n王 如 約 嫁 之 . [4b*4*12]\nVương như ước giá chi.\n山 精 迎 回 傘 圓 高 峯 居 之 . [4b*4*17]\nSơn Tinh nghênh hồi Tản Viên cao phong cư chi.\n水 精 亦 將 聘 財 後 至 恨 悔 不 及 遂 興 雲 作 雨 激 水 漲 溢 率 水 族 追 之 . [4b*5*8]\nThuỷ Tinh diệc tương sính tài hậu chí, hận hối bất cập, toại hưng vân tác vũ, kích thuỷ trướng dật, suất thuỷ tộc truy chi.\n王 與 山 精 張 鐵 鋼 横 截 慈 廉 上 流 以 扞 之 . [4b*6*15]\nVương dữ Sơn Tinh trương thiết cương hoành tiệt Từ Liêm thượng lưu dĩ hãn chi.\n水 精 從 别 江 自 莅 仁 入 廣 威 山 脚 緣 岸 上 喝 江 口 出 大 江 入 陀 江 擊 傘 圓 處 處 𮢶 爲 淵 爲 潭 積 水 圖 襲 之 . [4b*7*12]\nThuỷ Tinh tòng biệt giang, tự Lị Nhân nhập Quảng Oai sơn cước duyên ngạn thượng Hát giang khẩu, xuất đại giang nhập Đà giang kích Tản Viên, xứ xứ tạc vi uyên vi đầm, tích thuỷ đồ tập chi.\n山 精 神 化 呼 得 . [4b*9*14]\nSơn Tinh thần hoá, hô đắc..\n",
    "url": "/data/image_dvsk/ngoai_ky/quyen1/DVSKTT_ngoai_I_4b.jpg"
  },
  {
    "text": "蠻 人 編 竹 爲 籬 禦 水 以 弩 射 之 鱗 介 諸 種 中 箭 避 走 . [5a*1*1]\nman nhân biên trúc vi li ngự thuỷ, dĩ nỗ xạ chi, lân giới chư chủng trúng tiễn tị tẩu.\n終 莫 能 犯 也 俗 傳 山 精 水 精 是 後 世 讐 每 年 大 水 常 相 攻 云 . [5a*2*2]\nChung mạc năng phạm dã [Tục truyền Sơn Tinh Thuỷ Tinh thị hậu thế thù, mỗi niên đại thuỷ thường tương công vân].\n傘 圓 乃 我 越 巔 山 其 靈 應 㝡 爲 顯 驗 . [5a*2*25]\nTản Viên nãi ngã Việt điên sơn, kì linh ứng tối vi hiển nghiệm.\n媚 娘 既 嫁 山 精 蜀 王 憤 怒 嘱 其 子 孫 必 滅 文 郎 而 併 其 國 . [5a*3*12]\nMị Nương ký giá Sơn Tinh, Thục vương phẫn nộ, chúc kì tử tôn tất diệt Văn Lang nhi tinh kì quốc.\n至 孫 蜀 泮 有 勇 畧 乃 攻 取 之 . [5a*4*15]\nChí tôn Thục Phán hữu dũng lược, nãi công thủ chi.\n史 臣 吳 士 連 曰 雄 王 之 世 建 侯 立 屏 分 國 爲 十 五 部 . [5a*6*1]\nSử thần Ngô Sĩ Liên viết: Hùng Vương chi thế kiến hầu lập bình, phân quốc vi thập ngũ bộ.\n十 五 部 之 外 各 有 長 佐 . [5a*7*3]\nThập ngũ bộ chi ngoại các hữu trưởng tá.\n而 庶 子 以 其 次 分 治 焉 . [5a*7*12]\nNhi thứ tử dĩ kì thứ phân trị yên.\n其 五 十 子 從 母 歸 山 安 知 不 如 是 耶 蓋 母 爲 君 長 諸 子 各 主 一 方 也 . [5a*8*3]\nKì ngũ thập tử tòng mẫu quy sơn, an tri bất như thị gia? Cái mẫu vi quân trưởng, chư tử các chủ nhất phương dã.\n以 今 蠻 酋 有 男 父 道 . [5a*9*11]\nDĩ kim man tù hữu nam phụ đạo,..\n",
    "url": "/data/image_dvsk/ngoai_ky/quyen1/DVSKTT_ngoai_I_5a.jpg"
  }
]