[
  {
    "text": "絶 煙 火 人 跡 夜 則 以 獨 木 船 出 兵 擊 覇 先 營 殺 獲 甚 眾 所 得 粮 食 爲 持 久 計 . [17b*1*1]\ntuyệt yên hoả nhân tích, dạ tắc dĩ độc mộc thuyền xuất binh kích Bá Tiên doanh, sát hoạch thậm chúng, sở đắc lương thực vi trì cửu kế.\n覇 先 蹀 而 攻 之 竟 不 能 得 . [17b*2*11]\nBá Tiên điệp nhi công chi, cánh bất năng đắc.\n國 人 號 夜 澤 王 . [17b*3*2]\nQuốc nhân hiệu Dạ Trạch Vương.\n世 傳 雄 王 時 王 女 仙 容 媚 娘 出 遊 海 口 船 回 至 褚 家 鄕 洲 步 行 洲 上 遇 褚 童 子 裸 身 先 匿 葦 叢 中 自 以 爲 月 老 葦 緣 其 合 爲 夫 妻 畏 罪 避 居 岸 上 所 居 便 成 都 會 王 調 兵 討 之 童 子 仙 容 恐 惧 待 罪 忽 夜 半 風 雨 暴 至 舂 撞 所 居 棟 宇 自 拨 居 人 及 鷄 犬 一 時 同 升 于 天 留 其 空 址 在 澤 中 時 人 呼 其 洲 曰 自 然 洲 其 澤 曰 一 夜 澤 今 存 舊 號 云 . [17b*3*8]\n[Thế truyền Hùng Vương thời, vương nữ Tiên Dung Mị Nương xuất du hải khẩu, thuyền hồi chí Chử Gia hương châu, bộ hành châu thượng, ngộ Chử Đồng Tử loã thân tiên nặc vi tùng trung, tự dĩ vi nguyệt lão vi duyên, kì hợp vi phu thê, uý tội tị cư ngạn thượng, sở cư tiện thành đô hội. Vương điều binh thảo chi. Đồng Tử Tiên Dung khủng cụ đãi tội. Hốt dạ bán phong vũ bạo chí thung chàng sở cư, đống vũ tự bạt, cư nhân cập kê khuyển nhất thời đồng thăng vu thiên, lưu kì không chỉ tại trạch trung. Thời nhân hô kì châu viết Tự Nhiên châu, kì trạch viết Nhất Dạ trạch, kim tồn cựu hiệu vân].\n右 前 南 帝 起 辛 酉 終 丁 卯 凣 七 年 . [17b*7*1]\nHữu Tiền Nam Đế, khởi Tân Dậu, chung Đinh Mão, phàm thất niên.\n趙 越 王 紀 . [17b*8*1]\nTriệu Việt Vương KỶ.\n按 舊 史 不 載 趙 越 王 𣑯 郎 王 今 釆 野 史 及 他 書 始 載 越 王 位 號 附 𣑯 郎 王 以 補 之 . [17b*9*1]\n[Án cựu sử bất tải Triệu Việt Vương, Đào Lang Vương, kim thái dã sử cập tha thư, thuỷ tải Việt Vương vị hiệu phụ Đào Lang Vương dĩ bổ chi].\n",
    "url": "/data/image_dvsk/ngoai_ky/quyen4/DVSKTT_ngoai_IV_17b.jpg"
  },
  {
    "text": "趙 越 王 . [18a*1*1]\nTriệu Việt Vương.\n在 位 二 十 三 年 . [18a*1*4]\nTại vị nhị thập tam niên.\n附 𣑯 郎 王 王 㨿 險 設 奇 以 摧 大 敵 惜 夫 過 愛 其 女 𦤶 有 女 壻 之 衬 . [18a*1*10]\nPhụ: Đào Lang Vương [Vương cứ hiểm, thiết kì dĩ thôi đại địch, tích phu quá ái kì nữ trí hữu nữ tế chi sấn].\n王 姓 趙 諱 光 復 趙 肅 之 子 朱 鳶 縣 人 威 壮 勇 烈 從 南 帝 征 伐 有 功 拜 左 將 軍 . [18a*3*1]\nVương tính Triệu huý Quang Phục, Triệu Túc chi tử, Chu Diên huyện nhân, uy tráng dũng liệt, tòng Nam Đế chinh phạt hữu công, bái tả Tướng quân.\n南 帝 薨 乃 稱 王 都 龍 編 遷 武 寕 . [18a*4*14]\nNam Đế hoăng, nãi xưng vương, đô Long Biên, thiên Vũ Ninh.\n戊 辰 元 年 梁 太 清 二 年 . [18a*6*1]\nMậu Thìn, nguyên niên, [Lương Thái Thanh nhị niên].\n春 三 月 辛 亥 三 帝 在 屈 獠 洞 中 日 久 肙 瘴 病 薨 . [18a*6*10]\nXuân, tam nguyệt, Tân Hợi, Nam Đế tại Khuất Lạo động trung, nhật cửu quyên chướng bệnh hoăng.\n黎 文 休 曰 兵 法 云 三 萬 齊 力 天 下 莫 能 當 焉 . [18a*8*1]\nLê Văn Hưu viết: Binh pháp vân: \"Tam vạn tề lực, thiên hạ mạc năng đương yên\".\n今 李 賁 有 眾 五 萬 而 不 能 守 國 然 則 賁 短 於 爲 將 . [18a*8*18]\nKim Lí Bí hữu chúng ngũ vạn nhi bất năng thủ quốc, nhiên tắc Bí đoản ư vi tướng..\n",
    "url": "/data/image_dvsk/ngoai_ky/quyen4/DVSKTT_ngoai_IV_18a.jpg"
  },
  {
    "text": "耶 抑 新 集 之 兵 不 可 與 戰 耶 李 賁 亦 中 才 之 將 其 臨 敵 制 勝 不 爲 不 能 然 卒 以 两 敗 身 亡 者 盖 不 幸 而 遇 陳 覇 先 之 善 用 兵 也 . [18b*1*1]\nda? Ức tân tập chi binh bất khả dữ chiến da? Lí Bí diệc trung tài chi tướng, kì lâm địch chế thắng bất vi bất năng, nhiên tốt dĩ lưỡng bại thân vong giả, cái bất hạnh nhi ngộ Trần Bá Tiên chi thiện dụng binh dã.\n史 臣 鼯 士 連 曰 前 南 帝 之 𦥷 兵 除 暴 宜 若 順 乎 天 矣 然 而 卒 𦤶 敗 亡 者 盖 天 未 欲 我 國 平 治 耶 嗚 呼 非 特 遇 覇 先 之 善 用 兵 又 遭 江 水 之 暴 涨 以 助 其 勢 庸 非 天 乎 . [18b*4*1]\nSử thần Ngô Sĩ Liên viết: Tiền Nam Đế chi hưng binh trừ bạo, nghi nhược thuận hồ thiên hĩ, nhiên nhi tốt trí bại vong giả, cái thiên vị dục ngã quốc bình trị da? Ô hô! Phi đặc ngộ Bá Tiên chi thiện dụng binh, hựu tao giang thuỷ chi bạo trướng dĩ trợ kì thế, dung phi thiên hồ?.\n己 巳 二 年 梁 太 清 三 年 . [18b*8*1]\nKỉ Tị, nhị niên [Lương Thái Thanh tam niên].\n王 居 澤 中 以 梁 兵 不 退 之 故 焚 香 祈 禱 懇 吿 于 天 地 神 祇 於 是 得 龍 爪 兠 鍪 之 瑞 . [18b*8*10]\nVương cư trạch trung dĩ Lương binh bất thoái chi, cố phần hương kì đảo, khẩn cáo vu thiên địa thần kì, ư thị đắc long trảo đâu mâu chi thuỵ,..\n",
    "url": "/data/image_dvsk/ngoai_ky/quyen4/DVSKTT_ngoai_IV_18b.jpg"
  },
  {
    "text": "用 以 擊 賊 . [19a*1*1]\ndụng dĩ kích tặc.\n自 此 軍 聲 大 振 所 向 無 敵 . [19a*1*5]\nTự thử quân thanh đại chấn, sở hướng vô địch.\n俗 傳 澤 中 神 人 褚 童 子 時 乘 黃 龍 自 天 而 下 脱 龍 爪 付 王 俾 戴 兜 鍪 上 以 擊 賊 . [19a*1*15]\n[Tục truyền trạch trung thần nhân Chử Đồng Tử thời thừa hoàng long tự thiên nhi hạ, thoát long trảo phó vương, tỉ đái đâu mâu thượng dĩ kích tặc].\n庚 午 三 年 梁 簡 文 帝 綱 太 寳 元 年 . [19a*3*1]\nCanh Ngọ, tam niên, [Lương Giản Văn Đế Cương, Thái Bảo nguyên niên].\n春 正 月 梁 授 陳 覇 先 威 明 將 軍 交 州 刺 史 . [19a*3*14]\nXuân, chính nguyệt, Lương thụ Trần Bá Tiên Uy minh tướng quân Giao Châu thứ sử.\n覇 先 又 圖 欲 持 守 日 久 使 粮 絶 兵 疲 則 可 破 會 . [19a*4*7]\nBá Tiên hựu đồ dục trì thủ nhật cửu, sử lương tuyệt binh bì tắc khả phá hội.\n梁 有 侯 景 之 亂 召 還 委 裨 將 楊 孱 攻 王 . [19a*5*6]\nLương hữu Hầu Cảnh chi loạn, triệu hoàn, uỷ tì tướng Dương Sàn công vương.\n王 縱 兵 擊 之 . [19a*6*2]\nVương túng binh kích chi.\n孱 拒 戰 敗 死 . [19a*6*7]\nSàn cự chiến, bại tử.\n梁 軍 潰 北 歸 . [19a*6*12]\nLương quân hội Bắc quy.\n國 乃 平 . [19a*6*17]\nQuốc nãi bình.\n王 入 龍 編 城 居 之 . [19a*7*1]\nVương nhập Long Biên thành cư chi.\n南 帝 兄 天 寳 居 夷 獠 中 稱 桃 郎 王 立 國 曰 野 能 國 . [19a*7*8]\nNam Đế huynh Thiên Bảo cư Di Lạo trung, xưng Đào Lang Vương, lập quốc viết Dã Năng quốc.\n先 是 南 帝 避 居 屈 獠 之 時 天 寳 與 族 將 李 佛 子 率 三 萬 人 入 九 眞 . [19a*8*9]\nTiên thị Nam Đế tị cư Khuất Lạo chi thời, Thiên Bảo dữ tộc tướng Lí Phật Tử suất tam vạn nhân nhập Cửu Chân.\n陳 覇 先 追 擊 . [19a*9*15]\nTrần Bá Tiên truy kích..\n",
    "url": "/data/image_dvsk/ngoai_ky/quyen4/DVSKTT_ngoai_IV_19a.jpg"
  },
  {
    "text": "之 天 寳 兵 敗 乃 收 餘 眾 萬 人 奔 哀 牢 境 夷 獠 中 見 桃 江 原 頭 野 能 洞 地 廣 衍 沃 可 居 築 城 居 之 因 地 名 建 國 號 . [19b*1*1]\nchi, Thiên Bảo binh bại, nãi thu dư chúng vạn nhân bôn Ai Lao cảnh Di Lạo trung, kiến Đào Giang nguyên đầu Dã Năng động, địa quảng diễn ốc khả cư, trúc thành cư chi, nhân địa danh kiến quốc hiệu.\n至 是 眾 推 爲 主 稱 桃 郎 王 . [19b*3*5]\nChí thị chúng suy vi chủ, xưng Đào Lang Vương.\n乙 亥 八 年 梁 敬 帝 方 智 紹 泰 元 年 . [19b*4*1]\nẤt Hợi, bát niên, [Lương Kính Đế Phương Trí, Thiệu Thái nguyên niên].\n桃 郎 王 卒 于 野 能 國 無 嗣 眾 推 李 佛 子 爲 嗣 統 其 眾 . [19b*4*14]\n[Đào Lang Vương tốt vu Dã Năng quốc, vô tự, chúng suy Lí Phật Tử vi tự, thống kì chúng.\n丁 丑 十 年 梁 太 平 二 年 陳 武 帝 先 永 定 元 年 . [19b*6*1]\nĐinh Sửu thập niên, [Lương Thái Bình nhị niên, Trần Vũ Đế Tiên, Vĩnh Định nguyên niên].\n李 佛 子 率 眾 東 下 與 王 戰 于 太 平 縣 凣 五 接 陣 未 决 勝 負 而 佛 子 兵 少 却 意 王 有 異 術 乃 󰕖 和 請 盟 . [19b*6*18]\nLí Phật Tử suất chúng Đông hạ, dữ vương chiến vu Thái Bình huyện, phàm ngũ tiếp trận, vị quyết thắng phụ, nhi Phật Tử binh thiểu khước, ý Vương hữu dị thuật, nãi giảng hoà thỉnh minh.\n王 以 佛 子 前 南 帝 族 不 忍 絶 遂 割 界 于 君 臣 州 今 慈 廉 縣 上 下 葛 二 社 是 也 居 國 之 . [19b*8*12]\nVương dĩ Phật Tử tiền Nam Đế tộc, bất nhẫn tuyệt, toại cát giới vu Quân Thần châu [Kim Từ Liêm huyện Thượng Hạ Cát nhị xã thị dã] cư quốc chi..\n",
    "url": "/data/image_dvsk/ngoai_ky/quyen4/DVSKTT_ngoai_IV_19b.jpg"
  },
  {
    "text": "西 遷 嗚 鳶 城 今 慈 廉 縣 下 姥 社 是 也 其 社 今 有 八 郎 神 祠 盖 雅 郎 之 祠 也 . [20a*1*1]\nTây, thiên Ô Diên thành [Kim Từ Liêm huyện, Hạ Mỗ xã thị dã, kì xã kim hữu Bát Lang thần từ, cái Nhã Lang chi từ dã].\n後 佛 子 有 子 雅 郎 求 婚 王 女 杲 娘 . [20a*1*29]\nHậu Phật Tử hữu tử Nhã Lang cầu hôn Vương nữ Cảo Nương.\n許 之 遂 成 姻 好 . [20a*2*12]\nHứa chi, toại thành nhân hảo.\n王 鍾 愛 杲 娘 居 雅 郎 爲 贅 壻 焉 夫 居 妻 家 日 贅 壻 . [20a*2*18]\nVương chung ái Cảo Nương, cư Nhã Lang vi chuế tế yên phu cư thê gia. nhật chuế tế].\n庚 寅 二 十 三 年 陳 宣 帝 頊 大 建 二 年 . [20a*4*1]\nCanh Dần, nhị thập tam niên, [Trần Tuyên Đế Húc, Đại Kiến nhị niên].\n雅 郎 謂 其 妻 曰 昔 吾 两 父 王 爲 讐 今 爲 婚 姻 不 亦 善 乎 然 此 父 何 術 能 却 彼 父 兵 . [20a*4*15]\nNhã Lang vị kì thê viết: \"Tích Ngô lưỡng phụ vương vi thù, kim vi hôn nhân bất diệc thiện hồ? Nhiên thử phụ hà thuật năng khước bỉ phụ binh?\".\n杲 娘 不 覺 其 意 密 取 龍 爪 兜 鍪 示 之 . [20a*6*4]\nCảo Nương bất giác kì ý mật, thủ long trảo đâu mâu thị chi.\n雅 郎 潜 謀 易 其 爪 私 謂 杲 娘 曰 吾 聞 父 母 深 恩 重 如 天 地 吾 夫 婦 雅 相 愛 重 不 忍 契 闊 吾 且 割 愛 歸 家 . [20a*6*18]\nNhã Lang tiềm mưu dịch kì trảo, tư vị Cảo Nương viết: \"Ngô văn phụ mẫu thâm ân, trọng như thiên địa, ngô phu phụ nhã tương ái trọng, bất nhẫn khế khoát, ngô thả cát ái quy gia\".\n雅 郎 歸 與 其 父 謀 襲 王 取 其 國 . [20a*8*19]\nNhã Lang quy, dữ kì phụ mưu tập vương, thủ kì quốc.\n",
    "url": "/data/image_dvsk/ngoai_ky/quyen4/DVSKTT_ngoai_IV_20a.jpg"
  }
]