[
  {
    "text": "史 臣 吳 士 連 曰 婦 人 謂 嫁 曰 歸 則 夫 家 迺 其 家 也 . [20b*1*1]\nSử thần Ngô Sĩ Liên viết: Phụ nhân vị giá viết \"quy\" tắc phu gia nãi kì gia dã.\n王 女 既 嫁 雅 郎 盍 歸 諸 夫 家 乎 何 爲 循 嬴 秦 贅 壻 之 俗 以 𦤶 敗 亡 哉 右 趙 越 王 起 戊 辰 終 庚 寅 凣 二 十 三 年 . [20b*2*2]\nVương nữ ký giá Nhã Lang, hạp quy chư phu gia hồ? hà vi tuần Doanh Tần chuế tế chi tục, dĩ trí bại vong tai! Hữu Triệu Việt Vương, khởi Mậu Thìn, chung Canh Dần, phàm nhị thập tam niên.\n後 李 紀 . [20b*5*1]\nHậu Lí KỶ.\n後 李 南 帝 . [20b*6*1]\nHậu Lí Nam Đế.\n在 位 三 十 二 年 . [20b*6*5]\nTại vị tam thập nhị niên.\n帝 用 詐 術 以 併 國 望 賊 風 而 先 降 終 始 所 行 皆 非 義 也 . [20b*7*1]\nĐế dụng trá thuật dĩ tịnh quốc, vọng tặc phong nhi tiên hàng, chung thuỷ sở hành giai phi nghĩa dã].\n帝 姓 李 諱 佛 子 前 南 帝 族 將 也 逐 趙 越 王 襲 南 帝 位 號 都 嗚 鳶 遷 峯 州 . [20b*8*1]\nĐế tính Lí, huý Phật Tử, tiền Nam Đế tộc tướng dã, trục Triệu Việt Vương tập Nam Đế vị hiệu, đô Ô Diên, thiên Phong Châu.\n",
    "url": "/data/image_dvsk/ngoai_ky/quyen4/DVSKTT_ngoai_IV_20b.jpg"
  },
  {
    "text": "辛 卯 元 年 陳 大 建 三 年 . [21a*1*1]\nTân Mão, nguyên niên [Trần Đại Kiến tam niên].\n帝 渝 盟 舉 兵 攻 趙 越 王 . [21a*1*10]\nĐế du minh, cử binh công Triệu Việt Vương.\n越 王 初 不 覺 其 意 倉 卒 督 兵 披 兜 鍪 立 以 待 . [21a*1*20]\nViệt Vương sơ bất giác kì ý, thương tốt đốc binh, phi đâu mâu lập dĩ đãi.\n帝 兵 益 進 趙 越 王 自 知 勢 屈 不 能 禦 乃 携 其 女 子 南 奔 欲 擇 險 地 匿 跡 所 至 帝 兵 皆 踵 後 . [21a*2*15]\nĐế binh ích tiến, Triệu Việt Vương tự tri thế khuất bất năng ngự, nãi huề kì nữ tử Nam bôn, dục trạch hiểm địa nặc tích, sở chí Đế binh giai chủng hậu.\n越 王 引 馬 奔 至 大 鴉 海 口 阻 水 歎 曰 吾 窮 矣 遂 投 于 海 . [21a*4*11]\nViệt Vương dẫn mã bôn chí Đại Nha hải khẩu, trở thuỷ thán viết: \"Ngô cùng hĩ!\", toại đầu vu hải.\n帝 躡 至 沙 然 不 知 所 之 乃 還 . [21a*5*13]\nĐế niếp chí sa nhiên, bất tri sở chi, nãi hoàn.\n趙 氏 亡 . [21a*6*5]\nTriệu thị vong.\n後 人 以 其 靈 異 立 祠 于 大 鴉 海 口 奉 事 之 . [21a*6*8]\nHậu nhân dĩ kì linh dị, lập từ vu Đại Nha hải khẩu phụng sự chi.\n大 鴉 今 大 安 縣 是 也 . [21a*7*5]\n[Đại Nha kim Đại An huyện thị dã].\n史 臣 吳 士 連 曰 以 覇 術 觀 之 . [21a*8*1]\nSử thần Ngô Sĩ Liên viết: Dĩ bá thuật quan chi.\n後 南 帝 之 攻 趙 越 王 爲 計 得 矣 以 王 道 覌 之 曾 犬 彘 之 不 若 也 . [21a*8*12]\nHậu Nam Đế chi công Triệu Việt Vương vi kế đắc hĩ; dĩ vương đạo quan chi, tằng khuyển trệ chi bất nhược dã.\n何 . [21a*9*18]\nHà..\n",
    "url": "/data/image_dvsk/ngoai_ky/quyen4/DVSKTT_ngoai_IV_21a.jpg"
  },
  {
    "text": "則 前 南 帝 在 屈 獠 時 以 軍 事 委 越 王 . [21b*1*1]\ntắc? Tiền Nam Đế tại Khuất Lạo thời, dĩ quân sự uỷ Việt Vương.\n王 收 殘 卒 㨿 夜 澤 沮 洳 之 險 當 覇 先 一 世 之 䧺 竟 獲 其 將 楊 孱 北 人 爲 之 退 師 . [21b*1*15]\nVương thu tàn tốt cứ Dạ Trạch tự như chi hiểm, đương Bá Tiên nhất thế chi hùng, cánh hoạch kì tướng Dương Sàn, Bắc nhân vi chi thoái sư.\n時 帝 竄 居 夷 中 圖 脱 虎 口 而 已 . [21b*3*9]\nThời đế thoán cư Di trung, đồ thoát hổ khẩu nhi dĩ.\n幸 而 覇 先 北 歸 天 寳 繼 沒 乃 舉 兵 攻 越 王 譎 計 請 和 約 爲 婚 姻 . [21b*4*3]\nHạnh nhi Bá Tiên Bắc quy, Thiên Bảo kế một, nãi cử binh công Việt Vương, quyệt kế thỉnh hoà ước vi hôn nhân.\n王 以 誠 待 之 割 地 居 之 所 行 皆 出 於 正 交 好 有 道 朝 聘 以 時 𡸈 非 久 安 長 治 之 道 邪 顧 乃 用 雅 郎 之 邪 謀 拂 人 倫 之 正 道 㥯 功 利 滅 仁 義 攻 取 其 國 雖 曰 得 之 而 雅 郎 先 子 身 不 免 爲 侼 虜 𡸈 爲 利 乎 . [21b*5*9]\nVương dĩ thành đãi chi, cát địa cư chi, sở hành giai xuất ư chính, giao hảo hữu đạo, triều sính dĩ thời, khởi phi cửu an trường trị chi đạo? Tà cố nãi dụng Nhã Lang chi tà, mưu phất nhân luân chi chính đạo, cấp công lợi diệt nhân nghĩa, công thủ kì quốc, tuy viết đắc chi nhi Nhã Lang tiên tử, thân bất miễn vi bột lỗ, khởi vi lợi hồ?..\n",
    "url": "/data/image_dvsk/ngoai_ky/quyen4/DVSKTT_ngoai_IV_21b.jpg"
  },
  {
    "text": "壬 戌 三 十 二 年 隋 文 帝 楊 堅 仁 壽 元 年 . [22a*1*1]\nNhâm Tuất, tam thập nhị niên, [Tuỳ Văn Đế Dương Kiên, Nhân Thọ nguyên niên].\n帝 遣 其 兄 子 代 權 㨿 龍 編 城 別 帥 李 普 鼎 㨿 嗚 鳶 城 時 帝 都 峯 州 . [22a*1*16]\nĐế khiển kì huynh tử Đại Quyền cứ Long Biên thành, Biệt soái Lí Phổ Đỉnh cứ Ô Diên thành [Thời đế đô Phong Châu].\n隋 楊 素 薦 瓜 州 刺 史 長 安 劉 方 有 將 帥 之 畧 . [22a*2*18]\nTuỳ Dương Tố tiến Qua Châu Thứ sử Trường An Lưu Phương, hữu tướng soái chi lược.\n隋 帝 詔 以 爲 交 州 道 行 軍 縂 管 統 二 十 七 營 來 侵 . [22a*3*15]\nTuỳ Đế chiếu dĩ vi Giao Châu Đạo hành quân tổng quản, thống nhị thập thất doanh lai xâm.\n方 軍 令 嚴 肅 有 犯 必 斬 . [22a*4*15]\nPhương quân lệnh nghiêm túc, hữu phạm tất trảm.\n然 性 仁 愛 士 卒 有 疾 病 者 親 臨 撫 養 士 卒 亦 以 此 懷 其 德 而 畏 其 威 . [22a*5*5]\nNhiên tính nhân ái, sĩ tốt hữu tật bệnh giả, thân lâm phủ dưỡng sĩ tốt, diệc dĩ thử hoài kì đức nhi uý kì uy.\n至 都 隆 嶺 遇 草 賊 擊 破 之 進 軍 臨 帝 營 先 諭 以 禍 福 . [22a*6*12]\nChí Đô Long lĩnh ngộ thảo tặc, kích phá chi, tiến quân lâm đế doanh, tiên dụ dĩ hoạ phúc.\n帝 惧 請 降 北 歸 薨 . [22a*7*13]\nĐế cụ thỉnh hàng, Bắc quy hoăng.\n民 爲 立 祠 于 小 鴉 海 口 以 對 趙 越 王 祠 . [22a*8*1]\nDân vi lập từ vu Tiểu Nha hải khẩu dĩ đối Triệu Việt Vương từ.\n史 臣 吳 士 連 曰 南 北 強 弱 各 以 其 時 . [22a*9*1]\nSử thần Ngô Sĩ Liên viết: Nam - Bắc Cường nhược các dĩ kì thời.\n當 北 方 之 . [22a*9*15]\nĐương Bắc phương chi..\n",
    "url": "/data/image_dvsk/ngoai_ky/quyen4/DVSKTT_ngoai_IV_22a.jpg"
  },
  {
    "text": "弱 則 我 強 北 方 強 則 我 亦 爲 之 渃 . [22b*1*1]\nnhược tắc ngã cường, Bắc phương cường tắc ngã diệc vi chi nhược.\n天 下 大 勢 然 也 . [22b*1*14]\nThiên hạ đại thế nhiên dã.\n若 夫 有 國 家 者 脩 爾 甲 兵 整 爾 車 徒 預 備 無 󰔄 設 險 守 國 事 大 以 禮 字 小 以 人 . [22b*2*2]\nNhược phù hữu quốc gia giả, tu nhĩ giáp binh, chỉnh nhĩ xa đồ, dự bị vô ngu, thiết hiểm thủ quốc, sự đại dĩ lễ, tự tiểu dĩ nhân.\n及 其 暇 日 申 之 以 孝 悌 忠 信 使 國 人 知 親 上 死 長 之 義 . [22b*3*14]\nCập kì hạ nhật, thân chi dĩ hiếu, đễ, trung, tín sử quốc nhân tri thân thượng tử trượng chi nghĩa.\n或 見 侵 陵 修 之 以 文 吿 之 以 辭 將 之 以 玉 帛 之 禮 . [22b*4*17]\nHoặc kiến xâm lăng, tu chi dĩ văn cáo chi, dĩ từ tương chi, dĩ ngọc bạch chi lễ.\n猶 不 免 焉 雖 至 於 困 背 城 一 戰 誓 以 死 守 與 社 稷 俱 存 亡 然 後 爲 無 愧 . [22b*5*18]\nDo bất miễn yên, tuy chí ư khốn, bối thành nhất chiến, thệ dĩ tử thủ dữ xã tắc cụ tồn vong, nhiên hậu vi vô quý.\n安 有 賊 人 臨 境 兵 内 未 接 乃 惧 而 請 降 之 理 哉 帝 既 柔 懦 而 當 時 將 相 曾 無 一 言 及 之 可 謂 國 無 人 矣 . [22b*7*9]\nAn hữu tặc nhân lâm cảnh, binh nội vị tiếp, nãi cụ nhi thỉnh hàng chi lí tai! Đế ký nhu noạ nhi đương thời tướng tướng tăng vô nhất ngôn cập chi, khả vị quốc vô nhân hĩ!..\n",
    "url": "/data/image_dvsk/ngoai_ky/quyen4/DVSKTT_ngoai_IV_22b.jpg"
  },
  {
    "text": "右 後 南 帝 起 辛 卯 終 壬 戌 凣 三 十 二 年 通 計 前 南 帝 趙 越 王 合 六 十 二 年 . [23a*1*1]\nHữu Hậu Nam Đế, khởi Tân mão, chung Nhâm Tuất, phàm tam thập nhị niên, thông kế Tiền Nam Đế, Triệu Việt Vương hợp lục thập nhị niên.\n大 越 史 記 外 紀 全 書 卷 之 四 終 . [23a*9*1]\nĐại Việt Sử Ký Ngoại Kỷ Toàn Thư quyển chi tứ chung.\n",
    "url": "/data/image_dvsk/ngoai_ky/quyen4/DVSKTT_ngoai_IV_23a.jpg"
  }
]