[
  {
    "text": "大 越 史 記 外 紀 全 書 卷 之 五 . [1a*1*1]\nĐại Việt Sử Ký Ngoại Kỷ Toàn Thư quyển chi ngũ.\n属 隋 唐 紀 . [1a*2*1]\nThuộc Tuỳ Đường KỶ.\n癸 亥 隋 仁 壽 二 年 . [1a*3*1]\nQuý Hợi, [Tuỳ Nhân Thọ nhị niên].\n劉 方 妆 獲 後 南 帝 舊 將 目 為 桀 點 皆 斬 之 . [1a*3*8]\nLưu Phương trang hoạch Hậu Nam Đế cựu tướng, mục vi kiệt điểm, giai trảm chi.\n乙 丑 隋 煬 帝 廣 大 業 元 年 . [1a*5*1]\nẤt Sửu, [Tuỳ Dạng Đế Quảng, Đại Nghiệp nguyên niên].\n春 正 月 劉 方 新 平 我 土 隋 群 臣 有 言 林 邑 多 奇 寶 者 . [1a*5*11]\nXuân, chính nguyệt, Lưu Phương tân bình ngã thổ, Tuỳ quần thần hữu ngôn Lâm Ấp đa kì bảo giả.\n隋 帝 乃 授 方 驩 州 道 行 軍 總 𬋩 經 畧 林 邑 . [1a*6*8]\nTuỳ đế nãi thụ Phương Hoan Châu đạo hành quân tổng quản, kinh lược Lâm Ấp.\n方 遣 欽 州 刺 史 寗 長 真 等 以 步 騎 萬 餘 出 越 裳 . [1a*7*5]\nPhương khiển Khâm Châu Thứ sử Nịnh Trường Chân đẳng, dĩ bộ kị vạn dư xuất Việt Thường.\n方 親 率 大 將 軍 張 愻 蘇 困 切 等 以 舟 師 出 比 境 漢 縣 属 日 南 郡 隋 置 比 境 郡 . [1a*8*4]\nPhương thân suất đại tướng quân Trương Tốn [Tô Khốn Thiết] đẳng dĩ chu sư xuất Tỉ Cảnh [Hán huyện thuộc Nhật Nam quận, Tuỳ trí Tỉ Cảnh quận].\n是 月 軍 至 海 口 . [1a*9*13]\nThị nguyệt, quân chí hải khẩu.\n三 月 林 邑 王 梵 . [1a*9*20]\nTam nguyệt, Lâm Ấp Vương Phạn..\n",
    "url": "/data/image_dvsk/ngoai_ky/quyen5/DVSKTT_ngoai_V_1a.jpg"
  },
  {
    "text": "志 遣 兵 守 險 劉 方 擊 走 之 . [1b*1*1]\nChí khiển binh thủ hiểm, Lưu Phương kích tẩu chi.\n師 度 闍 黎 江 . [1b*1*11]\nSư độ Chà Lê giang.\n林 唈 兵 乘 巨 象 四 靣 而 至 方 戰 不 利 乃 多 掘 小 坑 草 襨 其 上 以 兵 挑 之 既 戰 佯 比 . [1b*1*16]\nLâm Ấp binh thừa cự tượng tứ diện nhi chí, Phương chiến bất lợi nãi đa quật tiểu khanh, thảo phức kì thượng, dĩ binh khiêu chi, ký chiến dương tỉ.\n林 邑 人 逐 之 象 多 陷 坑 顛 躓 轉 將 驚 駭 軍 遂 乱 . [1b*3*9]\nLâm Ấp nhân trục chi, tượng đa hãm khanh điên chí chuyển tướng kinh hãi, quân toại loạn.\n方 以 弩 射 象 却 走 躁 其 陣 . [1b*4*8]\nPhương dĩ nỗ xạ tượng, khước tẩu tháo kì trận.\n因 以 銳 師 繼 之 . [1b*4*18]\nNhân dĩ nhuệ sư kế chi.\n林 邑 大 敗 俘 馘 萬 計 . [1b*5*5]\nLâm Ấp đại bại, phu quắc vạn kế.\n方 進 追 之 屢 戰 皆 捷 過 馬 援 銅 柱 南 八 日 至 其 國 都 . [1b*5*13]\nPhương tiến truy chi, lũ chiến giai tiệp, quá Mã Viện đồng trụ Nam, bát nhật chí kì quốc đô.\n夏 四 月 梵 志 棄 城 走 入 海 . [1b*6*14]\nHạ, tứ nguyệt, Phạn Chí khí thành tẩu nhập hải.\n方 入 城 獲 廟 主 十 八 皆 鑄 金 為 之 有 國 十 八 葉 也 . [1b*7*5]\nPhương nhập thành hoạch miếu chủ thập bát giai chú kim vi chi [hữu quốc thập bát diệp. dã].\n刻 石 紀 功 而 還 . [1b*8*3]\nkhắc thạch kỷ công nhi hoàn.\n士 卒 腫 足 死 者 十 四 五 . [1b*8*9]\nSĩ tốt thũng túc, tử giả thập tứ ngũ.\n方 亦 得 疾 死 于 道 . [1b*8*18]\nPhương diệc đắc tật tử vu đạo.\n",
    "url": "/data/image_dvsk/ngoai_ky/quyen5/DVSKTT_ngoai_V_1b.jpg"
  },
  {
    "text": "史 臣 吳 士 連 曰 林 邑 自 取 敗 亡 有 由 來 矣 . [2a*1*1]\nSử thần Ngô Sĩ Liên viết: Lâm Ấp tự thủ bại vong, hữu do lai hĩ.\n自 范 胡 達 之 𨺻 日 南 九 真 寇 交 州 為 晋 杜 瑗 擊 破 曾 不 是 懲 . [2a*1*17]\nTự Phạm Hồ Đạt chi thao Nhật Nam, Cửu Chân, khấu Giao Châu vi Tấn Đỗ Viện kích phá, tằng bất thị trừng.\n今 年 寇 九 真 明 年 寇 交 州 . [2a*3*4]\nKim niên khấu Cửu Chân, minh niên khấu Giao Châu.\n杜 慧 度 又 破 之 所 殺 過 半 矣 . [2a*3*14]\nĐỗ Tuệ Độ hựu phá chi, sở sát quá bán hĩ.\n陽 邁 又 寇 九 德 宋 檀 和 之 討 服 其 罪 . [2a*4*7]\nDương Mại hựu khấu Cửu Đức, Tống Đàn Hoà Chi thảo phục kì tội.\n雖 遣 使 入 貢 而 盜 寇 如 初 . [2a*5*3]\nTuy khiển sứ nhập cống, nhi đạo khấu như sơ.\n宗 慤 和 之 長 驅 克 林 邑 . [2a*5*13]\nTông Xác, Hoà Chi trường khu, khắc Lâm Ấp.\n陽 邁 幸 脱 虎 口 挺 身 而 走 . [2a*6*4]\nDương Mại hạnh thoát hổ khẩu, đĩnh thân nhi tẩu.\n自 是 南 海 澄 波 󰱃 幾 求 戒 矣 . [2a*6*14]\nTự thị Nam Hải đăng ba, thứ cơ cầu giới hĩ.\n范 志 繼 立 又 寇 日 南 范 脩 破 于 九 德 終 後 南 帝 之 世 不 敢 北 窺 中 州 而 其 國 亦 段 富 矣 . [2a*7*7]\nPhạm Chí kế lập hựu khấu Nhật Nam, Phạm Tu phá vu Cửu Đức, chung Hậu Nam Đế chi thế bất cảm Bắc khuy trung châu, nhi kì quốc diệc đoàn phú hĩ.\n至 是 隋 人 貪 其 寶 貨 興 師 伐 之 踣 其 國 . [2a*9*4]\nChí thị, Tuỳ nhân tham kì bảo hoá, hưng sư phạt chi, bặc kì quốc..\n",
    "url": "/data/image_dvsk/ngoai_ky/quyen5/DVSKTT_ngoai_V_2a.jpg"
  },
  {
    "text": "都 汙 其 室 宫 雖 曰 貪 暴 之 師 而 蠻 夷 猾 夏 者 亦 可 以 懲 矣 . [2b*1*1]\nđô, ô kì thất cung, tuy viết tham bạo chi sư, nhi man di hoạt Hạ giả diệc khả dĩ trừng hĩ.\n戊 寅 唐 髙 祖 李 渊 武 德 元 囝 . [2b*3*1]\nMậu Dần, [Đường Cao Tổ Lí Uyên, Vũ Đức nguyên niên].\n夏 四 月 欽 州 刺 史 寗 長 真 以 鬱 林 始 安 之 地 附 於 蕭 銑 . [2b*3*12]\nHạ, tứ nguyệt, Khâm Châu Thứ sử Nịnh Trường Chân dĩ Uất Lâm, Thuỷ An chi địa phụ ư Tiêu Tiển.\n漢 陽 太 守 馮 盎 以 蒼 梧 髙 要 珠 崖 番 禺 之 地 附 於 林 士 弘 . [2b*4*10]\nHán Dương Thái thú Phùng Áng dĩ Thương Ngô, Cao Yếu, Châu Nhai, Phiên Ngung chi địa phụ ư Lâm Sĩ Hoằng.\n銑 士 弘 各 遣 人 招 交 州 太 守 丘 和 和 不 從 . [2b*5*13]\nTiển Sĩ Hoằng các khiến nhân chiêu Giao Châu Thái thú Khâu Hoà, Hoà bất tòng.\n銑 遣 長 真 帥 領 南 兵 自 海 道 攻 和 . [2b*6*10]\nTiển khiển Trường Chân soái Lĩnh Nam binh tự hải đạo công Hoà.\n和 欲 出 迎 之 . [2b*7*4]\nHoà dục xuất nghênh chi.\n司 法 書 佐 髙 士 廉 説 和 曰 長 真 兵 數 雖 多 懸 軍 遠 來 粮 少 不 䏻 持 久 . [2b*7*9]\nTư Pháp thư tá Cao Sĩ Liêm thuyết Hoà viết: \"Trường Chân binh số tuy đa, huyền quân viễn lai, lương thiểu, bất năng trì cửu.\n城 中 勝 兵 足 以 當 之 柰 何 望 風 受 制 於 人 . [2b*8*16]\nThành trung thắng binh túc dĩ đương chi, nại hà vọng phong thụ chế ư nhân\".\n和 從 之 以 士 廉 為 . [2b*9*13]\nHoà tòng chi, dĩ Sĩ Liêm vi..\n",
    "url": "/data/image_dvsk/ngoai_ky/quyen5/DVSKTT_ngoai_V_2b.jpg"
  },
  {
    "text": "行 軍 司 馬 將 水 陸 諸 營 逆 擊 破 之 . [3a*1*1]\nHành quân tư mã, tương thuỷ lục chư doanh nghịch kích, phá chi.\n長 真 僅 以 身 免 盡 俘 其 眾 . [3a*1*14]\nTrường Chân cẩn dĩ thân miễn, tận phù kì chúng.\n和 乃 築 子 城 城 内 小 城 也 周 回 九 百 步 以 禦 之 . [3a*2*5]\nHoà nãi trúc tử thành [thành nội tiểu thành dã], chu hồi cửu bách bộ dĩ ngự chi.\n及 隋 亡 納 欵 於 唐 . [3a*3*2]\nCập Tuỳ vong, nạp khoản ư Đường.\n唐 詔 李 道 祐 持 節 授 和 交 州 太 總 管 爵 譚 國 公 . [3a*3*9]\nĐường chiếu Lí Đạo Hựu trì tiết thụ Hoà Giao Châu Đại tổng quản, tước Đàm quốc công.\n和 遣 士 廉 奉 表 請 入 朝 . [3a*4*8]\nHoà khiển Sĩ Liêm phụng biểu thỉnh nhập triều.\n詔 𭛁 師 迎 之 . [3a*4*17]\nChiếu phát sư nghênh chi.\n是 歲 隋 亡 . [3a*5*3]\nThị tuế Tuỳ vong.\n壬 午 唐 武 德 五 年 . [3a*6*1]\nNhâm Ngọ, [Đường Vũ Đức ngũ niên].\n初 隋 末 丘 和 為 交 趾 太 守 恃 隋 威 勢 廵 邊 徼 諸 溪 洞 居 州 凡 六 十 年 餘 林 邑 諸 國 遣 和 明 珠 文 犀 今 寶 故 和 富 埒 王 者 . [3a*6*8]\nSơ, Tuỳ mạt, Khâu Hoà vi Giao Chỉ Thái thú, thị Tuỳ uy thế, tuần biên khiếu chư khê động, cư châu phàm lục thập niên dư, Lâm Ấp chư quốc khiển Hoà minh châu, văn tê, kim bảo, cố Hoà phú liệt Vương giả.\n是 歳 唐 改 交 趾 曰 安 南 都 護 府 . [3a*8*13]\nThị tuế, Đường cải Giao Chỉ viết An Nam Đô hộ phủ.\n",
    "url": "/data/image_dvsk/ngoai_ky/quyen5/DVSKTT_ngoai_V_3a.jpg"
  },
  {
    "text": "戊 子 唐 太 宗 世 民 貞 觀 二 年 . [3b*1*1]\nMậu Tí, [Đường Thái Tông Thế Dân, Trinh quan nhị niên].\n唐 宗 室 李 壽 為 交 趾 都 督 貪 墨 得 罪 . [3b*1*12]\nĐường tông thất Lí Thọ vi Giao Chỉ đô đốc, tham mặc đắc tội.\n唐 帝 以 嬴 州 刺 使 盧 祖 尚 才 兼 文 武 徵 入 朝 諭 曰 交 趾 久 不 得 人 前 後 都 督 皆 不 稱 職 . [3b*2*3]\nĐường đế dĩ Doanh Châu Thứ sử Lư Tổ Thượng, tài kiêm văn võ, trưng nhập triều dụ viết: \"Giao Chỉ cửu bất đắc nhân, tiền hậu đô đốc giai bất xứng chức.\n卿 有 安 邊 之 畧 . [3b*3*17]\nKhanh hữu an biên chi lược.\n為 我 鎮 之 勿 以 道 遠 為 辭 . [3b*4*4]\nvị ngã trấn chi, vật dĩ đạo viễn vi từ\".\n祖 尚 拜 謝 既 而 復 悔 以 疾 辭 . [3b*4*14]\nTổ Thượng bái tạ, ký nhi phục hối, dĩ tật từ.\n唐 帝 遣 杜 如 晦 諭 㫖 . [3b*5*6]\nĐường đế khiển Đỗ Như Hối dụ chỉ.\n固 辭 . [3b*5*14]\nCố từ.\n又 遣 其 妻 兄 周 範 往 諭 之 曰 匹 夫 相 許 猶 䏻 存 信 卿 靣 許 朕 𡸈 得 皆 之 宜 可 早 行 三 年 必 召 朕 不 食 言 . [3b*5*16]\nHựu khiển kì thê huynh Chu Phạm vãng dụ chi viết: \"Thất phu tương hứa do năng tồn tín, khanh diện hứa trẫm khởi đắc giai chi? Nghi khả tảo hành, tam niên tất triệu, trẫm bất thực ngôn\".\n對 曰 嶺 南 瘴 癘 去 無 還 理 . [3b*7*17]\nĐối viết: \"Lĩnh Nam chướng lệ, khứ vô hoàn lí\".\n唐 帝 怒 曰 我 使 人 不 行 何 以 為 政 命 . [3b*8*8]\nĐường đế nộ viết: \"Ngã sử nhân bất hành, hà dĩ vi chính mệnh?\".\n斬 於 朝 堂 . [3b*9*3]\nTrảm ư triều đường.\n尋 悔 復 其 官 蔭 . [3b*9*7]\nTầm hối, phục kì quan ấm.\n",
    "url": "/data/image_dvsk/ngoai_ky/quyen5/DVSKTT_ngoai_V_3b.jpg"
  },
  {
    "text": "史 臣 吳 士 連 曰 君 使 臣 以 禮 臣 事 君 以 中 . [4a*1*1]\nSử thần Ngô Sĩ Liên viết: Quân sử thần dĩ lễ, thần sự quân dĩ trung.\n唐 太 宗 使 臣 不 行 諭 之 至 再 可 謂 有 禮 也 . [4a*1*17]\nĐường Thái Tông sử thần bất hành, dụ chi chí tái, khả vị hữu lễ dã.\n祖 尚 於 王 事 辭 難 失 節 矣 既 許 復 悔 失 信 矣 言 辭 憤 激 失 禮 矣 . [4a*2*15]\nTổ Thượng ư vương sự từ nan, thất tiết hĩ; ký hứa phục hối, thất tín hĩ; ngôn từ phẫn khích, thất lễ hĩ.\n太 宗 殺 之 雖 過 而 祖 尚 具 此 三 失 罪 何 如 哉 乙 未 唐 貞 觀 九 年 . [4a*4*3]\nThái Tông sát chi tuy quá, nhi Tổ Thượng cụ thử tam thất, tội hà như tai? Ất Mùi, [Đường Trinh Quán cửu niên].\n唐 宗 室 李 道 興 為 交 州 都 督 以 瘴 癘 卒 于 官 . [4a*6*8]\nĐường Tông thất Lí Đạo Hưng vi Giao Châu Đô đốc, dĩ chướng lệ tốt vu quan.\n丁 亥 唐 中 宗 哲 嗣 聖 四 年 . [4a*8*1]\nĐinh Hợi, [Đường Trung Tông Triết, Tự Thánh tứ niên].\n秋 七 月 嶺 南 俚 戶 舊 輸 半 課 都 護 劉 延 祐 使 之 全 輸 . [4a*8*11]\nThu, thất nguyệt, Lĩnh Nam Lí hộ cựu thâu bán khoá, Đô hộ Lưu Diên Hựu sử chi toàn thâu.\n俚 戶 始 怒 謀 作 亂 . [4a*9*8]\nLí hộ thuỷ nộ, mưu tác loạn.\n李 嗣 先 為 謀 . [4a*9*15]\nLí Tự Tiên vi mưu..\n",
    "url": "/data/image_dvsk/ngoai_ky/quyen5/DVSKTT_ngoai_V_4a.jpg"
  },
  {
    "text": "主 延 祐 殺 之 . [4b*1*1]\nchủ, Diên Hựu sát chi.\n其 餘 黨 丁 建 等 合 眾 園 府 城 . [4b*1*6]\nKì dư đảng Đinh Kiến đẳng hợp chúng viên phủ thành.\n城 中 兵 少 不 支 󰞿 壘 待 援 . [4b*1*17]\nThành trung binh thiểu bất chi, anh luỹ đãi viện.\n廣 州 大 族 馮 子 由 幸 立 功 按 兵 不 出 . [4b*2*8]\nQuảng Châu Đại tộc Phùng Tử Do hạnh lập công, án binh bất xuất.\n建 殺 延 祐 . [4b*3*3]\nKiến sát Diên Hựu.\n後 桂 州 司 馬 曹 直 静 攻 建 殺 之 . [4b*3*7]\nHậu Quế Châu Tư mã Tào Trực Tĩnh công Kiến sát chi.\n壬 戌 唐 玄 宗 隆 基 開 元 十 年 . [4b*4*1]\nNhâm Tuất, [Đường Huyền Tông, Long Cơ, Khai Nguyên thập niên].\n賊 帥 梅 叔 鸞 㨿 州 稱 黑 帝 外 結 林 邑 真 臘 人 等 眾 號 三 十 萬 . [4b*4*12]\nTặc soái Mai Thúc Loan cứ châu, xưng Hắc Đế, ngoại kết Lâm Ấp, Chân Lạp nhân đẳng, chúng hiệu tam thập vạn.\n唐 帝 遣 内 侍 左 監 門 衛 將 軍 楊 思 朂 都 護 元 楚 客 討 平 之 . [4b*5*12]\nĐường Đế khiển Nội thị tả giám môn vệ tướng quân Dương Tư Húc, Đô hộ Nguyên Sở Khách thảo bình chi.\n戊 戌 唐 肅 宗 亨 至 德 三 年 . [4b*7*1]\nMậu Tuất, [Đường Túc Tông Hanh, Chí Đức tam niên].\n唐 改 安 南 都 護 府 曰 鎮 南 都 護 府 . [4b*7*11]\nĐường cải An Nam Đô hộ phủ viết Trấn Nam đô hộ phủ.\n丁 未 唐 代 宗 豫 大 曆 二 年 . [4b*8*1]\nĐinh Mùi, [Đường Đại Tông Dự, Đại Lịch nhị niên].\n崑 崙 闍 婆 來 寇 攻 𨺻 州 城 . [4b*8*11]\nCôn Lôn, Chà Bà lai khấu, công thao châu thành.\n經 畧 使 張 伯 儀 求 援 於 武 定 都 尉 髙 正 平 . [4b*8*21]\nKinh lược sứ Trương Bá Nghi cầu viện ư Vũ Định đô uý Cao Chính Bình.\n援 兵 至 破 崑 崙 . [4b*9*14]\nViện binh chí, phá Côn Lôn..\n",
    "url": "/data/image_dvsk/ngoai_ky/quyen5/DVSKTT_ngoai_V_4b.jpg"
  },
  {
    "text": "闍 婆 軍 於 朱 鳶 . [5a*1*1]\nChà Bà quân ư Chu Diên.\n伯 儀 更 築 羅 城 . [5a*1*7]\nBá Nghi cánh trúc La Thành.\n時 有 全 節 婦 者 交 州 󰘍 齊 亮 母 也 常 以 忠 義 誨 亮 亮 頑 狠 不 聽 遂 絶 之 自 田 而 食 自 織 而 衣 州 里 法 焉 . [5a*1*13]\nThời hữu Toàn tiết phụ giả Giao Châu, Đào Tề Lượng mẫu dã, thường dĩ trung nghĩa húc Lượng, Lượng ngoan ngận bất thính, toại tuyệt chi, tự điền nhi thực, tự chức nhi y, châu lí pháp yên.\n唐 帝 詔 賜 两 丁 侍 養 令 本 道 四 時 撫 問 . [5a*3*14]\nĐường đế chiếu tứ lưỡng đinh thị dưỡng, lệnh bản đạo tứ thời vỗ vấn.\n戊 申 唐 大 曆 三 年 . [5a*5*1]\nMậu Thân, [Đường Đại Lịch tam niên].\n唐 復 交 州 為 安 南 都 護 府 . [5a*5*8]\nĐường phục Giao Châu vi An Nam Đô hộ phủ.\n甲 子 唐 德 宗 适 興 元 元 年 . [5a*6*1]\nGiáp Tí, [Đường Đức Tông Quát, Hưng Nguyên nguyên niên].\n九 真 姜 公 輔 仕 于 唐 第 進 士 補 校 書 郎 . [5a*6*11]\nCửu Chân Khương Công Phụ sĩ vu Đường, đệ tiến sĩ, bổ Hiệu Thư Lang.\n以 制 策 異 等 授 右 拾 遺 翰 林 學 士 兼 京 兆 戶 曹 參 軍 嘗 請 誅 朱 泚 唐 帝 不 從 . [5a*7*3]\nDĩ chế sách dị đẳng, thụ Hữu thập di Hàn Lâm học sĩ, kiêm Kinh triệu hộ tào tham quân, thường thỉnh tru Chu Thử, Đường đế bất tòng.\n俄 而 京 師 亂 唐 帝 自 苑 門 出 公 輔 又 叩 馬 諫 曰 泚 嘗 帥 涇 原 得 士 心 . [5a*8*13]\nNga nhi kinh sư loạn, Đường đế tự Uyển môn xuất, Công Phụ hựu khấu mã gián viết: \"Thử thường soái Kinh Nguyên, đắc sĩ tâm,..\n",
    "url": "/data/image_dvsk/ngoai_ky/quyen5/DVSKTT_ngoai_V_5a.jpg"
  },
  {
    "text": "以 朱 滔 叛 奪 其 兵 權 居 常 怫 鬱 請 馳 捕 以 從 無 為 群 兇 兒 得 之 . [5b*1*1]\ndĩ Chu Thao phản sáo kì binh quyền, cư thường phật uất, thỉnh trì bổ dĩ tòng, vô vi quần hung nhi đắc chi\".\n唐 帝 倉 卒 不 及 聽 既 行 欲 駐 鳳 翔 倚 張 鎰 . [5b*2*6]\nĐường đế thương tốt bất cập thính, ký hành dục trú Phượng Tường ỷ Trương Dật.\n公 輔 曰 鎰 雖 信 臣 然 文 吏 也 所 領 皆 朱 泚 部 曲 漁 陽 突 騎 . [5b*3*3]\nCông Phụ viết: \"Dật tuy tín thần, nhiên văn lại dã, sở lĩnh giai Chu Thử bộ khúc Ngư Dương đột kị.\n泚 若 直 趍 涇 原 為 變 非 萬 全 策 也 . [5b*4*6]\nThử nhược trực xu Kinh Nguyên vi biến, phi vạn toàn sách dã\".\n遂 之 奉 天 . [5b*4*19]\nToại chi Phụng Thiên.\n有 言 泚 反 者 請 為 守 備 . [5b*5*4]\nHữu ngôn Thử phản giả, thỉnh vi thủ bị.\n唐 帝 聽 盧 杞 之 訁 詔 諸 道 兵 距 城 一 舍 而 止 欲 待 泚 奉 迎 . [5b*5*13]\nĐường đế thính Lư Kỷ chi ngôn, chiếu chư đạo binh cự thành nhất xá nhi chỉ, dục đãi Thử phụng nghênh.\n公 輔 曰 王 者 不 嚴 武 備 無 以 重 威 靈 . [5b*6*16]\nCông Phụ viết: \"Vương giả bất nghiêm vũ bị vô dĩ trọng uy linh.\n今 禁 旅 單 寡 而 士 馬 處 外 臣 為 陛 下 危 之 . [5b*7*11]\nKim cấm lữ đơn quả nhi sĩ mã xứ ngoại, thần vi bệ hạ nguy chi\".\n唐 帝 曰 善 悉 徵 入 内 . [5b*8*8]\nĐường đế viết thiện, tất trưng nhập nội.\n泚 兵 果 至 如 所 言 . [5b*8*16]\nThử binh quả chí như sở ngôn.\n乃 擢 為 諫 議 大 夫 同 中 書 門 下 平 章 事 . [5b*9*4]\nNãi trạc vi Gián Nghị Đại phu, Đồng trung thư môn hạ bình chương sự.\n後 . [5b*9*19]\nHậụ.\n",
    "url": "/data/image_dvsk/ngoai_ky/quyen5/DVSKTT_ngoai_V_5b.jpg"
  },
  {
    "text": "諫 厚 塟 唐 安 公 主 忤 㫖 陸 贄 爲 奏 觧 之 不 能 回 竟 下 遷 太 子 左 庶 子 又 貶 泉 州 别 駕 . [6a*1*1]\ngián hậu táng Đường An công chúa, ngỗ chỉ, Lục Chí vi tấu giải chi, bất năng hồi, cánh hạ thiên Thái tử tả thứ tử, hựu biếm Tuyền Châu biệt giá.\n唐 順 宗 即 位 拜 吉 州 刺 史 未 就 官 卒 . [6a*2*14]\nĐường Thuận Tông tức vị, bái Cát Châu thứ sử, vị tựu quan tốt.\n弟 姜 公 復 亦 舉 進 士 終 北 部 侍 郎 . [6a*3*9]\nĐệ Khương Công Phục diệc cử Tiến sĩ, chung Bắc bộ thị lang.\n辛 未 唐 貞 元 七 年 . [6a*5*1]\nTân Mùi, [Đường Trinh Nguyên thất niên].\n春 安 南 都 護 府 髙 正 平 為 政 重 歛 . [6a*5*8]\nXuân, An Nam Đô hộ phủ Cao Chính Bình vi chính trọng liêm.\n夏 四 月 交 州 唐 林 人 唐 林 在 福 祿 縣 馮 興 起 兵 圍 府 . [6a*5*22]\nHạ, tứ nguyệt, Giao Châu Đường Lâm nhân [Đường Lâm tại Phúc Lộc Huyện] Phùng Hưng khởi binh vi phủ.\n政 平 以 憂 子 . [6a*6*20]\nChính Bình dĩ ưu tử.\n先 是 馮 興 豪 富 有 勇 力 能 排 牛 搏 虎 . [6a*7*3]\nTiên thị Phùng Hưng hào phú, hữu dũng lực, năng bài ngưu bác hổ.\n於 唐 代 宗 大 曆 中 因 交 州 亂 與 其 弟 駭 相 率 復 諸 隣 邑 興 號 都 君 駭 號 都 保 與 正 平 相 攻 久 不 能 克 . [6a*7*17]\nƯ Đường Đại Tông Đại Lịch trung, nhân Giao Châu loạn, dữ kì đệ Hãi tương suất phục chư lân ấp, Hưng hiệu Đô Quân, Hãi hiệu Đô Bảo, dữ Chính Bình tương công, cửu bất năng khắc.\n至 是 用 . [6a*9*17]\nChí thị dụng..\n",
    "url": "/data/image_dvsk/ngoai_ky/quyen5/DVSKTT_ngoai_V_6a.jpg"
  },
  {
    "text": "本 鄕 人 杜 英 翰 計 率 眾 圍 府 . [6b*1*1]\nbản hương nhân Đỗ Anh Hàn kế, suất chúng vi phủ.\n正 平 憂 憤 成 疾 𭛁 背 死 . [6b*1*12]\nChính Bình ưu phẫn thành tật phát bối tử.\n因 居 府 治 未 幾 卒 . [6b*2*2]\nHưng nhân cư phủ trị, vị cơ tốt.\n子 安 尊 為 布 盖 大 王 俗 謂 父 曰 布 母 曰 盖 故 以 為 名 焉 . [6b*2*10]\nTử An tôn vi Bố Cái Đại Vương [tục vị phụ viết Bố, mẫu viết Cái cố dĩ vi danh yên].\n王 能 顯 靈 異 眾 以 為 神 乃 於 都 府 之 西 立 祠 歳 時 奉 祀 即 孚 佑 彰 信 崇 義 布 盖 大 王 . [6b*3*10]\nVương năng hiển linh dị, chúng dĩ vi thần, nãi ư đô phủ chi Tây lập từ, tuế thời phụng tự [tức Phù hựu Chương tín sùng nghĩa Bố Cái Đại Vương.\n其 神 祠 今 在 盛 光 坊 耤 田 東 西 . [6b*4*19]\nKì thần từ kim tại Thịnh Quang phường, tịch điền đông tây].\n五 月 辛 巳 唐 置 柔 遠 軍 於 府 治 . [6b*5*1]\nNgũ nguyệt, Tân Tị, Đường trí Nhu Viễn quân ư phủ trị.\n秋 七 月 庚 辰 唐 以 趙 昌 為 都 護 . [6b*5*13]\nThu, thất nguyệt, Canh Thìn, Đường dĩ Triệu Xương vi Đô hộ.\n昌 入 境 眾 心 遂 安 . [6b*6*6]\nXương nhập cảnh, chúng tâm toại an.\n昌 遣 使 諭 安 安 率 眾 降 . [6b*6*13]\nXương khiển sứ dụ An, An suất chúng hàng.\n昌 增 築 羅 城 稍 復 牢 固 在 位 十 七 年 以 足 疾 乞 還 . [6b*7*3]\nXương tăng trúc La Thành sảo phục lao cố, tại vị thập thất niên, dĩ túc tật khất hoàn.\n許 之 以 兵 部 郎 中 裴 泰 代 昌 . [6b*8*3]\nHứa chi, dĩ Binh bộ lang trung Bùi Thái đại Xương.\n癸 未 唐 貞 元 十 九 年 . [6b*9*1]\nQuý Mùi, [Đường Trinh Nguyên thập cửu niên].\n都 督 裴 泰 剷 去 城 中 溝 地 城 合 為 一 . [6b*9*9]\nĐô đốc Bùi Thái sản khứ thành trung cấu địa, thành hợp vi nhất..\n",
    "url": "/data/image_dvsk/ngoai_ky/quyen5/DVSKTT_ngoai_V_6b.jpg"
  },
  {
    "text": "城 溝 地 一 . [7a*1*1]\nthành cấu địa nhất.\n作 溝 池 州 將 王 季 元 逐 泰 . [7a*1*5]\ntác cấu trì] Châu tướng Vương Quý Nguyên trục Thái.\n唐 帝 召 昌 問 状 昌 年 踰 七 十 奏 事 精 白 . [7a*1*15]\nĐường đế triệu Xương vấn trạng, Xương niên du thất thập, tấu sự tinh bạch.\n唐 帝 奇 之 復 拜 交 州 都 護 . [7a*2*8]\nĐường đế kì chi, phục bái Giao Châu Đô hộ.\n昌 至 州 人 相 賀 亂 乃 定 . [7a*2*18]\nXương chí, châu nhân tương hạ, loạn nãi định.\n戊 子 唐 憲 宗 純 元 和 三 年 . [7a*4*1]\nMậu Tí, [Đường Hiến Tông Thuần, Nguyên Hoà tam niên].\n張 舟 為 交 州 都 護 初 舟 為 經 畧 判 官 至 是 迁 為 都 護 增 築 大 羅 城 造 艨 艟 短 船 也 . [7a*4*11]\nTrương Chu vi Giao Châu Đô hộ [Sơ Chu vi Kinh lược phán quan, chí thị thiên vi Đô hộ], tăng trúc Đại La thành, tạo mông đồng [đoản thuyền dã].\n三 百 艘 每 船 戰 手 二 十 五 人 槕 手 二 十 三 人 槕 船 向 背 疾 如 風 . [7a*5*13]\ntam bách sưu, mỗi thuyền chiến thủ nhị thập ngũ nhân, trác thủ nhị thập tam nhân, trác thuyền hướng bối, tật như phong.\n又 築 驩 愛 二 城 以 其 城 前 被 環 王 即 占 城 王 故 攻 毀 也 . [7a*6*17]\nHựu trúc Hoan Ái nhị thành, dĩ kì thành tiền bị Hoàn Vương [tức Chiêm Thành Vương] cố công huỷ dã.\n己 亥 唐 元 和 十 四 年 . [7a*8*1]\nKỉ Hợi, [Đường Nguyên Hoà thập tứ niên].\n冬 十 月 都 護 李 象 古 以 貪 縱 苛 刻 失 眾 心 其 將 楊 清 世 為 蛮 酋 唐 開 元 間 為 驩 州 刺 史 . [7a*8*9]\nĐông, thập nguyệt, Đô hộ Lí Tượng Cổ dĩ tham tung hà khắc thất chúng tâm, kì tướng Dương Thanh thế vi Man tù, Đường Khai Nguyên gian, vi Hoan Châu thứ sử.\n",
    "url": "/data/image_dvsk/ngoai_ky/quyen5/DVSKTT_ngoai_V_7a.jpg"
  },
  {
    "text": "象 古 忌 之 召 為 牙 將 至 是 令 討 黃 洞 蠻 . [7b*1*1]\nTượng Cổ kị chi, triệu vi nha tướng, chí thị lệnh thảo Hoàng Động man.\n清 因 人 心 忿 怒 夜 還 襲 州 𨺻 之 殺 象 古 . [7b*1*16]\nThanh nhân nhân tâm phẫn nộ, dạ hoàn tập châu, thao chi, sát Tượng Cổ.\n清 交 州 人 象 古 唐 宗 室 人 . [7b*2*12]\n[Thanh Giao Châu nhân, Tượng Cổ Đường Tông thất nhân].\n詔 桂 仲 攻 清 不 克 . [7b*2*22]\nChiếu Quế Trọng công Thanh bất khắc.\n清 入 諸 蠻 獠 中 作 乱 剽 畧 城 府 都 護 李 元 嘉 攻 之 不 克 誘 之 不 來 . [7b*3*5]\nThanh nhập chư Man Lạo trung tác loạn, phiêu lược thành phủ, Đô hộ Lí Nguyên Gia công chi bất khắc, dụ chi bất lai.\n由 是 黃 洞 蠻 引 環 王 入 寇 . [7b*4*11]\nDo thị Hoàng Động Man dẫn Hoàn Vương nhập khấu.\n甲 辰 唐 穆 宗 恒 長 󰆑 四 年 . [7b*6*1]\nGiáp Thìn, [Đường Mục Tông Hằng, Trường Khánh tứ niên].\n冬 十 一 月 李 元 嘉 以 城 門 有 逆 水 恐 州 人 多 生 叛 意 因 移 今 城 焉 . [7b*6*11]\nĐông, thập nhất nguyệt, Lí Nguyên Gia dĩ thành môn hữu nghịch thuỷ, khủng châu nhân đa sinh phản ý, nhân di kim thành yên.\n時 元 嘉 移 撫 治 於 ? ? ? ? ? ? ? 有 相 者 曰 君 力 不 足 築 大 城 五 十 年 後 必 有 姓 髙 者 於 此 定 都 建 府 . [7b*7*13]\n[Thời Nguyên Gia di phủ trị ư Tô Lịch giang, phương trúc tiểu thành, hữu tướng giả viết: Quân lực bất túc trúc đại thành, ngũ thập niên hậu tất hữu tính Cao giả ư thử định đô kiến phủ.\n至 咸 通 中 髙 駢 增 築 羅 城 果 如 其 言 . [7b*8*27]\nChí Hàm Thông trung, Cao Biền tăng trúc La thành. Quả như kì ngôn.\n又 按 前 此 都 護 府 城 今 在 東 關 外 城 之 羅 城 後 髙 駢 築 今 城 外 亦 謂 之 羅 城 . [7b*9*3]\nHựu án: Tiền thử Đô hộ phủ thành, kim tại Đông Quan ngoại thành, chi La Thành, hậu Cao Biền trúc kim thành, ngoại diệc vị chi La Thành].\n謂 . [7b*9*32]\nvị..\n",
    "url": "/data/image_dvsk/ngoai_ky/quyen5/DVSKTT_ngoai_V_7b.jpg"
  },
  {
    "text": "戊 申 唐 文 宗 涵 太 和 二 年 . [8a*1*1]\nMậu Thân, [Đường Văn Tông Hàm, Thái Hoà nhị niên].\n都 護 韓 約 擊 峯 州 王 昇 朝 克 之 後 為 楊 清 所 逐 奔 還 廣 州 . [8a*1*11]\nĐô hộ Hàn Ước kích Phong Châu Vương Thăng Triều, khắc chi, hậu vi Dương Thanh sở trục, bôn hoàn Quảng Châu.\n辛 酉 唐 武 宗 炎 會 昌 元 年 . [8a*3*1]\nTân Dậu, [Đường Vũ Tông Viêm, Hội Xương nguyên niên].\n唐 詔 之 武 渾 代 韓 約 為 經 畧 使 . [8a*3*11]\nĐường chiếu chi Vũ Hồn đại Hàn Ước vi Kinh lược sứ.\n癸 亥 唐 會 昌 三 年 . [8a*4*1]\nQuý Hợi, [Đường Hội Xương tam niên].\n經 畧 使 武 渾 役 將 士 治 城 府 將 士 作 亂 燒 城 樓 刧 府 庫 渾 奔 廣 州 . [8a*4*8]\nKinh lược sứ Vũ Hồn dịch tướng sĩ trị thành phủ, tướng sĩ tác loạn, thiêu thành lâu, kiếp phủ khố, Hồn bôn Quảng Châu.\n監 軍 段 士 則 撫 安 乱 眾 . [8a*5*12]\nGiám quân Đoàn Sĩ Tắc phủ an loạn chúng.\n丙 寅 唐 會 昌 六 年 . [8a*7*1]\nBính Dần, [Đường Hội Xương lục niên].\n南 蠻 入 寇 唐 詔 經 畧 使 裴 元 又 帥 鄰 道 兵 討 平 之 . [8a*7*8]\nNam Man nhập khấu, Đường chiếu Kinh lược sứ Bùi Nguyên Hựu soái lân đạo binh thảo bình chi.\n丁 丑 唐 宣 宗 󰠐 大 中 十 一 年 . [8a*9*1]\nĐinh Sửu, [Đường Tuyên Tông Thầm, Đại Trung thập nhất niên].\n夏 四 月 唐 以 右 千 牛 衞 大 將 軍 . [8a*9*12]\nHạ, tứ nguyệt, Đường dĩ Hữu Thiên ngưu vệ đại tướng quân..\n",
    "url": "/data/image_dvsk/ngoai_ky/quyen5/DVSKTT_ngoai_V_8a.jpg"
  },
  {
    "text": "朱 涯 為 交 州 經 畧 使 . [8b*1*1]\nChâu Nhai vi Giao Châu Kinh lược sứ.\n戊 寅 唐 大 中 十 二 年 . [8b*2*1]\nMậu Dần, [Đường Đại Trung thập nhị niên].\n春 正 月 唐 以 康 王 傅 王 式 為 交 州 經 畧 都 護 使 . [8b*2*9]\nXuân, chính nguyệt, Đường dĩ Khang Vương phó Vương Thức vi Giao Châu Kinh lược đô hộ sứ.\n式 有 才 畧 至 府 樹 芀 木 為 梄 深 塹 其 外 泄 城 中 水 塹 植 刺 竹 寇 不 能 󰱆 󰱇 教 士 卒 甚 銳 . [8b*3*5]\nThức hữu tài lược, chí phủ thụ đao mộc vi dậu, thâm khiếm kì ngoại tiết thành trung thuỷ, khiếm ngoại thực thích trúc, khấu bất năng cốt, tuyển giáo sĩ tốt thậm nhuệ.\n󰟸 之 南 蠻 大 至 屯 錦 田 步 頭 去 州 半 日 程 . [8b*5*1]\nKhoảnh chi, Nam man đại chí, đồn Cẩm Điền bộ đầu, khứ châu bán nhật trình.\n式 意 思 安 閒 遣 譯 諭 之 陳 其 利 害 蠻 一 夜 引 去 遣 人 謝 之 曰 我 自 執 叛 獠 耳 非 為 寇 也 . [8b*5*17]\nThức ý tứ an nhàn, khiển dịch dụ chi, trần kì lợi hại, Man nhất dạ dẫn khứ, khiển nhân tạ chi viết: \"Ngã tự chấp phản Lạo nhĩ, phi vi khấu dã\".\n又 有 都 校 羅 行 恭 都 校 猶 言 都 將 久 專 府 政 麾 下 精 兵 二 千 都 護 中 軍 纔 嬴 兵 數 百 . [8b*7*12]\nHựu hữu Đô hiệu La Hành Cung [Đô hiệu do ngôn Đô tướng], cửu chuyên phủ, chính huy hạ tinh binh nhị thiên, đô hộ trung quân tài doanh binh sổ bách.\n初 都 護 李 琢 為 政 貪 . [8b*9*12]\nThức chí trượng kì bối, truất ư biên khiếu.\n. [8b*9*12]\nSơ, Đô hộ Lí Trác vi chính tham..\n",
    "url": "/data/image_dvsk/ngoai_ky/quyen5/DVSKTT_ngoai_V_8b.jpg"
  },
  {
    "text": "暴 強 市 蠻 中 牛 馬 一 頭 止 與 盐 一 斗 又 殺 蠻 酋 長 杜 存 誠 羣 蠻 怒 怨 導 南 詔 侵 盗 邊 境 . [9a*1*1]\nbạo, cưỡng thị Man trung ngưu mã, nhất đầu chỉ dữ diêm nhất đấu, hựu sát Man Tù trưởng Đỗ Tồn Thành, quần Man nộ oán, đạo Nam Chiếu xâm đạo biên cảnh.\n峯 州 桃 林 西 原 舊 有 防 冬 兵 六 千 其 傍 七 舘 洞 蠻 酋 長 李 由 獨 常 助 之 戍 守 輸 租 税 . [9a*2*15]\nPhong Châu, Đào Lâm, Tây Nguyên cựu hữu phòng đông binh lục thiên, kì bàng Thất Quán Động Man Tù trưởng Lí Do Độc, thường trợ chi thú thủ thâu tô thuế.\n知 峯 州 者 缺 姓 名 言 於 琢 請 罷 戍 兵 專 委 由 獨 防 � . [9a*4*9]\nTri Phong Châu giả [Khuyết tính danh] ngôn ư Trác thỉnh bãi thú binh, chuyên uỷ Do Độc phòng ve-chu.\n於 是 由 獨 勢 孤 不 能 自 立 . [9a*5*9]\nƯ thị, Do Độc thế cô, bất năng tự lập.\n南 詔 拓 節 度 拓 東 言 將 開 拓 東 境 也 交 趾 南 詔 東 故 置 焉 以 書 誘 之 以 女 婦 其 子 補 拓 東 拓 牙 . [9a*5*19]\nNam Chiếu Thác Đông tiết độ, [Thác Đông ngôn tướng Khai thác Đông Cảnh dã Giao Chỉ Nam Chiếu Đông, cố trí yên] dĩ thư dụ chi, dĩ nữ phụ kì tử, bổ Thác Đông Thác Nha.\n由 獨 遂 率 其 眾 臣 於 南 詔 . [9a*7*10]\nDo Độc toại suất kì chúng thần ư Nam Chiếu.\n自 是 交 州 始 有 蠻 患 也 . [9a*8*1]\nTự thị Giao Châu thuỷ hữu Man hoạn dã.\n是 年 五 月 蠻 來 寇 式 却 之 . [9a*8*10]\nThị niên ngũ nguyệt, Man lai khấu, Thức khước chi.\n秋 七 月 有 惡 民 屢 為 亂 聲 言 聞 經 畧 使 朱 涯 朱 涯 在 廣 . [9a*9*1]\nThu, thất nguyệt, hữu ác dân lũ vi loạn, thanh ngôn: \"Văn Kinh lược sứ Châu Nhai [Châu Nhai tại Quảng..\n",
    "url": "/data/image_dvsk/ngoai_ky/quyen5/DVSKTT_ngoai_V_9a.jpg"
  },
  {
    "text": "州 使 麾 下 挍 黃 頭 軍 以 黃 󰱆 頭 號 黃 頭 軍 渡 海 來 襲 我 矣 . [9b*1*1]\nChâu sử huy hạ giáo Hoàng đầu quân [dĩ hoàng cốt đầu hiệu Hoàng đầu quân], độ hải lai tập ngã hĩ\".\n相 與 夜 為 城 皷 譟 願 送 式 北 㱕 我 欲 頓 此 城 比 禦 黃 頭 軍 . [9b*1*23]\nTương dữ dạ vi thành, cổ táo: \"Nguyện tống Thức bắc quy, ngã dục đồn thử thành tỉ ngự Hoàng đầu quân\".\n式 方 食 或 勸 出 避 之 . [9b*3*3]\nThức phương thực, hoặc khuyên xuất tị chi.\n式 曰 吾 足 一 動 則 城 潰 也 . [9b*3*11]\nThức viết: \"Ngô túc nhất động tắc thành hội dã\".\n徐 食 畢 擐 甲 率 左 右 登 城 建 大 將 旗 坐 而 責 之 . [9b*4*2]\nTừ thực tất, hoạn giáp suất tả hữu đăng thành, kiến Đại tướng kì, toạ nhi trách chi.\n亂 者 反 走 . [9b*5*1]\nLoạn giả phản tẩu.\n明 日 悉 捕 誅 之 . [9b*5*5]\nMinh nhật, tất bổ tru chi.\n時 饑 亂 相 繼 六 年 無 上 供 上 供 者 錢 帛 之 師 以 供 上 用 也 輸 軍 中 無 󰍁 賞 . [9b*5*11]\nThời cơ loạn tương kế, lục niên vô thượng cung, [thượng cung giả tiền bạch chi Sư dĩ cung thượng dụng dã], thâu quân trung vô khao thưởng.\n式 始 修 貢 賦 享 士 卒 . [9b*6*20]\nThức thuỷ tu cống phú, hưởng sĩ tốt.\n占 城 真 臘 皆 復 通 使 . [9b*7*3]\nChiêm Thành, Chân Lạp giai phục thông sứ.\n庚 辰 唐 懿 宗 󰱉 咸 通 元 年 . [9b*8*1]\nCanh Thìn, [Đường Ý Tông Thôi, Hàm Thông nguyên niên].\n春 浙 東 賊 裘 甫 作 亂 . [9b*8*11]\nXuân, Chiết Đông tặc Cừu Phủ tác loạn.\n唐 議 選 將 平 之 . [9b*8*19]\nĐường nghị tuyển tướng bình chi.\n夏 侯 孜 曰 王 式 雖 儒 家 子 前 在 安 南 威 服 華 夷 . [9b*9*2]\nHạ Hầu Tư viết: \"Vương Thức tuy nho gia tử, tiền tại An Nam uy phục Hoa Di,..\n",
    "url": "/data/image_dvsk/ngoai_ky/quyen5/DVSKTT_ngoai_V_9b.jpg"
  },
  {
    "text": "各 聞 遠 地 可 任 也 . [10a*1*1]\ncác văn viễn địa, khả nhiệm dã\".\n御 拜 浙 東 觀 察 使 . [10a*1*8]\nNgự bái Chiết Đông Quan sát sứ.\n冬 十 一 月 戊 申 土 蠻 引 南 詔 兵 合 三 萬 餘 人 乘 虚 攻 我 府 𨺻 之 . [10a*1*15]\nĐông, thập nhất nguyệt, Mậu Thân, thổ man dẫn Nam chiếu binh hợp tam vạn dư nhân, thừa hư công ngã phủ thao chi.\n都 護 李 鄠 與 監 軍 奔 武 州 . [10a*3*1]\nĐô hộ Lí Hộ dữ giám quân bôn Vũ Châu.\n辛 巳 唐 咸 通 二 年 . [10a*4*1]\nTân Tị, [Đường Hàm Thông nhị niên].\n春 正 月 唐 帝 詔 𭛁 邕 𬋩 及 鄰 道 兵 來 救 鄠 擊 南 夷 . [10a*4*8]\nXuân, chính nguyệt, Đường đế chiếu phát Ung Quản cập lân đạo binh lai cứu Hộ, kích Nam di.\n夏 六 月 癸 丑 唐 以 盐 州 防 禦 使 王 寬 為 安 南 經 畧 使 . [10a*5*6]\nHạ, lục nguyệt, Quý Sửu, Đường dĩ Diêm Châu Phòng ngự sứ Vương Khoan vi An Nam Kinh lược sứ.\n時 鄠 自 武 州 𠬧 集 土 軍 攻 羣 蠻 復 取 府 城 . [10a*6*7]\nThời Hộ từ Vũ Châu thu tập thổ quân công quần Man, phục thủ phủ thành.\n唐 帝 責 其 失 守 貶 儋 州 司 戶 尋 流 峯 州 以 王 寬 為 都 護 經 畧 使 . [10a*7*4]\nĐường đế trách kì thất thủ, biếm Đạm Châu tư hộ, tầm lưu Phong Châu, dĩ Vương Khoan vi Đô hộ Kinh lược sứ.\n鄠 之 初 至 也 殺 蠻 酋 杜 澄 故 其 宗 黨 因 誘 導 羣 蠻 𨺻 州 . [10a*8*9]\nHộ chi sơ chí dã, sát Man tù Đỗ Trừng, cố kì tông đảng nhân dụ đạo quần Man thao châu.\n",
    "url": "/data/image_dvsk/ngoai_ky/quyen5/DVSKTT_ngoai_V_10a.jpg"
  },
  {
    "text": "壬 午 唐 咸 通 三 年 . [10b*1*1]\nNhâm Ngọ, [Đường Hàm Thông tam niên].\n春 二 月 南 詔 復 入 寇 . [10b*1*8]\nXuân, nhị nguyệt, Nam Chiếu phục nhập khấu.\n王 寬 數 遣 使 吿 急 . [10b*1*17]\nVương Khoan số khiến sứ cáo cấp.\n唐 帝 以 前 湖 南 觀 察 使 蔡 襲 大 之 仍 𭛁 許 滑 徐 汴 荆 㐮 潭 鄂 等 道 兵 合 三 萬 人 授 襲 以 禦 之 . [10b*2*2]\nĐường đế dĩ tiền Hồ Nam quan sát sứ Sái Tập đại chi, nhưng phát Hứa, Hoạt, Từ, Biện, Kinh, Tương, Đàm, Ngạc đẳng đạo binh hợp tam vạn nhân, thụ Tập dĩ ngự chi.\n兵 勢 既 盛 蠻 遂 引 去 . [10b*3*18]\nBinh thế ký thịnh, Man toại dẫn khứ.\n夏 五 月 嶺 南 節 度 蔡 京 以 襲 將 諸 道 兵 來 禦 蛮 恐 其 立 功 忌 之 因 奏 南 蛮 遁 边 徼 無 虞 武 夫 邀 功 妄 請 戍 兵 虚 費 餽 運 盖 以 荒 陬 路 遠 難 於 襨 驗 故 得 肆 其 姦 詐 . [10b*4*7]\nHạ, ngũ nguyệt, Lĩnh Nam Tiết độ Sái Kinh dĩ Tập tướng chư đạo binh lai ngự Man, khủng kì lập công, kị chi nhân tấu: \"Nam Man viễn độn, biên khiếu vô ? Vũ phu yêu công, vọng thỉnh thú binh, hư phí quỹ vận, cái dĩ hoang tưu lộ viễn, nan ư phức nghiệm, cố đắc tứ kì gian trá.\n請 罷 戍 兵 各 遠 本 道 . [10b*7*12]\nThỉnh bãi thú binh, các viễn bản đạo\".\n唐 帝 從 之 . [10b*8*1]\nĐường đế tòng chi.\n襲 累 奏 羣 蛮 伺 隲 九 不 可 無 備 乞 留 戍 兵 五 千 人 . [10b*8*5]\nTập luỵ tấu: \"Quần Man tứ chất nhật cửu, bất khả vô bị, khất lưu thú binh ngũ thiên nhân\".\n不 聽 襲 以 蛮 寇 必 至 兵 食 皆 闕 智 力 . [10b*9*6]\nBất thính, Tập dĩ Man khấu tất chí, binh thực giai khuyết, trí lực..\n",
    "url": "/data/image_dvsk/ngoai_ky/quyen5/DVSKTT_ngoai_V_10b.jpg"
  },
  {
    "text": "两 󰠃 作 十 必 死 状 中 中 書 . [11a*1*1]\nlưỡng cùng, tác \"Thập tất tử trạng\" trung Trung thư.\n時 相 信 京 言 終 不 之 省 . [11a*1*11]\nThời tướng tín Kinh ngôn, chung bất chi tỉnh.\n秋 七 月 蔡 京 在 任 為 政 苛 慘 闔 境 怨 之 為 軍 士 所 逐 貶 崖 州 司 戶 不 肯 之 官 勑 賜 死 . [11a*2*1]\nThu, thất nguyệt, Sái Kinh tại nhiệm vi chính hà thảm, hạp cảnh oán chi, vi quân sĩ sở trục, biếm Nhai Châu Tư hộ, bất khẳng chi quan sắc tứ tử.\n冬 十 月 南 詔 羣 蛮 五 萬 人 來 寇 襲 吿 急 . [11a*3*15]\nĐông, thập nguyệt, Nam Chiếu quần Man ngũ vạn nhân lai khấu, Tập cáo cấp.\n唐 帝 勑 𭛁 荆 南 湖 南 两 道 兵 二 千 桂 𬋩 義 征 子 弟 因 其 應 慕 從 軍 名 之 也 . [11a*4*12]\nĐường đế sắc phát Kinh Nam, Hồ Nam lưỡng đạo binh nhị thiên, Quế Quản nghĩa chinh tử đệ [Nhân kì ứng mộ tòng quân danh chi dã].\n三 千 詣 邕 州 受 鄭 愚 節 制 求 救 之 . [11a*5*21]\ntam thiên nghệ Ung Châu, thụ Trịnh Ngu tiết chế cầu cứu chi.\n十 二 月 襲 又 求 益 兵 勑 山 南 東 道 𭛁 弩 手 千 人 赴 之 . [11a*6*11]\nThập nhị nguyệt, Tập hựu cầu ích binh, sắc Sơn Nam đông đạo phát nỗ thủ thiên nhân phó chi.\n時 南 詔 已 圍 府 救 兵 不 得 至 . [11a*7*12]\nThời Nam Chiếu dĩ vi phủ, cứu binh bất đắc chí.\n襲 但 󰞿 城 固 守 而 已 . [11a*8*4]\nTập đản anh thành cố thủ nhi dĩ.\n󰞿 縈 也 癸 未 唐 咸 通 四 年 . [11a*8*12]\n[Anh oanh dã] Quý Mùi, [Đường Hàm Thông tứ niên].\n春 正 月 庚 午 南 詔 𨺻 府 城 蔡 襲 左 右 . [11a*9*8]\nXuân, chính nguyệt, Canh Ngọ, Nam Chiếu thao phủ thành, Sái Tập tả hữu..\n",
    "url": "/data/image_dvsk/ngoai_ky/quyen5/DVSKTT_ngoai_V_11a.jpg"
  },
  {
    "text": "皆 尽 . [11b*1*1]\ngiai tận.\n襲 徒 步 力 戰 身 集 十 矢 欲 趣 監 軍 船 船 已 離 岸 遂 溺 海 死 闔 家 七 十 人 . [11b*1*3]\nTập đồ bộ, lực chiến, thân tập thập thỉ, dục thú giám quân thuyền, thuyền dĩ li ngạn, toại nịch hải tử, hạp gia thất thập nhân.\n幙 僚 樊 綽 先 携 襲 印 符 渡 江 得 免 . [11b*2*11]\nMạc Liêu Phàn Xước tiên huề Tập ấn phù độ giang đắc miễn.\n荆 南 江 西 鄂 岳 㐮 等 州 將 士 四 百 餘 人 走 至 城 東 水 際 . [11b*3*5]\nKinh Nam, Giang Tây, Ngạc, Nhạc, Tương đẳng châu tướng sĩ tứ bách dư nhân tẩu chí thành đông thuỷ tế.\n荆 南 󰔄 侯 元 惟 德 等 謂 眾 曰 吾 軰 無 船 入 水 則 死 不 若 還 入 城 與 蛮 人 鬪 以 一 人 易 二 蛮 亦 有 利 . [11b*4*7]\nKinh Nam Ngu hầu Nguyên Duy Đức đẳng vị chúng viết: \"Ngô bối vô thuyền, nhập thuỷ tắc tử, bất nhược hoàn nhập thành, dữ Man nhân đấu, dĩ nhất nhân dịch nhị Man diệc hữu lợi\".\n遂 還 向 城 入 東 羅 門 . [11b*6*6]\nToại hoàn hướng thành, nhập Đông La môn.\n安 南 羅 城 東 門 也 . [11b*6*14]\n[An Nam La Thành đông môn dã].\n蛮 人 不 為 備 惟 德 等 縱 兵 殺 蛮 二 千 餘 人 . [11b*6*21]\nMan nhân bất vi bị, Duy Đức đẳng túng binh sát Man nhị thiên dư nhân.\n迨 夜 蛮 將 楊 思 縉 始 自 子 城 城 内 小 城 也 出 救 惟 德 等 皆 死 . [11b*7*15]\nĐãi dạ, Man tướng Dương Tư Tấn thuỷ tự tử thành [thành nội tiểu thành dã] xuất cứu, Duy Đức đẳng giai tử.\n南 詔 两 𨺻 交 州 所 殺 虜 且 十 五 萬 人 . [11b*8*20]\nNam Chiếu lưỡng thao Giao Châu, sở sát lỗ thả thập ngũ vạn nhân.\n留 兵 二 萬 使 思 縉 據 . [11b*9*12]\nLưu binh nhị vạn, sử Tư Tấn cứ..\n",
    "url": "/data/image_dvsk/ngoai_ky/quyen5/DVSKTT_ngoai_V_11b.jpg"
  },
  {
    "text": "我 交 州 城 . [12a*1*1]\nngã Giao Châu thành.\n溪 洞 夷 獠 無 遠 近 皆 降 之 . [12a*1*5]\nKhê động Di Lão vô viễn cận giai hàng chi.\n南 詔 以 其 属 段 酋 遷 領 我 府 節 度 使 . [12a*1*15]\nNam Chiếu dĩ kì thuộc Đoàn Tù Thiên lĩnh ngã phủ Tiết độ sứ.\n唐 帝 詔 召 還 諸 道 援 兵 分 保 嶺 南 西 道 . [12a*2*10]\nĐường đế chiếu triệu hoàn chư đạo viện binh phân bảo Lĩnh Nam Tây đạo.\n六 月 廢 安 南 都 護 府 置 行 交 州 於 海 門 鎮 以 右 監 門 衛 將 軍 宋 戎 行 交 州 刺 史 以 武 義 節 度 使 康 承 訓 兼 嶺 南 及 諸 軍 行 營 . [12a*3*6]\nLục nguyệt, phế An Nam Đô hộ phủ, trí Hành Giao Châu ư Hải Môn trấn, dĩ Hữu Giám Môn vệ tướng quân Tống Nhung hành Giao Châu thứ sử, dĩ Vũ Nghĩa Tiết độ sứ Khang Thừa Huấn kiêm Lĩnh Nam cập chư quân hành doanh.\n秋 七 月 復 置 安 南 都 護 府 於 行 交 州 以 宋 戎 為 泾 畧 使 𭛁 山 東 兵 萬 人 以 鎮 之 . [12a*5*15]\nThu, thất nguyệ, phục trí An Nam Đô hộ phủ ư Hành Giao Châu, dĩ Tống Nhung vi Kinh lược sứ, phát Sơn Đông binh vạn nhân dĩ trấn chi.\n時 唐 諸 道 兵 来 援 者 屯 嶺 南 不 進 虚 費 餽 運 潤 州 人 陳 磻 石 上 言 請 造 千 斛 舟 自 福 建 運 来 泛 海 不 一 月 至 廣 州 . [12a*7*7]\nThời Đường chư đạo binh lai viện giả, đồn Lĩnh Nam bất tiến, hư phí, quỹ vận, Nhuận Châu nhân Trần Bàn Thạch thượng ngôn thỉnh tạo thiên hộc đại chu, tự Phúc Kiến vận lai phiếm hải, bất nhất nguyệt chí Quảng Châu.\n從 之 軍 食 以 足 . [12a*9*13]\nTòng chi, quân thực dĩ túc.\n然 . [12a*9*19]\nNhiên..\n",
    "url": "/data/image_dvsk/ngoai_ky/quyen5/DVSKTT_ngoai_V_12a.jpg"
  },
  {
    "text": "有 司 以 和 隺 為 名 奪 商 人 舟 委 其 貨 於 岸 側 舟 人 海 或 遇 風 濤 沉 溺 有 司 囚 繋 網 史 舟 人 使 償 其 米 人 頗 苦 之 . [12b*1*1]\nhữu tư dĩ hoà hạc vi danh sáo thương nhân chu, uỷ kì hoá ư ngạn trắc, chu nhân hải hoặc ngộ phong đào trầm nịch, hữu tư tù hệ võng sử chu nhân sử thường kì mễ, nhân pha khổ chi.\n甲 申 唐 咸 通 五 年 . [12b*4*1]\nGiáp Thân, [Đường Hàm Thông ngũ niên].\n唐 帝 以 總 管 經 畧 使 張 茵 兼 勾 當 交 州 事 益 海 門 鎮 兵 满 二 萬 五 千 人 令 茵 進 取 府 城 . [12b*4*8]\nĐường đế dĩ Tổng quản Kinh lược sứ Trương Nhân kiêm cấu đương Giao Châu sự, ích Hải Môn trấn binh, mãn nhị vạn ngũ thiên nhân, lệnh Nhân tiến thủ phủ thành.\n秋 七 月 茵 逗 逼 不 敢 進 . [12b*6*1]\nThu, thất nguyệt, Nhân đậu bực bất cảm tiến.\n夏 侯 孜 薦 驍 衛 將 軍 髙 駢 代 之 乃 以 駢 為 都 護 總 管 經 畧 招 討 使 茵 所 將 兵 悉 以 授 之 . [12b*6*10]\nHạ Hầu Tư tiến Kiêu Vệ tướng quân Cao Biền đại chi, nãi dĩ Biền vi Đô Hộ Tổng quản Kinh lược chiêu thảo sứ, Nhân sở tướng binh tất dĩ thụ chi.\n駢 小 字 千 里 南 平 郡 王 崇 文 之 孫 也 世 典 禁 兵 . [12b*8*5]\nBiền tiểu tự Thiên Lí, Nam Bình quận vương Sùng Văn chi tôn dã, thế điển cấm binh.\n頗 折 節 為 學 好 談 論 古 今 軍 中 之 人 更 相 . [12b*9*4]\nPha triết tiết vi học, hiếu đàm luận cổ kim, quân trung chi nhân cánh tương..\n",
    "url": "/data/image_dvsk/ngoai_ky/quyen5/DVSKTT_ngoai_V_12b.jpg"
  },
  {
    "text": "稱 譽 . [13a*1*1]\nxưng dự.\n少 事 朱 淑 明 . [13a*1*3]\nThiếu sự Chu Thục Minh.\n有 二 鵰 並 飛 引 弓 欲 射 且 祝 之 曰 我 長 且 貴 富 中 之 一 𤼵 遂 疊 中 . [13a*1*8]\nHữu nhị điêu tịnh phi, dẫn cung dục xạ, thả chúc chi viết: \"Ngã trưởng thả quý phú trúng chi\", nhất phát toại điệp trúng.\n眾 大 驚 因 號 落 鵰 侍 御 史 . [13a*2*14]\nChúng đại kinh, nhân hiệu \"Lạc điêu thị ngự sử\".\n累 遷 右 神 策 都 󰔄 候 . [13a*3*5]\nLuỹ thiên Hữu thần sách đô ngu hầu.\n党 項 叛 駢 領 禁 兵 萬 餘 人 戍 長 武 屢 有 功 遷 秦 州 防 衛 使 復 有 功 . [13a*3*13]\nĐảng Hạng phản, Biền lĩnh cấm binh vạn dư nhân thú Trường Vũ, lũ hữu công, thiên Tần Châu Phòng vệ sử, phục hữu công.\n時 南 詔 占 據 我 地 故 委 駢 來 代 之 . [13a*4*19]\nThời Nam Chiếu chiếm cứ ngã địa, cố uỷ Biền lai đại chi.\n乙 酉 唐 咸 通 六 年 . [13a*6*1]\nẤt Dậu, [Đường Hàm Thông lục niên].\n秋 七 月 駢 治 兵 於 海 門 未 進 . [13a*6*8]\nThu, thất nguyệt, Biền trị binh ư Hải Môn vị tiến.\n監 軍 李 維 周 惡 駢 欲 去 之 屢 𧼈 駢 使 進 軍 . [13a*6*20]\nGiám quân Lí Duy Chu ố Biền dục khứ chi, lũ thú Biền sử tiến quân.\n駢 以 五 千 餘 人 先 濟 約 維 周 𤼵 兵 應 援 . [13a*7*14]\nBiền dĩ ngũ thiên dư nhân tiên tế, ước Duy Chu phát binh ứng viện.\n駢 既 行 維 周 擁 餘 眾 不 𤼵 . [13a*8*10]\nBiền ký hành, Duy Chu ủng dư chúng bất phát.\n九 月 駢 至 南 定 峯 州 蠻 眾 近 五 萬 方 穫 田 禾 駢 掩 . [13a*9*1]\nCửu nguyệt, Biền chí Nam Định, Phong Châu, Man chúng cận ngũ vạn phương hoạch điền hoà, Biền yểm..\n",
    "url": "/data/image_dvsk/ngoai_ky/quyen5/DVSKTT_ngoai_V_13a.jpg"
  },
  {
    "text": "擊 大 破 之 斬 張 詮 等 𠬧 其 所 穫 以 食 軍 . [13b*1*1]\nkích đại phá chi, trảm Trương Thuyên đẳng, thu kì sở hoạch dĩ thực quân.\n丙 戌 唐 󰦭 通 七 年 . [13b*2*1]\nBính Tuất, [Đường Hàm Thông thất niên].\n夏 四 月 南 詔 除 段 酋 遷 為 遣 襲 善 闡 善 闡 南 詔 别 都 也 在 交 州 西 北 節 度 使 張 緝 助 酋 遷 攻 交 州 以 范 昵 為 我 府 都 統 趙 諾 眉 為 浮 邪 都 統 . [13b*2*8]\nHạ, tứ nguyệt, Nam Chiếu trừ Đoàn Tù Thiên vi Khiển Tập Thiện Xiển [Thiện xiển Nam Chiếu biệt đô dã tại Giao Châu Tây Bắc], Tiết độ sứ, Trương Tập trợ Tù Thiên công Giao Châu, dĩ Phạm Nật Ta vi ngã phủ Đô thống, Triệu Nặc Mi vi Phù Da đô thống.\n唐 監 陳 讀 曰 陣 勑 使 韋 仲 宰 將 七 千 餘 人 至 峯 州 . [13b*4*16]\nĐường Giám trận Độc viết Trận] lai sử Vi Trọng Tể tương thất thiên dư nhân chí Phong Châu.\n駢 得 以 益 其 兵 進 擊 南 詔 屢 破 之 . [13b*5*16]\nBiền đắc dĩ ích kì binh, tiến kích Nam Chiếu, lũ phá chi.\n㨗 奏 至 海 門 維 周 皆 匿 之 . [13b*6*9]\nTiệp tấu chí Hải Môn, Duy Chu giai nặc chi.\n數 月 無 聲 聞 唐 帝 恠 之 以 問 維 周 . [13b*6*19]\nSổ nguyệt vô thanh văn, Đường đế quái chi, dĩ vấn Duy Chu.\n維 周 奏 駢 駐 軍 峯 州 玩 敵 不 進 . [13b*7*13]\nDuy Chu tấu: Biền trú quân Phong Châu, ngoạn địch bất tiến.\n唐 帝 怒 以 右 武 衛 將 軍 王 晏 權 代 駢 召 駢 詣 闕 欲 重 貶 之 . [13b*8*6]\nĐường đế nộ, dĩ Hữu Vũ vệ tướng quân Vương Án Quyền đại Biền, triệu Biền nghệ khuyết, dục trọng biếm chi.\n是 月 駢 大 破 南 詔 蠻 殺 獲 甚 . [13b*9*9]\nThị nguyệt Biền đại phá Nam Chiếu Man, sát hoạch thậm..\n",
    "url": "/data/image_dvsk/ngoai_ky/quyen5/DVSKTT_ngoai_V_13b.jpg"
  },
  {
    "text": "眾 . [14a*1*1]\nchúng.\n南 詔 引 餘 眾 奔 入 州 城 固 守 . [14a*1*2]\nNam Chiếu dẫn dư chúng bôn nhập Châu thành cố thủ.\n冬 十 月 駢 圍 州 城 十 餘 日 蠻 人 困 蹙 甚 . [14a*1*13]\nĐông, thập nguyệt, Biền vi Châu thành thập dư nhật, Man nhân khốn xúc thậm.\n城 且 下 會 得 王 晏 權 牒 已 與 維 周 将 大 軍 𤼵 海 門 . [14a*2*9]\nThành thả hạ, hội đắc Vương Án Quyền điệp dĩ dữ Duy Chu tương đại quân phát Hải Môn.\n駢 即 以 軍 事 授 仲 宰 而 與 麾 下 百 餘 人 北 㱕 . [14a*3*9]\nBiền tức dĩ quân sự thụ Trọng Tể, nhi dữ huy hạ bách dư nhân Bắc quy.\n先 是 仲 宰 遣 小 使 王 慧 賛 駢 遣 小 校 曾 衮 共 賫 㨗 書 㱕 唐 至 海 中 望 見 旌 旗 東 來 問 逰 船 云 此 新 經 畧 使 與 監 軍 來 也 . [14a*4*7]\nTiên thị, Trọng Tể khiển tiểu sứ Vương Tuệ Tán, Biền khiển tiểu hiệu Tăng Cổn cộng tê tiệp thư quy Đường, chí hải trung, vọng kiến tinh kì Đông lai, vấn du thuyền, vân thử tân Kinh lược sứ dữ Giám quân lai dã.\n二 人 謀 曰 維 周 必 奪 表 留 我 . [14a*6*14]\nNhị nhân mưu viết: \"Duy Chu tất đoạt biểu lưu ngã\".\n乃 匿 於 島 聞 維 周 過 即 馳 詣 京 師 . [14a*7*6]\nNãi nặc ư đảo, văn Duy Chu quá tức trì nghệ kinh sư.\n唐 帝 得 奏 大 喜 即 加 駢 撿 校 工 部 尚 書 使 駢 來 攻 蠻 人 . [14a*7*19]\nĐường đế đắc tấu đại hỉ, tức gia Biền Kiểm hiệu Công bộ thượng thư, sử Biền lai công Man nhân.\n駢 至 海 門 而 還 . [14a*9*2]\nBiền chí Hải Môn nhi hoàn.\n晏 權 闇 懦 動 輙 禀 維 周 之 命 . [14a*9*8]\nÁn Quyền ám nhu, động triếp bẩm Duy Chu chi mệnh.\n維 . [14a*9*19]\nDuỵ.\n",
    "url": "/data/image_dvsk/ngoai_ky/quyen5/DVSKTT_ngoai_V_14a.jpg"
  },
  {
    "text": "周 㐫 貪 諸 將 不 為 之 用 遂 解 重 圍 蠻 人 遁 去 者 太 半 . [14b*1*1]\nChu hung tham, chư tướng bất vị chi dụng, toại giải trùng vi Man nhân thuẫn khứ giả thái bán.\n駢 至 復 督 勵 將 士 攻 城 扳 之 殺 酋 遷 及 士 蠻 為 南 詔 向 道 者 朱 古 道 斬 首 三 萬 餘 級 . [14b*2*2]\nBiền chí phục đốc lệ tướng sĩ, công thành ban chi, sát Tù Thiên cập sĩ Man vi Nam Chiếu hướng đạo giả Chu Cổ Đạo, trảm thủ tam vạn dư cấp.\n南 遁 去 駢 又 破 土 蠻 之 附 南 詔 者 二 洞 誅 其 酋 長 . [14b*3*15]\nNam Chiếu thuẫn khứ, Biền hựu phá thổ man chi phò Nam Chiếu giả nhị động, tru kì tù trưởng.\n土 蠻 率 眾 㱕 附 者 萬 七 千 人 . [14b*4*16]\nThổ man suất chúng quy phò giả vạn thất thiên nhân.\n十 一 月 壬 子 唐 帝 詔 交 州 邕 州 西 州 諸 路 軍 各 保 疆 土 勿 復 進 攻 . [14b*5*8]\nThập nhất nguyệt, Nhâm Tí, Đường đế chiếu Giao Châu, Ung Châu, Tây Châu chư lộ quân các bảo cương thổ, vật phục tiến công.\n置 靜 海 軍 於 交 州 以 駢 為 節 度 使 . [14b*6*14]\nTrí Tĩnh Hải quân ư Giao Châu, dĩ Biền vi Tiết độ sứ.\n自 此 至 宋 朝 安 為 靜 海 軍 節 鎮 . [14b*7*8]\n[Tự thử chí Tống triều, An vi Tĩnh Hải quân tiết trấn].\n南 自 李 琢 侵 擾 而 羣 蠻 焉 患 殆 將 十 年 至 是 始 平 . [14b*7*20]\nNam Tự Lí Trác xâm nhiễu, nhi quần Man yên hoạn đãi tương thập niên, chí thị thuỷ bình.\n駢 㨿 我 府 稱 王 築 羅 城 周 回 一 千 九 百 八 十 二 丈 零 五 尺 城 身 髙 . [14b*8*14]\nBiền cứ ngã phủ xưng vương, trúc La Thành chu hồi nhất thiên cửu bách bát thập nhị trượng linh ngũ xích, thành thân cao..\n",
    "url": "/data/image_dvsk/ngoai_ky/quyen5/DVSKTT_ngoai_V_14b.jpg"
  },
  {
    "text": "二 丈 六 尺 脚 闊 二 丈 五 尺 四 靣 女 墙 髙 五 丈 五 寸 望 敵 樓 五 十 五 所 甕 門 六 所 水 渠 三 所 踏 道 三 十 四 所 . [15a*1*1]\nnhị trượng lục xích, cước khoát nhị trượng ngũ xích, tứ diện nữ tường cao ngũ trượng ngũ thốn, vọng địch lâu ngũ thập ngũ sở, úng môn lục sở, thuỷ cừ tam sở, đạp đạo tam thập tứ sở.\n又 築 堤 子 周 回 二 千 一 百 二 十 五 丈 八 尺 髙 一 丈 五 尺 脚 闊 二 丈 及 造 屋 四 十 餘 萬 間 . [15a*3*3]\nHựu trúc đê tử chu hồi nhị thiên nhất bách nhị thập ngũ trượng bát xích, cao nhất trượng ngũ quái; cước khoát nhị trượng, cập tạo ốc tứ thập dư vạn gian.\n黎 文 休 曰 一 李 琢 之 貪 暴 𦤶 十 數 年 蠻 寇 之 患 况 甚 虐 於 李 琢 者 乎 . [15a*5*1]\nLê Văn Hưu viết: Nhất Lí Trác chi tham bạo, trí thập sổ niên Man khấu chi hoạn, huống thậm ngược ư Lí Trác giả hồ.\n一 臯 駢 之 督 属 斬 數 萬 賊 眾 之 強 况 賢 於 髙 駢 者 乎 . [15a*6*9]\nNhất Cao Biền chi đốc thuộc, trảm sổ vạn tặc chúng chi cường, huống hiền ư Cao Biền giả hồ.\n故 琢 不 䏻 自 保 而 駢 據 城 稱 王 善 為 國 者 當 謹 擇 焉 . [15a*7*11]\nCố Trác bất năng tự bảo, nhi Biền cứ thành xưng Vương, thiện vi quốc giả, đương cẩn trạch yên.\n丁 亥 唐 󰦭 通 八 年 . [15a*9*1]\nĐinh Hợi, [Đường Hàm Thông bát niên].\n春 正 月 駢 巡 視 至 邕 廣 二 州 海 路 多 . [15a*9*8]\nXuân, chính nguyệt, Biền tuần thị chí Ung, Quảng nhị châu, hải lộ đa..\n",
    "url": "/data/image_dvsk/ngoai_ky/quyen5/DVSKTT_ngoai_V_15a.jpg"
  },
  {
    "text": "潜 石 襨 船 漕 運 不 通 遂 命 攝 長 使 林 諷 湖 南 將 軍 余 存 古 等 領 本 部 兵 并 水 手 一 千 餘 人 徃 徃 𮢶 之 論 曰 天 道 助 順 神 功 扶 直 . [15b*1*1]\ntiềm thạch phúc thuyền, tảo vận bất thông, toại mệnh Nhiếp trưởng sử Lâm Phúng, Hồ Nam tướng quân Dư Tồn Cổ đẳng, lĩnh bản bộ binh tịnh thuỷ thủ nhất thiên dư nhân vãng vãng tạc chi, luận viết: \"Thiên đạo trợ thuận, thần công phù trực.\n今 𮢶 海 派 用 濟 生 民 苟 不 徇 私 何 難 之 有 前 時 都 護 󰍁 師 不 至 持 法 不 堅 負 約 營 私 人 皆 怠 隋 . [15b*3*11]\nKim tạc hải phái, dụng tế sinh dân, câu bất tuân tư hà nan chi hữu? Tiền thời Đô hộ khao sư bất chí, trì pháp bất kiên, phụ ước doanh tư, nhân giai đãi tuỳ.\n今 我 則 不 然 秪 要 濟 王 事 耳 . [15b*5*9]\nKim ngã tắc bất nhiên, chỉ yếu tế vương sự nhĩ\".\n言 訖 諷 等 拜 命 而 徃 . [15b*6*1]\nNgôn hất, Phúng đẳng bái mệnh nhi vãng.\n复 四 月 五 日 興 功 䟽 𮢶 逾 月 之 間 將 欲 開 達 但 中 間 两 處 俱 巨 石 繚 亘 數 丈 𮢶 下 刅 卷 施 斧 柯 折 役 者 終 日 相 顧 人 功 殆 幾 中 止 . [15b*6*9]\nHạ, tứ nguyệt, ngũ nhật, hưng công sơ tạc, du nguyệt chi gian, tương dục khai đạt, đãn trung gian lưỡng xứ cụ cự thạch, liêu cắng số trượng, tạc hạ ban quyển, thi phủ kha triết, dịch giả chung nhật tương cố, nhân công đãi cơ trung chỉ.\n五 月 二 十 六 日 當 晝 忽 狂 雲 怒 風 暴 作 窺 林 若 暝 . [15b*9*1]\nNgũ nguyệt, nhị thập lục nhật, đương trú hốt cuồng vân, nộ phong bạo tác, khuy lâm nhược minh,..\n",
    "url": "/data/image_dvsk/ngoai_ky/quyen5/DVSKTT_ngoai_V_15b.jpg"
  },
  {
    "text": "視 掌 如 瞽 俄 而 聶 天 雷 震 於 大 石 之 所 數 百 聲 m a t - c h u 然 開 霽 . [16a*1*1]\nthị chưởng như cổ, nga nhi nhiếp thiên lôi chấn ư đại thạch chi sở số bách thanh, mat-chu nhiên khai tễ.\n役 者 駿 奔 視 之 石 已 摧 碎 矣 . [16a*2*4]\nDịch giả tuấn bôn thị chi, thạch dĩ thôi toái hĩ.\n其 西 又 値 巨 石 立 两 處 眾 工 亦 不 䏻 措 手 . [16a*2*15]\nKì Tây hựu trị cự thạch lập lưỡng xử, chúng công diệc bất năng thố thủ.\n六 月 二 十 一 日 復 大 震 如 初 巨 石 一 時 碎 裂 . [16a*3*12]\nLục nguyệt, nhị thập nhất nhật, phục đại chấn như sơ, cự thạch nhất thời toái liệt.\n港 乃 成 因 名 天 威 港 . [16a*4*10]\nCảng nãi thành, nhân danh Thiên Uy cảng.\n史 臣 吳 士 連 曰 髙 駢 𮢶 港 之 役 何 其 異 耶 盖 所 合 理 故 得 天 之 助 也 . [16a*5*1]\nSử thần Ngô Sĩ Liên viết: Cao Biền tạc cảng chi dịch, hà kì dị gia? Cái sở hợp lí, cố đắc thiên chi trợ dã.\n天 者 理 也 . [16a*6*9]\nThiên giả lí dã.\n地 道 有 險 夷 理 之 常 也 . [16a*6*13]\nĐịa đạo hữu hiểm di lí chi thường dã.\n人 力 有 濟 險 亦 理 之 常 也 . [16a*7*4]\nNhân lực hữu tế hiểm, diệc lí chi thường dã.\n苟 險 而 不 䏻 濟 天 何 假 於 人 哉 禹 之 治 水 不 合 乎 理 天 何 由 成 地 何 由 平 也 其 效 至 於 洛 龜 呈 祥 非 天 之 . [16a*7*14]\nCâu hiểm nhi bất năng tế, thiên hà giá ư nhân tai? Vũ chi trị thuỷ, câu bất hợp hồ lí, thiên hà do thành? Địa hà do bình dã? Kì hiệu chí ư Lạc quy trình tường, phi thiên chi..\n",
    "url": "/data/image_dvsk/ngoai_ky/quyen5/DVSKTT_ngoai_V_16a.jpg"
  },
  {
    "text": "助 乎 觀 駢 之 言 曰 今 𮢶 海 派 用 濟 生 靈 苟 不 徇 私 何 難 之 有 . [16b*1*1]\ntrợ hồ? Quan Biền chi ngôn viết: \"Kim tạc hải phái, dụng tế sinh linh, câu bất tuân tư hà nan chi hữu\".\n誠 𭛁 於 言 言 𡸈 不 順 乎 孚 信 所 感 通 乎 金 石 况 於 天 乎 天 所 助 者 順 也 . [16b*2*6]\nThành phát ư ngôn, ngôn khởi bất thuận hồ? Phù tín sở cảm thông hồ kim thạch, huống ư thiên hồ? Thiên sở trợ giả thuận dã.\n易 曰 履 信 思 乎 順 自 天 祐 之 吉 無 不 利 . [16b*3*15]\nDịch viết: \"Lí tín tư hồ thuận, tự thiên hựu chi, cát vô bất lợi\".\n雷 震 巨 石 以 助 之 何 足 為 袏 也 . [16b*4*12]\nLôi chấn cự thạch dĩ trợ chi, hà túc vi tả dã.\n戊 子 唐 󰦭 通 九 年 . [16b*6*1]\nMậu Tí, [Đường Hàm Thông cửu niên].\n秋 七 月 唐 帝 以 髙 駢 為 右 金 吾 衛 大 將 軍 一 云 檢 校 尚 書 僕 射 至 唐 僖 宗 乾 符 二 年 乙 未 徒 西 川 節 度 使 . [16b*6*8]\nThu, thất nguyệt, Đường đế dĩ Cao Biền vi Hữu kim ngô vệ đại tướng quân [Nhất vân kiểm hiệu thượng thư bộc xạ], chí Đường Hi Tông Càn Phù nhị niên Ất Mùi, đồ Tây Xuyên Tiết độ sứ.\n駢 以 從 孫 髙 鄩 曾 為 先 鋒 千 󰱆 矢 石 為 士 卒 倡 表 薦 代 鎮 我 土 . [16b*8*4]\nBiền dĩ tòng tôn Cao Tầm tằng vi tiên phong, thiên cốt thỉ thạch, vi sĩ tốt xướng biểu tiến đại trấn ngã thổ.\n唐 帝 從 之 . [16b*9*9]\nĐường đế tòng chi.\n在 鎮 共 十 三 年 駢 . [16b*9*13]\nTại trấn cộng thập tam niên; Biền..\n",
    "url": "/data/image_dvsk/ngoai_ky/quyen5/DVSKTT_ngoai_V_16b.jpg"
  },
  {
    "text": "自 咸 通 丙 戌 至 甲 午 鄩 自 乾 符 乙 未 至 戊 戌 . [17a*1*1]\ntự Hàm Thông, Bính Tuất chí Giáp Ngọ, Tầm tự Càn Phù Ất Mùi chí Mậu Tuất.\n庚 子 唐 僖 宗 儼 廣 明 元 年 . [17a*2*1]\nCanh Tí, [Đường Hi Tông Nghiễm Quảng Minh nguyên niên].\n春 三 月 我 府 軍 亂 . [17a*2*11]\nXuân, tam nguyệt, ngã phủ quân loạn.\n節 度 使 曾 衮 出 城 走 . [17a*2*18]\nTiết độ sứ Tăng Cổn xuất thành tẩu.\n衮 代 駢 撫 字 有 聲 人 呼 曰 曾 尚 書 嘗 撰 交 州 記 一 篇 . [17a*3*3]\n[Cổn đại Biền, phủ tự hữu thanh, nhân hô viết Tăng Thượng thư; thường soạn Giao Châu ký nhất thiên].\n唐 諸 道 兵 成 邕 𬋩 者 徃 㱕 自 歸 . [17a*3*23]\nĐường chư đạo binh thành Ung Quản giả vãng vãng tự quy.\n乙 丑 唐 哀 帝 祝 天 祐 二 年 . [17a*5*1]\nẤt Sửu, [Đường Ai Đế Chúc, Thiên Hựu nhị niên].\n春 二 月 戊 戌 唐 朱 全 忠 以 交 州 節 度 使 同 平 章 事 朱 全 昱 𢥮 樸 無 䏻 自 請 罷 之 . [17a*5*11]\nXuân, nhị nguyệt, Mậu Tuất, Đường Chu Toàn Trung dĩ Giao Châu Tiết độ sứ đồng bình chương sự Chu Toàn Dực tràng phác vô năng, tự thỉnh bãi chi.\n全 昱 全 忠 之 兄 也 . [17a*6*18]\nToàn Dực Toàn Trung chi huynh dã.\n右 属 于 隋 唐 自 癸 亥 至 丙 寅 共 三 百 四 年 . [17a*8*1]\nHữu thuộc vu Tuỳ Đường, tự Quý Hợi chí Bính Dần, cộng tam bách tứ niên.\n南 北 分 爭 紀 . [17a*9*1]\nNam Bắc phân tranh KỶ..\n",
    "url": "/data/image_dvsk/ngoai_ky/quyen5/DVSKTT_ngoai_V_17a.jpg"
  }
]