[
  {
    "text": "丁 卯 唐 天 祐 四 年 梁 太 祖 朱 全 忠 更 名 晃 開 平 元 年 . [17b*1*1]\nĐinh Mão, [Đường Thiên Hựu tứ niên; Lương Thái Tổ Chu Toàn Trung, cánh danh Hoảng, Khai Bình nguyên niên].\n梁 以 廣 州 節 度 使 劉 隐 兼 靜 海 軍 節 度 使 封 南 平 王 . [17b*1*21]\nLương dĩ Quảng Châu Tiết độ sứ Lưu Ẩn kiêm Tĩnh Hải quân Tiết độ sứ, phong Nam Bình Vương.\n時 隐 據 番 禺 交 州 人 曲 顥 據 州 治 稱 節 度 使 志 在 相 圖 . [17b*2*13]\nThời, Ẩn cứ Phiên Ngung, Giao Châu nhân Khúc Hạo cứ châu trị, xưng Tiết Độ sứ, chí tại tương đồ.\n是 歲 唐 亡 . [17b*3*15]\nThị tuế Đường vong.\n辛 未 梁 乾 化 元 年 . [17b*4*1]\nTân Mùi, [Lương Càn Hoá, nguyên niên].\n梁 南 平 王 劉 隐 卒 弟 巖 立 . [17b*4*8]\nLương Nam Bình Vương Lưu Ẩn tốt, đệ Nham lập.\n丁 丑 梁 末 帝 友 貞 更 名 頊 貞 明 三 年 . [17b*5*1]\nĐinh sửu, [Lương Mạt đế Hữu Trinh, cánh danh Chẩn, Trinh Minh tam niên].\n梁 廣 州 知 留 後 劉 巖 建 國 號 曰 漢 即 南 漢 紀 元 乾 亨 元 年 . [17b*5*15]\nLương Quảng Châu tri lưu hậu Lưu Nham kiến quốc hiệu viết Hán [tức Nam Hán], kỷ Nguyên Càn Hanh nguyên niên.\n曲 顥 遣 子 承 美 為 歡 好 使 如 廣 州 因 覘 虚 實 . [17b*6*13]\nKhúc Hạo khiển tử Thừa Mĩ vi Hoan hảo sứ như Quảng Châu nhân siêm hư thực.\n顥 卒 承 美 襲 位 . [17b*7*9]\nHạo tốt, Thừa Mĩ tập vị.\n己 卯 梁 貞 明 五 年 . [17b*8*1]\nKỉ Mão, [Lương Trinh Minh ngũ niên].\n曲 承 美 遣 使 求 節 鉞 於 梁 . [17b*8*8]\nKhúc Thừa Mĩ khiển sứ cầu tiết việt ư Lương.\n梁 授 之 . [17b*8*19]\nLương thụ chi.\n漢 主 大 怒 . [17b*8*22]\nHán chủ đại nộ.\n漢 主 初 名 岩 更 名 涉 又 名 龔 因 白 龍 見 故 名 焉 . [17b*9*4]\n[Hán chủ sơ danh Nham, cánh danh Thiệp, hựu danh Cung, nhân bạch long hiện, cố danh yên.\n至 晋 天 福 大 年 以 龔 為 不 利 乃 自 改 . [17b*9*21]\nChí Tấn Thiên Phúc lục niên, dĩ Cung vi bất lợi, nãi tự cải..\n",
    "url": "/data/image_dvsk/ngoai_ky/quyen5/DVSKTT_ngoai_V_17b.jpg"
  },
  {
    "text": "𪚔 字 而 名 之 . [18a*1*1]\nNghiễm tự nhi. danh chi].\n癸 未 梁 龍 德 三 年 唐 荘 宗 李 存 朂 同 光 元 年 . [18a*2*1]\nQuý Mùi, [Lương Long Đức tam niên; Đường Trang Tông Lí Tồn Húc, Đồng Quang nguyên niên].\n是 𡻕 梁 亡 . [18a*2*18]\nThị tuế Lương vong.\n秋 七 月 漢 主 遣 驍 将 李 克 正 領 兵 攻 交 州 擒 節 度 使 承 美 以 㱕 以 其 将 李 進 代 之 . [18a*2*23]\nThu, thất nguyệt, Hán chủ khiến kiêu tướng Lí Khắc Chính lĩnh binh công Giao Châu, cầm Tiết độ sứ Thừa Mĩ dĩ quy, dĩ kì tướng Lí Tiến đại chi.\n克 正 留 守 州 為 曲 徃 将 愛 州 人 楊 廷 藝 所 逐 . [18a*4*9]\nKhắc Chính lưu thủ châu, vi Khúc Hạo tướng Ái Châu nhân Dương Đình Nghệ sở trục.\n漢 主 授 廷 藝 爵 位 以 李 進 為 交 州 刺 史 與 李 克 正 守 其 城 謂 左 右 曰 交 跐 民 好 亂 但 可 覊 縻 而 已 . [18a*5*7]\nHán chủ thụ Đình Nghệ tước vị, dĩ Lí Tiến vi Giao Châu thứ sử, dữ Lí Khắc Chính thủ kì thành, vị tả hữu viết: \"Giao Chỉ dân hiếu loạn, đãn khả ki mi nhi dĩ\".\n史 臣 吳 士 連 曰 劉 𪚔 當 北 朝 擾 亂 之 時 席 兄 舊 業 建 國 紀 元 與 曲 顥 爭 覊 卒 擒 承 美 取 交 州 䧺 . [18a*8*1]\nSử thần Ngô Sĩ Liên viết: Lưu Nghiễm đương Bắc triều nhiễu loạn chi thời, tịch huynh cựu nghiệp kiến quốc kỷ nguyên, dữ Khúc Hạo tranh bá, tốt cầm Thừa Mĩ, thủ Giao Châu, hùng..\n",
    "url": "/data/image_dvsk/ngoai_ky/quyen5/DVSKTT_ngoai_V_18a.jpg"
  },
  {
    "text": "李 進 知 之 馳 以 告 漢 主 . [18b*5*5]\nLí Tiến tri chi, trì dĩ cáo Hán chủ.\n是 歲 廷 藝 𭛁 兵 圍 進 . [18b*5*14]\nThị tuế, Đình Nghệ phát binh vi Tiến.\n漢 主 遣 承 旨 陳 寶 将 兵 救 之 未 至 而 城 𨺻 . [18b*6*3]\nHán chủ khiển Thừa chỉ Trần Bảo tương binh cứu chi, vị chí nhi thành thao.\n進 逃 㱕 . [18b*6*19]\nTiến đào quy.\n寶 至 圍 城 廷 藝 出 戰 寶 敗 死 . [18b*7*3]\nBảo chí vi thành, Đình Nghệ xuất chiến, Bảo bại tử.\n於 是 廷 藝 自 稱 節 度 使 領 州 事 . [18b*7*14]\nƯ thị, Đình Nghệ tự xưng Tiết độ sứ, lĩnh châu sự.\n丙 申 唐 廢 帝 從 珂 清 泰 三 年 晋 髙 祖 石 敬 塘 天 福 元 年 . [18b*9*1]\nBính Thân, [Đường Phế Đế Tông Kha, Thanh Thái tam niên, Tấn Cao Tổ Thạch Kính Đường, Thiên Phúc nguyên niên].\n是 歲 唐 亡 . [18b*9*22]\nThị tuế Đường vong.\n據 一 方 與 北 朝 諸 僣 國 相 頡 頑 . [18b*1*1]\ncứ nhất phương, dữ Bắc triều chư tiếm quốc tương hiệt ngoan.\n故 前 吳 王 之 興 雖 殲 其 子 殁 其 軍 而 不 䏻 守 其 地 劉 氏 之 綂 綿 綿 不 絶 至 宋 祖 興 而 其 地 始 入 於 宋 焉 . [18b*1*13]\nCố Tiền Ngô Vương chi hưng, tuy tiêm kì tử, một kì quân, nhi bất năng thủ kì địa, Lưu thị chi thống miên miên bất tuyệt, chí Tống tổ hưng nhi kì địa thuỷ nhập ư Tống yên.\n辛 卯 唐 明 宗 嗣 原 長 興 二 年 . [18b*4*1]\nTân Mão, [Đường Minh Tông Tự Nguyên Trường Hưng nhị niên].\n冬 十 二 月 楊 廷 藝 養 假 子 三 千 人 圖 恢 復 . [18b*4*12]\nĐông, thập nhị nguyệt, Dương Đình Nghệ dưỡng giả tử tam thiên nhân, đồ khôi phục.\n",
    "url": "/data/image_dvsk/ngoai_ky/quyen5/DVSKTT_ngoai_V_18b.jpg"
  },
  {
    "text": "丁 酉 晋 天 福 二 年 . [19a*1*1]\nĐinh Dậu, [Tấn Thiên Phúc nhị niên].\n春 三 月 廷 藝 牙 将 矯 公 羡 綱 目 作 交 殺 廷 藝 而 代 之 . [19a*1*8]\nXuân, tam nguyệt, Đình Nghệ nha tướng Kiều Công Tiễn [Cương mục tác giao] sát Đình Nghệ nhi đại chi.\n戊 戌 晋 天 福 三 年 . [19a*3*1]\nMậu Tuất, [Tấn Thiên Phúc tam niên].\n冬 十 二 月 廷 藝 牙 将 吳 權 自 愛 州 舉 兵 攻 公 羡 . [19a*3*8]\nĐông, thập nhị nguyệt, Đình Nghệ nha tướng Ngô Quyền tự Ái Châu cử binh công Công Tiễn.\n公 羡 遣 使 以 賂 求 救 於 漢 . [19a*4*5]\nCông Tiễn khiển sứ dĩ lộ cầu cứu ư Hán.\n主 龔 欲 因 其 亂 而 取 之 乃 以 其 子 萬 王 弘 操 為 靜 海 軍 節 度 使 徒 封 交 王 将 兵 救 公 羡 . [19a*4*15]\nHán chủ Cung dục nhân kì loạn nhi thủ chi, nãi dĩ kì tử Vạn Vương Hoằng Thao vi Tĩnh Hải quân tiết độ sứ, đồ phong Giao Vương, tương binh cứu Công Tiễn.\n漢 主 自 将 屯 海 門 為 之 聲 援 . [19a*6*11]\nHán chủ tự tướng, đồn Hải Môn vi chi thanh viện.\n問 策 於 崇 文 使 蕭 益 益 曰 今 霖 雨 積 旬 海 道 險 遠 吳 權 桀 黠 未 可 輕 也 . [19a*7*3]\nVấn sách ư Sùng Văn sứ Tiêu Ích, Ích viết: \"Kim lâm vũ tích tuần, hải đạo hiểm viễn, Ngô Quyền kiệt hiệt, vị khả khinh dã.\n大 軍 當 持 重 多 用 鄕 導 然 後 可 進 . [19a*8*11]\nĐại quân đương trì trọng, đa dụng hướng đạo nhiên hậu khả tiến\".\n不 聽 命 弘 操 将 舟 師 自 白 滕 江 入 欲 攻 . [19a*9*5]\nBất thính, mệnh Hoằng Thao tương chu sư tự Bạch Đằng Giang nhập, dục công..\n",
    "url": "/data/image_dvsk/ngoai_ky/quyen5/DVSKTT_ngoai_V_19a.jpg"
  },
  {
    "text": "權 而 權 已 誅 公 羡 矣 . [19b*1*1]\nQuyền, nhi Quyền dĩ tru Công Tiễn hĩ.\n權 聞 弘 操 且 至 謂 将 佐 曰 弘 操 一 癡 兒 耳 将 兵 遠 來 士 卒 疲 弊 又 聞 公 羡 死 無 内 應 氣 已 先 奪 . [19b*1*9]\nQuyền văn Hoằng Thao thả chí, vị tướng tá viết: \"Hoằng Thao nhất si nhi nhĩ, tương binh viễn lai, sĩ tốt bì tệ, hựu văn Công Tiễn tử vô nội ứng, khí dĩ tiên đoạt.\n吾 眾 以 力 待 疲 破 之 必 矣 . [19b*3*7]\nNgô chúng dĩ lực đãi bì, phá chi tất hĩ.\n然 彼 利 於 艦 不 先 為 之 備 則 勝 負 之 形 未 可 知 也 . [19b*3*17]\nNhiên bỉ lợi ư hạm, bất tiên vi chi bị, tắc thắng phụ chi hình vị khả tri dã.\n若 使 人 先 於 海 門 潜 植 大 杙 鉄 其 首 󰱆 之 以 紩 彼 船 隨 潮 漲 入 杙 内 然 後 我 易 制 無 有 出 此 者 . [19b*4*17]\nNhược sử nhân tiên ư hải môn, tiềm thực đại dặc thiết, kì thủ cốt chi dĩ thiết, bỉ thuyền tuỳ triều trướng nhập dặc nội, nhiên hậu ngã dị chế, vô hữu xuất thử giả\".\n計 定 遂 植 杙 海 口 两 徬 . [19b*6*15]\nKế định, toại thực dặc hải khẩu lưỡng bàng.\n潮 漲 權 使 人 以 輕 舟 挑 戰 佯 比 以 𦤶 之 . [19b*7*5]\nTriều trướng, Quyền sử nhân dĩ khinh chu khiêu chiến, dạng tỉ dĩ trí chi.\n弘 操 果 進 兵 . [19b*8*1]\nHoằng Thao quả tiến binh.\n至 舟 師 既 入 杙 内 . [19b*8*6]\nChí chu sư ký nhập dặc nội.\n潮 退 杙 露 權 乃 進 兵 擊 之 皆 殊 死 戰 . [19b*8*13]\nTriều thoái dặc lộ, Quyền nãi tiến binh kích chi, giai thù tử chiến.\n不 暇 治 舟 而 潮 退 甚 急 舟 皆 着 . [19b*9*8]\nBất hạ trị chu nhi triều thoái thậm cấp, chu giai trước..\n",
    "url": "/data/image_dvsk/ngoai_ky/quyen5/DVSKTT_ngoai_V_19b.jpg"
  }
]