[
  {
    "text": "杙 以 襨 蒼 黃 崩 潰 士 卒 溺 死 太 半 . [20a*1*1]\ndặc dĩ phúc, thương hoàng băng hội, sĩ tốt nịch tử thái bán.\n權 乘 勝 追 擊 擒 弘 操 殺 之 . [20a*1*14]\nQuyền thừa thắng truy kích, cầm Hoằng Thao sát chi.\n漢 主 慟 哭 𠬧 餘 眾 而 退 . [20a*2*5]\nHán chủ đỗng khốc, thu dư chúng nhi thoái.\n漢 主 以 名 龔 為 嫌 者 盖 蝟 此 也 劉 龔 即 劉 𪚔 也 . [20a*2*14]\nHán chủ dĩ danh Cung vi hiềm giả, cái vị thử dã [Lưu Cung tức Lưu Nghiễm dã].\n史 臣 吳 士 連 曰 劉 龔 貪 人 土 地 欲 拓 封 疆 土 地 未 得 而 以 毒 其 子 及 其 人 民 即 孟 子 所 謂 以 其 所 不 愛 及 其 所 愛 者 歟 右 南 北 分 爭 自 丁 卯 至 戊 戌 凣 三 十 二 年 . [20a*4*1]\nSử thần Ngô Sĩ Liên viết: Lưu Cung tham nhân thổ địa, dục thác phong cương, thổ địa vị đắc nhi dĩ độc kì tử cập kì nhân dân, tức Mạnh Tử sở vị: \"Dĩ kì sở bất ái cập kì sở ái\" giả dư? Hữu Nam Bắc phân tranh, tự Đinh Mão chí Mậu Tuất, phàm tam thập nhị niên.\n吳 紀 . [20a*8*1]\nNgô KỶ.\n前 吳 王 . [20a*9*1]\nTiền Ngô Vương.\n在 位 六 年 壽 四 十 七 歲 . [20a*9*4]\nTại vị lục niên, thọ tứ thập thất tuế.\n",
    "url": "/data/image_dvsk/ngoai_ky/quyen5/DVSKTT_ngoai_V_20a.jpg"
  },
  {
    "text": "王 善 謀 善 戰 再 造 之 功 以 成 為 諸 王 之 冠 . [20b*1*1]\n[Vương thiện mưu thiện chiến, tái tạo chi công, dĩ thành vi chư vương chi quán].\n姓 吳 諱 權 唐 林 人 世 為 貴 族 父 旻 為 本 州 牧 . [20b*2*1]\nTính Ngô, huý Quyền, Đường Lâm nhân, thế vi quý tộc, phụ Mân vi bản châu mục.\n王 生 有 異 光 满 室 狀 𩔗 特 殊 背 上 有 三 黑 子 相 者 奇 之 蝟 可 為 一 方 之 主 乃 命 名 曰 權 . [20b*3*2]\nVương sinh hữu dị quang mãn thất, trạng loại đặc thù, bối thượng hữu tam hắc tử, tướng giả kì chi, vị khả vi nhất phương chi chủ, nãi mệnh danh viết Quyền.\n及 長 魁 梧 奇 偉 也 目 光 若 電 綬 步 如 虎 有 智 勇 力 䏻 抗 鼎 為 楊 廷 藝 牙 将 廷 藝 以 女 妻 之 圈 𬋩 愛 州 . [20b*5*3]\nCập trưởng, khôi ngô [kì vĩ dã], mục quang nhược điện, thụ bộ như hổ, hữu trí dũng, lực năng kháng đỉnh, vi Dương Đình Nghệ nha tướng, Đình Nghệ dĩ nữ thê chi, quyền quản Ái Châu.\n至 是 誅 矯 公 羡 自 立 為 王 都 螺 城 . [20b*7*8]\nChí thị tru Kiều Công Tiễn, tự lập vi vương, đô Loa Thành.\n己 亥 元 年 晋 天 福 四 年 . [20b*9*1]\nKỉ Hợi, nguyên niên, [Tấn Thiên Phúc tứ niên].\n春 王 始 稱 王 立 楊 氏 為 后 置 百 . [20b*9*10]\nXuân, Vương thuỷ xưng Vương, lập Dương Thị vi Hậu, trí bách..\n",
    "url": "/data/image_dvsk/ngoai_ky/quyen5/DVSKTT_ngoai_V_20b.jpg"
  },
  {
    "text": "官 制 朝 儀 定 服 色 . [21a*1*1]\nquan, chế triều nghi, định phục sắc.\n甲 辰 六 年 晋 齊 王 重 貴 開 運 元 年 . [21a*2*1]\nGiáp Thìn, lục niên, [Tấn Tề Vương Trọng Quý, Khai Vận nguyên niên].\n王 薨 . [21a*2*14]\nVương hoăng.\n黎 文 休 曰 前 吳 王 䏻 以 我 越 所 集 之 兵 破 劉 弘 操 百 萬 之 眾 拓 土 稱 王 使 北 人 不 敢 復 來 者 . [21a*3*1]\nLê Văn Hưu viết: Tiền Ngô Vương năng dĩ ngã Việt sở tập chi binh, phá Lưu Hoằng Thao bách vạn chi chúng, thác thổ xưng Vương, sử Bắc nhân bất cảm phục lai giả.\n可 謂 以 一 怒 而 安 其 民 善 謀 而 善 戰 者 也 . [21a*4*18]\nKhả vị dĩ nhất nộ nhi an kì dân, thiện mưu nhi thiện chiến giả dã.\n雖 王 自 居 未 即 帝 位 改 元 而 我 越 之 正 綂 󰱃 幾 乎 復 續 矣 . [21a*5*16]\nTuy dĩ Vương tự cư, vị tức đế vị cải nguyên, nhi ngã Việt chi chính thống, thứ cơ hồ phục tục hĩ.\n史 臣 吳 士 連 曰 前 吳 之 興 非 徒 有 戰 勝 之 功 其 置 百 官 制 朝 儀 定 服 色 帝 王 之 䂓 模 可 見 . [21a*8*1]\nSử thần Ngô Sĩ Liên viết: Tiền Ngô chi hưng, phi đồ hữu chiến thắng chi công, kì trí bách quan, chế triều nghi, định phục sắc, đế vương chi quy mô khả kiến hĩ.\n. [21a*9*18]\nHưởng..\n",
    "url": "/data/image_dvsk/ngoai_ky/quyen5/DVSKTT_ngoai_V_21a.jpg"
  },
  {
    "text": "國 不 永 未 見 治 效 惜 哉 楊 三 哥 . [21b*1*1]\nquốc bất vĩnh, vị kiến trị hiệu, tích tai! Dương Tam Kha.\n篡 位 六 年 . [21b*2*4]\nThoán vị lục niên.\n三 哥 楊 后 之 兄 一 作 弟 前 吳 王 家 臣 僣 稱 平 王 . [21b*3*1]\nTam Kha Dương Hậu chi huynh, [nhất tác đệ] tiền Ngô Vương gia thần, tiếm xưng Bình Vương.\n乙 巳 楊 三 哥 元 年 晋 開 運 二 年 . [21b*5*1]\nẤt Tị, [Dương Tam Kha nguyên niên; Tấn Khai Vận nhị niên].\n初 前 吳 王 病 革 遣 命 三 哥 輔 其 子 . [21b*5*13]\nSơ, Tiền Ngô Vương bệnh cách, khiển mệnh Tam Kha phụ kì tử.\n王 薨 三 哥 篡 位 . [21b*6*2]\nVương hoăng, Tam Kha thoán vị.\n吳 王 長 子 昌 岌 惧 奔 南 󰀋 江 住 茶 鄕 范 令 公 家 . [21b*6*8]\nNgô Vương trưởng tử Xương Ngập cụ, bôn Nam Sách Giang, trú Trà Hương Phạm Lệnh Công gia.\n三 哥 以 吳 王 弟 二 子 昌 文 為 己 子 . [21b*7*7]\nTam Kha dĩ Ngô Vương đệ nhị tử Xương Văn vi kỷ tử.\n次 子 南 興 乾 興 尚 幼 皆 附 於 楊 國 母 . [21b*8*1]\nThứ tử Nam Hưng, Càn Hưng thượng ấu, giai phò ư Dương Quốc mẫu.\n久 之 三 哥 遣 指 揮 使 楊 古 利 杜 景 碩 将 兵 至 令 公 家 索 取 昌 岌 . [21b*8*15]\nCửu chi, Tam Kha khiển chỉ huy sứ Dương Cát Lợi, Đỗ Cảnh Thạc tương binh chí Lệnh Công gia sách thủ Xương Ngập,..\n",
    "url": "/data/image_dvsk/ngoai_ky/quyen5/DVSKTT_ngoai_V_21b.jpg"
  },
  {
    "text": "凣 三 反 命 . [22a*1*1]\nphàm tam phản mệnh.\n令 公 惧 遂 匿 昌 岌 山 洞 間 . [22a*1*5]\nLệnh Công cụ, toại nặc Xương Ngập sơn động gian.\n三 哥 知 之 復 索 如 初 竟 不 䏻 得 . [22a*1*15]\nTam Kha tri chi, phục sách như sơ, cánh bất năng đắc.\n史 臣 吳 士 連 曰 范 令 公 之 用 心 忠 矣 哉 三 哥 以 家 臣 逐 君 之 鏑 而 篡 其 位 以 昌 文 為 己 子 假 飾 之 辝 爾 󰰽 得 而 知 幾 且 當 時 國 人 皆 已 君 三 可 而 令 公 敢 匿 昌 岌 欲 不 絶 吳 氏 之 祀 也 . [22a*3*1]\nSử thần Ngô sĩ Liên viết: Phạm Lệnh Công chi dụng tâm trung hĩ tai! Tam Kha dĩ gia thần trục quân chi đích nhi thoán kì vị, dĩ Xương văn vi kỷ tử giả, sức chi từ nhĩ, thục đắc nhi tri cơ? Thả, đương thời quốc nhân giai dĩ quân Tam Kha, nhi Lệnh công cảm nặc Xương Ngập, dục bất tuyệt Ngô thị chi tự dã.\n程 嬰 杵 臼 之 事 再 見 於 此 . [22a*6*16]\nTrình Anh, Chữ Cữu chi sự tái kiến ư thử.\n󰰽 謂 一 國 之 大 而 無 忠 臣 義 士 哉 . [22a*7*8]\nThục vị nhất quốc chi đại nhi vô trung thần nghĩa sĩ tai.\n丁 未 楊 三 哥 三 年 後 漢 髙 祖 劉 遠 仍 稱 晋 天 福 十 二 年 . [22a*9*1]\nĐinh Mùi, [Dương Tam Kha tam niên; Hậu Hán, Cao Tổ Lưu Viễn nhưng xưng Tấn, Thiên Phúc thập nhị niên].\n知 是 歲 晋 亡 . [22a*9*22]\nTri Thị tuế Tấn vong.\n",
    "url": "/data/image_dvsk/ngoai_ky/quyen5/DVSKTT_ngoai_V_22a.jpg"
  },
  {
    "text": "庚 戌 楊 三 哥 六 年 漢 隱 帝 承 祐 仍 稱 乾 祐 三 年 . [22b*1*1]\nCanh Tuất, [Dương Tam Kha lục niên; Hán Ẩn Đế Thừa Hựu, nhưng xưng Càn Hựu tam niên].\n三 哥 遣 昌 文 及 楊 杜 二 使 将 兵 攻 太 平 唐 阮 二 村 . [22b*1*19]\nTam Kha khiển Xương Văn cập Dương Đỗ nhị sứ, tương binh công Thái Bình Đường, Nguyễn nhị thôn.\n行 至 慈 廉 昌 文 從 容 位 二 使 曰 我 先 王 之 德 洽 於 民 心 凣 所 施 令 罔 不 悅 從 不 幸 違 棄 羣 臣 平 王 自 行 不 義 奪 我 兄 弟 之 位 罪 莫 大 焉 . [22b*2*11]\nHành chí Từ Liêm, Xương Văn thung dung vị nhị sứ viết: \"Ngã tiên vương chi đức, hiệp ư dân tâm, phàm sở thi lệnh, võng bất duyệt tòng, bất hạnh vi khí quần thần, Bình Vương tự hành bất nghĩa, đoạt ngã huynh đệ chi vị, tội mạc đại yên.\n今 又 使 我 等 征 無 辜 之 邑 幸 而 勝 之 利 已 彼 如 不 服 為 之 奈 何 二 使 曰 惟 君 之 命 . [22b*5*5]\nKim hựu sử ngã đẳng chinh vô cô chi ấp, hạnh nhi thắng chi lợi dĩ, bỉ như bất phục vi chi nại hà?\" Nhị sứ viết: \"Duy quân chi mệnh\".\n昌 文 曰 我 欲 還 師 揜 襲 平 王 以 復 我 先 王 之 業 可 乎 二 使 曰 善 . [22b*6*17]\nXương Văn viết: \"Ngã dục hoàn sư yểm tập Bình Vương, dĩ phục ngã tiên vương chi nghiệp, khả hồ?\" Nhị sứ viết thiện.\n乃 還 襲 三 哥 . [22b*8*3]\nNãi hoàn tập Tam Kha.\n眾 欲 殺 之 昌 文 曰 平 王 於 我 有 恩 𡸈 忍 加 刑 乃 降 為 張 楊 公 因 賜 為 食 邑 . [22b*8*8]\nChúng dục sát chi, Xương Văn viết: \"Bình Vương ư ngã hữu ân, há nhẫn gia hình?\" Nãi giáng vi Chương Dương Công, nhân tứ vi thực ấp.\n今 章 陽 度 是 也 . [22b*9*17]\n[Kim Chương Dương Độ thị dã].\n",
    "url": "/data/image_dvsk/ngoai_ky/quyen5/DVSKTT_ngoai_V_22b.jpg"
  },
  {
    "text": "是 歲 漢 亡 . [23a*1*1]\nThị tuế Hán vong.\n黎 文 休 曰 逐 軍 之 子 而 自 位 公 罪 也 養 君 之 子 為 已 子 而 食 邑 私 恩 也 . [23a*2*1]\nLê Văn Hưu viết: Trục quân chi tử nhi tự vị, công tội dã; dưỡng quân chi tử vi dĩ tử nhi thực ấp, tư ân dã.\n逐 昌 岌 而 自 位 篡 逆 之 臣 於 義 固 不 容 誅 矣 . [23a*3*10]\nTrục Xương Ngập nhi tự vị, thoán nghịch chi thần, ư nghĩa cố bất dung tru hĩ.\n後 吳 王 不 正 其 罪 乃 以 口 私 恩 不 忍 加 刑 又 賜 之 食 邑 𡸈 不 大 謬 乎 後 吳 王 . [23a*4*9]\nHậu Ngô Vương bất chính kì tội, nãi dĩ khẩu thể tư ân bất nhẫn gia hình, hựu tứ chi thực ấp, khởi bất đại mậu hồ? Hậu Ngô Vương.\n在 位 十 五 年 . [23a*6*4]\nTại vị thập ngũ niên.\n附 天 策 王 . [23a*6*9]\nPhụ Thiên Sách Vương.\n王 克 正 皇 綱 光 復 舊 物 惜 其 動 干 戈 於 󰘊 域 之 内 反 為 所 斃 也 . [23a*7*1]\n[Vương khắc chính hoàng cương, quang phục cựu vật, tích kì động can qua ư bang vực chi nội phản vi sở tệ dã].\n王 諱 昌 文 前 吳 王 次 子 也 . [23a*8*1]\nVương huý Xương Văn, Tiền Ngô Vương thứ tử dã.\n辛 亥 元 年 周 太 祖 郭 威 廣 順 元 年 . [23a*9*1]\nTân Hợi, nguyên niên [Chu Thái Tổ Quách Uy, Quảng Thuận Nguyên niên].\n王 既 黜 三 哥 即 王 位 稱 南 . [23a*9*14]\nVương ký truất Tam Kha, tức Vương vị, xưng Nam..\n",
    "url": "/data/image_dvsk/ngoai_ky/quyen5/DVSKTT_ngoai_V_23a.jpg"
  },
  {
    "text": "晉 遣 使 往 迎 其 兄 昌 岌 㱕 京 師 同 理 國 事 . [23b*1*1]\nTấn, khiển sứ vãng nghênh kì huynh Xương Ngập qui Kinh sư, đồng lí quốc sự.\n昌 岌 稱 天 策 王 . [23b*1*17]\nXương Ngập xưng Thiên Sách Vương.\n史 臣 吳 士 連 曰 南 晉 迎 昌 岌 歸 與 之 共 政 可 謂 克 恭 厥 兄 欲 同 其 富 貴 矣 . [23b*3*1]\nSử thần Ngô Sĩ Liên viết: Nam Tấn nghênh Xương Ngập quy dữ chi cộng chính, khả vị khắc cung quyết huynh, dục đồng kì phú quý hĩ.\n昌 岌 䏻 以 無 功 讓 之 俱 俱 其 禄 德 𡸈 不 光 大 哉 乃 拘 於 嫡 長 之 分 稱 王 視 政 又 擅 作 威 福 至 使 南 晉 王 不 得 預 政 甚 失 友 于 之 義 志 趣 甚 卑 陋 矣 . [23b*4*11]\nXương Ngập năng dĩ vô công nhượng chi, câu hưởng kì lộc, đức khởi bất quang đại tai? Nãi câu ư đích trưởng chi phận, xưng Vương thị chính, hựu thiện tác uy phúc, chí sử Nam Tấn vương bất đắc dự chính, thậm thất hữu vu chi nghĩa, chí thú thậm ti lậu hĩ.\n時 華 閭 洞 人 丁 部 領 以 山 谿 險 固 不 修 臣 職 . [23b*8*1]\nThời, Hoa Lư động nhân Đinh Bộ Lĩnh, dĩ sơn khê hiểm cố, bất tu thần chức.\n二 王 欲 興 師 討 之 部 領 惧 遣 其 子 璉 入 質 以 止 其 兵 . [23b*8*18]\nNhị Vương dục hưng sư thảo chi; Bộ Lĩnh cụ, khiển kì tử Liễn nhập chất dĩ chỉ kì binh.\n",
    "url": "/data/image_dvsk/ngoai_ky/quyen5/DVSKTT_ngoai_V_23b.jpg"
  },
  {
    "text": "璉 至 二 王 責 其 不 庭 竟 執 璉 往 征 之 . [24a*1*1]\nLiễn chí, nhị vương trách kì bất đình, cánh chấp Liễn vãng chinh chi.\n踰 月 不 克 乃 懸 璉 竿 上 使 人 謂 部 領 曰 不 降 則 殺 璉 . [24a*1*15]\nDu nguyệt bất khắc, nãi huyền Liễn can thượng, sử nhân vị Bộ Lĩnh viết: Bất hàng tắc sát Liễn.\n部 領 怒 曰 大 丈 夫 以 功 名 自 許 𡸈 效 兒 女 之 愛 子 耶 󰱩 令 士 餘 弩 注 璉 俱 𤼵 . [24a*2*16]\nBộ Lĩnh nộ viết: \"Đại trượng phu dĩ công danh tự hứa, há hiệu nhi nữ chi ái tử da?\" Cự lệnh sĩ dư nỗ chú Liễn cụ phát.\n二 王 驚 曰 我 之 懸 其 子 欲 使 顧 惜 而 速 降 彼 殘 忍 如 此 焉 用 懸 為 . [24a*4*7]\nNhị vương kinh viết: \"Ngã chi huyền kì tử, dục sử cố tích nhi tốc hàng, bỉ tàn nhẫn như thử, yên dụng huyền vi?\".\n即 不 殺 璉 而 班 師 焉 . [24a*5*13]\nTức bất sát Liễn nhi ban sư yên.\n時 天 策 擅 作 威 柄 王 不 復 預 政 . [24a*6*2]\nThời, Thiên Sách thiện tác uy bính, Vương bất phục dự chính.\n二 王 由 是 有 隙 . [24a*6*14]\nNhị Vương do thị hữu khích.\n甲 寅 四 年 周 世 宗 柴 榮 顯 德 元 年 . [24a*8*1]\nGiáp Dần, tứ niên, [Chu Thế Tông Sài Vinh, Hiển Đức nguyên niên].\n天 策 王 薨 . [24a*8*14]\nThiên Sách Vương hoăng.\n王 復 位 遣 使 請 命 於 南 漢 主 劉 鋹 . [24a*8*19]\nVương phục vị, khiển sứ thỉnh mệnh ư Nam hán chủ Lưu Xưởng.\n鋹 以 王 為 靜 海 軍 節 度 使 兼 都 . [24a*9*8]\nXưởng dĩ Vương vi Tĩnh Hải quân Tiết độ sứ kiêm Đô..\n",
    "url": "/data/image_dvsk/ngoai_ky/quyen5/DVSKTT_ngoai_V_24a.jpg"
  },
  {
    "text": "護 . [24b*1*1]\nhộ.\n庚 申 十 年 周 恭 帝 宗 訓 元 年 宋 太 祖 趙 匡 胤 建 龍 元 年 . [24b*2*1]\nCanh Thân, thập niên, [Chu Cung Đế Tông Huấn nguyên niên, Tống Thái Tổ Triệu Khuông Dận, Kiến Long nguyên niên].\n是 歲 周 亡 . [24b*2*22]\nThị tuế Chu vong.\n乙 丑 十 五 年 宋 乾 德 三 年 . [24b*3*1]\nẤt Sửu, thập ngũ niên, [Tống Càn Đức tam niên].\n王 帥 師 攻 太 平 唐 阮 二 村 . [24b*3*11]\nVương soái sư công Thái Bình Đường, Nguyễn nhị thôn.\n纔 入 境 止 船 上 戰 為 伏 弩 所 中 薨 . [24b*3*22]\nTài nhập cảnh, chỉ thuyền thượng chiến, vi phục nỗ sở trúng hoăng.\n丁 璉 歸 華 閭 . [24b*4*13]\nĐinh Liễn quy Hoa Lư.\n黎 文 休 曰 吳 南 晋 前 為 家 臣 三 哥 之 拘 囚 後 為 其 兄 昌 岌 之 掩 抑 一 旦 得 志 不 䏻 自 慎 而 享 國 日 淺 政 績 無 聞 惜 哉 然 觀 其 免 平 王 之 罪 過 𡸈 非 仁 乎 容 昌 岌 之 驕 倨 𡸈 非 恭 乎 既 仁 且 恭 亦 可 見 其 為 人 矣 . [24b*5*1]\nLê Văn Hưu viết: Ngô Nam Tấn, tiền vi gia thần Tam Kha chi câu tù, hậu vi kì huynh Xương Ngập chi yểm ức, nhất đán đắc chí bất năng tự thận, nhi hưởng quốc nhật tiên, chính tích vô văn, tích tai! Nhiên quan kì miễn Bình Vương chi tội quá, há phi nhân hồ? Dung Xương Ngập chi kiêu cự, há phi cung hồ? Ký nhân thả cung, diệc khả kiến kì vi nhân hĩ.\n",
    "url": "/data/image_dvsk/ngoai_ky/quyen5/DVSKTT_ngoai_V_24b.jpg"
  },
  {
    "text": "史 臣 吳 士 連 曰 吳 南 晋 以 義 除 殘 克 復 舊 物 足 以 慰 祖 宗 之 靈 紓 神 人 之 憤 . [25a*1*1]\nSử thần Ngô Sĩ Liên viết: Ngô Nam Tấn dĩ nghĩa trừ tàn, khắc phục cựu vật, túc dĩ uý tổ tông chi linh, thư thần nhân chi phẫn.\n其 於 政 治 方 覩 惟 新 而 乃 以 仁 姑 息 不 正 三 哥 篡 奪 之 刑 武 黜 干 戈 反 為 唐 阮 妄 動 之 舉 終 以 自 斃 惜 哉 吳 使 軍 凣 二 年 . [25a*2*12]\nKì ư chính trị, phương đổ duy tân, nhi nãi dĩ nhân cô tức, bất chính Tam Kha thoán đoạt chi hình; vũ truất can qua, phản vi Đường Nguyễn vọng động chi cử, chung dĩ tự tệ, tích tai! Ngô Sứ Quân Phàm nhị niên.\n附 各 使 軍 . [25a*5*7]\nPhụ các Sứ quân.\n姓 吳 諱 昌 熾 天 策 王 避 難 時 取 南 󰀋 江 女 之 所 生 南 晋 王 之 姪 也 . [25a*6*1]\nTính Ngô, huý Xương Xí, Thiên Sách Vương tị nạn thời, thủ Nam Sách Giang nữ chi sở sinh, Nam Tấn Vương chi điệt dã.\n丙 寅 十 六 年 宋 乾 德 四 年 . [25a*8*1]\nBính Dần, thập lục niên, [Tống Càn Đức tứ niên].\n南 晉 亡 羣 䧺 𧡟 起 各 據 郡 邑 自 守 吳 昌 熾 據 平 橋 矯 公 罕 稱 矯 三 制 據 峯 州 今 白 鶴 縣 阮 . [25a*8*11]\nNam Tấn vong, Quần hùng quan khởi các cứ quận ấp tự thủ: Ngô Xương Xí cứ Bình Kiều, Kiểu Công Hãn, [xưng Kiểu Tam Chế] cứ Phong Châu, [kim Bạch, hạc huyện] Nguyễn..\n",
    "url": "/data/image_dvsk/ngoai_ky/quyen5/DVSKTT_ngoai_V_25a.jpg"
  },
  {
    "text": "寬 稱 阮 太 平 據 三 帶 吳 日 慶 稱 吳 覧 公 據 唐 林 一 云 據 膠 水 杜 景 碩 稱 杜 景 公 據 杜 洞 江 李 圭 稱 李 朗 公 據 超 類 阮 守 捷 稱 阮 令 公 據 僊 遊 吕 唐 稱 吕 佐 公 據 細 江 阮 超 稱 阮 右 公 據 西 扶 烈 矯 順 稱 矯 令 公 據 回 湖 今 華 溪 縣 陳 舍 社 猶 有 城 故 址 在 范 白 虎 稱 防 遏 范 據 據 藤 州 陳 覽 稱 陳 明 公 據 布 海 口 號 十 二 使 君 . [25b*1*1]\nKhoan [xưng Nguyễn Thái Bình] cứ Tam Đái, Ngô Nhật Khánh [xưng Ngô Lãm Công] cứ Đường Lâm, [nhất vân cứ Giao Thuỷ] Đỗ Cảnh Thạc [xưng Đỗ Cảnh Công] cứ Đỗ Động Giang, Lí Khuê [xưng Lí Lãng Công] cứ Siêu Loại, Nguyễn Thủ Tiệp [xưng Nguyễn Lệnh Công] cứ Tiên Du, Lữ Đường [xưng Lữ Tá Công] cứ Tế Giang, Nguyễn Siêu [xưng Nguyễn Hữu Công] cứ Tây Phù Liệt, Kiểu Thuận [xưng Kiểu Lệnh Công] cứ Hồi Hồ [kim Hoa Khê huyện, Trần xá xã Do hữu thành cố chỉ tại], Phạm Bạch Hổ [xưng Phòng Át] Phạm cứ cứ Đằng Châu, Trần Lãm [xưng Trần Minh Công] cứ Bố Hải Khẩu, hiệu Thập nhị sứ quân.\n丁 卯 十 七 年 宋 乾 德 五 年 . [25b*6*1]\nĐinh Mão, thập thất niên [Tống Càn Đức ngũ niên].\n時 海 内 無 主 十 二 使 君 爭 長 莫 䏻 相 統 . [25b*6*11]\nThời hải nội vô chủ, Thập nhị sứ quân tranh trưởng, mạc năng tương thống.\n丁 部 領 聞 陳 明 公 有 德 而 無 嗣 乃 與 其 子 璉 往 依 之 . [25b*7*5]\nĐinh Bộ Lĩnh văn Trần Minh Công hữu đức nhi vô tự, nãi dữ kì tử Liễn vãng ỷ chi.\n明 公 見 其 形 貌 魁 奇 又 有 噐 量 因 養 為 己 子 愛 遇 之 恩 日 益 隆 厚 因 授 領 兵 使 攻 羣 䧺 . [25b*8*6]\nMinh Công kiến kì hình mạo khôi kì, hựu hữu khí lượng, nhân dưỡng vi kỷ tử, ái ngộ chi ân nhật ích long hậu, nhân thụ lĩnh binh, sử công quần hùng..\n",
    "url": "/data/image_dvsk/ngoai_ky/quyen5/DVSKTT_ngoai_V_25b.jpg"
  },
  {
    "text": "皆 拨 之 . [26a*1*1]\ngiai bạt chi.\n范 防 遏 以 兵 降 丁 朝 為 親 衛 将 軍 . [26a*1*4]\nPhạm Phòng Át dĩ binh hàng [Đinh triều vi Thân Vệ tướng quân].\n及 明 公 卒 會 杜 洞 江 吳 先 主 子 弟 五 百 人 餘 率 眾 來 攻 纔 入 烏 蠻 終 為 鄕 人 吳 副 使 所 敗 而 還 . [26a*1*17]\nCập Minh Công tốt, hội Đỗ Động Giang, Ngô Tiên Chủ tử đệ ngũ bách nhân dư suất chúng lai công, tài nhập Ô Man chung vi hương nhân Ngô Phó sứ sở bại nhi hoàn.\n部 領 聞 之 舉 兵 攻 其 江 及 洞 部 落 無 不 服 者 . [26a*3*12]\nBộ Lĩnh văn chi, cử binh công kì giang cập động, bộ lạc vô bất phục giả.\n自 此 京 府 史 民 皆 心 㱕 之 . [26a*4*10]\nTự thử, kinh phủ sử dân giai tâm quy chi.\n吳 氏 亡 . [26a*5*1]\nNgô thị vong.\n史 臣 吳 士 連 曰 天 地 之 運 否 必 有 泰 北 南 同 一 理 也 . [26a*6*1]\nSử thần Ngô Sĩ Liên viết: Thiên địa chi vận, phủ tất hữu thái, Bắc Nam đồng nhất lí dã.\n北 朝 五 代 壞 亂 而 宋 太 祖 起 . [26a*7*3]\nBắc triều Ngũ đại hoại loạn, nhi Tống Thái Tổ khởi.\n南 朝 十 二 使 軍 分 擾 而 丁 先 皇 興 . [26a*7*14]\nNam triều Thập nhị sứ quân phân nhiễu, nhi Đinh Tiên Hoàng hưng.\n非 偶 然 也 天 也 . [26a*8*9]\nPhi ngẫu nhiên dã, thiên dã.\n右 吳 氏 三 王 并 楊 三 哥 僣 位 起 己 亥 終 丁 卯 . [26a*9*1]\nHữu Ngô thị tam vương tịnh Dương Tam Kha tiếm vị, khởi Kỷ Hợi, chung Đinh Mão,..\n",
    "url": "/data/image_dvsk/ngoai_ky/quyen5/DVSKTT_ngoai_V_26a.jpg"
  },
  {
    "text": "共 二 十 九 年 . [26b*1*1]\ncộng nhị thập cửu niên.\n大 越 史 記 外 紀 全 書 卷 之 五 終 . [26b*9*1]\nĐại Việt Sử Ký Ngoại Kỷ Toàn Thư quyển chi ngũ chung.\n",
    "url": "/data/image_dvsk/ngoai_ky/quyen5/DVSKTT_ngoai_V_26a.jpg"
  }
]