[
  {
    "text": "女 父 道 之 稱 觀 之 今 朝 改 爲 輔 導 是 也 理 或 然 也 . [5b*1*1]\nnữ phụ đạo chi xưng, quan chi [Kim triều cải vi phụ đạo thị dã] lí hoặc nhiên dã.\n若 山 精 水 精 之 事 亦 甚 恠 誕 信 書 不 如 無 書 姑 述 其 舊 以 傳 疑 焉 . [5b*1*20]\nNhược Sơn Tinh, Thuỷ Tinh chi sự, diệc thậm quái đản, tín thư bất như vô thư, cô thuật kì cựu dĩ truyền nghi yên.\n右 鴻 庞 氏 自 涇 陽 王 壬 戌 受 封 與 帝 宜 同 時 傳 至 雄 王 季 世 當 周 赧 王 五 十 七 年 季 卯 終 該 二 千 六 百 二 十 二 年 . [5b*4*1]\nHữu Hồng Bàng thị, tự Kinh Dương Vương Nhâm Tuất thụ phong, dữ đế Nghi đồng thời, truyền chí Hùng Vương quý thế, đương Chu Noãn Vương ngũ thập thất niên Quý Mão chung, cai nhị thiên lục bách nhị thập nhị niên.\n蜀 紀 安 陽 王 . [5b*7*1]\nThục Kỷ An Dương Vương.\n在 位 五 十 年 . [5b*8*4]\ntại vị ngũ thập niên.\n姓 蜀 諱 泮 巴 蜀 人 也 都 封 溪 今 古 螺 城 是 也 . [5b*9*1]\nTính Thục, huý Phán, Ba Thục nhân dã, đô Phong Khê [Kim Cổ Loa thành thị dã].\n",
    "url": "/data/image_dvsk/ngoai_ky/quyen1/DVSKTT_ngoai_I_5b.jpg"
  },
  {
    "text": "甲 辰 元 年 . [6a*1*1]\nGiáp Thìn, nguyên niên.\n周 赧 王 五 十 八 年 . [6a*1*5]\n[Chu Noãn Vương ngũ thập bát niên].\n王 既 併 文 郎 國 改 國 號 曰 甌 貉 國 . [6a*1*12]\nVương ký tinh Văn Lang quốc, cải quốc hiệu viết Âu Lạc quốc.\n初 王 屢 興 兵 攻 雄 王 雄 王 兵 強 將 勇 王 屢 敗 . [6a*2*3]\nSơ vương lũ hưng binh công Hùng Vương, Hùng Vương binh cường tướng dũng, vương lũ bại.\n雄 王 謂 王 曰 我 有 神 力 蜀 不 畏 乎 遂 廢 武 備 而 不 修 需 酒 食 以 爲 樂 . [6a*3*1]\nHùng Vương vị vương viết: \"Ngã hữu thần lực, Thục bất uý hồ?\" Toại phế vũ bị nhi bất tu, nhu tửu thực dĩ vi lạc.\n蜀 軍 逼 近 猶 沉 醉 未 醒 乃 吐 血 墮 井 薨 其 󰕛 倒 戈 降 蜀 王 . [6a*4*8]\nThục quân bức cận, do trầm tuý vị tỉnh, nãi thổ huyết đoạ tỉnh hoăng, kì chúng đảo qua hàng Thục Vương.\n於 是 築 城 于 越 裳 廣 千 丈 盤 旋 如 螺 形 故 號 螺 城 又 名 思 龍 城 唐 人 呼 曰 崑 崙 城 謂 其 城 最 高 也 . [6a*5*11]\nƯ thị trúc thành vu Việt Thường, quảng thiên trượng, bàn toàn như loa hình, cố hiệu Loa Thành, hựu danh Tư Long thành [Đường nhân hô viết Côn Lôn thành vị kì thành tối cao dã].\n其 城 築 畢 旋 崩 王 患 之 乃 齋 戒 禱 于 天 地 山 川 神 祇 再 興 功 築 之 . [6a*7*6]\nKì thành trúc tất toàn băng, vương hoạn chi, nãi trai giới đảo vu thiên địa sơn xuyên thần kì, tái hưng công trúc chi.\n丙 午 三 年 東 周 君 元 年 . [6a*9*1]\nBính Ngọ, tam niên [Đông Chu quân nguyên niên].\n春 三 月 忽 有 神 人 到 城 門 指 城 . [6a*9*10]\nXuân tam nguyệt, hốt hữu thần nhân đáo thành môn, chỉ thành..\n",
    "url": "/data/image_dvsk/ngoai_ky/quyen1/DVSKTT_ngoai_I_6a.jpg"
  },
  {
    "text": "笑 曰 工 築 何 時 成 乎 . [6b*1*1]\ntiếu viết: \"Công trúc hà thời thành hồ!\".\n王 接 入 殿 上 問 之 答 曰 待 江 使 來 . [6b*1*9]\nVương tiếp nhập điện thượng vấn chi, đáp viết: \"Đãi giang sứ lai\".\n即 辭 去 . [6b*2*3]\nTức từ khứ.\n後 日 早 王 出 城 門 果 見 金 龜 從 東 浮 江 來 稱 江 使 能 説 人 言 談 未 來 事 . [6b*2*6]\nHậu nhật tảo, vương xuất thành môn, quả kiến kim quy tòng đông phù giang lai, xưng giang sứ, năng thuyết nhân ngôn, đàm vị lai sự.\n王 甚 喜 以 金 盤 盛 之 置 盤 殿 上 . [6b*3*14]\nVương thậm hỉ, dĩ kim bàn thịnh chi, trí bàn điện thượng.\n問 城 崩 之 由 金 龜 曰 此 本 土 山 川 精 氣 前 王 子 附 之 爲 國 報 仇 隱 於 七 耀 山 . [6b*4*7]\nVấn thành băng chi do, kim quy viết: \"Thử bản thổ sơn xuyên tinh khí tiền vương tử phụ chi vi quốc báo cừu, ẩn ư Thất Diệu sơn.\n山 中 有 鬼 是 前 代 伶 人 死 葬 於 此 化 爲 鬼 . [6b*5*17]\nSơn trung hữu quỷ, thị tiền đại linh nhân tử táng ư thử, hoá vi quỷ.\n山 傍 有 舘 舘 主 翁 曰 悟 空 者 有 一 女 并 白 鷄 一 隻 是 精 之 餘 氣 凣 人 往 來 至 此 夜 宿 必 死 鬼 害 之 也 . [6b*6*14]\nSơn bàng hữu quán, quán chủ ông viết Ngộ Không giả, hữu nhất nữ tịnh bạch kê nhất chích, thị tinh chi dư khí, phàm nhân vãng lai chí thử dạ túc tất tử quỷ hại chi dã.\n所 以 能 嘯 聚 成 群 墮 壞 其 城 . [6b*8*14]\nSở dĩ năng khiếu tụ thành quần, đoạ hoại kì thành.\n若 殺 白 鷄 除 此 精 氣 則 其 城 自 爾 完 . [6b*9*6]\nNhược sát bạch kê trừ thử tinh khí, tắc kì thành tự nhĩ hoàn..\n",
    "url": "/data/image_dvsk/ngoai_ky/quyen1/DVSKTT_ngoai_I_6b.jpg"
  },
  {
    "text": "固 矣 . [7a*1*1]\ncố hĩ\".\n王 將 金 龜 就 舘 假 爲 宿 泊 人 . [7a*1*3]\nVương tương kim quy tựu quán, giả vi túc bạc nhân.\n舘 主 翁 曰 郎 君 即 貴 人 也 願 速 行 勿 留 取 禍 . [7a*1*14]\nQuán chủ ông viết: \"Lang quân tức quý nhân dã, nguyện tốc hành, vật lưu thủ hoạ\".\n王 笑 曰 死 生 有 命 鬼 魅 何 能 爲 . [7a*2*12]\nVương tiếu viết: \"Tử sinh hữu mệnh, quỷ mị hà năng vi?\".\n乃 留 宿 焉 . [7a*3*5]\nNãi lưu túc yên.\n夜 聞 鬼 精 從 外 來 呼 開 門 金 歸 叱 之 鬼 不 能 入 鷄 鳴 時 󰕛 鬼 走 散 . [7a*3*9]\nDạ văn quỷ tinh tòng ngoại lai hô khai môn, kim quy sất chi, quỷ bất năng nhập, kê minh thời chúng quỷ tẩu tán.\n金 龜 請 王 追 躡 之 . [7a*4*15]\nKim quy thỉnh vương truy niếp chi.\n至 七 耀 山 精 氣 收 藏 殆 盡 王 還 舘 . [7a*5*3]\nChí Thất Diệu sơn tinh khí thu tàng đãi tận, vương hoàn quán.\n明 且 舘 主 翁 以 爲 王 必 死 呼 人 就 舘 欲 行 收 葬 . [7a*5*16]\nMinh thả quán chủ ông dĩ vi vương tất tử, hô nhân tựu quán, dục hành thu táng.\n見 王 欣 笑 語 趍 拜 曰 郎 君 安 得 若 此 必 聖 人 也 . [7a*6*15]\nKiến vương hân tiếu ngữ, xu bái viết: \"Lang quân an đắc nhược thử, tất thánh nhân dã\".\n王 乞 取 白 鷄 殺 而 祭 之 . [7a*7*14]\nVương khất thủ bạch kê sát nhi tế chi.\n鷄 殺 女 亦 子 . [7a*8*4]\nKê sát, nữ diệc tử.\n即 令 人 掘 山 得 古 樂 噐 及 其 骸 骨 燒 碎 爲 灰 散 之 江 河 妖 氣 遂 絶 . [7a*8*9]\nTức lệnh nhân quật sơn, đắc cổ nhạc khí cập kì hài cốt, thiêu toái vi hôi, tán chi giang hà, yêu khí toại tuyệt.\n自 此 築 城 不 . [7a*9*15]\nTự thử trúc thành bất..\n",
    "url": "/data/image_dvsk/ngoai_ky/quyen1/DVSKTT_ngoai_I_7a.jpg"
  },
  {
    "text": "過 半 月 而 成 . [7b*1*1]\nquá bán nguyệt nhi thành.\n金 龜 辭 歸 . [7b*1*6]\nKim quy từ quy.\n王 感 謝 請 曰 荷 君 之 恩 其 城 以 固 如 有 外 侮 何 以 禦 之 . [7b*1*10]\nVương cảm tạ, thỉnh viết: \"Hà quân chi ân, kì thành dĩ cố, như hữu ngoại vũ, hà dĩ ngự chi?\".\n金 歸 乃 脱 其 爪 付 王 曰 國 家 安 危 自 有 天 數 人 亦 防 之 倘 見 賊 來 用 此 靈 爪 爲 弩 機 向 賊 發 箭 無 憂 也 . [7b*2*12]\nKim quy nãi thoát kì trảo phó vương viết: \"Quốc gia an nguy tự hữu thiên số, nhân diệc phòng chi; thảng kiến tặc lai dụng thử linh trảo vi nỗ cơ, hướng tặc phát tiễn vô ưu dã\".\n王 命 臣 臯 魯 或 云 皐 通 造 神 弩 以 爪 爲 機 名 曰 靈 光 金 爪 神 弩 . [7b*4*13]\nVương mệnh thần Cao Lỗ [Hoặc vân Cao Thông] tạo thần nỗ, dĩ trảo vi cơ, danh viết Linh Quang Kim Trảo Thần Nỗ.\n唐 高 王 平 南 詔 兵 還 過 武 寧 州 夜 夢 異 人 稱 高 魯 曰 昔 輔 安 陽 王 有 却 敵 大 功 被 貉 侯 譖 去 之 没 後 天 帝 憫 其 無 過 命 賜 一 條 江 山 管 領 都 統 將 軍 征 討 寇 賊 及 農 時 稼 穡 皆 主 之 . [7b*5*16]\n[Đường Cao vương bình Nam Chiếu binh hoàn quá Vũ Ninh châu, dạ mộng dị nhân xưng Cao Lỗ viết: \"Tích phụ An Dương Vương hữu khước địch đại công, bị Lạc hầu tiếm, khứ chi, một hậu, thiên đế mẫn kì vô quá, mệnh tứ nhất điều giang sơn, quản lĩnh đô thống tướng quân, chinh thảo khấu tặc, cập nông thời giá sắc giai chủ chi.\n今 既 從 明 公 討 平 逆 虜 復 至 本 部 不 告 謝 非 禮 也 . [7b*7*23]\nKim ký tòng Minh công thảo bình nghịch lỗ, phục chí bản bộ, bất cáo tạ phi lễ dã\".\n高 王 寤 以 語 僚 属 有 詩 曰 美 矣 交 州 地 悠 悠 萬 載 來 . [7b*8*4]\nCao Vương ngộ, dĩ ngữ liêu thuộc, hữu thi viết: Mĩ hĩ Giao Châu địa, du du vạn tải lai.\n古 賢 能 得 見 終 不 負 灵 臺 . [7b*8*24]\nCổ hiền năng đắc kiến, chung bất phụ linh đài].\n壬 子 九 年 東 周 君 七 年 燕 趙 魏 韓 齊 秦 楚 七 國 . [7b*9*1]\nNhâm tí, cửu niên [Đông Chu Quân thất niên Yến, Triệu, Nguỵ,\n",
    "url": "/data/image_dvsk/ngoai_ky/quyen1/DVSKTT_ngoai_I_7b.jpg"
  },
  {
    "text": "庚 辰 三 十 七 年 秦 始 皇 吕 政 二 十 六 年 . [8a*1*1]\nCanh thìn, tam thập thất niên [Tần Thuỷ Hoàng Lữ Chính nhị thập lục niên].\n秦 併 六 國 稱 皇 帝 . [8a*1*16]\nTần tính lục quốc, xưng hoàng đế.\n時 我 交 趾 慈 廉 人 李 翁 仲 身 長 二 丈 三 尺 少 時 往 鄕 邑 供 力 役 爲 長 官 所 笞 遂 入 仕 秦 至 司 隷 校 尉 . [8a*1*24]\nThời ngã Giao Chỉ Từ Liêm nhân, Lí Ông Trọng thân trường nhị trượng tam xích, thiếu thời vãng hương ấp cung lực dịch, vị trưởng quan sở si, toại nhập sĩ Tần chí Tư lệ hiệu uý.\n始 皇 得 天 下 使 將 兵 守 臨 洮 聲 振 匈 奴 . [8a*3*19]\nThuỷ Hoàng đắc thiên hạ, sử tương binh thủ Lâm Thao, thanh chấn Hung Nô.\n及 老 歸 田 里 卒 . [8a*4*15]\nCập lão quy điền lí tốt.\n始 皇 以 爲 異 鑄 銅 爲 像 置 咸 陽 司 馬 門 腹 中 容 數 十 人 潜 摇 動 之 匈 奴 以 爲 生 校 尉 不 敢 犯 唐 趙 昌 爲 交 州 都 護 常 夜 夢 與 翁 仲 講 春 秋 左 氏 傳 因 訪 其 故 宅 在 焉 立 祠 𦤶 祭 . [8a*5*2]\nThuỷ Hoàng dĩ vi dị, chú đồng vi tượng, trí Hàm Dương Tư Mã môn, phúc trung dung số thập nhân, tiềm dao động chi, Hung Nô dĩ vi sinh hiệu uý bất cảm phạm [Đường Triệu Xương vi Giao Châu đô hộ, thường dạ mộng dữ Ông Trọng giảng Xuân Thu, Tả Thị Truyện, nhân phỏng kì cố trạch tại yên, lập từ trí tế.\n迨 高 王 破 南 詔 常 顯 應 助 順 高 王 重 修 祠 宇 雕 木 立 像 號 李 校 尉 其 神 祠 在 慈 廉 縣 瑞 香 社 . [8a*7*28]\nĐãi Cao Vương phá Nam Chiếu, thường hiển ứng trợ thuận Cao Vương trùng tu từ vũ, điêu mộc lập tượng, hiệu Lí hiệu uý. Kì thần từ tại Từ Liêm huyện, Thuỵ Hương xã].\n丁 亥 四 十 四 年 秦 始 皇 三 十 三 年 . [8a*9*1]\nĐinh Hợi, tứ thập tứ niên, [Tần Thuỷ Hoàng tam thập tam niên].\n秦 發 諸 道 逋 亡 人 贅 壻 . [8a*9*14]\nTần phát chư đạo bô vong nhân, chuế tế..\n",
    "url": "/data/image_dvsk/ngoai_ky/quyen1/DVSKTT_ngoai_I_8a.jpg"
  },
  {
    "text": "賈 人 爲 兵 使 校 尉 屠 雎 將 樓 船 之 士 使 史 祿 𮢶 渠 運 糧 深 入 嶺 南 略 取 陸 糧 地 置 桂 林 今 廣 西 明 貴 縣 是 也 南 海 即 今 廣 東 象 郡 即 南 安 以 任 囂 爲 南 海 尉 趙 佗 爲 龍 川 令 竜 川 南 海 属 縣 領 謫 徒 兵 五 十 萬 人 戍 五 嶺 囂 佗 因 謀 侵 我 . [8b*1*1]\ngiá nhân vi binh, sử hiệu uý Đồ Thư tương lâu thuyền chi sĩ, sử Sử Lộc tạc cừ vận lương, thâm nhập Lĩnh Nam, lược thủ Lục Lương địa, trí Quế Lâm [Kim Quảng Tây Minh Quý huyện thị dã] Nam Hải [Tức kim Quảng Đông] Tượng Quận [Tức Nam] An dĩ Nhâm Ngao vi Nam Hải uý, Triệu Đà vi Long Xuyên lệnh [Long Xuyên Nam Hải thuộc huyện] lĩnh trích đồ binh ngũ thập vạn nhân thú Ngũ Lĩnh, Ngao Đà nhân mưu xâm ngã.\n贅 壻 男 無 財 聘 以 身 自 質 於 妻 家 曰 贅 壻 如 人 身 之 肬 贅 是 餘 剩 之 物 陸 梁 地 嶺 南 人 多 處 山 陸 間 其 性 強 梁 故 曰 陸 梁 辛 卯 四 十 八 年 秦 始 皇 三 十 七 年 冬 十 月 秦 始 皇 崩 于 沙 丘 . [8b*5*3]\n[Chuế tế: nam vô tài sính, dĩ thân tự chất ư thê gia, viết chuế tế như nhân thân chi vưu chuế, thị dư thặng chi vật. Lục Lương địa Lĩnh Nam nhân đa xứ sơn lục gian, kì tính cường lương, cố viết Lục Lương] Tân Mão, tứ thập bát niên [Tần Thuỷ Hoàng tam thập thất niên] Đông, thập nguyệt, Tần Thuỷ Hoàng băng vu Sa Khâu.\n任 囂 趙 佗 帥 師 來 侵 . [8b*8*2]\nNhâm Ngao, Triệu Đà suý sư lai xâm.\n佗 駐 軍 北 江 僊 遊 山 與 王 戰 . [8b*8*10]\nĐà trú quân Bắc Giang, Tiên Du sơn dữ vương chiến.\n王 以 靈 弩 射 之 佗 敗 走 . [8b*9*2]\nVương dĩ linh nỗ xạ chi, Đà bại tẩu.\n時 囂 將 舟 師 在 小 江 即 都 . [8b*9*11]\nThời Ngao tương chu sư tại Tiểu Giang [Tức Đô..\n",
    "url": "/data/image_dvsk/ngoai_ky/quyen1/DVSKTT_ngoai_I_8b.jpg"
  },
  {
    "text": "護 府 後 訛 爲 東 湖 今 東 湖 津 犯 土 神 染 病 歸 . [9a*1*1]\nhộ phủ hậu ngoa vi Đông Hồ kim Đông Hồ tân], phạm thổ thần nhiễm bệnh, quy.\n謂 佗 曰 秦 亡 矣 用 計 攻 泮 可 以 立 國 . [9a*1*19]\nVị Đà viết: \"Tần vong hĩ, dụng kế công Phán khả dĩ lập quốc\".\n佗 知 王 有 神 弩 不 可 敵 退 守 武 寧 山 通 使 講 和 . [9a*2*8]\nĐà tri vương hữu thần nỗ, bất khả địch, thoái thủ Vũ Ninh sơn, thông sứ giảng hoà.\n王 喜 乃 分 平 江 今 東 岸 天 德 江 是 也 以 北 佗 治 之 以 南 王 治 之 . [9a*3*7]\nVương hỉ, nãi phân Bình Giang [Kim Đông Ngạn, Thiên Đức giang thị dã] dĩ Bắc Đà trị chi, dĩ Nam vương trị chi.\n佗 遣 子 仲 始 入 侍 宿 衛 求 婚 王 女 媚 珠 . [9a*4*8]\nĐà khiển tử Trọng Thuỷ nhập thị túc vệ, cầu hôn vương nữ Mị Châu.\n許 之 . [9a*5*4]\nHứa chi.\n仲 始 誘 媚 珠 竊 觀 靈 弩 潜 毀 其 機 易 之 託 以 北 歸 省 親 謂 媚 珠 曰 夫 婦 恩 情 不 可 將 亡 如 兩 國 失 和 南 北 隔 别 我 來 到 此 如 何 得 相 見 媚 珠 曰 妾 有 鵝 毛 錦 褥 常 附 於 身 到 處 拨 毛 置 岐 路 以 示 之 . [9a*5*6]\nTrọng Thuỷ dụ Mị Châu thiết quan linh nỗ, tiềm huỷ kì cơ, dịch chi, thác dĩ Bắc quy tỉnh thân, vị Mị Châu viết: \"Phu phụ ân tình, bất khả tương vong, như lưỡng quốc thất hoà, Nam Bắc cách biệt, ngã lai đáo thử, như hà đắc tương kiến?\" Mị Châu viết: \"Thiếp hữu nga mao cẩm nhục, thường phụ ư thân, đáo xứ bạt mao trí kì lộ dĩ thị chi\".\n仲 始 歸 以 告 佗 . [9a*9*4]\nTrọng Thuỷ quy dĩ cáo Đà.\n",
    "url": "/data/image_dvsk/ngoai_ky/quyen1/DVSKTT_ngoai_I_9a.jpg"
  },
  {
    "text": "癸 巳 五 十 年 秦 二 世 亥 二 年 . [9b*1*1]\nQuý Tị, ngũ thập niên [Tần nhị thế Hợi nhị niên].\n胡 任 囂 病 且 死 謂 佗 曰 聞 陳 勝 等 作 亂 民 心 爲 之 所 附 . [9b*1*12]\nHồ Nhâm Ngao bệnh thả tử, vị Đà viết: \"Văn Trần Thắng đẳng tác loạn, dân tâm vị chi sở phụ.\n此 土 僻 遠 吾 恐 群 盗 侵 犯 至 此 欲 以 絶 道 秦 所 開 自 備 待 諸 侯 變 會 . [9b*2*11]\nThử thổ tích viễn, ngô khủng quần đạo xâm phạm, chí thử dục dĩ tuyệt đạo [Tần sở khai, tự bị, đãi chư hầu biến hội\".\n病 甚 曰 番 禺 漢 曰 南 城 負 山 阻 水 東 西 各 數 千 里 頗 有 秦 人 相 輔 亦 足 見 國 興 王 爲 一 方 之 主 也 . [9b*3*18]\nBệnh thậm viết: \"Phiên Ngung [Hán viết Nam Thành] phụ sơn trở thuỷ, Đông Tây các sổ thiên lí, pha hữu Tần nhân tương phụ, diệc túc kiến quốc, hưng vương, vi nhất phương chi chủ dã.\n郡 中 長 吏 無 足 與 謀 者 故 特 召 公 告 之 . [9b*5*15]\nQuận trung trưởng lại vô túc dữ mưu giả, cố đặc triệu công cáo chi\".\n因 以 佗 自 代 . [9b*6*11]\nNhân dĩ Đà tự đại.\n囂 死 佗 即 移 檄 告 横 浦 陽 山 潢 谿 關 曰 盗 兵 且 至 急 絶 道 聚 兵 自 守 . [9b*6*16]\nNgao tử, Đà tức di hịch cáo Hoành Phố, Dương Sơn, Hoàng Khê, quan viết: \"Đạo binh thả chí, cấp tuyệt đạo, tụ binh tự thủ\".\n檄 至 州 郡 皆 應 之 . [9b*8*4]\nHịch chí, châu quận giai ứng chi.\n於 是 盡 殺 秦 所 至 長 吏 以 其 親 黨 代 爲 守 . [9b*8*11]\nƯ thị tận sát Tần sở chí trưởng lại, dĩ kì thân đảng đại vi thú.\n佗 發 兵 攻 王 王 不 知 弩 機 已 失 . [9b*9*8]\nĐà phát binh công vương, vương bất tri nỗ cơ dĩ thất,..\n",
    "url": "/data/image_dvsk/ngoai_ky/quyen1/DVSKTT_ngoai_I_9b.jpg"
  },
  {
    "text": "圍 棊 笑 曰 佗 不 畏 吾 神 弩 耶 佗 軍 逼 近 王 舉 弩 已 折 矣 . [10a*1*1]\nvi kì tiếu viết: \"Đà bất uý ngô thần nỗ da?\" Đà quân bức cận, vương cử nỗ dĩ triết hĩ.\n尋 走 敗 坐 媚 珠 於 馬 上 與 王 南 奔 . [10a*2*3]\nTầm tẩu bại, toạ Mị Châu ư mã thượng, dữ vương Nam bôn.\n仲 始 認 鵝 毛 追 之 . [10a*2*16]\nTrọng Thuỷ nhận nga mao truy chi.\n王 至 海 濱 途 窮 無 舟 楫 連 呼 金 龜 速 來 救 我 金 龜 湧 出 水 上 叱 曰 乘 馬 後 者 是 賊 也 盍 殺 之 . [10a*3*4]\nVương chí hải tân, đồ cùng vô chu tiếp, liên hô Kim quy: \"Tốc lai cứu ngã!\" Kim quy dũng xuất thuỷ thượng sất viết: \"Thừa mã hậu giả thị tặc dã, hạp sát chi?\".\n王 拨 劍 欲 斬 媚 珠 媚 珠 祝 曰 忠 信 一 節 爲 人 所 詐 願 化 爲 珠 玉 雪 此 讐 耻 . [10a*5*1]\nVương bạt kiếm dục trảm Mị Châu, Mị Châu chúc viết: \"Trung tín nhất tiết, vi nhân sở trá, nguyện hoá vi châu ngọc tuyết thử thù sỉ\".\n王 竟 斬 之 血 流 水 上 蛤 蚌 含 入 心 化 成 明 珠 . [10a*6*10]\nVương cánh trảm chi, huyết lưu thuỷ thượng, cáp bạng hàm nhập tâm hoá thành minh châu.\n王 持 七 寸 文 犀 入 海 去 今 辟 水 犀 也 . [10a*7*8]\nVương trì thất thốn văn tê nhập hải khứ [Kim bích thuỷ tê dã.\n世 傳 演 州 高 舍 社 夜 山 是 其 處 . [10a*7*21]\nThế truyền Diễn Châu Cao Xá xã Dạ Sơn thị kì xứ].\n仲 始 追 及 之 見 媚 珠 以 死 慟 哭 抱 其 尸 歸 葬 螺 城 化 爲 玉 石 . [10a*8*12]\nTrọng Thuỷ truy cập chi, kiến Mị Châu dĩ tử, đỗng khốc bão kì thi quy táng Loa thành, hoá vi ngọc thạch.\n仲 始 懷 惜 媚 珠 還 於 粧 . [10a*9*11]\nTrọng Thuỷ hoài tích Mị Châu, hoàn ư trang..\n",
    "url": "/data/image_dvsk/ngoai_ky/quyen1/DVSKTT_ngoai_I_10a.jpg"
  },
  {
    "text": "浴 處 悲 想 不 自 勝 竟 投 身 井 底 死 . [10b*1*1]\ndục xứ, bi tưởng bất tự thăng, cánh đầu thân tỉnh để tử.\n後 人 得 東 海 明 珠 以 井 水 洗 之 色 愈 光 瑩 . [10b*1*14]\nHậu nhân đắc Đông hải minh châu, dĩ tỉnh thuỷ tẩy chi, sắc dũ quang oánh.\n史 臣 吳 士 連 曰 金 龜 之 説 信 乎 有 莘 降 神 石 能 言 容 或 有 之 . [10b*3*1]\nSử thần Ngô Sĩ Liên viết: Kim quy chi thuyết tín hồ? hữu Sần giáng thần, thạch năng ngôn dung hoặc hữu chi.\n蓋 神 於 人 而 行 詫 物 以 言 也 . [10b*4*6]\nCái thần ư nhân nhi hành, sá vật dĩ ngôn dã.\n國 之 將 興 神 明 降 之 以 監 其 德 將 亡 神 亦 降 之 以 觀 其 惡 . [10b*4*17]\nQuốc chi tương hưng, thần minh giáng chi dĩ giám kì đức; tương vong, thần diệc giáng chi dĩ quan kì ác.\n故 有 待 神 以 興 亦 有 以 亡 . [10b*6*3]\nCố hữu đãi thần dĩ hưng, diệc hữu dĩ vong.\n安 陽 王 興 功 築 城 之 役 有 不 節 民 力 故 神 託 金 龜 告 之 非 怨 讟 動 乎 民 而 能 然 耶 猶 似 之 也 . [10b*6*13]\nAn Dương Vương hưng công trúc thành chi dịch hữu bất tiết dân lực, cố thần thác kim quy cáo chi, phi oán độc động hồ dân nhi năng nhiên da? Do tự chi dã.\n及 其 憂 後 患 而 要 請 於 神 則 私 意 起 矣 . [10b*8*12]\nCập kì ưu hậu hoạn nhi yếu thỉnh ư thần, tắc tư ý khởi hĩ.\n私 意 一 萌 則 天 理 隨 滅 神 . [10b*9*9]\nTư ý nhất manh tắc thiên lí tuỳ diệt, thần..\n",
    "url": "/data/image_dvsk/ngoai_ky/quyen1/DVSKTT_ngoai_I_10b.jpg"
  },
  {
    "text": "安 得 不 羞 以 禍 耶 其 脱 靈 爪 付 之 謂 是 以 却 其 禍 之 萌 乎 如 神 有 賜 虢 土 田 之 命 而 虢 隨 以 亡 也 . [11a*1*1]\nan đắc bất tu dĩ hoạ da! Kì thoát linh trảo phó chi, vị thị dĩ khước địch, kì hoạ chi manh hồ? Như thần hữu tứ Quắc thổ điền chi mệnh, nhi Quắc tuỳ dĩ vong dã.\n厥 後 果 然 . [11a*3*3]\nQuyết hậu quả nhiên.\n何 莫 非 依 人 而 行 也 如 無 要 請 之 言 但 循 理 而 行 安 知 國 祚 之 不 長 久 乎 至 於 媚 珠 鵝 毛 表 道 之 事 未 必 有 也 . [11a*3*7]\nHà mạc phi y nhân nhi hành dã? Như vô yếu thỉnh chi ngôn, đãn tuần lí nhi hành, an tri quốc tộ chi bất trường cửu hồ? Chí ư Mị Châu nga mao biểu đạo chi sự, vị tất hữu dã.\n如 或 有 之 僅 一 見 焉 可 也 後 趙 越 王 女 再 模 倣 言 之 何 耶 蓋 編 史 者 以 蜀 趙 亡 國 之 由 皆 出 於 女 壻 故 因 一 事 而 两 言 之 歟 然 則 鬼 能 𮥠 城 亦 信 乎 曰 伯 有 爲 厲 之 類 也 彼 立 其 後 得 所 歸 而 止 . [11a*5*13]\nNhư hoặc hữu chi cẩn nhất kiến yên khả dã, hậu Triệu Việt Vương nữ tái mạc phỏng ngôn chi, hà da? Cái biên sử giả dĩ Thục, Triệu vong quốc chi do giai xuất ư nữ tế, cố nhân nhất sự nhi lưỡng ngôn chi dư? Nhiên tắc quỷ năng huy thành diệc tín hồ? Viết: Bá Hữu vi lệ chi loại dã, bỉ lập kì hậu đắc sở quy nhi chỉ.\n此 除 其 妖 無 . [11a*9*14]\nThử trừ kì yêu, vô..\n",
    "url": "/data/image_dvsk/ngoai_ky/quyen1/DVSKTT_ngoai_I_11a.jpg"
  },
  {
    "text": "所 附 而 止 . [11b*1*1]\nsở phụ nhi chỉ.\n至 於 史 記 安 陽 王 敗 亡 因 神 弩 易 機 趙 越 王 敗 亡 因 兜 鍪 失 爪 乃 假 辞 以 神 其 物 爾 . [11b*1*5]\nChí ư sử ký An Dương Vương bại vong, nhân thần nỗ dịch cơ, Triệu Việt Vương bại vong, nhân Đâu mâu thất trảo, nãi giả từ dĩ thần kì vật nhĩ.\n若 夫 固 國 禦 戒 自 有 其 道 得 道 者 多 助 而 興 失 道 者 寡 助 而 亡 非 爲 此 也 . [11b*3*1]\nNhược phu cố quốc ngự giới tự hữu kì đạo, đắc đạo giả đa trợ nhi hưng, thất đạo giả quả trợ nhi vong, phi vi thử dã.\n右 安 陽 王 起 甲 辰 終 癸 巳 凣 五 十 年 . [11b*5*1]\nHữu An Dương Vương, khởi Giáp Thìn, chung Quý Tị, phàm ngũ thập niên.\n大 越 史 記 外 紀 全 書 卷 之 一 終 . [11b*9*1]\nĐại Việt Sử Ký Ngoại Kỷ Toàn Thư quyển chi nhất chung.\n",
    "url": "/data/image_dvsk/ngoai_ky/quyen1/DVSKTT_ngoai_I_11b.jpg"
  }
]