[
  {
    "text": "黎 文 休 曰 徵 側 徵 貳 以 女 子 一 呼 而 九 真 日 南 合 浦 及 嶺 外 六 十 五 城 皆 應 之 其 立 國 稱 王 易 如 反 掌 可 見 我 越 形 勢 足 致 覇 王 之 業 也 . [3a*1*1]\nLê Văn Hưu viết: Trưng Trắc, Trưng Nhị dĩ nữ tử, nhất hô nhi Cửu Chân, Nhật Nam, Hợp Phố cập Lĩnh Ngoại lục thập ngũ thành giai ứng chi, kì lập quốc xưng vương dị như phản chưởng, khả kiến ngã Việt hình thế túc trí bá vương chi nghiệp dã.\n惜 乎 繼 趙 之 後 以 至 吳 氏 之 前 千 餘 年 之 間 男 子 徒 自 低 頭 束 手 爲 北 人 臣 僕 曾 不 愧 二 徵 之 女 子 吁 可 謂 自 棄 矣 . [3a*3*17]\nTích hồ kế Triệu chi hậu dĩ chí Ngô thị chi tiền, thiên dư niên chi gian, nam tử đồ tự đê đầu thúc thủ vi Bắc nhân thần bộc, tằng bất quý nhị Trưng chi nữ tử? Hu! Khả vị tự khí hĩ.\n右 徵 女 王 起 庚 子 終 任 寅 凣 三 年 . [3a*7*1]\nHữu Trưng Nữ Vương, khởi Canh Tí, chung Nhâm dần, phàm tam niên.\n属 東 漢 紀 . [3a*8*1]\nThuộc Đông Hán KỶ.\n癸 卯 四 年 漢 建 武 春 正 月 十 九 年 . [3a*9*1]\nQuý Mão, tứ niên [Hán Kiến Vũ Xuân, chính nguyệt, thập cửu niên].\n徵 女 王 及 其 妹 貳 與 漢 . [3a*9*14]\nTrưng nữ vương cập kì muội Nhị dữ Hán..\n",
    "url": "/data/image_dvsk/ngoai_ky/quyen3/DVSKTT_ngoai_III_3a.jpg"
  },
  {
    "text": "兵 拒 戰 势 孤 遂 皆 陷 没 . [3b*1*1]\nbinh cự chiến, thế cô toại giai hãm một.\n馬 援 追 擊 其 餘 󰕛 都 陽 等 . [3b*1*10]\nMã Viện truy kích kì dư chúng Đô Dương đẳng.\n至 居 封 縣 降 之 乃 立 銅 柱 爲 漢 極 𪽐 . [3b*2*1]\nChí Cư Phong huyện hàng chi, nãi lập đồng trụ vi Hán cực giới.\n銅 柱 相 傳 在 欽 州 古 洞 上 . [3b*2*15]\n[Đồng trụ tương truyền tại Khâm châu Cổ Lâu động thượng.\n援 有 誓 云 銅 柱 折 交 州 滅 我 越 人 過 其 下 每 以 石 培 之 遂 成 丘 陵 恐 其 折 也 唐 馬 總 又 建 二 銅 柱 於 漢 故 處 記 著 馬 德 以 其 爲 伏 波 之 裔 今 未 詳 所 在 左 右 二 江 合 有 其 一 援 以 西 于 縣 有 户 三 萬 三 千 因 請 分 爲 封 溪 望 海 二 縣 漢 帝 從 之 . [3b*3*2]\nViện hữu thệ vân: \"Đồng trụ triết, Giao Châu diệt\". Ngã Việt nhân quá kì hạ, mỗi dĩ thạch bồi chi, toại thành khâu lăng, khủng kì triết dã. Đường Mã tổng hựu kiến nhị đồng trụ ư Hán cố xứ ký trứ Mã đức dĩ minh kì vi Phục Ba chi duệ, kim vị tường sở tại. Tả hữu nhị giang hợp hữu kì nhất] Viện dĩ Tây Vu huyện hữu hộ tam vạn tam thiên, Nhân thỉnh phân vi Phong Khê Vọng Hải nhị huyện, Hán đế tòng chi.\n援 又 築 蠒 江 城 於 封 溪 . [3b*6*3]\nViện hựu trúc trùng Giang thành ư Phong Khê.\n其 城 圓 如 蠒 故 以 爲 名 . [3b*6*12]\nKì thành viên như trùng, cố dĩ vi danh.\n我 越 遂 属 于 漢 . [3b*7*2]\nNgã Việt toại thuộc vu Hán.\n後 三 年 援 還 . [3b*7*8]\nHậu tam niên, Viện hoàn.\n土 人 哀 慕 徵 女 王 立 祠 奉 事 之 祠 在 福 祿 縣 喝 江 社 番 禺 舊 地 城 亦 有 之 . [3b*7*13]\nThổ nhân ai mộ Trưng Nữ Vương lập từ phụng sự chi [Từ tại Phúc Lộc huyện, Hát Giang xã, Phiên Ngung cựu địa thành diệc hữu chi].\n史 臣 吳 士 連 曰 徵 氏 憤 漢 守 之 虐 奮 臂 一 呼 而 . [3b*9*1]\nSử thần Ngô Sĩ Liên viết: Trưng thị phẫn Hán thú chi ngược, phấn tí nhất hô nhi..\n",
    "url": "/data/image_dvsk/ngoai_ky/quyen3/DVSKTT_ngoai_III_3b.jpg"
  },
  {
    "text": "我 越 國 統 幾 乎 復 合 其 英 雄 氣 槩 𡸈 獨 於 生 時 建 國 稱 王 没 後 能 捍 灾 禦 患 . [4a*1*1]\nngã Việt quốc thống cơ hồ phục hợp, kì anh hùng khí khái khởi độc ư sinh thời kiến quốc xưng vương, một hậu năng hãn tai ngự hoạn.\n凣 遭 灾 傷 水 旱 禱 之 無 不 應 . [4a*2*12]\nPhàm tao tai thương thuỷ hạn, đảo chi vô bất ứng.\n徵 妹 亦 然 . [4a*3*5]\nTrưng muội diệc nhiên.\n蓋 女 有 士 行 而 其 雄 勇 之 氣 在 天 地 間 不 以 身 之 没 而 有 餒 也 . [4a*3*9]\nCái nữ hữu sĩ hạnh, nhi kì hùng dũng chi khí, tại thiên địa gian, bất dĩ thân chi một nhi hữu nỗi dã.\n大 丈 夫 𡸈 可 不 養 其 剛 直 正 大 之 氣 哉 甲 辰 漢 建 武 二 十 年 . [4a*4*15]\nĐại trượng phu khởi khả bất dưỡng kì cương trực chính đại chi khí tai? Giáp Thìn, [Hán Kiến Vũ nhị thập niên].\n自 此 以 後 歷 漢 明 帝 章 帝 和 帝 殤 帝 安 帝 凣 五 世 共 八 十 二 年 惟 明 帝 時 南 陽 人 李 善 守 日 南 以 惠 愛 爲 政 𢙇 來 異 俗 . [4a*6*9]\nTự thử dĩ hậu, lịch Hán Minh Đế, Chương Đế, Hoà Đế, Thương đế, An Đế, phàm ngũ thế, cộng bát thập nhị niên, duy Minh Đế thời, Nam Dương nhân Lí Thiện thú Nhật Nam dĩ huệ ái vi chính, hoài lai dị tục.\n遷 九 真 太 守 . [4a*8*14]\nThiên Cửu Chân Thái thú.\n丙 子 漢 順 帝 保 永 和 元 年 . [4a*9*1]\nBính Tí, [Hán Thuận Đế bảo Vĩnh Hoà nguyên niên].\n太 守 周 僘 以 交 州 在 九 圍 之 外 百 . [4a*9*11]\nThái thú Chu Xưởng dĩ Giao Châu tại cửu vi chi ngoại, bách..\n",
    "url": "/data/image_dvsk/ngoai_ky/quyen3/DVSKTT_ngoai_III_4a.jpg"
  },
  {
    "text": "越 之 表 上 表 請 置 方 伯 . [4b*1*1]\nViệt chi biểu, thượng biểu thỉnh trí phương bá.\n漢 帝 以 僘 爲 刺 史 都 監 郡 縣 . [4b*1*10]\nHán đế dĩ Xưởng vi Thứ sử, đô giám quận huyện.\n丁 丑 漢 永 和 二 年 . [4b*3*1]\nĐinh Sửu, [Hán Vĩnh Hoà nhị niên].\n日 南 象 林 蠻 古 越 裳 國 界 區 憐 等 攻 郡 縣 殺 長 吏 . [4b*3*8]\nNhật Nam Tượng Lâm Man [Cổ Việt Thường quốc giới] Khu Liên đẳng công quận huyện, sát trưởng lại.\n交 州 刺 史 樊 演 發 州 兵 及 九 真 兵 萬 餘 人 救 之 兵 士 憚 遠 役 . [4b*4*4]\nGiao Châu Thứ sử Phàn Diễn phát châu binh cập Cửu Chân binh vạn dư nhân cứu chi, binh sĩ đạn viễn dịch.\n秋 七 月 二 郡 兵 反 攻 府 治 其 󰟨 轉 盛 . [4b*5*8]\nThu, thất nguyệt, nhị quận binh phản công phủ trị, kì thế chuyển thịnh.\n戊 寅 漢 永 和 三 年 . [4b*7*1]\nMậu Dần, [Hán Vĩnh Hoà tam niên].\n夏 五 月 侍 御 史 賈 昌 與 州 郡 併 力 討 區 憐 等 不 克 爲 所 攻 圍 歲 餘 兵 毂 不 繼 . [4b*7*8]\nHạ, ngũ nguyệt, Thị ngự sử Giả Xương dữ châu quận tịnh lực thảo Khu Liên đẳng bất khắc, vị sở công vi tuế dư, binh cốc bất kế.\n漢 帝 召 公 卿 百 官 及 四 府 椽 属 問 以 方 畧 皆 議 遣 將 發 荆 楊 . [4b*8*16]\nHán Đế triệu công khanh bách quan cập tứ phủ chuyên thuộc vấn dĩ phương lược, giai nghị khiển tướng phát Kinh Dương..\n",
    "url": "/data/image_dvsk/ngoai_ky/quyen3/DVSKTT_ngoai_III_4b.jpg"
  },
  {
    "text": "兖 豫 四 萬 人 赴 之 . [5a*1*1]\nDuyện Dự tứ vạn nhân phó chi.\n李 固 駁 曰 荆 楊 盗 賊 盤 結 不 散 長 沙 桂 陽 數 被 徵 發 如 復 擾 動 必 更 生 患 . [5a*1*8]\nLí Cố bác viết: Kinh, Dương đạo tặc bàn kết bất tán; Trường Sa, Quế Dương sổ bị trưng phát, như phục nhiễu động, tất cánh sinh hoạn.\n兖 豫 之 人 遠 赴 萬 里 詔 書 迫 促 必 𦤶 叛 亡 . [5a*2*17]\nDuyện Dự chi nhân viễn phó vạn lí, chiếu thư bách xúc, tất trí phản vong.\n南 州 暑 濕 加 以 瘴 癘 致 死 亡 者 十 必 四 五 . [5a*3*14]\nNam Châu thử thấp gia dĩ chướng lệ, trí tử vong giả, thập tất tứ ngũ.\n遠 涉 萬 李 士 卒 疲 勞 此 至 嶺 南 不 復 堪 鬪 . [5a*4*11]\nViễn thiệp vạn lí, sĩ tốt bì lao, thử chí Lĩnh Nam bất phục kham đấu.\n軍 行 日 三 十 里 而 兖 豫 去 日 南 九 千 餘 里 三 百 日 乃 到 . [5a*5*8]\nQuân hành nhật tam thập lí, nhi Duyện Dự khứ Nhật Nam cửu thiên dư lí, tam bách nhật nãi đáo.\n計 人 廪 五 升 用 米 六 十 萬 斛 不 計 將 吏 驢 馬 之 食 . [5a*6*10]\nKê nhân lẫm ngũ thăng, dụng mễ lục thập vạn hộc, bất kê tướng lại lư mã chi thực.\n設 軍 所 在 死 亡 必 󰕛 既 不 足 禦 敵 當 復 更 發 . [5a*7*10]\nThiết quân sở tại, tử vong tất chúng, ký bất túc ngự địch, đương phục cánh phát.\n此 爲 刻 割 腹 心 以 補 四 肢 . [5a*8*8]\nThử vi khắc cát phúc tâm dĩ bổ tứ chi.\n九 真 日 南 相 去 千 里 發 其 吏 民 猶 且 弗 堪 况 乃 苦 四 州 . [5a*8*18]\nCửu Chân, Nhật Nam tương khứ thiên lí, phát kì lại dân do thả phất kham, huống nãi khổ tứ châu..\n",
    "url": "/data/image_dvsk/ngoai_ky/quyen3/DVSKTT_ngoai_III_5a.jpg"
  },
  {
    "text": "之 卒 以 赴 萬 里 之 難 哉 前 中 郎 將 尹 就 討 益 州 叛 羗 益 州 諺 曰 虜 來 尙 可 尹 來 殺 我 . [5b*1*1]\nchi tốt, dĩ phó vạn lí chi nạn tai? Tiền Trung lang tướng Doãn Tựu thảo Ích Châu phản dữu, Ích Châu ngạn viết: \"Lỗ lai thượng khả, Doãn lai sát ngã\".\n後 就 徵 還 以 兵 付 判 州 張 喬 喬 因 其 將 吏 旬 日 之 間 殄 滅 群 道 . [5b*2*14]\nHậu Tựu trưng hoàn, dĩ binh phó Phán châu Trương Kiều, Kiều nhân kì tướng lại, tuần nhật chi gian điễn diệt quần đạo.\n此 發 將 無 益 之 效 州 郡 可 任 之 驗 也 . [5b*3*19]\nThử phát tướng vô ích chi hiệu, châu quận khả nhiệm chi nghiệm dã.\n宜 更 選 有 勇 畧 仁 惠 可 任 將 帥 者 以 爲 刺 史 太 守 徙 日 南 吏 民 北 依 交 趾 還 募 蠻 夷 使 自 相 攻 轉 輸 金 帛 以 爲 其 資 有 能 反 間 致 降 許 以 裂 土 之 封 . [5b*4*14]\nNghi cánh tuyển hữu dũng lược nhân huệ, khả nhiệm tướng suý giả, dĩ vi Thứ sử, Thái thú, tỉ Nhật Nam lại dân Bắc y Giao Chỉ, hoàn mộ Man Di sử tự tương công, chuyển thâu kim bạch dĩ vi kì tư, hữu năng phản gián trí hàng hứa dĩ liệt thổ chi phong.\n前 并 州 刺 史 祝 良 性 勇 决 張 喬 前 在 益 州 有 破 虜 之 功 皆 可 任 用 . [5b*7*13]\nTiền Tính Châu Thứ sử chúc Lương tính dũng quyết, Trương Kiều tiền tại Ích Châu hữu phá lỗ chi công, giai khả nhiệm dụng.\n四 府 必 從 固 議 . [5b*8*19]\nTứ phủ tất tòng Cố Nghị.\n即 拜 良 爲 九 真 太 守 喬 爲 交 州 刺 史 . [5b*9*6]\nTức bái Lương vi Cửu Chân Thái thú, Kiều vi Giao Châu thứ sử.\n",
    "url": "/data/image_dvsk/ngoai_ky/quyen3/DVSKTT_ngoai_III_5b.jpg"
  },
  {
    "text": "喬 至 開 誠 慰 諭 󰕛 皆 降 服 . [6a*1*1]\nKiều chí khai thành uý dụ, chúng giai hàng phục.\n良 單 車 到 九 真 示 以 威 信 降 者 數 萬 人 . [6a*1*11]\nLương đơn xa đáo Cửu Chân thị dĩ uy tín, hàng giả sổ vạn nhân.\n甲 申 漢 建 康 元 年 . [6a*3*1]\nGiáp Thân, [Hán Kiến Khang nguyên niên].\n秋 八 月 漢 帝 崩 . [6a*3*8]\nThu, bát nguyệt, Hán Đế băng.\n冬 十 月 日 南 復 攻 燒 郡 邑 . [6a*3*15]\nĐông, thập nguyệt, Nhật Nam phục công thiêu quận ấp.\n九 真 刺 史 夏 方 招 降 者 而 撫 諭 之 . [6a*4*4]\nCửu Chân Thứ sử Hạ Phương chiêu hàng giả nhi phủ dụ chi.\n尋 轉 桂 陽 太 守 以 劉 藻 代 之 . [6a*4*17]\nTầm chuyển Quế Dương Thái thú dĩ Lưu Tảo đại chi.\n庚 子 漢 桓 帝 志 元 嘉 二 年 . [6a*6*1]\nCanh Tí, [Hán Hoàn Đế Chí Nguyên Gia nhị niên].\n冬 十 一 月 九 真 郡 人 復 屯 據 日 南 󰕛 轉 強 盛 . [6a*6*11]\nĐông, thập nhất nguyệt, Cửu Chân quận nhân phục đồn cứ Nhật Nam, chúng chuyển cường thịnh.\n時 夏 方 已 徙 桂 陽 太 守 因 復 拜 爲 刺 史 . [6a*7*5]\nThời Hạ Phương dĩ tỉ Quế Dương Thái thú, nhân phục bái vi thứ sử.\n方 威 惠 素 著 及 至 日 南 眾 聚 萬 餘 人 相 率 諸 方 降 . [6a*8*1]\nPhương uy huệ tố trứ, cập chí Nhật Nam, chúng tụ vạn dư nhân tương suất chư Phương hàng.\n戊 午 漢 灵 帝 宏 光 和 元 年 . [6a*9*1]\nMậu Ngọ, [Hán Linh Đế Hoành Quang Hoà nguyên niên].\n夏 四 月 州 人 及 烏 滸 蠻 久 爲 亂 牧 . [6a*9*11]\nHạ, tứ nguyệt, châu nhân cập Ô Hử Man cửu vi loạn, mục..\n",
    "url": "/data/image_dvsk/ngoai_ky/quyen3/DVSKTT_ngoai_III_6a.jpg"
  },
  {
    "text": "守 周 喁 不 能 禦 州 人 梁 龍 等 因 之 起 兵 攻 破 郡 縣 有 眾 數 萬 人 . [6b*1*1]\nthú Chu Ngung bất năng ngự, châu nhân Lương Long đẳng nhân chi khởi binh công phá quận huyện, hữu chúng sổ vạn nhân.\n辛 酉 漢 光 和 四 年 . [6b*3*1]\nTân Dậu, [Hán Quang Hoà tứ niên].\n漢 帝 使 蘭 陵 令 會 󰏲 上 󰔄 人 朱 儁 救 喁 . [6b*3*8]\nHán đế sử Lan Lăng lệnh Cối Kê, Thượng Ngu nhân Chu Tuấn cứu Ngung.\n道 過 本 鄕 募 家 兵 及 所 調 兵 五 千 從 两 道 入 . [6b*4*2]\nĐạo quá bản hương, mộ gia binh cập sở điều binh ngũ thiên, tòng lưỡng đạo nhập.\n先 使 人 觀 虚 實 宣 揚 威 德 以 震 動 其 心 既 而 土 郡 兵 逼 進 殺 梁 龍 降 者 數 萬 人 . [6b*4*19]\nTiên sử nhân quan hư thực, tuyên dương uy đức dĩ chấn động kì tâm, ký nhi thổ quận binh bức tiến, sát Lương Long, hàng giả sổ vạn nhân.\n甲 子 漢 中 平 元 年 . [6b*7*1]\nGiáp Tí, [Hán Trung Bình nguyên niên].\n州 人 屯 兵 執 刺 史 周 喁 殺 之 遣 人 請 闕 數 喁 罪 狀 . [6b*7*8]\nChâu nhân đồn binh chấp Thứ sử Chu Ngung sát chi, khiển nhân thỉnh khuyết sổ Ngung tội trạng.\n漢 帝 聞 之 詔 精 選 能 吏 . [6b*8*6]\nHán đế văn chi, chiếu tinh tuyển năng lại.\n有 司 進 東 郡 聊 城 人 賈 琮 以 爲 刺 史 . [6b*8*15]\nHữu ti tiến Đông quận Liêu Thành nhân Giả Tông dĩ vi Thứ sử.\n琮 初 爲 御 史 . [6b*9*10]\n[Tông sơ vi Ngự sử].\n先 是 爲 刺 史 者 以 . [6b*9*15]\nTiên thị vi Thứ sử giả dĩ..\n",
    "url": "/data/image_dvsk/ngoai_ky/quyen3/DVSKTT_ngoai_III_6b.jpg"
  },
  {
    "text": "其 地 有 明 珠 翠 羽 犀 象 玳 瑁 異 香 美 材 之 物 率 無 清 行 財 計 盈 給 輙 求 遷 代 故 吏 民 皆 叛 之 . [7a*1*1]\nkì địa hữu minh châu, thuý vũ, tê, tượng, đồi mồi, dị hương, mĩ tài chi vật, suất vô thanh, hành tài kể doanh, cấp triếp cầu thiên đại, cố lại dân giai phản chi.\n及 琮 到 部 訊 其 叛 狀 僉 曰 前 政 賦 歛 深 刻 百 姓 莫 不 困 乏 京 師 遙 遠 無 所 告 訴 民 不 聊 生 故 相 聚 以 拒 之 非 真 叛 也 . [7a*2*17]\nCập Tông đáo bộ, tấn kì phản trạng, thiêm viết tiền chính phú liễm thâm khắc, bách tính mạc bất khốn phạp, Kinh sư dao viễn, vô sở cáo tố, dân bất liêu sinh, cố tương tụ dĩ cự chi, phi chân phản dã.\n琮 乃 遣 人 分 行 慰 諭 使 各 安 其 業 招 撫 流 亡 蠲 復 賦 歛 . [7a*5*4]\nTông nãi khiển nhân phân hành uý dụ, sử các an kì nghiệp, chiêu phủ lưu vong, quyên phục phú liễm.\n於 是 誅 爲 苛 虐 之 魁 首 者 簡 良 吏 守 諸 郡 縣 . [7a*6*6]\nƯ thị tru vi hà ngược chi khôi thủ giả, giản lương lại thú chư quận huyện.\n百 姓 以 安 街 巷 爲 之 歌 曰 賈 父 來 晚 使 我 先 反 . [7a*7*4]\nBách tính dĩ an, nhai hạng vi chi ca viết: \"Giả phụ lai vãn, sử ngã tiên phản.\n今 見 清 平 不 敢 復 反 . [7a*8*3]\nKim kiến thanh bình, bất cảm phục phản\".\n琮 任 事 三 年 徵 拜 議 郎 使 李 進 代 之 李 進 我 交 州 人 . [7a*8*11]\nTông nhiệm sự tam niên, trưng bái Nghị Lang Sử Lí Tiến đại chi [Lí Tiến ngã Giao Châu nhân].\n",
    "url": "/data/image_dvsk/ngoai_ky/quyen3/DVSKTT_ngoai_III_7a.jpg"
  }
]