[
  {
    "text": "丙 寅 漢 中 平 三 年 . [7b*1*1]\nBính Dần [Hán Trung Bình tam niên].\n黎 文 休 曰 觀 史 至 我 越 無 主 之 時 爲 北 人 刺 史 之 無 清 行 者 所 困 . [7b*2*1]\nLê Văn Hưu viết: \"Quan sử chí ngã Việt vô chủ chi thời, vị Bắc nhân Thứ sử chi vô thanh hành giả sở khốn.\n北 京 地 遠 無 所 告 訴 不 覺 愧 感 父 集 翼 見 精 誠 如 後 唐 明 宗 時 焚 香 祝 天 願 天 爲 我 越 早 生 聖 人 自 帝 其 國 以 免 北 人 之 侵 漁 者 也 . [7b*3*7]\nBắc Kinh địa viễn, vô sở cáo tố, bất giác quý cảm phụ tập, dục kiến tinh thành như hậu Đường Minh Tông thời, phần hương chúc thiên: nguyện thiên vi ngã Việt, tảo sinh thánh nhân, tự đế kì quốc, dĩ miễn Bắc nhân chi xâm ngư giả dã.\n右 属 于 漢 自 癸 卯 至 丙 寅 凣 一 百 四 十 四 年 . [7b*6*1]\nHữu thuộc vu Hán, Tự Quý Mão chí Bính Dần, phàm nhất bách tứ thập tứ niên.\n士 王 紀 . [7b*7*1]\nSĩ Vương KỶ.\n士 王 在 位 四 十 年 壽 九 十 年 王 寬 厚 謙 虚 人 心 愛 戴 保 全 越 之 地 以 當 三 國 之 強 既 明 且 智 足 称 賢 君 . [7b*8*1]\nSĩ Vương, Tại vị tứ thập niên, Thọ cửu thập niên [Vương khoan hậu khiêm hư, nhân tâm ái đái, bảo toàn Việt chi địa, dĩ đương tam quốc chi cường, ký minh thả trí, túc xưng hiền quân].\n",
    "url": "/data/image_dvsk/ngoai_ky/quyen3/DVSKTT_ngoai_III_7b.jpg"
  },
  {
    "text": "姓 士 諱 燮 字 彦 威 蒼 梧 廣 信 人 也 . [8a*1*1]\nTính Sĩ, huý Nhiếp, tự Ngạn Uy, Thương Ngô Quảng Tín nhân dã.\n其 先 魯 國 汶 陽 人 也 北 朝 王 莽 之 亂 避 地 于 我 越 六 世 至 王 . [8a*1*14]\nKì tiên Lỗ quốc Vấn Dương nhân dã, Bắc triều Vương Mãng chi loạn, tị địa vu ngã Việt lục thế chí vương.\n父 賜 漢 桓 帝 時 爲 日 南 太 守 . [8a*3*5]\nPhụ Tứ, Hán Hoàn Đế thời vi Nhật Nam Thái thú.\n王 少 游 學 漢 京 從 穎 川 劉 子 奇 治 左 氏 春 秋 爲 注 解 舉 孝 廉 補 尙 書 郎 以 公 事 免 官 父 䘮 闋 音 鈌 盡 也 後 舉 荗 才 除 巫 陽 令 遷 交 州 太 守 封 龍 度 亭 侯 都 󰱋 漊 漊 一 作 樓 . [8a*3*16]\nVương thiếu du học Hán kinh, tòng Dĩnh Xuyên Lưu Tử Kì trị Tả thị Xuân Thu, vi chú giải, cử Hiếu Liêm, bổ Thượng thư lang, dĩ công sự miễn quan; phụ tang khuyết [Âm khuyết tận dã] hậu cử Mậu tài, trừ vu Dương lệnh thiên Giao Châu Thái thú, phong Long Độ Đình Hầu, đô doanh Lâu [Lâu nhất tác lâu.\n即 龍 編 後 陳 朝 追 封 善 感 嘉 應 靈 武 大 王 . [8a*7*14]\ntức Long Biên] Hậu Trần triều truy phong Thiện Cảm Gia Ứng Linh Vũ Đại Vương.\n丁 卯 元 年 漢 中 平 四 年 王 有 第 三 人 一 鮪 武 . [8a*9*1]\nĐinh Mão, nguyên niên, [Hán Trung Bình tứ niên] Vương hữu đệ tam nhân Nhất, Vị, Vũ.\n時 刺 史 朱 . [8a*9*19]\nThời Thứ sử Chu..\n",
    "url": "/data/image_dvsk/ngoai_ky/quyen3/DVSKTT_ngoai_III_8a.jpg"
  },
  {
    "text": "符 爲 夷 賊 所 殺 州 郡 擾 亂 王 乃 表 一 領 合 浦 太 守 鮪 領 九 真 太 守 武 領 南 海 太 守 . [8b*1*1]\nPhù vị Di tặc sở sát, châu quận nhiễu loạn, Vương nãi biểu Nhất lĩnh Hợp Phố Thái thú, Vị lĩnh Cửu Chân Thái thú, Vũ lĩnh Nam Hải Thái thú.\n王 噐 禮 寬 厚 謙 虚 下 士 國 人 愛 之 皆 呼 曰 王 . [8b*2*13]\nVương khí lễ khoan hậu, khiêm hư hạ sĩ, quốc nhân ái chi, giai hô viết vương.\n漢 之 名 士 避 難 往 依 者 以 百 數 . [8b*3*11]\nHán chi danh sĩ tị nạn vãng y giả dĩ bách sổ.\n庚 辰 十 四 年 漢 献 帝 恊 刺 史 李 進 上 言 於 漢 帝 曰 率 土 之 濱 莫 非 王 臣 今 建 安 五 年 . [8b*5*1]\nCanh Thìn, thập tứ niên, [Hán Hiến Đế hiệt Thứ sử Lí Tiến thượng ngôn ư Hán Đế viết: \"Suất thổ chi tân mạc phi vương thần, kim Kiến An ngũ niên].\n登 仕 朝 廷 皆 中 州 之 士 未 嘗 奬 勸 遠 人 . [8b*6*14]\nđăng sĩ triều đình giai Trung Châu chi sĩ, vị thường tưởng khuyến viễn nhân\".\n辭 意 感 切 多 所 援 引 . [8b*7*6]\nTừ ý cảm thiết, đa sở viện dẫn.\n漢 帝 詔 我 州 之 有 孝 廉 荗 才 許 除 補 属 州 長 吏 不 得 任 中 州 . [8b*7*14]\nHán đế chiếu ngã châu chi hữu Hiếu liêm Mậu tài, hứa trừ bổ thuộc châu trưởng lại, bất đắc nhậm Trung Châu.\n進 復 上 疏 曰 所 舉 孝 廉 請 與 十 二 州 博 士 以 人 才 專 對 . [8b*8*18]\nTiến phục thượng sớ viết: \"Sở cử Hiếu liêm thỉnh dữ thập nhị châu bác sĩ, dĩ nhân tài chuyên đối\".\n",
    "url": "/data/image_dvsk/ngoai_ky/quyen3/DVSKTT_ngoai_III_8b.jpg"
  },
  {
    "text": "而 有 司 恐 遠 人 虚 誕 毀 折 中 朝 不 許 . [9a*1*1]\nNhi hữu ti khủng viễn nhân hư đản, huỷ triết trung triều, bất hứa.\n時 我 越 人 李 琴 宿 衛 在 臺 遂 邀 鄕 人 卜 龍 等 五 六 人 當 正 元 萬 國 朝 會 之 目 俯 伏 殿 庭 曰 皇 恩 不 均 . [9a*1*15]\nThời ngã Việt nhân Lí Cầm túc vệ tại đài, toại yêu hương nhân Bốc Long đẳng ngũ lục nhân, đương chính nguyên vạn quốc triều hội chi mục, phủ phục điện đình viết: \"Hoàng ân bất quân\".\n有 司 問 其 故 琴 曰 南 越 遷 遠 不 爲 皇 天 所 覆 后 土 所 載 故 甘 雨 不 降 凉 風 不 飛 . [9a*3*15]\nHữu ti vấn kì cố? Cầm viết: \"Nam Việt thiên viễn bất vi hoàng thiên sở phú, hậu thổ sở tải, cố cam vũ bất giáng lương, phong bất phi\".\n辭 意 懇 苦 . [9a*5*7]\nTừ ý khẩn khổ.\n詔 慰 勞 之 以 我 荗 才 一 人 爲 夏 陽 令 孝 廉 一 人 爲 六 合 令 琴 交 州 人 後 李 琴 仕 至 司 隷 校 尉 張 重 爲 金 城 太 守 . [9a*5*11]\nChiếu uý lạo chi, dĩ ngã Mậu tài nhất nhân vi Hạ Dương lệnh, Hiếu liêm nhất nhân vi Lục Hợp lệnh [Cầm Giao Châu nhân] Hậu Lí Cầm sĩ chí Tư lệ hiệu uý, Trương Trọng vi Kim Thành thái thú.\n則 我 越 人 才 得 與 漢 人 同 選 者 李 琴 李 進 有 以 開 之 也 . [9a*7*13]\nTắc ngã Việt nhân tài đắc dữ Hán nhân đồng tuyển giả Lí Cầm, Lí Tiến hữu dĩ khai chi dã.\n重 日 南 人 初 入 洛 正 旦 大 會 晋 明 帝 曰 日 南 北 視 日 耶 重 對 曰 今 郡 中 有 雲 者 不 必 有 其 實 至 於 風 氣 暄 暖 日 影 仰 於 生 民 之 . [9a*8*15]\n[Trọng Nhật Nam nhân sơ nhập Lạc, chính đán đại hội, Tấn Minh Đế viết: \"Nhật Nam bắc thị nhật da?\" Trọng đối viết\" \"Kim quận trung hữu Vân giả bất tất hữu kì thực. Chí ư phong khí huyên noãn, nhật ảnh ngưỡng ư sinh dân chi..\n",
    "url": "/data/image_dvsk/ngoai_ky/quyen3/DVSKTT_ngoai_III_9a.jpg"
  },
  {
    "text": "上 則 有 之 矣 按 宋 文 帝 元 嘉 中 南 征 林 邑 五 月 立 表 望 之 日 在 表 北 九 寸 一 分 交 州 影 在 表 南 三 寸 三 分 交 州 去 洛 水 六 七 千 餘 里 表 取 其 絃 直 當 下 千 里 唐 開 元 十 二 年 測 交 州 夏 至 影 在 表 南 三 寸 三 分 與 元 嘉 所 測 同 王 充 論 衡 曰 日 南 郡 去 洛 且 萬 里 爲 日 南 李 筌 曰 安 南 府 至 長 安 七 千 二 百 五 十 里 孟 琯 云 以 四 方 揆 之 安 南 適 當 中 國 表 地 耳 . [9b*1*1]\nthượng tắc hữu chi hĩ\". Án Tống Văn Đế Nguyên Gia trung, nam chinh Lâm Ấp, ngũ nguyệt, lập biểu vọng chi nhật tại biểu bắc cửu thốn nhất phân, Giao Châu ảnh tại biểu nam tam thốn tam phân. Giao Châu khứ Lạc thuỷ lục thất thiên dư lí. biểu thủ kì huyền trực đương hạ thiên lí. Đường Khai Nguyên thập nhị niên, trắc Giao Châu hạ chí, ảnh tại biểu nam tam thốn tam phân, dữ Nguyên Gia sở trắc đồng. Vương Sung Luận Hành viết: \"Nhật Nam quận khứ Lạc thả vạn lí vi Nhật Nam. Lí Thuyên viết: \"An Nam phủ chí Trường An thất thiên nhị bách ngũ thập lí\". Mạnh quản vân: \"Dĩ tứ phương quỹ chi An Nam thích đương Trung Quốc biểu địa nhĩ\"].\n史 臣 吳 士 連 曰 君 子 於 辭 不 可 已 也 . [9b*5*1]\nSử thần Ngô Sĩ Liên viết: Quân tử ư từ bất khả dĩ dã.\n昔 𩱛 蔑 如 無 辭 則 終 與 草 木 俱 腐 矣 . [9b*5*15]\nTích Tông Miệt như vô từ tắc chung dữ thảo mộc cụ hủ hĩ.\n李 琴 苟 無 辭 何 以 見 用 於 世 而 我 越 英 特 之 才 北 人 安 得 而 知 之 哉 辭 之 不 可 已 也 如 此 夫 . [9b*6*11]\nLí Cầm cẩu vô từ hà dĩ kiến dụng ư thế, nhi ngã Việt anh đặc chi tài, bắc nhân an đắc nhi tri chi tai? Từ chi bất khả dĩ dã như thử phù.\n雖 然 此 特 爲 人 才 論 若 顔 閔 則 無 是 言 矣 . [9b*8*10]\nTuy nhiên thử đặc vi nhân tài luận, nhược Nhan, Mẫn tắc vô thị ngôn hĩ.\n",
    "url": "/data/image_dvsk/ngoai_ky/quyen3/DVSKTT_ngoai_III_9b.jpg"
  },
  {
    "text": "丁 亥 二 十 一 年 漢 建 安 十 二 年 . [10a*1*1]\nĐinh Hợi, nhị thập nhất niên [Hán Kiến An thập nhị niên].\n漢 袁 徽 遺 尙 書 令 荀 彧 書 曰 交 州 士 府 君 既 學 問 優 博 又 達 於 從 政 處 大 亂 之 中 保 全 一 郡 二 十 餘 年 彊 場 無 事 民 不 失 業 羈 旅 之 徒 皆 蒙 其 慶 雖 竇 融 保 河 西 曷 以 加 之 . [10a*1*13]\nHán Viên Huy di thượng thư lệnh Tuân Úc thư viết: \"Giao Châu Sĩ phủ quân ký học vấn ưu bác hựu đạt ư tòng chính, xử đại loạn chi trung, bảo toàn nhất quận nhị thập dư niên, cường trường vô sự, dân bất thất nghiệp, ký lữ chi đồ giai mông kì khánh, tuy Đậu Dung bảo Hà Tây hạt dĩ gia chi.\n官 事 少 閑 輙 玩 書 傳 . [10a*4*18]\nQuan sự thiểu nhàn, triếp ngoạn thư truyện.\n春 秋 左 氏 傳 凣 簡 籍 無 徵 輙 以 咨 問 即 傳 諸 疑 皆 有 師 説 意 思 詳 密 . [10a*5*7]\nXuân Thu, Tả thị truyện, phàm giản tịch vô trưng, triếp dĩ tư vấn tức truyện chư nghi, giai hữu sư thuyết, ý tư tường mật.\n又 尙 書 古 今 大 義 詳 備 . [10a*6*14]\nHựu Thượng Thư cổ kim đại nghĩa tường bị.\n兄 弟 並 爲 列 郡 雄 長 一 州 偏 在 萬 里 威 尊 無 上 . [10a*7*4]\nHuynh đệ tịnh vi liệt quận, hùng trưởng nhất châu, thiên tại vạn lí, uy tôn vô thượng.\n出 入 鳴 鍾 磬 備 具 威 儀 笳 皷 箫 吹 車 騎 满 道 胡 人 夾 轂 焚 香 者 常 有 數 十 妻 妾 居 輜 軿 子 弟 從 . [10a*8*3]\nXuất nhập minh chung khánh, bị cụ uy nghi; già cổ tiêu xuy, xa kị mãn đạo, Hồ nhân giáp cốc phần hương giả thường hữu sổ thập; thê thiếp cư truy bỉnh, tử đệ tòng..\n",
    "url": "/data/image_dvsk/ngoai_ky/quyen3/DVSKTT_ngoai_III_10a.jpg"
  },
  {
    "text": "兵 騎 當 時 貴 重 震 服 百 蠻 尉 佗 不 能 逾 也 . [10b*1*1]\nbinh kị, đương thời quý trọng, chấn phục bách Man, Uý Đà bất năng du dã\".\n徽 時 寓 交 州 . [10b*1*17]\n[Huy thời ngụ Giao Châu].\n及 漢 帝 遣 張 津 爲 刺 史 津 守 任 在 漢 津 建 安 六 年 . [10b*2*1]\nCập Hán Đế khiển Trương Tân vi thứ sử [Tân thú nhiệm tại Hán Tân Kiến An lục niên].\n好 鬼 神 事 常 著 絳 鄚 頭 巾 皷 琴 燒 香 讀 道 書 云 可 以 助 化 爲 其 將 區 景 所 殺 而 荆 州 牧 劉 表 遣 零 陵 令 賴 恭 代 津 . [10b*2*20]\nhiếu quỷ thần sự, thường trữ giáng mạc đầu cân, cổ cầm, thiêu hương, độc Đạo thư, vân khả dĩ trợ hoá, vị kì tướng Khu Cảnh sở sát, nhi Kinh Châu mục Lưu Biểu khiển Linh Lăng lệnh Lại Cung đại Tân.\n漢 帝 聞 津 死 賜 王 玺 書 曰 交 州 絶 域 南 󰅾 江 海 上 恩 不 宣 下 義 壅 塞 如 逆 賊 劉 表 又 遣 賴 恭 窺 看 南 土 今 以 卿 爲 綏 南 中 郎 將 董 督 七 郡 領 交 州 太 守 如 故 . [10b*5*2]\nHán đế văn Tân tử, tứ vương tỉ thư viết: \"Giao Châu tuyệt vực, nam đái giang hải, thượng ân bất tuyên, hạ nghĩa ung tắc, như nghịch tặc Lưu biểu hựu khiển Lại Cung khuy khán nam thổ, kim dĩ khanh vi Tuy Nam trung lang tướng đổng đốc thất quận, lĩnh Giao Châu Thái thú như cố\".\n王 遣 吏 張 旻 奉 貢 請 漢 京 都 . [10b*8*4]\nVương khiển lại Trương Mân phụng cống thỉnh Hán kinh đô.\n是 時 天 下 䘮 亂 道 路 斷 絶 而 王 不 廢 職 貢 . [10b*8*15]\nThị thời thiên hạ tang loạn, đạo lộ đoạn tuyệt, nhi vương bất phế chức cống.\n漢 帝 復 下 詔 拜 安 遠 . [10b*9*12]\nHán đế phục hạ chiếu bái An Viễn..\n",
    "url": "/data/image_dvsk/ngoai_ky/quyen3/DVSKTT_ngoai_III_10b.jpg"
  },
  {
    "text": "將 軍 封 龍 度 亭 侯 . [11a*1*1]\ntướng quân, phong Long Độ Đình Hầu.\n後 蒼 梧 太 守 吳 巨 與 恭 相 失 舉 兵 逐 之 恭 走 還 零 陵 . [11a*1*8]\nHậu Thương Ngô Thái thú Ngô Cự dữ Cung tương thất, cử binh trục chi, Cung tẩu hoàn Linh Lăng.\n庚 寅 二 十 四 年 漢 建 安 十 五 年 . [11a*3*1]\nCanh Dần, nhị thập tứ niên [Hán Kiến An thập ngũ niên].\n吳 王 孫 權 遣 步 隲 爲 交 州 刺 史 . [11a*3*13]\nNgô Vương Tôn Quyền khiển Bộ Chất vi Giao Châu thứ sử.\n隲 到 王 率 兄 弟 奉 承 節 度 . [11a*4*3]\nChất đáo, vương suất huynh đệ phụng thừa tiết độ.\n吳 王 加 王 左 將 軍 . [11a*4*13]\nNgô vương gia vương Tả tướng quân.\n後 王 遣 子 𢌃 魚 錦 反 入 質 於 吳 吳 王 以 爲 武 昌 太 守 . [11a*5*1]\nHậu vương khiển tử Ngẩm [Ngư cẩm phiên] nhập chất ư Ngô, Ngô Vương dĩ vi Vũ Xương Thái thú.\n王 諸 子 在 南 者 皆 拜 中 郎 將 . [11a*6*1]\nVương chư tử tại Nam giả giai bái Trung lang tướng.\n王 又 誘 導 益 州 豪 姓 雍 闓 可 亥 反 等 率 郡 民 人 使 遙 東 附 吳 . [11a*6*12]\nVương hựu dụ đạo Ích Châu hào tính Ung Khải [Khả hợi phiên] đẳng suất quận dân nhân sử dao đông phụ Ngô.\n吳 王 益 嘉 之 遷 衛 將 軍 封 龍 編 侯 . [11a*7*17]\nNgô Vương ích gia chi, thiên Vệ tướng quân, phong Long Biên hầu.\n王 每 遣 使 請 吳 𦤶 雜 香 細 葛 輙 以 千 數 . [11a*8*9]\nVương mỗi khiển sứ thỉnh Ngô trí tạp hương, tế cát triếp dĩ thiên sổ.\n明 珠 大 貝 琉 璃 翠 羽 瑇 瑁 犀 象 之 珍 奇 . [11a*9*5]\nMinh châu, đại bối, lưu li, thuý vũ, đại mồi, tê, tượng chi chân, kì..\n",
    "url": "/data/image_dvsk/ngoai_ky/quyen3/DVSKTT_ngoai_III_11a.jpg"
  },
  {
    "text": "及 異 果 蕉 椰 龍 眼 之 属 無 歲 不 至 又 貢 馬 凣 數 百 匹 . [11b*1*1]\ncập dị quả tiêu, da, long nhãn chi thuộc, vô tuế bất chí hựu cống, mã phàm sổ bách sất.\n吳 王 作 書 後 加 寵 賜 以 慰 答 之 . [11b*2*2]\nNgô Vương tác thư hậu gia sủng tứ dĩ uý đáp chi.\n黎 文 休 曰 士 王 能 有 寬 厚 謙 下 士 得 人 親 愛 而 致 一 時 之 貴 盛 . [11b*3*1]\nLê Văn Hưu viết: Sĩ Vương năng hữu khoan hậu khiêm hư hạ sĩ, đắc nhân thân ái nhi trí nhất thời chi quý thịnh.\n又 能 明 義 識 時 雖 才 勇 不 及 趙 武 帝 而 屈 節 事 大 以 保 全 疆 土 可 謂 智 矣 . [11b*4*8]\nHựu năng minh nghĩa, thức thời, tuy tài dũng bất cập Triệu Vũ Đế, nhi khuất tiết sự đại dĩ bảo toàn cương thổ, khả vị trí hĩ.\n惜 其 嗣 子 弗 克 負 荷 先 業 使 越 土 宇 既 皆 全 盛 而 復 分 裂 悲 夫 丙 午 四 十 年 漢 後 主 禪 建 興 四 年 吳 孫 權 黄 武 五 年 . [11b*5*18]\nTích kì tự tử phất khắc phụ hà tiên nghiệp, sử Việt thổ vũ ký giai toàn thịnh nhi phục phân liệt, bi phu! Bính Ngọ, tứ thập niên [Hán Hậu Chúa Thiền Kiến Hưng tứ niên, Ngô Tôn Quyền Hoàng Vũ ngũ niên].\n王 薨 . [11b*8*21]\nVương hoăng.\n初 王 嘗 病 死 三 日 僊 人 董 奉 與 藥 一 丸 以 水 含 服 捧 其 頭 摇 . [11b*8*24]\nSơ vương thường bệnh, tử tam nhật, tiên nhân Đổng Phụng dữ dược nhất hoàn dĩ thuỷ hàm, phục bổng kì đầu dao..\n",
    "url": "/data/image_dvsk/ngoai_ky/quyen3/DVSKTT_ngoai_III_11b.jpg"
  },
  {
    "text": "捎 之 少 頃 即 開 目 動 手 顔 色 漸 平 復 明 日 旋 能 起 坐 四 日 復 能 誤 遂 復 常 . [12a*1*1]\nsao chi, thiểu khoảnh tức khai mục động thủ, nhan sắc tiềm bình phục, minh nhật toàn năng khởi toạ, tứ nhật phục năng ngộ, toại phục thường.\n奉 字 昌 異 侯 官 人 見 列 仙 傳 候 官 縣 名 在 福 州 . [12a*2*10]\n[Phụng tự Xương Dị Hầu Quan nhân, kiến Liệt tiên truyện. Hầu Quan huyện danh tại Phúc Châu].\n史 臣 吳 士 連 曰 我 國 通 詩 書 習 禮 樂 爲 文 献 之 󰘊 自 士 王 始 其 功 德 𡸈 特 施 於 當 時 而 有 以 遠 及 於 後 代 𡸈 不 盛 矣 哉 子 之 不 肖 乃 子 之 罪 爾 . [12a*3*1]\nSử thần Ngô Sĩ Liên viết: Ngã quốc thông thi thư, tập lễ nhạc, vi văn hiến chi bang, tự Sĩ Vương thuỷ, kì công đức khởi đặc thí ư đương thời nhi hữu dĩ viễn cập ư hậu đại, khởi bất thịnh hĩ tai? Tử chi bất tiếu nãi tử chi tội nhĩ.\n世 傳 王 既 塟 之 後 至 晋 末 凣 百 六 十 餘 年 林 邑 人 入 寇 掘 發 王 塚 見 其 體 靣 如 生 大 惧 乃 復 封 瘗 土 人 以 爲 神 立 廟 事 之 號 士 王 僊 . [12a*6*1]\nThế truyền vương ký táng chi hậu, chí Tấn mạt phàm bách lục thập dư niên, Lâm Ấp nhân nhập khấu, quật phát vương trủng, kiến kì thể diện như sinh, đại cụ nãi phục phong ế thổ, nhân dĩ vi thần, lập miếu sự chi, hiệu \"Sĩ Vương Tiên\".\n盖 其 英 氣 不 朽 所 以 能 爲 神 也 . [12a*8*15]\nCái kì anh khí bất hủ, sở dĩ năng vi thần dã.\n神 祠 在 舊 城 龍 編 . [12a*9*9]\n[Thần từ tại cựu Thành Long Biên].\n",
    "url": "/data/image_dvsk/ngoai_ky/quyen3/DVSKTT_ngoai_III_12a.jpg"
  },
  {
    "text": "右 士 王 起 丁 卯 終 丙 午 凡 四 十 年 . [12b*1*1]\nHữu Sĩ Vương, khởi Đinh Mão chung Bính Ngọ, phàm tứ thập niên.\n大 越 史 記 外 紀 全 書 卷 之 三 終 . [12b*9*1]\nĐại Việt Sử Ký Ngoại Kỷ Toàn Thư quyển chi tam chung.\n",
    "url": "/data/image_dvsk/ngoai_ky/quyen3/DVSKTT_ngoai_III_12b.jpg"
  }
]