[
  {
    "text": "大 越 史 記 外 紀 全 書 卷 之 四 . [1a*1*1]\nĐại Việt Sử Ký Ngoại Kỷ Toàn Thư Quyển Chi Tứ.\n属 吳 晋 宋 齊 梁 紀 . [1a*2*1]\nThuộc Ngô, Tấn, Tống, Tề, Lương KỶ.\n丁 未 漢 建 興 五 年 吳 黄 武 六 年 . [1a*3*1]\nĐinh Mùi, [Hán Kiến Hưng ngũ niên Ngô Hoàng Vũ lục niên].\n吳 主 聞 士 王 薨 以 交 州 懸 遠 乃 分 合 浦 以 北 属 廣 州 吕 岱 爲 刺 史 合 浦 以 南 属 交 州 戴 良 爲 刺 史 . [1a*3*13]\nNgô chủ văn Sĩ Vương hoăng, dĩ Giao Châu huyền viễn, nãi phân Hợp Phố dĩ Bắc thuộc Quảng Châu, Lữ Đại vi Thứ sử; Hợp Phố dĩ Nam thuộc Giao Châu, Đái Lương vi Thứ sử.\n又 遣 陳 時 大 王 爲 太 守 . [1a*5*7]\nHựu khiển Trần Thì đại vương vi Thái thú.\n岱 留 南 海 . [1a*5*16]\nĐại lưu Nam Hải.\n良 與 時 俱 前 行 . [1a*6*1]\nLương dữ Thì cụ tiền hành.\n到 合 浦 而 王 子 徽 以 自 署 為 太 守 發 宗 兵 拒 之 . [1a*6*7]\nĐáo Hợp Phố nhi vương tử Huy dĩ tự thự vi Thái thú, phát tông binh cự chi.\n漢 未 宗 室 相 亂 南 人 率 宗 室 相 聚 爲 兵 以 自 衛 故 名 宗 兵 . [1a*7*6]\n[Hán vị, tôn thất tương loạn, Nam nhân suất tôn thất tương tụ vi binh dĩ tự vệ, cố danh tông binh].\n良 留 合 浦 . [1a*7*28]\nLương lưu Hợp Phố.\n王 吏 桓 鄰 叩 頭 諫 徽 迎 良 徽 怒 笞 殺 鄰 . [1a*8*2]\nVương lại Hoàn Lân khấu đầu gián Huy nghênh Lương, Huy nộ si sát Lân.\n史 臣 吳 士 連 曰 自 古 殺 諫 臣 未 有 不 亡 者 . [1a*9*1]\nSử thần Ngô Sĩ Liên viết: Tự cổ sát gián thần vị hữu bất vong giả.\n陳 殺 . [1a*9*17]\nTrần sát..\n",
    "url": "/data/image_dvsk/ngoai_ky/quyen4/DVSKTT_ngoai_IV_1a.jpg"
  },
  {
    "text": "洩 冶 齊 殺 孤 喧 陳 齊 事 可 鑒 也 以 此 垂 戒 . [1b*1*1]\nTiết Dã, Tề sát Cô Huyên, Trần Tề sự khả giám dã, dĩ thử thuỳ giới.\n猶 有 殺 諫 臣 如 士 徽 者 繼 統 不 旋 踵 而 死 亡 宜 哉 . [1b*1*17]\nDo hữu sát gián thần như Sĩ Huy giả, kế thống bất toàn chủng nhi tử vong nghi tai.\n鄰 兄 子 治 發 合 宗 兵 擊 徽 . [1b*3*1]\nLân huynh tử Trị Phát hợp tông binh kích Huy.\n徽 閉 城 門 自 守 . [1b*3*11]\nHuy bế thành môn tự thủ.\n治 等 攻 之 數 月 不 能 下 乃 和 親 各 罷 兵 . [1b*3*17]\nTrị đẳng công chi sổ nguyệt bất năng hạ, nãi hoà thân các bãi binh.\n而 吕 岱 奉 吳 詔 誅 徽 自 廣 州 將 兵 畫 夜 馳 入 合 浦 與 良 俱 前 誘 士 王 之 子 中 郎 將 匡 與 徽 説 令 伏 罪 雖 失 郡 守 保 無 他 憂 . [1b*4*14]\nNhi Lữ Đại phụng Ngô chiếu tru Huy, tự Quảng Châu tướng binh hoạch dạ trì nhập Hợp Phố, dữ Lương cụ tiền dụ Sĩ vương chi tử Trung Lang Tướng Khuông dữ Huy thuyết lệnh phục tội, tuy thất quận thú, bảo vô tha ưu.\n岱 尋 匡 後 至 . [1b*7*3]\nĐại tầm Khuông hậu chí.\n徽 兄 祗 弟 幹 頌 等 六 人 内 袒 迎 岱 . [1b*7*8]\nHuy huynh Chi đệ Cán, Tụng đẳng lục nhân nội đản nghênh Đại.\n岱 微 服 前 至 郡 下 . [1b*8*2]\nĐại vi phục tiền chí quận hạ.\n明 早 施 帳 幔 請 徽 兄 弟 以 次 入 . [1b*8*9]\nMinh tảo thí trướng mạn, thỉnh Huy huynh đệ dĩ thứ nhập.\n賓 客 满 座 岱 起 擁 節 讀 詔 數 徽 罪 過 左 右 因 反 . [1b*9*2]\nTân khách mãn toà, Đại khởi ủng tiết độc chiếu sổ Huy tội quá, tả hữu nhân phản..\n",
    "url": "/data/image_dvsk/ngoai_ky/quyen4/DVSKTT_ngoai_IV_1b.jpg"
  },
  {
    "text": "縛 以 出 皆 斬 之 傳 首 武 昌 . [2a*1*1]\nphọc dĩ xuất giai trảm chi, truyền thủ Vũ Xương.\n史 臣 吳 士 連 曰 士 徽 父 薨 不 請 命 自 立 又 發 兵 拒 命 義 固 當 討 然 . [2a*2*1]\nSử thần Ngô Sĩ Liên viết: Sĩ Huy phụ hoăng bất thỉnh mệnh tự lập, hựu phát binh cự mệnh, nghĩa cố đương thảo nhiên.\n吕 岱 誘 之 史 降 而 殺 之 非 也 . [2a*3*8]\nLữ Đại dụ chi sử hàng nhi sát chi phi dã.\n夫 信 者 國 之 寶 也 . [2a*4*1]\nPhù tín giả, quốc chi bảo dã.\n徽 既 降 縛 送 武 昌 使 生 殺 出 於 上 威 信 行 乎 下 不 亦 善 乎 孫 盛 曰 柔 遠 能 邇 莫 善 於 信 . [2a*4*8]\nHuy ký hàng phọc tống Vũ Xương, sử sinh sát xuất ư thượng, uy tín hành hồ hạ, bất diệc thiện hồ? Tôn Thịnh viết: \"Nhu viễn năng nhĩ mạc thiện ư tín\".\n吕 岱 殺 降 邀 功 君 子 非 之 以 是 知 吕 氏 之 不 延 也 信 哉 . [2a*6*5]\nLữ Đại sát hàng yêu công, quân tử phi chi, dĩ thị tri Lữ thị chi bất diên dã tín tai.\n一 鮪 匡 後 出 吳 主 原 其 罪 及 王 贅 子 𢌃 皆 免 爲 庶 人 . [2a*8*1]\nNhất Vị Khuông hậu xuất, Ngô chủ nguyên kì tội, cập vương chuế tử Ngẩm giai miễn vi thứ nhân.\n數 一 鮪 坐 法 誅 唯 匡 先 病 殁 . [2a*9*3]\nSổ tuế, Nhất Vị toạ pháp tru, duy Khuông tiên bệnh một.\n及 𢌃 卒 徽 大 . [2a*9*15]\nCập ngẩm tốt, Huy đại..\n",
    "url": "/data/image_dvsk/ngoai_ky/quyen4/DVSKTT_ngoai_IV_2a.jpg"
  },
  {
    "text": "將 甘 醴 及 桓 治 率 吏 民 共 攻 岱 岱 擊 破 之 . [2b*1*1]\ntướng Cam Lễ cập Hoàn Trị suất lại dân cộng công Đại, Đại kích phá chi.\n於 是 除 廣 州 復 爲 交 州 如 故 . [2b*1*17]\nƯ thị trừ Quảng Châu phục vi Giao Châu như cố.\n岱 進 攻 九 真 斬 獲 以 萬 數 . [2b*2*9]\nĐại tiến công Cửu Chân, trảm hoạch dĩ vạn sổ.\n辛 亥 漢 建 興 九 年 吳 黄 武 三 年 . [2b*3*1]\nTân Hợi, [Hán Kiến Hưng cửu niên Ngô Hoàng Vũ tam niên].\n吳 武 陵 五 溪 蠻 反 . [2b*3*13]\nNgô Vũ Lăng Ngũ Khê man phản.\n主 以 南 土 清 定 召 刺 史 吕 岱 還 . [2b*3*20]\nNgô chủ dĩ Nam thổ thanh định, triệu Thứ sử Lữ Đại hoàn.\n合 浦 太 守 薜 綜 上 疏 曰 昔 帝 舜 南 巡 崩 於 蒼 梧 秦 置 桂 林 南 海 象 郡 則 四 國 内 属 久 矣 . [2b*4*9]\nHợp Phố Thái thú Tiết Tống thượng sớ viết: \"Tích Đế Thuấn nam tuần băng ư Thương Ngô, Tần trí Quế Lâm, Nam Hải, Tượng Quận tắc tứ quốc nội thuộc cửu hĩ.\n趙 佗 起 於 番 禺 懷 服 百 越 之 君 珠 崖 之 南 是 也 . [2b*6*4]\nTriệu Đà khởi ư Phiên Ngung, hoài phục Bách Việt chi quân, Châu Nhai chi Nam thị dã.\n孝 武 誅 吕 嘉 開 九 郡 設 交 趾 刺 史 徙 中 國 罪 人 雜 居 其 閒 稍 使 學 書 粗 通 禮 化 . [2b*7*3]\nHiếu Vũ tru Lữ Gia, khai cửu quận, thiết Giao Chỉ Thứ sử, tỉ Trung Quốc tội nhân tạp cư, kì nhàn sao sử học thư, thô thông lễ hoá.\n及 昔 光 守 交 趾 任 延 守 九 真 建 立 學 號 道 以 禮 義 . [2b*8*14]\nCập Tích Quang thú Giao Chỉ, Nhâm Diên thú Cửu Chân, kiến lập học hiệu, đạo dĩ lễ nghĩa.\n由 此 而 降 四 百 . [2b*9*14]\nDo thử nhi giáng, tứ bách..\n",
    "url": "/data/image_dvsk/ngoai_ky/quyen4/DVSKTT_ngoai_IV_2b.jpg"
  },
  {
    "text": "餘 年 民 似 有 類 . [3a*1*1]\ndư niên, dân tự hữu loại.\n然 土 廣 人 眾 险 阻 山 林 易 以 爲 乱 . [3a*1*7]\nNhiên thổ quảng nhân chúng, hiểm trở sơn lâm, dị dĩ vi loạn.\n臣 所 見 南 海 黄 盖 爲 日 南 太 守 下 車 以 供 設 不 備 撾 殺 主 簿 仍 見 驅 逐 . [3a*2*1]\nThần sở kiến Nam Hải Hoàng Cái vi Nhật Nam Thái thú, hạ xa dĩ cung thiết bất bị, qua sát chủ bạ, nhưng kiến khu trục.\n九 真 太 守 詹 萌 爲 妻 父 周 京 并 請 大 吏 . [3a*3*9]\nCửu Chân Thái thú Đam Manh vị thê phụ Chu Kinh tịnh thỉnh đại lại.\n酒 酣 作 樂 功 曹 潘 歆 起 舞 属 京 不 起 歆 欲 迫 強 萌 怒 殺 歆 . [3a*4*5]\nTửu hàm tác nhạc, Công tào Phan Hâm khởi vũ, chúc Kinh bất khởi, Hâm dục bách cưỡng, Manh nộ sát Hâm.\n歆 弟 率 眾 攻 萌 . [3a*5*8]\nHâm đệ suất chúng công Manh.\n故 交 趾 太 守 士 燮 遣 兵 討 之 不 克 . [3a*5*14]\nCố Giao Chỉ Thái thú Sĩ Nhiếp khiển binh thảo chi bất khắc.\n會 刺 史 朱 符 多 以 鄕 人 󰔄 褒 劉 彦 之 徒 分 作 長 吏 侵 漁 百 姓 黄 魚 一 尾 牧 稻 一 斛 . [3a*6*8]\nHội Thứ sử Chu Phù đa dĩ hương nhân Ngu Bao, Lưu Ngạn chi đồ, phân tác trưởng lại, xâm ngư bách tính, hoàng ngư nhất vĩ, mục đạo nhất hộc.\n百 姓 怨 判 出 攻 州 郡 符 走 入 海 . [3a*8*1]\nBách tính oán phán, xuất công châu quận, Phù tẩu nhập hải.\n步 隲 以 次 鉏 治 紀 綱 適 定 . [3a*8*13]\nBộ Chất dĩ thứ sừ trị, kỷ cương thích định.\n後 吕 岱 平 士 徽 亂 改 置 長 吏 章 明 王 綱 威 . [3a*9*4]\nHậu Lữ Đại bình Sĩ Huy loạn, cải trí trưởng lại, chương minh vương cương, uy..\n",
    "url": "/data/image_dvsk/ngoai_ky/quyen4/DVSKTT_ngoai_IV_3a.jpg"
  },
  {
    "text": "加 萬 里 大 小 承 風 . [3b*1*1]\ngia vạn lí, đại tiểu thừa phong.\n由 此 觀 之 綏 邊 撫 裔 實 在 其 人 . [3b*1*8]\nDo thử quan chi, tuy biên phủ duệ, thực tại kì nhân.\n伯 牧 之 任 宜 擇 清 流 . [3b*2*1]\nBá mục chi nhiệm, nghi trạch thanh lưu.\n荒 服 之 外 禍 福 尤 甚 . [3b*2*9]\nHoang phục chi ngoại, hoạ phúc vưu thậm.\n今 交 州 雖 云 粗 定 尙 有 高 凉 宿 賊 其 南 海 蒼 梧 鬱 林 珠 崖 四 郡 未 綏 聚 作 寇 盗 . [3b*2*17]\nKim Giao Châu tuy vân thô định, thượng hữu Cao Lương túc tặc kì Nam Hải, Thương Ngô, Uất Lâm, Châu Nhai tứ quận vị tuy, tụ tác khấu đạo.\n若 岱 不 復 南 新 刺 史 宜 擇 精 密 方 畧 智 計 之 人 以 撫 按 之 庶 可 補 緼 . [3b*4*9]\nNhược Đại bất phục Nam, tân Thứ sử nghi trạch tinh mật, phương lược trí kế chi nhân, dĩ phủ án chi thứ khả bổ uẩn.\n但 中 人 近 守 常 法 無 奇 數 異 術 則 郡 惡 日 滋 . [3b*5*16]\nĐãn trung nhân, cận thủ thường phép, vô kì số dị thuật tắc quận ác nhật tư\".\n吳 王 拜 岱 鎮 南 將 軍 進 封 番 禺 侯 一 云 封 魏 郡 陵 厲 公 . [3b*6*14]\nNgô Vương bái Đại Trấn Nam tướng quân, tiến phong Phiên Ngung hầu [Nhất vân phong Nguỵ quận Lăng Lệ công].\n戊 辰 漢 延 熹 十 一 年 . [3b*8*1]\nMậu Thìn, [Hán Diên Hi thập nhất niên.\n吳 永 安 元 年 . [3b*8*9]\nNgô Vĩnh An nguyên niên].\n九 真 復 攻 陷 城 邑 州 郡 騷 動 . [3b*8*14]\nCửu Chân phục công hãm thành ấp, châu quận tao động.\n吳 主 以 衡 陽 督 軍 都 尉 陵 胤 一 云 陵 商 爲 刺 使 兼 校 尉 . [3b*9*1]\nNgô chủ dĩ Hành Dương đốc quân đô uý Lăng Dận [Nhất vân Lăng Thương] vi Thứ sử kiêm hiệu uý.\n",
    "url": "/data/image_dvsk/ngoai_ky/quyen4/DVSKTT_ngoai_IV_3b.jpg"
  },
  {
    "text": "胤 入 境 諭 以 恩 信 降 者 三 萬 餘 家 州 境 復 清 . [4a*1*1]\nDận nhập cảnh, dụ dĩ ân tín, hàng giả tam vạn dư gia, châu cảnh phục thanh.\n後 九 真 郡 女 趙 嫗 嫗 乳 長 三 尺 施 於 背 後 常 乘 象 頭 與 敵 交 戰 . [4a*1*18]\nHậu Cửu Chân quận nữ Triệu Ẩu [Ẩu nhũ trường tam xích, thí ư bối hậu, thường thừa tượng đầu dữ địch giao chiến].\n聚 眾 攻 掠 郡 縣 . [4a*2*23]\ntụ chúng công lược quận huyện.\n胤 平 之 . [4a*3*2]\nDận bình chi.\n交 趾 志 九 真 山 中 有 趙 妹 女 子 乳 長 三 尺 不 嫁 結 黨 剽 掠 郡 縣 常 著 金 褐 齒 屣 據 象 頭 鬪 戰 死 面 爲 神 . [4a*3*5]\n[Giao Chỉ chí: Cửu Chân sơn trung hữu Triệu muội nữ tử, nhũ trường tam xích, bất giá, kết đảng phiêu lược quận huyện, thường trước kim hạt xỉ tỉ, cứ tượng đầu đấu chiến, tử diện vi thần].\n癸 未 漢 炎 興 元 年 吳 永 安 十 六 年 . [4a*5*1]\nQuý Mùi, [Hán Viêm Hưng nguyên niên; Ngô Vĩnh An thập lục niên].\n春 三 月 初 吳 以 孫 諝 爲 交 州 太 守 諝 貪 暴 爲 百 姓 患 . [4a*5*14]\nXuân, tam nguyệt, sơ Ngô dĩ Tôn Tư vi Giao Châu Thái thú, Tư tham bạo, vi bách tính hoạn.\n至 是 吳 主 遣 鄧 詢 至 郡 . [4a*6*10]\nChí thị Ngô chủ khiển Đặng Tuân chí quận.\n詢 又 擅 調 孔 雀 三 十 隻 送 建 業 . [4a*6*19]\nTuân hựu thiện điều khổng tước tam thập chích tống Kiến Nghiệp.\n民 憚 遠 役 因 謀 作 亂 . [4a*7*12]\nDân đạn viễn dịch nhân mưu tác loạn.\n夏 四 月 郡 吏 吕 興 殺 諝 及 詢 而 請 太 守 及 兵 於 晋 . [4a*8*1]\nHạ, tứ nguyệt, quận lại Lữ Hưng sát Tư cập Tuân, nhi thỉnh Thái thú cập binh ư Tấn.\n按 綱 目 云 請 吏 於 魏 明 年 魏 禪 位 干 晋 則 魏 亦 晋 也 . [4a*9*1]\n[Án Cương mục vân: Thỉnh lại ư Nguỵ, minh niên. Nguỵ thiền vị can Tấn, tắc Nguỵ diệc Tấn dã].\n九 真 日 南 皆 應 之 . [4a*9*21]\nCửu Chân, Nhật Nam giai ứng chi.\n是 歲 . [4a*9*28]\nThị tuế..\n",
    "url": "/data/image_dvsk/ngoai_ky/quyen4/DVSKTT_ngoai_IV_4a.jpg"
  },
  {
    "text": "漢 亡 . [4b*1*1]\nHán vong.\n甲 申 魏 主 曹 奂 咸 熙 元 年 吳 主 孫 皓 元 興 元 年 . [4b*2*1]\nGiáp Thân, [Nguỵ chủ Tào Hoán Hàm Hi nguyên niên; Ngô chủ Tôn Hạo Nguyên Hưng nguyên niên].\n秋 七 月 吳 分 交 州 置 廣 州 . [4b*2*19]\nThu, thất nguyệt, Ngô phân Giao Châu, trí Quảng Châu.\n時 吳 已 附 于 晋 . [4b*3*2]\nThời Ngô dĩ phụ vu Tấn.\n晋 以 吕 興 爲 安 南 將 軍 都 督 交 州 諸 軍 事 以 南 中 監 軍 霍 弋 遙 領 交 州 刺 史 得 以 便 宜 選 用 長 吏 . [4b*3*8]\nTấn dĩ Lữ Hưng vi An Nam tướng quân đô đốc Giao Châu chư quân sự, dĩ Nam Trung giám quân Hoắc Dặc dao lĩnh Giao Châu Thứ sử, đắc dĩ tiện nghi tuyển dụng trưởng lại.\n弋 表 爨 谷 一 曰 焚 谷 爲 太 守 率 牙 門 董 元 王 素 等 將 兵 助 興 未 至 興 爲 功 曹 李 統 所 殺 . [4b*5*7]\nDặc biểu Thoán Cốc [Nhất viết Phần Cốc] vi Thái thú, suất nha môn Đổng Nguyên, Vương Tố đẳng tương binh trợ Hưng, vị chí Hưng vị công tào Lí Thống sở sát.\n谷 死 之 一 云 谷 病 卒 . [4b*6*19]\nCốc tử chi [Nhất vân Cốc bệnh tốt].\n乙 酉 晋 武 帝 司 馬 炎 泰 始 元 年 吳 甘 露 元 年 . [4b*8*1]\nẤt Dậu, [Tấn Vũ Đế Tư Mã Viêm, Thái Thuỷ nguyên niên; Ngô Cam Lộ nguyên niên].\n晉 帝 遣 巴 西 馬 融 代 興 . [4b*8*18]\nTấn Đế khiển Ba Tây Mã Dung đại Hưng.\n融 病 卒 . [4b*9*1]\nDung bệnh tốt.\n弋 又 遣 揵 爲 陽 稷 代 融 爲 太 守 . [4b*9*4]\nDặc hựu khiển Kiện Vi Dương Tắc đại Dung vi Thái thú.\n",
    "url": "/data/image_dvsk/ngoai_ky/quyen4/DVSKTT_ngoai_IV_4b.jpg"
  },
  {
    "text": "戊 子 晉 太 始 四 年 吳 寶 鼎 三 年 . [5a*1*1]\nMậu Tí, [Tấn Thái Thuỷ tứ niên; Ngô Bảo Đỉnh tam niên].\n吳 以 劉 俊 爲 刺 史 . [5a*1*13]\nNgô dĩ Lưu Tuấn vi Thứ sử.\n俊 與 大 都 督 修 稷 將 軍 顧 容 前 後 三 攻 交 州 . [5a*1*20]\nTuấn dữ Đại đô đốc Tu Tắc tướng quân Cố Dung tiền hậu tam công Giao Châu.\n稷 皆 拒 破 之 . [5a*2*13]\nTắc giai cự phá chi.\n鬱 林 九 真 皆 附 於 稷 . [5a*2*18]\nUất Lâm, Cửu Chân giai phụ ư Tắc.\n稷 選 將 軍 毛 靈 董 元 攻 合 浦 戰 於 古 城 即 合 浦 城 也 . [5a*3*7]\nTắc tuyển tướng quân Mao Linh, Đổng Nguyên công Hợp Phố, chiến ư Cổ Thành [Tức Hợp Phố thành dã].\n大 破 吳 兵 殺 劉 俊 修 稷 餘 兵 散 還 合 浦 稷 因 表 靈 爲 鬱 林 太 守 元 爲 九 真 太 守 . [5a*4*8]\nĐại phá Ngô binh, sát Lưu Tuấn, Tu Tắc, dư binh tán hoàn Hợp Phố, Tắc nhân biểu Linh vi Uất Lâm Thái thú, Nguyên vi Cửu Chân Thái thú.\n己 丑 晉 泰 始 五 年 吳 建 衡 元 年 . [5a*6*1]\nKỉ Sửu, [Tấn Thái Thuỷ ngũ niên; Ngô Kiến Hành nguyên niên].\n冬 十 月 吳 遣 監 軍 󰔄 氾 威 南 將 軍 薜 珝 蒼 吳 太 守 丹 陽 陶 璜 從 荆 州 道 監 軍 李 鼎 督 軍 徐 存 從 建 安 海 道 皆 會 合 浦 以 擊 稷 李 鼎 一 作 李 朂 . [5a*6*13]\nĐông, thập nguyệt, Ngô khiển Giám quân Ngu Phiếm, Uy Nam tướng quân Tiết Hủ, Thương Ngô Thái thú Đan Dương Đào Hoàng tòng Kinh Châu đạo; Giám quân Lí Đỉnh, Đốc quân Từ Tồn tòng Kiến An hải đạo, giai hội Hợp Phố dĩ kích Tắc [Lí Đỉnh nhất tác Lí Húc].\n辛 卯 晉 泰 始 七 年 吳 建 衡 三 年 . [5a*9*1]\nTân Mão, [Tấn Thái Thuỷ thất niên; Ngô Kiến Hành tam niên].\n夏 四 月 󰔄 氾 薜 珝 陶 㱕 拒 稷 戰 . [5a*9*13]\nHạ, tứ nguyệt, Ngu Phiếm, Tiết Hủ, Đào Hoàng cự Tắc chiến..\n",
    "url": "/data/image_dvsk/ngoai_ky/quyen4/DVSKTT_ngoai_IV_5a.jpg"
  },
  {
    "text": "于 汾 水 璜 敗 退 保 合 浦 亡 其 二 將 . [5b*1*1]\nvu Phần thuỷ, Hoàng bại thoái bảo Hợp Phố, vong kì nhị tướng.\n珝 怒 謂 璜 曰 若 自 表 討 賊 而 䘮 二 帥 其 責 安 在 璜 曰 下 官 不 得 先 其 意 諸 軍 不 相 順 故 致 敗 耳 . [5b*1*14]\nHủ nộ vị Hoàng viết: \"Nhược tự biểu thảo tặc nhi táng nhị soái, kì trách an tại?\" Hoàng viết: \"Hạ quan bất đắc tiên kì ý, chư quân bất tương thuận, cố trí bại nhĩ\".\n珝 怒 未 解 欲 引 軍 還 . [5b*3*12]\nHủ nộ vị giải, dục dẫn quân hoàn.\n是 夜 璜 以 兵 數 百 襲 董 元 獲 其 寶 物 船 戰 而 歸 . [5b*4*1]\nThị dạ, Hoàng dĩ binh sổ bách tập Đổng Nguyên, hoạch kì bảo vật, thuyền chiến nhi quy.\n珝 廼 謝 之 以 璜 領 交 州 爲 前 部 都 督 . [5b*4*19]\nHủ nãi tạ chi, dĩ Hoàng lĩnh Giao Châu vi tiền bộ đô đốc.\n璜 復 從 海 道 出 其 不 意 逕 至 州 . [5b*5*14]\nHoàng phục tòng hải đạo, xuất kì bất ý kính chí châu.\n元 拒 之 諸 將 欲 戰 璜 疑 斷 橋 内 有 伏 兵 迺 别 列 長 㦸 於 其 後 . [5b*6*7]\nNguyên cự chi, chư tướng dục chiến, Hoàng nghi đoạn kiều nội hữu phục binh, nãi biệt liệt trưởng kích ư kì hậu.\n兵 繩 接 元 僞 退 璜 追 之 伏 兵 果 出 . [5b*7*11]\nBinh thằng tiếp, Nguyên nguỵ thoái, Hoàng truy chi, phục binh quả xuất.\n長 㦸 逆 之 大 破 元 等 殺 元 以 前 所 得 船 貨 寶 反 土 物 錦 數 千 疋 遺 扶 嚴 賊 帥 良 齊 . [5b*8*5]\nTrường kích nghịch chi, đại phá Nguyên đẳng, sát Nguyên dĩ tiền, sở đắc thuyền hoá bảo phản thổ vật cẩm sổ thiên sơ, di Phù Nghiêm tặc soái Lương Tề.\n齊 將 萬 . [5b*9*17]\nTề tương vạn..\n",
    "url": "/data/image_dvsk/ngoai_ky/quyen4/DVSKTT_ngoai_IV_5b.jpg"
  },
  {
    "text": "餘 人 助 璜 . [6a*1*1]\ndư nhân trợ Hoàng.\n時 楊 稷 以 其 將 王 素 代 元 元 勇 將 解 系 同 在 城 内 . [6a*1*5]\nThời, Dương Tắc dĩ kì tướng Vương Tố đại Nguyên, Nguyên dũng tướng Giải Hệ đồng tại thành nội.\n璜 使 弟 象 爲 書 與 系 又 使 象 騎 鞀 車 皷 吹 導 從 而 行 . [6a*2*5]\nHoàng sử đệ Tượng vi thư dữ Hệ, hựu sử Tượng kị đào xa cổ suy, đạo tòng nhi hành.\n素 等 曰 彼 象 尙 如 此 系 必 有 去 志 . [6a*3*6]\nTố đẳng viết: \"Bỉ Tượng thượng như thử, Hệ tất hữu khứ chí\".\n乃 殺 系 . [6a*3*19]\nNãi sát Hệ.\n珝 璜 遂 陷 州 . [6a*4*3]\nHủ, Hoàng toại hãm châu.\n吳 因 用 璜 爲 刺 使 . [6a*4*8]\nNgô nhân dụng Hoàng vi Thứ sử.\n璜 有 謀 策 周 窮 好 施 得 人 心 故 人 人 樂 爲 之 用 所 至 有 功 . [6a*4*15]\nHoàng hữu mưu sách, chu cùng, hảo thí, đắc nhân tâm, cố nhân nhân lạc vi chi dụng, sở chí hữu công.\n先 是 晉 帝 以 楊 稷 爲 交 州 刺 史 毛 冕 爲 太 守 印 綏 未 到 而 稷 冕 先 已 敗 死 . [6a*5*18]\nTiên thị Tấn Đế dĩ Dương Tắc vi Giao Châu Thứ sử, Mao Miện vi Thái thú, ấn tuy vị đáo nhi Tắc, Miện tiên dĩ bại tử.\n因 贈 稷 冕 及 松 能 松 能 無 所 考 并 爲 關 内 侯 . [6a*7*8]\nNhân tặng Tắc, Miện cập Tùng, Năng [Tùng Năng vô sở khảo] Tịnh vi quan nội hầu.\n九 真 郡 功 曹 李 祚 保 郡 内 附 晉 璜 遣 將 攻 之 不 克 . [6a*8*4]\nCửu Chân quận Công tào Lí Tộ bảo quận nội phụ Tấn, Hoàng khiển tướng công chi, bất khắc.\n祚 舅 黎 桓 一 云 黎 明 隨 軍 遣 祚 降 祚 乃 答 曰 舅 . [6a*9*4]\nTộ cữu Lê Hoàn [Nhất vân Lê Minh] tuỳ quân, khiển Tộ hàng, Tộ nãi đáp viết: \"Cữu..\n",
    "url": "/data/image_dvsk/ngoai_ky/quyen4/DVSKTT_ngoai_IV_6a.jpg"
  },
  {
    "text": "自 吳 將 祚 自 晉 臣 惟 力 是 視 耳 . [6b*1*1]\ntự Ngô tướng, Tộ tự Tấn thần, duy lực thị thị nhĩ\".\n踰 時 乃 拨 . [6b*1*13]\nDu thời nãi bạt.\n史 臣 吳 士 連 曰 守 土 之 臣 能 以 李 祚 之 心 爲 心 可 謂 忠 於 所 事 矣 . [6b*2*1]\nSử thần Ngô Sĩ Liên viết: Thủ thổ chi thần, năng dĩ Lí Tộ chi tâm vi tâm, khả vị trung ư sở sự hĩ.\n吳 主 以 璜 爲 刺 史 持 節 都 督 交 州 諸 軍 事 . [6b*4*1]\nNgô chủ dĩ Hoàng vi Thứ sử trì tiết đô đốc Giao Châu chư quân sự.\n前 將 軍 州 牧 武 平 九 德 新 昌 土 地 险 阻 夷 獠 剄 悍 歷 世 不 實 璜 征 討 平 之 開 置 三 郡 及 九 郡 属 國 三 十 餘 縣 . [6b*4*17]\nTiền tướng quân châu mục Vũ Bình, Cửu Đức, Tân Xương, thổ địa hiểm trở, Di Liêu hĩnh hãn, lịch thế bất thực, Hoàng chinh thảo bình chi, khai trí tam quận, cập Cửu quận thuộc quốc tam thập dư huyện.\n吳 徵 璜 爲 武 昌 都 督 以 合 浦 太 守 修 元 代 之 . [6b*7*2]\nNgô trưng Hoàng vi Vũ Xương đô đốc, dĩ Hợp Phố Thái thú Tu Nguyên đại chi.\n土 人 請 留 璜 以 千 數 於 是 遣 還 舊 任 . [6b*7*19]\nThổ nhân thỉnh lưu Hoàng dĩ thiên sổ, ư thị khiển hoàn cựu nhiệm.\n及 吳 主 既 降 晉 手 書 遣 馬 息 融 勅 㱕 歸 順 . [6b*8*14]\nCập Ngô chủ ký hàng, Tấn thủ thư khiển Mã Tức Dung sắc Hoàng quy thuận.\n㱕 流 涕 數 日 遣 使 送 印 . [6b*9*11]\nHoàng lưu thế sổ nhật, khiển sứ tống ấn..\n",
    "url": "/data/image_dvsk/ngoai_ky/quyen4/DVSKTT_ngoai_IV_6b.jpg"
  },
  {
    "text": "綬 詣 洛 陽 . [7a*1*1]\nthụ nghệ Lạc Dương.\n晉 帝 詔 復 其 職 封 宛 陵 侯 改 冠 軍 將 軍 . [7a*1*5]\nTấn đế chiếu phục kì chức, phong Uyển Lăng hầu, cải Quán quân tướng quân.\n璜 在 州 三 十 年 威 惠 素 著 爲 殊 俗 所 慕 . [7a*2*1]\nHoàng tại châu tam thập niên, uy huệ tố trứ, vi thù tục sở mộ.\n及 卒 舉 州 啼 哭 如 䘮 慈 親 . [7a*2*16]\nCập tốt, cử châu đề khốc như tang từ thân.\n晉 帝 以 員 外 郎 散 騎 常 侍 吳 彦 爲 都 督 刺 史 . [7a*3*7]\nTấn đế dĩ Viên ngoại lang tán kị thường thị Ngô Ngạn vi Đô đốc thứ sử.\n初 璜 之 死 九 真 戍 兵 作 亂 逐 太 守 其 渠 帥 趙 祉 圍 郡 彦 悉 平 之 . [7a*4*5]\nSơ Hoàng chi tử, Cửu Chân thú binh tác loạn, trục Thái thú, kì cừ soái Triệu Chỉ vi quận, Ngạn tất bình chi.\n在 任 二 十 五 年 恩 威 宣 著 . [7a*5*10]\nTại nhiệm nhị thập ngũ niên, ân uy tuyên trứ.\n州 民 寧 靜 自 表 求 代 晉 帝 以 員 外 郎 散 騎 常 侍 顧 秘 代 之 . [7a*6*1]\nChâu dân ninh tĩnh, tự biểu cầu đại Tấn đế, dĩ Viên ngoại lang tán kị thường thị Cố Bí đại chi.\n秘 爲 人 温 良 純 雅 舉 州 愛 之 未 幾 卒 . [7a*7*4]\nBí vi nhân ôn lương thuần nhã, cử châu ái chi, vị cơ tốt.\n州 人 逼 其 子 參 領 州 事 . [7a*7*18]\nChâu nhân bức kì tử Tham lĩnh châu sự.\n參 尋 卒 弟 壽 領 州 事 州 人 不 咱 . [7a*8*8]\nTham tầm tốt, đệ Thọ lĩnh châu sự, châu nhân bất thính.\n壽 固 求 之 遂 領 州 事 . [7a*9*1]\nThọ cố cầu chi, toại lĩnh châu sự.\n迺 殺 長 吏 胡 肇 等 又 將 殺 帳 . [7a*9*9]\nNãi sát trưởng lại Hồ Triệu đẳng, hựu tương sát trướng..\n",
    "url": "/data/image_dvsk/ngoai_ky/quyen4/DVSKTT_ngoai_IV_7a.jpg"
  },
  {
    "text": "下 督 軍 梁 碩 . [7b*1*1]\nhạ đốc quân Lương Thạc.\n碩 走 得 免 起 兵 討 壽 擒 之 . [7b*1*6]\nThạc tẩu đắc miễn, khởi binh thảo Thọ, cầm chi.\n壽 母 令 鴆 殺 之 . [7b*1*16]\nThọ mẫu lệnh chấm sát chi.\n碩 遂 專 制 一 云 並 其 母 皆 鴆 殺 恐 民 情 不 叶 乃 令 璜 子 蒼 吳 太 守 威 領 刺 史 . [7b*2*3]\nThạc toại chuyên chế [Nhất vân tịnh kì mẫu giai chậm sát], khủng dân tình bất hiệp, nãi lệnh Hoàng tử Thương Ngô Thái thú Uy lĩnh Thứ sử.\n威 在 職 甚 得 百 姓 心 三 十 年 卒 . [7b*3*9]\nUy tại chức thậm đắc bách tính tâm, tam thập niên tốt.\n威 弟 淑 子 綏 相 繼 爲 刺 史 . [7b*4*2]\nUy đệ Thục, tử Tuy tương kế vi Thứ sử.\n自 基 至 綏 凡 四 世 並 爲 刺 史 . [7b*4*12]\nTự Cơ chí Tuy phàm tứ thế tịnh vi Thứ sử.\n基 璜 之 祖 父 也 . [7b*5*4]\nCơ Hoàng chi tổ phụ dã.\n戊 寅 東 晉 元 帝 司 馬 睿 大 興 元 年 . [7b*6*1]\nMậu Dần, [Đông Tấn Nguyên Đế Tư Mã Duệ, Đại Hưng nguyên niên].\n冬 十 月 晉 帝 詔 加 廣 州 刺 史 陶 侃 都 督 交 州 諸 軍 事 . [7b*6*14]\nĐông, thập nguyệt, Tấn Đế chiếu gia Quảng Châu Thứ Sử Đào Khản Đô đốc Giao Châu chư quân sự.\n壬 午 晉 永 年 . [7b*8*1]\nNhâm Ngọ, [Tấn Vĩnh niên].\n昌 晋 王 敦 以 王 諒 爲 刺 史 使 攻 梁 碩 . [7b*8*6]\nXương Tấn Vương Đôn dĩ Vương Lượng vi Thứ sử, sử công Lương Thạc.\n碩 舉 兵 圍 諒 於 龍 編 . [7b*8*21]\nThạc cử binh vi Lượng ư Long Biên.\n",
    "url": "/data/image_dvsk/ngoai_ky/quyen4/DVSKTT_ngoai_IV_7b.jpg"
  },
  {
    "text": "癸 未 晋 明 帝 紹 太 寧 元 年 . [8a*1*1]\nQuý Mùi, [Tấn Minh Đế Thiệu, Thái Ninh nguyên niên].\n春 二 月 陶 侃 遣 兵 救 王 諒 未 至 梁 碩 拨 龍 編 . [8a*1*11]\nXuân, nhị nguyệt, Đào Khản khiển binh cứu Vương Lượng, vị chí Lương Thạc bạt Long Biên.\n奪 諒 節 諒 不 與 碩 斷 諒 左 臂 諒 曰 死 且 不 避 斷 臂 何 爲 . [8a*2*5]\nĐoạt Lượng tiết, Lượng bất dự, Thạc đoạn Lượng tả tí, Lượng viết: \"Tử thả bất tị, đoạn tí hà vi?\".\n逾 旬 而 卒 . [8a*3*7]\nDu tuần nhi tốt.\n碩 據 州 凶 暴 失 眾 心 . [8a*3*11]\nThạc cứ châu hung bạo, thất chúng tâm.\n侃 遣 參 軍 高 寶 攻 碩 斬 之 . [8a*3*19]\nKhản khiển Tham quân Cao Bảo công Thạc, trảm chi.\n晋 帝 以 侃 領 交 州 刺 史 進 號 征 南 大 將 軍 開 府 儀 同 三 司 . [8a*4*10]\nTấn Đế dĩ Khản lĩnh Giao Châu Thứ sử, tiến hiệu Chinh Nam đại tướng quân, khai phủ nghi đồng tam ti.\n未 幾 吏 部 侍 郎 阮 放 求 爲 刺 史 晋 帝 許 之 . [8a*5*13]\nVị cơ Lại bộ thị lang Nguyễn Phóng cầu vi Thứ sử, Tấn Đế hứa chi.\n放 至 寧 浦 遇 寶 爲 設 饌 伏 兵 欲 殺 之 . [8a*6*10]\nPhóng chí Ninh Phố ngộ Bảo, vi thiết soạn, phục binh dục sát chi.\n寶 覺 舉 兵 擊 放 放 咸 之 . [8a*7*5]\nBảo giác cử binh kích Phóng [Phóng hàm chi.\n族 子 也 放 走 得 免 至 州 少 時 暴 頞 渴 死 . [8a*7*14]\ntộc tử dã] Phóng tẩu đắc miễn, chí châu thiểu thời bạo át khát tử.\n癸 丑 晋 穆 帝 珊 永 和 九 年 . [8a*9*1]\nQuý Sửu, [Tấn Mục đế San Vĩnh Hoà cửu niên].\n春 三 月 晋 阮 敷 爲 交 州 刺 史 . [8a*9*11]\nXuân, tam nguyệt, Tấn Nguyễn Phu vi Giao Châu Thứ sử.\n敷 討 . [8a*9*22]\nPhu thảo..\n",
    "url": "/data/image_dvsk/ngoai_ky/quyen4/DVSKTT_ngoai_IV_8a.jpg"
  },
  {
    "text": "林 邑 破 五 十 餘 壘 . [8b*1*1]\nLâm Ấp phá ngũ thập dư luỹ.\n初 晋 平 吳 徵 交 州 兵 交 州 刺 史 陶 璜 上 言 曰 交 州 外 距 林 邑 繩 數 千 里 夷 帥 范 熊 世 爲 逋 寇 自 稱 王 數 攻 百 姓 旦 連 扶 南 種 類 猥 多 明 黨 相 倚 負 險 不 實 往 隸 吳 時 劫 掠 良 民 殺 害 長 吏 臣 昔 爲 固 國 所 采 編 戍 在 南 十 有 餘 年 雖 剪 其 魁 桀 而 深 山 僻 穴 常 有 逋 竄 初 臣 所 統 之 卒 八 千 南 土 湿 潤 多 有 毒 氣 累 年 征 討 死 亡 减 耗 見 在 二 千 四 百 人 今 四 海 混 同 無 思 不 服 當 卷 甲 鎖 兵 令 其 損 約 以 示 單 弱 夫 風 塵 之 變 出 於 非 常 臣 亡 國 之 餘 議 不 足 取 晋 武 從 之 至 今 猶 見 其 效 . [8b*1*8]\n[Sơ Tấn bình Ngô, trưng Giao Châu binh, Giao Châu Thứ sử Đào Hoàng thượng ngôn viết: \"Giao Châu ngoại cự Lâm Ấp thằng sổ thiên lí. Di soái Phạm Hùng thế vi bô khấu, tự xưng vương, sổ công bách tính. Đãn liên Phù Nam, chủng loại ổi đa, minh đảng tương ỷ, phụ hiểm bất thực vãng lệ. Ngô thời kiếp lược lương dân, sát hại trưởng lại. Thần tích vi cố quốc sở thái, biên thú tại Nam thập hữu dư niên, tuy tiễn kì khôi kiệt, nhi thâm sơn tích huyệt thường hữu bô thoán. Sơ thần sở thống chi tốt bát thiên. Nam thổ thấp nhuận, đa hữu độc khí, luỹ niên chinh thảo, tử vong giảm hao, kiến tại nhị thiên tứ bách nhân. Kim tứ hải hỗn đồng, vô tứ bất phục, đương quyển giáp toả binh, lệnh kì tổn ước, dĩ thị đơn nhược. Phù phong trần chi biến xuất ư phi thường. Thần vong quốc chi dư, nghị bất túc thủ\". Tấn Vũ tòng chi, chí kim do kiến kì hiệu].\n庚 辰 晋 武 帝 昌 明 太 元 五 年 . [8b*7*1]\nCanh Thìn, [Tấn Vũ Đế Xương Minh, Thái Nguyên ngũ niên].\n冬 十 月 九 真 太 守 李 遜 據 州 反 . [8b*7*12]\nĐông, thập nguyệt Cửu Chân Thái thú Lí Tốn cứ châu phản.\n辛 巳 晋 太 元 六 年 . [8b*8*1]\nTân Tị, [Tấn Thái Nguyên lục niên].\n交 州 太 守 杜 瑗 斬 李 遜 州 境 乃 平 進 瑗 爲 交 州 刺 史 . [8b*8*8]\nGiao Châu T\n",
    "url": "/data/image_dvsk/ngoai_ky/quyen4/DVSKTT_ngoai_IV_8b.jpg"
  },
  {
    "text": "己 亥 晋 安 帝 德 宗 隆 安 三 年 . [9a*1*1]\nKỉ Hợi, [Tấn An Đế Đức Tông, Long An tam niên].\n春 三 月 林 邑 王 范 胡 達 陷 日 南 九 真 遂 寇 交 州 . [9a*1*12]\nXuân, tam nguyệt, Lâm Ấp vương Phạm Hồ Đạt hãm Nhật Nam, Cửu Chân, toại khấu Giao Châu.\n杜 瑗 擊 破 之 . [9a*2*7]\nĐỗ Viện kích phá chi.\n辛 亥 晉 義 熙 七 年 . [9a*3*1]\nTân Hợi, [Tấn Nghĩa Hi thất niên].\n夏 四 月 永 嘉 太 守 盧 循 來 奔 . [9a*3*8]\nHạ, tứ nguyệt, Vĩnh Gia Thái thú Lư Tuần lai bôn.\n初 刺 史 杜 瑗 卒 或 云 瑗 本 属 京 兆 祖 元 守 合 浦 因 居 交 趾 晉 帝 以 其 子 慧 度 爲 刺 史 代 之 . [9a*3*20]\nSơ, Thứ sử Đỗ Viện tốt [Hoặc vân Viện bản thuộc Kinh Triệu, tổ Nguyên thú Hợp Phố, nhân cư Giao Chỉ], Tấn đế dĩ kì tử Tuệ Độ vi Thứ sử đại chi.\n詔 書 未 至 循 攻 破 合 浦 逕 向 交 州 . [9a*5*5]\nChiếu thư vị chí, Tuần công phá Hợp Phố, kinh hướng Giao Châu.\n慧 度 率 州 府 文 武 拒 循 於 石 𥔎 破 之 . [9a*5*18]\nTuệ Độ suất châu phủ văn vũ cự Tuần ư Thạch Kì, phá chi.\n循 餘 眾 猶 二 千 . [9a*6*13]\nTuần dư chúng do nhị thiên.\n李 遜 餘 黨 李 脱 等 結 集 俚 獠 五 千 餘 人 以 應 循 庚 子 至 龍 編 南 津 . [9a*6*19]\nLí Tốn dư đảng Lí Thoát đẳng kết tập Lí, Lạo ngũ thiên dư nhân dĩ ứng Tuần, Canh Tí chí Long Biên Nam tân.\n慧 度 悉 散 家 財 賞 軍 士 與 循 合 戰 擲 稚 尾 炬 焚 其 舟 艦 以 步 兵 夾 岸 射 之 . [9a*8*6]\nTuệ Độ tất tán gia tài thưởng quân sĩ, dữ Tuần hợp chiến, trịch trĩ vĩ cự phần kì chu hạm, dĩ bộ binh giáp ngạn xạ chi.\n循 舟 艦 俱 燃 . [9a*9*15]\nTuần chu hạm cụ nhiên..\n",
    "url": "/data/image_dvsk/ngoai_ky/quyen4/DVSKTT_ngoai_IV_9a.jpg"
  },
  {
    "text": "遂 大 潰 . [9b*1*1]\ntoại đại hội.\n循 知 必 死 先 鴆 妻 子 召 妓 妾 問 曰 誰 能 從 我 者 . [9b*1*4]\nTuần tri tất tử, tiên chậm thê tử, triệu kĩ thiếp vấn viết: \"Thuỳ năng tòng ngã giả?\".\n多 云 雀 鼠 貪 生 就 死 實 難 或 云 官 上 當 死 某 𡸈 願 生 . [9b*2*3]\nĐa vân: \"Tước, thử tham sinh, tựu tử thực nan\" Hoặc vân: \"Quan thượng đương tử, mỗ khởi nguyện sinh\".\n循 乃 悉 殺 諸 辞 死 者 因 自 投 于 水 . [9b*3*4]\nTuần nãi tất sát chư từ tử giả, nhân tự đầu vu thuỷ.\n慧 度 取 其 屍 斬 之 并 妻 子 及 脱 等 函 首 送 建 康 . [9b*3*17]\nTuệ Độ thủ kì thi trảm chi, tịnh thê tử cập Thoát đẳng, hàm thủ tống Kiến Khang.\n癸 丑 晋 義 熙 九 年 . [9b*5*1]\nQuý Sửu, [Tấn Nghĩa Hi cửu niên].\n春 二 月 林 邑 王 范 胡 達 寇 九 真 . [9b*5*8]\nXuân, nhị nguyệt, Lâm Ấp vương Phạm Hồ Đạt khấu Cửu Chân.\n慧 度 擊 斬 之 . [9b*5*21]\nTuệ Độ kích trảm chi.\n乙 卯 晋 義 熙 十 一 年 . [9b*7*1]\nẤt Mão, [Tấn Nghĩa Hi thập nhất niên].\n冬 十 二 月 林 邑 寇 交 州 . [9b*7*9]\nĐông, thập nhị nguyệt, Lâm Ấp khấu Giao Châu.\n州 將 敗 之 . [9b*7*18]\nChâu tướng bại chi.\n庚 申 晋 恭 帝 德 文 元 熙 二 年 宋 武 帝 劉 裕 永 初 元 年 . [9b*8*1]\nCanh Thân, [Tấn Cung Đế Đức Văn, Nguyên Hi nhị niên Tống Vũ Đế Lưu Dụ, Vĩnh Sơ nguyên niên].\n秋 七 月 慧 度 擊 林 邑 大 破 之 斬 殺 過 半 . [9b*8*21]\nThu, thất nguyệt, Tuệ Độ kích Lâm Ấp đại phá chi, trảm sát quá bán.\n林 邑 乞 降 許 之 . [9b*9*8]\nLâm Ấp khất hàng, hứa chi.\n前 後 爲 所 掠 者 . [9b*9*14]\nTiền hậu vi sở lược giả..\n",
    "url": "/data/image_dvsk/ngoai_ky/quyen4/DVSKTT_ngoai_IV_9b.jpg"
  },
  {
    "text": "皆 遣 還 . [10a*1*1]\ngiai khiển hoàn.\n慧 度 在 州 布 衣 蔬 食 禁 淫 祠 修 學 校 歲 飢 以 私 祿 賑 給 之 爲 政 纖 密 一 如 治 家 吏 民 畏 而 愛 之 . [10a*1*4]\nTuệ Độ tại châu, bố y, sơ thực, cấm dâm từ, tu học hiệu tuế cơ dĩ tư lộc chẩn cấp chi, vi chính tiêm mật nhất như trị gia, lại dân uý nhi ái chi.\n城 門 夜 開 道 不 十 遺 . [10a*3*2]\nThành môn dạ khai, đạo bất thập di.\n慧 度 卒 贈 左 將 軍 以 其 子 弘 文 爲 刺 史 . [10a*3*10]\nTuệ Độ tốt, tặng Tả tướng quân, dĩ kì tử Hoằng Văn vi Thứ sử.\n是 歲 晋 亡 . [10a*4*6]\nThị tuế Tấn vong.\n丁 卯 宋 文 帝 義 龍 元 家 四 年 . [10a*5*1]\nĐinh Mão, [Tống Văn Đế Nghĩa Long, Nguyên Gia tứ niên].\n夏 四 月 庚 戌 宋 帝 徵 弘 文 爲 廷 尉 王 徽 之 爲 刺 史 . [10a*5*12]\nHạ, tứ nguyệt, Canh Tuất, Tống Đế trưng Hoằng Văn vi Đình uý, Vương Huy Chi vi Thứ sử.\n時 弘 文 有 疾 自 輿 就 道 或 勸 之 待 病 愈 . [10a*6*8]\nThời Hoằng Văn hữu tật, tự dư tựu đạo, hoặc khuyên chi đãi bệnh dũ.\n弘 文 曰 吾 仗 節 三 世 常 欲 投 軀 帝 庭 况 被 徵 乎 . [10a*7*4]\nHoằng Văn viết: \"Ngô trượng tiết tam thế, thường dục đầu khu đế đình, huống bị trưng hồ?\".\n遂 行 卒 於 廣 州 . [10a*8*3]\nToại hành, tốt ư Quảng Châu.\n辛 未 宋 元 嘉 八 年 . [10a*9*1]\nTân Mùi, [Tống Nguyên Gia bát niên].\n林 邑 王 范 陽 邁 寇 九 真 州 兵 擊 却 之 . [10a*9*8]\nLâm Ấp vương Phạm Dương Mại khấu Cửu Chân, châu binh kích khước chi.\n",
    "url": "/data/image_dvsk/ngoai_ky/quyen4/DVSKTT_ngoai_IV_10a.jpg"
  },
  {
    "text": "壬 申 宋 元 嘉 九 年 . [10b*1*1]\nNhâm Thân, [Tống Nguyên Gia cửu niên].\n夏 五 月 林 邑 王 范 陽 邁 遣 使 入 貢 于 宋 求 領 交 州 . [10b*1*8]\nHạ, ngũ nguyệt, Lâm Ấp vương Phạm Dương Mại khiển sứ nhập cống vu Tống, cầu lĩnh Giao Châu.\n宋 帝 詔 答 以 道 遠 不 許 . [10b*2*6]\nTống đế chiếu đáp dĩ đạo viễn bất hứa.\n黎 文 休 曰 賁 育 之 稚 幼 則 不 能 抗 跛 尪 之 壯 年 . [10b*3*1]\nLê Văn Hưu viết: Bôn Dục chi trĩ ấu tắc bất năng kháng bả uông chi tráng niên.\n林 邑 乘 我 越 無 軍 之 時 乃 寇 日 南 九 真 而 求 領 之 𡸈 當 時 我 越 不 能 支 此 林 邑 耶 特 以 無 統 率 之 者 故 也 . [10b*4*1]\nLâm Ấp thừa ngã Việt vô quân chi thời, nãi khấu Nhật Nam, Cửu Chân, nhi cầu lĩnh chi, khởi đương thời ngã Việt bất năng chi thử Lâm Ấp da! Đặc dĩ vô thống suất chi giả cố dã.\n時 不 終 否 而 必 泰 . [10b*6*5]\nThời bất chung phủ nhi tất thái.\n勢 不 終 屈 而 必 伸 . [10b*6*12]\nThế bất chung khuất nhi tất thân.\n李 太 宗 斬 其 主 乍 斗 聖 宗 擒 其 主 制 矩 而 繁 其 民 五 萬 人 至 今 爲 臣 僕 亦 足 以 雪 數 年 污 辱 之 讐 耻 也 . [10b*7*1]\nLí Thái Tông trảm kì chủ Sạ Đẩu, Thánh Tông cầm kì chủ Chế Củ, nhi phồn kì dân ngũ vạn nhân, chí kim vi thần bộc, diệc túc dĩ tuyết sổ niên ô nhục chi thù xỉ dã.\n",
    "url": "/data/image_dvsk/ngoai_ky/quyen4/DVSKTT_ngoai_IV_10b.jpg"
  },
  {
    "text": "丙 子 宋 元 嘉 十 三 年 . [11a*1*1]\nBính Tí, [Tống Nguyên Gia thập tam niên].\n春 二 月 宋 帝 遣 交 州 刺 史 檀 和 之 討 林 邑 . [11a*1*9]\nXuân, nhị nguyệt, Tống Đế khiển Giao Châu Thứ sử Đàn Hoà Chi thảo Lâm Ấp.\n初 林 邑 王 笵 陽 邁 雖 遣 使 入 貢 而 寇 盗 不 絶 故 宋 帝 使 和 之 討 之 . [11a*2*3]\nSơ, Lâm Ấp vương Phạm Dương Mại tuy khiển sứ nhập cống, nhi khấu đạo bất tuyệt, cố Tống Đế sử Hoà Chi thảo chi.\n時 南 陽 人 宗 慤 家 世 業 儒 慤 獨 好 武 事 常 言 願 乘 長 風 破 萬 里 浪 . [11a*3*9]\nThời Nam Dương nhân Tông Xác, gia thế nghiệp nho, Xác độc hiếu vũ sự, thường ngôn: \"Nguyện thừa trường phong phá vạn lí lãng\".\n及 和 之 伐 林 邑 慤 自 奮 請 從 軍 . [11a*4*15]\nCập Hoà Chi phạt Lâm Ấp, Xác tự phấn thỉnh tòng quân.\n宋 帝 以 慤 爲 振 武 將 軍 . [11a*5*8]\nTống Đế dĩ Xác vi Chấn vũ tướng quân.\n和 之 遣 慤 爲 前 鋒 . [11a*5*17]\nHoà Chi khiển Xác vi tiền phong.\n陽 邁 聞 軍 出 遣 使 表 請 還 所 掠 日 南 民 輸 金 一 萬 斤 銀 十 萬 斤 . [11a*6*5]\nDương Mại văn quân xuất, khiển sứ biểu thỉnh hoàn sở lược Nhật Nam dân thâu, kim nhất vạn cân, ngân thập vạn cân.\n宋 帝 詔 和 之 若 陽 邁 果 有 誠 欵 亦 與 其 歸 順 . [11a*7*10]\nTống Đế chiếu Hoà Chi: \"Nhược Dương Mại quả hữu thành khoản, diệc dữ kì quy thuận\".\n和 之 至 朱 梧 戍 小 註 朱 梧 縣 自 漢 以 來 属 日 南 郡 時 於 其 地 置 戍 遣 府 户 曹 參 軍 姜 仲 基 等 府 者 交 州 刺 史 府 也 前 . [11a*8*8]\nHoà Chi chí Chu Ngô thú [Tiểu chú Chu Ngô huyện tự Hán, dĩ lai thuộc Nhật Nam quận, thời ư kì địa trí thú], khiển phủ Hộ tào tham quân Khương Trọng Cơ đẳng [Phủ giả Giao Châu Thứ sử phủ dã] tiền..\n",
    "url": "/data/image_dvsk/ngoai_ky/quyen4/DVSKTT_ngoai_IV_11a.jpg"
  },
  {
    "text": "詣 陽 邁 陽 邁 執 之 . [11b*1*1]\nnghệ Dương Mại, Dương Mại chấp chi.\n和 之 怒 進 圍 林 邑 將 笵 扶 龍 於 區 粟 城 . [11b*1*8]\nHoà Chi nộ, tiến vi Lâm Ấp tướng Phạm Phù Long ư Khu Túc thành.\n陽 邁 遣 其 將 笵 昆 沙 達 救 之 . [11b*2*4]\nDương Mại khiển kì tướng Phạm Côn Sa Đạt cứu chi.\n慤 潜 兵 迎 擊 昆 沙 達 大 破 之 . [11b*2*15]\nXác tiềm binh nghênh kích Côn Sa Đạt, đại phá chi.\n五 月 和 之 等 拨 區 粟 城 斬 扶 龍 乘 勝 入 象 浦 . [11b*3*7]\nNgũ nguyệt, Hoà Chi đẳng bạt Khu Túc thành, trảm Phù Long, thừa thắng nhập Tượng Phố.\n陽 邁 傾 國 來 戰 以 具 装 被 象 前 後 無 際 . [11b*4*5]\nDương Mại khuynh quốc lai chiến, dĩ cụ trang bị tượng tiền hậu vô tế.\n慤 曰 吾 聞 外 國 有 獅 子 威 服 百 獸 . [11b*5*1]\nXác viết: \"Ngô văn ngoại quốc hữu sư tử, uy phục bách thú\".\n乃 制 其 形 與 象 相 拒 象 果 驚 走 . [11b*5*14]\nNãi chế kì hình dữ tượng tương cự, tượng quả kinh tẩu.\n林 邑 兵 大 敗 . [11b*6*7]\nLâm Ấp binh đại bại.\n和 之 遂 克 林 邑 陽 邁 及 其 子 僅 以 身 免 所 獲 異 名 之 寶 不 可 勝 計 . [11b*6*12]\nHoà Chi toại khắc Lâm Ấp, Dương Mại cập kì tử cẩn dĩ thân miễn, sở hoạch dị danh chi bảo bất khả thăng kê.\n慤 一 無 所 取 還 家 之 日 衣 櫛 蕭 然 . [11b*7*18]\nXác nhất vô sở thủ, hoàn gia chi nhật, y trất tiêu nhiên.\n史 臣 吳 士 連 曰 有 用 之 才 無 施 不 可 𡸈 拘 於 世 . [11b*9*1]\nSử thần Ngô Sĩ Liên viết: Hữu dụng chi tài vô thí bất khả, khởi câu ư thế..\n",
    "url": "/data/image_dvsk/ngoai_ky/quyen4/DVSKTT_ngoai_IV_11b.jpg"
  },
  {
    "text": "習 哉 人 之 立 志 有 異 . [12a*1*1]\ntập tai? Nhân chi lập chí hữu dị.\n尔 志 乎 道 德 者 功 名 不 足 以 勤 其 心 志 乎 功 名 者 富 貴 不 足 以 勤 其 心 . [12a*1*9]\nNhĩ chí hồ Đạo đức giả, công danh bất túc dĩ cần kì tâm; chí hồ Công danh giả, phú quý bất túc dĩ cần kì tâm.\n宗 慤 之 志 盖 志 乎 功 名 者 歟 還 家 之 日 財 物 一 無 所 取 此 富 貴 不 足 以 勤 其 心 之 實 也 . [12a*2*18]\nTông Xác chi chí cái chí hồ Công danh giả dư? Hoàn gia chi nhật, tài vật nhất vô sở thủ, thử phú quý bất túc dĩ cần kì tâm chi thực dã.\n較 之 志 道 德 者 固 不 可 及 而 視 其 志 富 貴 者 風 斯 下 矣 . [12a*4*15]\nGiảo chi chí đạo đức giả, cố bất khả cập, nhi thị kì chí Phú quý giả, phong tư hạ hĩ.\n丁 丑 宋 元 嘉 十 四 年 . [12a*6*1]\nĐinh Sửu, [Tống Nguyên Gia thập tứ niên].\n冬 十 月 壬 午 檀 和 之 去 官 歸 . [12a*6*9]\nĐông, thập nguyệt, Nhâm Ngọ, Đàn Hoà chi khử quan quy.\n戊 申 宋 明 帝 彧 泰 始 四 年 . [12a*7*1]\nMậu Thân, [Tống Minh Đế Úc, Thái Thuỷ tứ niên].\n春 三 月 刺 史 劉 牧 病 卒 . [12a*7*11]\nXuân, tam nguyệt, Thứ sử Lưu Mục bệnh tốt.\n州 人 李 長 仁 殺 州 牧 北 來 部 曲 遂 據 州 反 自 稱 刺 史 . [12a*7*20]\nChâu nhân Lí Trường Nhân sát châu mục Bắc lai bộ khúc toại cứ châu phản, tự xưng Thứ sử.\n秋 八 月 宋 帝 以 南 康 相 劉 勃 爲 交 州 刺 史 . [12a*8*17]\nThu, bát nguyệt, Tống đế dĩ Nam Khang tướng Lưu Bột vi Giao Châu Thứ sử.\n勃 至 爲 長 人 . [12a*9*15]\nBột chí, vi Trường Nhân..\n",
    "url": "/data/image_dvsk/ngoai_ky/quyen4/DVSKTT_ngoai_IV_12a.jpg"
  },
  {
    "text": "所 拒 未 幾 卒 . [12b*1*1]\nsở cự, vị cơ tốt.\n十 一 月 李 長 仁 遣 使 請 降 自 貶 行 州 事 . [12b*1*6]\nThập nhất nguyệt, Lí Trường Nhân khiển sứ thỉnh hàng, tự biếm Hành Châu sự.\n許 之 . [12b*2*2]\nHứa chi.\n己 未 宋 順 帝 準 昇 明 三 年 齊 髙 帝 蕭 道 成 建 元 元 年 . [12b*3*1]\nKỉ Mùi, [Tống Thuận Đế Chuẩn, Thăng Minh tam niên; Tề Cao Đế Tiêu Đạo Thành, Kiến Nguyên nguyên niên].\n春 三 月 朔 日 食 . [12b*3*21]\nXuân, tam nguyệt, sóc, nhật thực.\n秋 七 月 齊 帝 以 李 叔 獻 爲 交 州 刺 史 . [12b*3*27]\nThu, thất nguyệt, Tề Đế dĩ Lí Thúc Hiến vi Giao Châu Thứ sử.\n叔 獻 長 仁 之 從 弟 也 . [12b*4*14]\nThúc Hiến Trường Nhân chi tòng đệ dã.\n初 刺 史 長 仁 卒 叔 獻 代 領 州 事 以 號 令 未 行 遣 使 求 刺 史 於 宋 . [12b*5*3]\nSơ, Thứ sử Trường Nhân tốt, Thúc Hiến đại lĩnh châu sự, dĩ hiệu lệnh vị hành, khiển sứ cầu Thứ sử ư Tống.\n宋 以 南 海 泰 守 沈 渙 爲 刺 史 以 叔 獻 爲 寧 遠 軍 司 馬 武 平 新 昌 二 部 太 守 . [12b*6*8]\nTống dĩ Nam Hải Thái thú Thẩm Hoán vi Thứ sử, dĩ Thúc Hiến vi Ninh viễn quân tư mã, Vũ Bình, Tân xương nhị bộ Thái thú.\n叔 獻 既 得 朝 命 人 心 服 從 遂 發 兵 守 險 不 納 渙 . [12b*7*17]\nThúc Hiến ký đắc triều mệnh nhân tâm phục tòng, toại phát binh thủ hiểm, bất nạp Hoán.\n渙 留 鬱 林 卒 . [12b*8*16]\nHoán lưu Uất Lâm tốt.\n即 以 叔 獻 爲 刺 史 撫 安 南 土 . [12b*9*2]\nTức dĩ Thúc Hiến vi Thứ sử, phủ an Nam thổ.\n是 歲 宋 亡 . [12b*9*13]\nThị tuế Tống vong.\n",
    "url": "/data/image_dvsk/ngoai_ky/quyen4/DVSKTT_ngoai_IV_12b.jpg"
  },
  {
    "text": "甲 子 齊 武 帝 頤 永 明 二 年 . [13a*1*1]\nGiáp Tíl [Tề Vũ Đế Di, Vĩnh Minh nhị niên].\n李 叔 献 既 受 命 而 斷 割 貢 献 . [13a*1*11]\nLí Thúc Hiến ký thụ mệnh nhi đoạn cát cống hiến.\n齊 帝 欲 討 之 . [13a*1*22]\nTề Đế dục thảo chi.\n乙 丑 齊 永 明 三 年 . [13a*3*1]\nẤt Sửu, [Tề Vĩnh Minh tam niên].\n春 正 月 丙 辰 齊 帝 以 大 司 農 劉 楷 爲 刺 史 發 南 康 盧 陵 始 興 兵 討 李 叔 獻 . [13a*3*8]\nXuân, chính nguyệt, Bính Thìn, Tề Đế dĩ Đại Tư nông Lưu Khải vi Thứ sử, phát Nam Khang, Lư Lăng, Thuỷ Hưng binh thảo Lí Thúc Hiến.\n叔 獻 遣 使 乞 罷 兵 献 二 十 隊 純 銀 兜 𮢶 及 孔 雀 毦 仍 吏 反 以 孔 雀 毛 爲 飭 也 . [13a*4*15]\nThúc Hiến khiển sứ khất bãi binh, hiến nhị thập đội thuần ngân đâu tạc, cập khổng tước nhị [Nhị nhưng lại phiên dĩ Khổng tước mao vi sức dã].\n齊 帝 不 許 . [13a*6*2]\nTề Đế bất hứa.\n叔 献 惧 爲 楷 所 襲 間 道 自 湘 州 朝 于 齊 . [13a*6*7]\nThúc Hiến cụ vị Khải sở tập, gián đạo tự Tương Châu triều vu Tề.\n楷 迺 入 鎮 . [13a*7*2]\nKhải nãi nhập trấn.\n庚 午 齊 永 明 八 年 . [13a*8*1]\nCanh Ngọ, [Tề Vĩnh Minh bát niên].\n冬 十 月 刺 史 房 法 乘 代 刘 專 好 讀 書 嘗 属 之 欲 反 記 也 . [13a*8*8]\nĐông, thập nguyệt, Thứ sử Phòng Pháp Thặng đại Lưu chuyên hiếu độc thư, thường chúc [Chi dục phiên ký dã].\n疾 不 治 事 由 是 長 吏 伏 登 之 得 擅 權 . [13a*9*8]\ntật, bất trị sự, do thị Trưởng lại Phục Đăng Chi đắc thiện quyền,..\n",
    "url": "/data/image_dvsk/ngoai_ky/quyen4/DVSKTT_ngoai_IV_13a.jpg"
  },
  {
    "text": "改 易 將 吏 不 使 法 乘 知 . [13b*1*1]\ncải dịch tướng lại bất sử Pháp Thặng tri.\n録 事 房 秀 文 白 之 . [13b*1*10]\nLục sự Phòng Tú Văn bạch chi.\n法 乘 大 怒 繋 登 之 於 獄 十 餘 日 . [13b*1*17]\nPháp Thặng đại nộ, hệ Đăng Chi ư ngục thập dư nhật.\n登 之 厚 賂 法 乘 妹 夫 崔 景 叔 得 出 因 將 部 曲 襲 州 執 法 乘 謂 之 曰 使 君 既 有 疾 不 宜 煩 勞 囚 之 别 室 . [13b*2*10]\nĐăng Chi hậu lộ Pháp Thặng muội phu Thôi Cảnh Thúc, đắc xuất, nhân tương bộ khúc tập châu, chấp Pháp Thặng vị chi viết: \"Sứ quân ký hữu tật, bất nghi phiền lao\", tù chi biệt thất.\n法 乘 無 事 復 就 登 之 求 讀 書 . [13b*4*10]\nPháp Thặng vô sự, phục tựu Đăng Chi cầu độc thư.\n登 之 曰 使 君 靜 處 猶 恐 疾 作 𡸈 可 觀 書 遂 不 與 乃 奏 法 乘 心 疾 動 不 能 任 事 . [13b*5*2]\nĐăng Chi viết: \"Sứ quân tĩnh xứ do khủng tật tác, khởi khả quan thư\", toại bất dữ, nãi tấu Pháp Thặng tâm tật động, bất năng nhiệm sự.\n十 二 月 乙 卯 齊 帝 以 登 之 爲 刺 使 . [13b*6*12]\nThập nhị nguyệt, Ất Mão, Tề Đế dĩ Đăng Chi vi Thứ sử.\n法 乘 還 至 五 嶺 卒 . [13b*7*6]\nPháp Thặng hoàn chí Ngũ Lĩnh tốt.\n史 臣 吳 士 連 曰 房 法 乘 好 讀 書 而 廢 事 政 長 吏 因 之 擅 權 改 易 將 吏 書 癖 之 過 也 . [13b*8*1]\nSử Thần Ngô Sĩ Liên viết: Phòng Pháp Thặng hiếu độc thư nhi phế sự chính, trưởng lại nhân chi thiện quyền, cải dịch tướng lại, thư phích chi quá dã.\n至 於 繋 獄 而 . [13b*9*14]\nChí ư hệ ngục nhi..\n",
    "url": "/data/image_dvsk/ngoai_ky/quyen4/DVSKTT_ngoai_IV_13b.jpg"
  },
  {
    "text": "治 之 能 補 過 矣 . [14a*1*1]\ntrị chi, năng bổ quá hĩ.\n及 聽 請 託 之 言 乃 置 之 不 問 其 失 大 矣 宜 其 反 焉 所 襲 不 死 幸 矣 . [14a*1*7]\nCập thính thỉnh thác chi ngôn, nãi trí chi bất vấn kì thất đại hĩ, nghi kì phản yên sở tập, bất tử hạnh hĩ.\n故 凡 事 過 中 未 有 不 凶 者 也 . [14a*2*14]\nCố phàm sự quá trung vị hữu bất hung giả dã.\n壬 午 梁 武 帝 蕭 衍 天 監 元 年 . [14a*4*1]\nNhâm Ngọ, [Lương Vũ Đế Tiêu Diễn, Thiên Giám nguyên niên].\n是 歲 齊 亡 . [14a*4*12]\nThị tuế Tề vong.\n乙 酉 梁 天 監 四 年 . [14a*5*1]\nẤt Dậu, [Lương Thiên Giám tứ niên].\n春 二 月 交 州 刺 史 李 元 凱 㨿 州 反 長 吏 李 畟 討 平 之 . [14a*5*8]\nXuân, nhị nguyệt, Giao Châu Thứ sử Lí Nguyên Khải cứ châu phản, trưởng lại Lí Tắc thảo bình chi.\n初 元 凱 代 登 之 爲 刺 史 以 梁 受 齊 禪 而 恩 威 未 加 因 奉 州 叛 . [14a*6*7]\n[Sơ, Nguyên Khải đại Đăng Chi vi Thứ sử, dĩ Lương thụ Tề thiền, nhi ân uy vị gia, nhân phụng châu phản.\n至 是 畟 以 宋 兵 討 元 凱 殺 之 . [14a*6*29]\nChí thị Tắc dĩ tông binh thảo Nguyên Khải sát chi].\n丙 申 梁 天 監 十 五 年 . [14a*8*1]\nBính Thân, [Lương Thiên Giám thập ngũ niên].\n冬 十 一 月 詔 李 畟 爲 刺 史 . [14a*8*9]\nĐông, thập nhất nguyệt, chiếu Lí Tắc vi Thứ sử.\n畟 又 斬 元 凱 餘 黨 李 宗 老 傳 首 建 康 州 乃 平 . [14a*8*19]\nTắc hựu trảm Nguyên Khải dư đảng Lí Tông Lão, truyền thủ Kiến Khang, châu nãi bình.\n",
    "url": "/data/image_dvsk/ngoai_ky/quyen4/DVSKTT_ngoai_IV_14a.jpg"
  }
]