[
  {
    "text": "右 属 于 吳 晋 宋 齊 梁 起 丁 未 終 庚 申 共 三 百 十 四 年 . [14b*1*1]\nHữu thuộc vu Ngô, Tấn, Tống, Tề, Lương, khởi Đinh Mùi, chung Canh Thân, Cộng tam bách thập tứ niên.\n前 李 紀 . [14b*3*1]\nTiền Lí KỶ.\n前 李 南 帝 . [14b*4*1]\nTiền Lí Nam Đế.\n在 位 七 年 . [14b*4*5]\nTại vị thất niên.\n帝 志 在 滅 賊 救 民 不 幸 遭 陳 霸 先 侵 伐 飲 恨 而 没 . [14b*5*1]\n[Đế chí tại diệt tặc cứu dân, bất hạnh tao Trần Bá Tiên xâm phạt, ẩm hận nhi một.\n惜 夫 . [14b*5*20]\nTích phu!].\n帝 姓 李 諱 賁 龍 興 太 平 人 也 . [14b*6*1]\nĐế tính Lí, huý Bí, Long Hưng, Thái Bình nhân dã.\n其 先 北 人 西 漢 末 苦 於 征 伐 避 居 土 七 世 遂 爲 南 人 . [14b*6*12]\nKì tiên Bắc nhân, Tây hán mạt, khổ ư chinh phạt, tị cư Nam thổ, thất thế toại vi Nam nhân.\n有 文 武 才 初 仕 梁 遭 亂 歸 太 平 . [14b*8*1]\nHữu văn vũ tài, sơ sĩ Lương, tao loạn quy Thái Bình.\n時 守 令 暴 刻 林 邑 寇 邊 帝 起 兵 攻 逐 之 稱 爲 南 帝 國 . [14b*8*13]\nThời thú lệnh bạo khắc, Lâm Ấp khấu biên, Đế khởi binh công trục chi, xưng vi Nam Đế, quốc..\n",
    "url": "/data/image_dvsk/ngoai_ky/quyen4/DVSKTT_ngoai_IV_14b.jpg"
  },
  {
    "text": "號 萬 春 郡 龍 邊 . [15a*1*1]\nhiệu Vạn Xuân, quận Long Biên.\n辛 酉 元 年 梁 七 年 . [15a*2*1]\nTân Dậu, nguyên niên [Lương thất niên].\n大 同 交 州 刺 史 武 林 侯 蕭 諮 以 刻 暴 失 眾 心 . [15a*2*8]\nĐại Đồng Giao Châu Thứ sử Vũ Lâm hầu Tiêu Tư, dĩ khắc bạo thất chúng tâm.\n帝 世 家 豪 右 天 資 奇 才 仕 不 得 志 . [15a*3*4]\nĐế thế gia hào, hữu thiên tư kì tài, sĩ bất đắc chí.\n又 有 并 韶 者 富 於 詞 藻 詣 繏 求 官 . [15a*3*17]\nHựu hữu Tinh Thiều giả phú ư từ tảo, nghệ tuyển cầu quan.\n梁 吏 部 尙 書 蔡 樽 以 并 姓 無 前 賢 除 廣 陽 門 郎 . [15a*4*11]\nLương Lại bộ Thượng thư Sái Tôn dĩ Tinh tính vô tiền hiền, trừ Quảng Dương môn lang.\n韶 耻 之 還 鄕 里 從 帝 謀 起 兵 . [15a*5*10]\nThiều sỉ chi, hoàn hương lí, tòng đế mưu khởi binh.\n帝 時 監 九 德 州 因 連 結 數 州 豪 傑 惧 響 應 . [15a*6*2]\nĐế thời giám Cửu Đức châu, nhân liên kết sổ châu hào kiệt, cụ hưởng ứng.\n有 朱 鳶 酋 長 趙 肅 者 服 帝 才 德 首 率 眾 歸 焉 . [15a*6*18]\nHữu Chu Diên tù trưởng Triệu Túc giả, phục đế tài đức, thủ suất chúng quy yên.\n諮 覺 之 賄 輸 于 帝 奔 還 廣 州 . [15a*7*16]\nTư giác chi, hối thâu vu đế, bôn hoàn Quảng Châu.\n帝 出 據 州 城 即 龍 編 也 . [15a*8*8]\nĐế xuất cứ châu thành [Tức Long Biên dã].\n壬 戌 二 年 梁 大 同 八 年 . [15a*9*1]\nNhâm Tuất, nhị niên, [Lương Đại Đồng bát niên].\n冬 十 二 月 梁 帝 命 孫 冋 盧 子 䧺 . [15a*9*10]\nĐông, thập nhị nguyệt, Lương đế mệnh Tôn Quýnh, Lư Tử Hùng..\n",
    "url": "/data/image_dvsk/ngoai_ky/quyen4/DVSKTT_ngoai_IV_15a.jpg"
  },
  {
    "text": "來 侵 . [15b*1*1]\nlai xâm.\n冏 以 春 瘴 方 起 請 待 秋 時 . [15b*1*3]\nQuýnh dĩ xuân chướng phương khởi, thỉnh đãi thu thời.\n廣 州 刺 史 新 喻 侯 瑍 不 許 武 林 侯 諮 趣 之 . [15b*1*13]\nQuảng Châu Thứ sử Tân Dụ hầu Hoán bất hứa, Vũ Lâm hầu tư thú chi.\n子 䧺 等 到 合 浦 死 者 十 六 七 眾 潰 而 歸 . [15b*2*10]\nTử Hùng đẳng đáo Hợp Phố, tử giả thập lục thất, chúng hội nhi quy.\n諮 誣 奏 冏 及 子 䧺 追 遛 皆 賜 死 . [15b*3*6]\nTư vu tấu Quýnh cập Tử Hùng truy lưu, giai tứ tử.\n癸 亥 三 年 梁 大 同 九 年 . [15b*4*1]\nQuý Hợi, tam niên, [Lương Đại Đồng cửu niên].\n夏 四 月 林 邑 王 寇 日 南 帝 命 其 將 范 脩 擊 破 之 于 九 德 . [15b*4*10]\nHạ, tứ nguyệt, Lâm Ấp vương khấu Nhật Nam, Đế mệnh kì tướng Phạm Tu kích phá chi vu Cửu Đức.\n甲 子 天 德 元 年 梁 大 同 十 年 . [15b*6*1]\nGiáp Tí, Thiên Đức nguyên niên, [Lương Đại Đồng thập niên].\n春 正 月 帝 因 勝 敵 自 稱 南 越 帝 即 位 建 元 置 百 官 建 國 號 曰 萬 春 望 社 稷 至 萬 世 也 . [15b*6*12]\nXuân, chính nguyệt, Đế nhân thắng địch tự xưng Nam Việt Đế, tức vị, kiến nguyên, trí bách quan, kiến quốc hiệu viết: Vạn Xuân, vọng xã tắc chí vạn thế dã.\n起 萬 壽 殿 以 爲 朝 會 之 所 . [15b*8*4]\nKhởi Vạn Thọ điện dĩ vi triều hội chi sở.\n以 趙 肅 爲 太 傅 并 韶 范 脩 等 並 拜 將 相 官 . [15b*8*14]\nDĩ Triệu Túc vi Thái Phó, Tịnh Thiều, Phạm Tu đẳng tịnh bái tướng tướng quan.\n",
    "url": "/data/image_dvsk/ngoai_ky/quyen4/DVSKTT_ngoai_IV_15b.jpg"
  },
  {
    "text": "乙 丑 二 年 梁 大 同 十 一 年 . [16a*1*1]\nẤt Sửu, nhị niên [Lương Đại Đồng thập nhất niên].\n夏 六 月 梁 以 楊 㬓 純 招 反 又 七 妙 反 爲 交 州 刺 史 陳 霸 先 爲 司 馬 將 兵 來 侵 命 定 州 刺 史 蕭 勃 會 㬓 於 江 西 . [16a*1*11]\nHạ, lục nguyệt, Lương dĩ Dương Thiêu [Thuần chiêu phiên hựu thất diệu phiên], vi Giao Châu Thứ sử, Trần Bá Tiên vi Tư mã, tương binh lai xâm, mệnh Định Châu Thứ sử Tiêu Bột hội Thiêu ư Giang Tây.\n勃 知 士 卒 憚 遠 役 因 詭 説 留 㬓 . [16a*3*8]\nBột tri sĩ tốt đạn viễn dịch, nhân nguỵ thuyết lưu Thiêu.\n㬓 集 諸 將 問 計 . [16a*4*1]\nThiêu tập chư tướng vấn kế.\n覇 先 曰 交 州 叛 换 罪 由 宗 室 遂 使 溷 亂 數 州 逋 誅 累 歲 . [16a*4*7]\nBá Tiên viết: \"Giao Châu phản hoán, tội do tông thất, toại sử hỗn loạn sổ châu, bô tru luỹ tuế.\n定 州 欲 偷 安 目 前 不 顧 𡐡 計 . [16a*5*9]\nĐịnh châu dục thâu an mục tiền, bất cố đại kế.\n節 下 奉 辞 伐 罪 當 死 生 以 之 𡸈 可 逗 瀏 不 進 長 寇 沮 眾 乎 . [16a*6*1]\nTiết hạ phụng từ phạt tội, đương tử sinh dĩ chi khởi, khả đậu lưu bất tiến trường khấu tự chúng hồ?\".\n遂 勒 眾 先 發 𭛁 以 覇 先 爲 前 鋒 . [16a*7*4]\nToại lặc chúng tiên phát, phát dĩ Bá Tiên vi tiền phong.\n至 州 帝 率 眾 三 萬 拒 之 敗 於 朱 鳶 又 敗 於 蘇 歷 江 口 帝 奔 嘉 寧 城 . [16a*7*16]\nChí châu, đế suất chúng tam vạn cự chi, bại ư Chu Diên, hựu bại ư Tô Lịch giang khẩu, Đế bôn Gia Ninh thành.\n梁 兵 追 圍 之 . [16a*9*3]\nLương binh truy vi chi.\n",
    "url": "/data/image_dvsk/ngoai_ky/quyen4/DVSKTT_ngoai_IV_16a.jpg"
  },
  {
    "text": "丙 寅 三 年 梁 中 大 同 元 年 . [16b*1*1]\nBính Dần tam niên, [Lương Trung Đại Đồng nguyên niên].\n春 正 月 覇 先 等 克 嘉 寧 城 . [16b*1*11]\nXuân, chính nguyệt, Bá Tiên đẳng khắc Gia Ninh thành.\n帝 入 新 昌 獠 中 . [16b*1*21]\nĐế nhập Tân Xương Lạo trung.\n梁 兵 遂 屯 嘉 寧 江 口 . [16b*2*5]\nLương binh toại đồn Gia Ninh giang khẩu.\n秋 八 月 帝 復 率 二 萬 自 獠 中 率 屯 典 澈 湖 大 造 舟 艦 充 塞 湖 中 . [16b*2*13]\nThu, bát nguyệt, Đế phục suất nhị vạn tự Lạo trung xuất đồn Điển Triệt hồ, đại tạo chu hạm sung tắc hồ trung.\n梁 兵 憚 之 頓 湖 口 不 敢 進 . [16b*3*18]\nLương binh đạn chi đồn hồ khẩu, bất cảm tiến.\n覇 先 謂 諸 將 曰 我 師 已 老 將 士 疲 勞 且 孤 軍 無 援 入 人 心 腹 若 一 戰 不 利 𡸈 望 生 全 . [16b*4*9]\nBá Tiên vị chư tướng viết: \"Ngã sư dĩ lão, tướng sĩ bì lao, thả cô quân vô viện, nhập nhân tâm phúc, nhược nhất chiến bất lợi, khởi vọng sinh toàn.\n今 藉 其 屢 敗 人 情 未 固 夷 獠 烏 合 易 爲 摧 殄 正 當 共 出 百 死 决 力 取 之 無 故 停 留 時 事 去 矣 . [16b*6*3]\nKim tịch kì lũ bại, nhân tình vị cố, Di Lạo ô hợp, dị vi thôi điển, chính đương cộng xuất bách tử quyết lực thủ chi, vô cố đình lưu thời sự khứ hĩ\".\n諸 將 皆 默 然 莫 應 . [16b*7*19]\nChư tướng giai mặc nhiên mạc ứng.\n是 夜 江 水 暴 漲 七 尺 注 湖 中 . [16b*8*7]\nThị dạ, giang thuỷ bạo trướng thất xích, chú hồ trung.\n覇 先 勒 所 部 兵 隨 流 水 先 進 . [16b*8*18]\nBá Tiên lặc sở bộ binh tuỳ lưu thuỷ tiên tiến.\n梁 眾 皷 譟 而 前 . [16b*9*10]\nLương chúng cổ táo nhi tiền.\n帝 素 不 爲 . [16b*9*16]\nĐế tố bất vi..\n",
    "url": "/data/image_dvsk/ngoai_ky/quyen4/DVSKTT_ngoai_IV_16b.jpg"
  },
  {
    "text": "備 因 大 潰 退 保 屈 獠 洞 中 治 兵 欲 復 戰 委 大 將 趙 光 復 守 國 調 兵 擊 覇 先 . [17a*1*1]\nbị, nhân đại hội, thoái bảo Khuất Lạo động trung, trị binh dục phục chiến, uỷ đại tướng Triệu Quang Phục thủ quốc, điều binh kích Bá Tiên.\n丁 卯 四 年 梁 太 清 元 年 . [17a*3*1]\nĐinh Mão tứ niên [Lương Thái Thanh nguyên niên].\n春 正 月 朔 日 食 . [17a*3*10]\nXuân, chính nguyệt, sóc, nhật thực.\n趙 光 復 與 陳 覇 先 將 持 未 决 勝 負 . [17a*3*17]\nTriệu Quang Phục dữ Trần Bá Tiên tương trì, vị quyết thắng phụ.\n而 覇 先 軍 甚 盛 光 復 度 不 能 之 乃 退 保 夜 澤 其 澤 在 朱 鳶 周 廻 不 知 里 數 草 木 榛 莽 叢 薄 交 蔽 中 有 基 地 可 居 四 靣 泥 淖 沮 洳 人 馬 難 行 惟 用 獨 木 小 舟 篙 行 於 水 草 之 上 乃 可 到 . [17a*4*8]\nNhi Bá Tiên quân thậm thịnh, Quang Phục độ bất năng chi, nãi thoái bảo Dạ Trạch, kì Trạch tại Chu Diên, chu hồi bất tri lí sổ, thảo mộc trăn mãng, tùng bạc giao tế, trung hữu cơ địa khả cư, tứ diện nê náo, tự như nhân mã nan hành, duy dụng độc mộc tiểu chu, sào hành ư thuỷ thảo chi thượng nãi khả đáo.\n然 非 諳 識 岐 路 則 迷 不 知 處 誤 墮 水 中 爲 虫 蛇 所 傷 死 . [17a*7*19]\nNhiên phi am thức kì lộ, tắc mê bất tri xứ, ngộ đoạ thuỷ trung vi trùng xà sở thương tử.\n光 復 諳 得 脉 絡 率 二 萬 餘 人 屯 澤 中 址 晝 則 泯 . [17a*9*2]\nQuang Phục am đắc mạch lạc, suất nhị vạn dư nhân đồn trạch trung chỉ, trú tắc dẫn..\n",
    "url": "/data/image_dvsk/ngoai_ky/quyen4/DVSKTT_ngoai_IV_17a.jpg"
  }
]